role,block_id,model,spacing_px,instrument,TP_w,FP_w,FN_w,|G|,S,Phi,DTI
calibration,0,h50,2.0,lappos_t200_d3,18.81089649967506,265.71154033398324,61.18910350032494,80,294.0,28.288459666016777,0.1555847670286798
calibration,0,h50,2.0,lapneg_t200_d3,23.285223357881137,260.47766325968996,63.71477664211886,87,294.0,33.522336740310074,0.18428768016548858
calibration,0,h50,2.0,step_t150_d3,16.697246017047732,269.4419706686873,58.30275398295227,75,294.0,24.55802933131268,0.14243413119037213
calibration,0,h50,2.0,cross_t200_d3,14.12784470621461,273.3202846080234,30.87215529378539,45,294.0,20.679715391976597,0.1511167102854864
calibration,0,h50,2.0,upface_t200_d3,10.623669931836014,278.64339146011366,16.376330068163988,27,294.0,15.356608539886356,0.13370942326067156
calibration,0,h50,2.0,union_t200_d3,55.96932055627073,242.0172132549314,149.03067944372927,205,294.0,51.98278674506861,0.2503130353702552
calibration,0,h50,2.4,lappos_t200_d3,19.57263761896877,271.32028460802337,60.42736238103123,80,294.0,22.6797153919766,0.16019695847528514
calibration,0,h50,2.4,lapneg_t200_d3,24.24441752625698,266.54904844169516,62.75558247374302,87,294.0,27.45095155830485,0.18976726295657756
calibration,0,h50,2.4,step_t150_d3,17.911084192923646,273.1778316141527,57.088915807076354,75,294.0,20.822168385847295,0.15150922064295178
calibration,0,h50,2.4,cross_t200_d3,14.377375473093137,277.256520939986,30.62262452690686,45,294.0,16.74347906001403,0.15242093053995215
calibration,0,h50,2.4,upface_t200_d3,10.366103586920897,281.7013138527401,16.633896413079103,27,294.0,12.298686147259872,0.12955445926165937
calibration,0,h50,2.4,union_t200_d3,55.60645327748548,251.89333629106096,149.39354672251451,205,294.0,42.106663708939024,0.2465918565659503
calibration,0,h50,2.8,lappos_t200_d3,19.57263761896877,271.32028460802337,60.42736238103123,80,294.0,22.6797153919766,0.16019695847528514
calibration,0,h50,2.8,lapneg_t200_d3,24.24441752625698,266.54904844169516,62.75558247374302,87,294.0,27.45095155830485,0.18976726295657756
calibration,0,h50,2.8,step_t150_d3,17.911084192923646,273.1778316141527,57.088915807076354,75,294.0,20.822168385847295,0.15150922064295178
calibration,0,h50,2.8,cross_t200_d3,14.377375473093137,277.256520939986,30.62262452690686,45,294.0,16.74347906001403,0.15242093053995215
calibration,0,h50,2.8,upface_t200_d3,10.366103586920897,281.7013138527401,16.633896413079103,27,294.0,12.298686147259872,0.12955445926165937
calibration,0,h50,2.8,union_t200_d3,55.60645327748548,251.89333629106096,149.39354672251451,205,294.0,42.106663708939024,0.2465918565659503
calibration,0,h50,3.2,lappos_t200_d3,19.594135986384096,273.7821940817799,60.405864013615904,80,294.0,20.217805918220108,0.15972360707338068
calibration,0,h50,3.2,lapneg_t200_d3,25.437488768926116,267.6841972917378,61.562511231073884,87,294.0,26.3158027082622,0.1983826886688636
calibration,0,h50,3.2,step_t150_d3,17.49687063055055,275.9366503960314,57.503129369449454,75,294.0,18.063349603968625,0.14742064621056902
calibration,0,h50,3.2,cross_t200_d3,14.984660278135369,278.5319318806928,30.01533972186463,45,294.0,15.468068119307183,0.15822740455427395
calibration,0,h50,3.2,upface_t200_d3,9.758818781878666,284.0080355780366,17.241181218121334,27,294.0,9.991964421963411,0.12144877901172368
calibration,0,h50,3.2,union_t200_d3,57.29242740836098,254.9669123762727,147.707572591639,205,294.0,39.033087623727305,0.2530004628588813
calibration,0,h50,3.6,lappos_t200_d3,19.594135986384096,273.7821940817799,60.405864013615904,80,294.0,20.217805918220108,0.15972360707338068
calibration,0,h50,3.6,lapneg_t200_d3,25.437488768926116,267.6841972917378,61.562511231073884,87,294.0,26.3158027082622,0.1983826886688636
calibration,0,h50,3.6,step_t150_d3,17.49687063055055,275.9366503960314,57.503129369449454,75,294.0,18.063349603968625,0.14742064621056902
calibration,0,h50,3.6,cross_t200_d3,14.984660278135369,278.5319318806928,30.01533972186463,45,294.0,15.468068119307183,0.15822740455427395
calibration,0,h50,3.6,upface_t200_d3,9.758818781878666,284.0080355780366,17.241181218121334,27,294.0,9.991964421963411,0.12144877901172368
calibration,0,h50,3.6,union_t200_d3,57.29242740836098,254.9669123762727,147.707572591639,205,294.0,39.033087623727305,0.2530004628588813
calibration,0,h50,4.0,lappos_t200_d3,17.986851181341866,275.4466698452401,62.01314881865814,80,294.0,18.55333015475994,0.14660799063638302
calibration,0,h50,4.0,lapneg_t200_d3,23.88958582550832,269.0918381444914,63.11041417449168,87,294.0,24.9081618555086,0.18635162371434225
calibration,0,h50,4.0,step_t150_d3,19.02546610975952,273.8987669018222,55.97453389024048,75,294.0,20.101233098177737,0.16043758249789508
calibration,0,h50,4.0,cross_t200_d3,15.4560647989264,278.06052735990176,29.5439352010736,45,294.0,15.939472640098213,0.16320510257581347
calibration,0,h50,4.0,upface_t200_d3,9.484867310169768,284.22479609132756,17.51513268983023,27,294.0,9.775203908672449,0.11805625025118945
calibration,0,h50,4.0,union_t200_d3,54.19662152152539,256.66708073073545,150.8033784784746,205,294.0,37.33291926926453,0.2396249053426403
calibration,0,h50,4.6,lappos_t200_d3,18.496139196342003,276.2677928261582,61.503860803658,80,294.0,17.732207173841793,0.15043285912603685
calibration,0,h50,4.6,lapneg_t200_d3,21.062618169760075,273.4466698452401,65.93738183023993,87,294.0,20.553330154759944,0.1639090559673604
calibration,0,h50,4.6,step_t150_d3,18.122731465593063,275.87726853440694,56.87726853440694,75,294.0,18.122731465593063,0.15254824465987296
calibration,0,h50,4.6,cross_t200_d3,13.42037220792379,280.8342717995763,31.57962779207621,45,294.0,13.165728200423716,0.14148909639049748
calibration,0,h50,4.6,upface_t200_d3,9.210915838460872,285.06522653645453,17.78908416153913,27,294.0,8.934773463545472,0.11448498765154609
calibration,0,h50,4.6,union_t200_d3,51.19296774990178,260.8222684791955,153.80703225009822,205,294.0,33.1777315208045,0.22611430531815352
calibration,1,h50,2.0,lappos_t200_d3,93.44104244720151,1138.8491803672769,254.5589575527985,348,1283.0,144.15081963272303,0.17803107605032417
calibration,1,h50,2.0,lapneg_t200_d3,135.98383214999777,1070.11300885051,349.01616785000226,485,1283.0,212.8869911494899,0.21611514047792718
calibration,1,h50,2.0,step_t150_d3,117.13358928769651,1106.4772355049452,339.8664107123035,457,1283.0,176.52276449505487,0.19192091654684637
calibration,1,h50,2.0,cross_t200_d3,47.82582215747089,1198.7849025418225,52.17417784252911,100,1283.0,84.21509745817747,0.14522504147482934
calibration,1,h50,2.0,upface_t200_d3,14.740242751878384,1254.3618218738561,21.259757248121616,36,1283.0,28.638178126143902,0.05215561961471742
calibration,1,h50,2.0,union_t200_d3,268.90097829454305,969.2333321361054,628.099021705457,897,1283.0,313.76666786389484,0.27858837010956294
calibration,1,h50,2.4,lappos_t200_d3,118.24463480304853,1144.1168731000869,229.75536519695146,348,1283.0,138.883126899913,0.2227364932225414
calibration,1,h50,2.4,lapneg_t200_d3,161.1608322365937,1096.0532061259785,323.8391677634063,485,1283.0,186.94679387402138,0.2520332237736744
calibration,1,h50,2.4,step_t150_d3,146.0806834417625,1114.3267435336188,310.9193165582375,457,1283.0,168.6732564663813,0.23649840070619463
calibration,1,h50,2.4,cross_t200_d3,48.20611996797906,1222.3203847013715,51.79388003202094,100,1283.0,60.679615298628384,0.1442842116938468
calibration,1,h50,2.4,upface_t200_d3,15.385411051129724,1262.9559578602402,20.614588948870278,36,1283.0,20.044042139759803,0.05408480477125312
calibration,1,h50,2.4,union_t200_d3,316.55950928982486,996.5393156283546,580.4404907101751,897,1283.0,286.46068437164524,0.3229474864701481
calibration,1,h50,2.8,lappos_t200_d3,118.24463480304853,1144.1168731000869,229.75536519695146,348,1283.0,138.883126899913,0.2227364932225414
calibration,1,h50,2.8,lapneg_t200_d3,161.1608322365937,1096.0532061259785,323.8391677634063,485,1283.0,186.94679387402138,0.2520332237736744
calibration,1,h50,2.8,step_t150_d3,146.0806834417625,1114.3267435336188,310.9193165582375,457,1283.0,168.6732564663813,0.23649840070619463
calibration,1,h50,2.8,cross_t200_d3,48.20611996797906,1222.3203847013715,51.79388003202094,100,1283.0,60.679615298628384,0.1442842116938468
calibration,1,h50,2.8,upface_t200_d3,15.385411051129724,1262.9559578602402,20.614588948870278,36,1283.0,20.044042139759803,0.05408480477125312
calibration,1,h50,2.8,union_t200_d3,316.55950928982486,996.5393156283546,580.4404907101751,897,1283.0,286.46068437164524,0.3229474864701481
calibration,1,h50,3.2,lappos_t200_d3,122.89888408526559,1150.8953167163143,225.1011159147344,348,1283.0,132.10468328368577,0.2305108249697422
calibration,1,h50,3.2,lapneg_t200_d3,162.43258940567696,1112.718727294368,322.56741059432306,485,1283.0,170.28127270563203,0.2526048907278082
calibration,1,h50,3.2,step_t150_d3,150.87884518684822,1122.6855429767113,306.12115481315175,457,1283.0,160.31445702328847,0.2432302320768255
calibration,1,h50,3.2,cross_t200_d3,43.481530908685926,1236.088284466216,56.518469091314074,100,1283.0,46.91171553378399,0.1294424635125398
calibration,1,h50,3.2,upface_t200_d3,14.833126301298933,1267.2313688009472,21.166873698701067,36,1283.0,15.768631199052951,0.052007207080193706
calibration,1,h50,3.2,union_t200_d3,316.19006590200104,1017.5013354402165,580.809934097999,897,1283.0,265.4986645597833,0.321220938208124
calibration,1,h50,3.6,lappos_t200_d3,122.89888408526559,1150.8953167163143,225.1011159147344,348,1283.0,132.10468328368577,0.2305108249697422
calibration,1,h50,3.6,lapneg_t200_d3,162.43258940567696,1112.718727294368,322.56741059432306,485,1283.0,170.28127270563203,0.2526048907278082
calibration,1,h50,3.6,step_t150_d3,150.87884518684822,1122.6855429767113,306.12115481315175,457,1283.0,160.31445702328847,0.2432302320768255
calibration,1,h50,3.6,cross_t200_d3,43.481530908685926,1236.088284466216,56.518469091314074,100,1283.0,46.91171553378399,0.1294424635125398
calibration,1,h50,3.6,upface_t200_d3,14.833126301298933,1267.2313688009472,21.166873698701067,36,1283.0,15.768631199052951,0.052007207080193706
calibration,1,h50,3.6,union_t200_d3,316.19006590200104,1017.5013354402165,580.809934097999,897,1283.0,265.4986645597833,0.321220938208124
calibration,1,h50,4.0,lappos_t200_d3,119.57358293054972,1158.7372066304392,228.42641706945028,348,1283.0,124.26279336956085,0.2238945058342964
calibration,1,h50,4.0,lapneg_t200_d3,151.47370920802172,1128.5784652037037,333.5262907919783,485,1283.0,154.42153479629624,0.23520381193154788
calibration,1,h50,4.0,step_t150_d3,147.7178127635581,1130.996646508421,309.2821872364419,457,1283.0,152.003353491579,0.23773960352663653
calibration,1,h50,4.0,cross_t200_d3,37.26403896118641,1244.0882844662158,62.73596103881359,100,1283.0,38.91171553378399,0.11081567629211798
calibration,1,h50,4.0,upface_t200_d3,13.675747649632408,1268.5031293694497,22.324252350367594,36,1283.0,14.496870630550552,0.04794541508782064
calibration,1,h50,4.0,union_t200_d3,297.41736346783654,1040.2073450700902,599.5826365321634,897,1283.0,242.7926549299097,0.3019082665314535
calibration,1,h50,4.6,lappos_t200_d3,108.26717517597385,1176.4581419181086,239.73282482402615,348,1283.0,106.5418580818913,0.20223811252607546
calibration,1,h50,4.6,lapneg_t200_d3,133.06054444999694,1151.6031998792546,351.93945555000306,485,1283.0,131.3968001207453,0.20631692945348334
calibration,1,h50,4.6,step_t150_d3,150.96515262723014,1132.175109463434,306.03484737276983,457,1283.0,150.82489053656587,0.24262029338044433
calibration,1,h50,4.6,cross_t200_d3,34.835631175226034,1248.5020839645201,65.16436882477396,100,1283.0,34.497916035479705,0.10347190246472308
calibration,1,h50,4.6,upface_t200_d3,13.149343073629936,1269.8506569263702,22.850656926370064,36,1283.0,13.149343073629936,0.046073381477329665
calibration,1,h50,4.6,union_t200_d3,267.77648028106915,1074.230620276643,629.2235197189309,897,1283.0,208.76937972335662,0.27157818925937893
calibration,2,h50,2.0,lappos_t200_d3,94.07493886028061,1255.3045171314138,247.9250611397194,342,1399.0,143.69548286858603,0.1730986422467602
calibration,2,h50,2.0,lapneg_t200_d3,134.07525623042037,1183.7720540032092,337.92474376957966,472,1399.0,215.22794599679096,0.20911048352556952
calibration,2,h50,2.0,step_t150_d3,138.39220103754076,1194.176041084339,413.60779896245924,552,1399.0,204.82395891566097,0.1954378387501457
calibration,2,h50,2.0,cross_t200_d3,25.71655348125656,1355.3622359379249,44.28344651874344,70,1399.0,43.63776406207509,0.0774091922823499
calibration,2,h50,2.0,upface_t200_d3,5.978501632584674,1388.831349462161,13.021498367415326,19,1399.0,10.168650537838763,0.020323842773199968
calibration,2,h50,2.0,union_t200_d3,250.38334073078573,1074.3747397250468,602.6166592692143,853,1399.0,324.62526027495335,0.2642982145994358
calibration,2,h50,2.4,lappos_t200_d3,101.6253466776255,1276.3722485417957,240.3746533223745,342,1399.0,122.6277514582044,0.18504267238716363
calibration,2,h50,2.4,lapneg_t200_d3,148.3109067444322,1221.657571993025,323.6890932555678,472,1399.0,177.3424280069751,0.22761255627909893
calibration,2,h50,2.4,step_t150_d3,158.3990911173,1214.7865587980973,393.60090888269997,552,1399.0,184.21344120190224,0.22115453735418858
calibration,2,h50,2.4,cross_t200_d3,26.068462844590176,1366.5585434887298,43.93153715540983,70,1399.0,32.44145651127031,0.07792670674897374
calibration,2,h50,2.4,upface_t200_d3,5.704550160875776,1392.0838025664548,13.295449839124224,19,1399.0,6.916197433545192,0.01935335609865269
calibration,2,h50,2.4,union_t200_d3,269.8145673613938,1128.53494062078,583.1854326386062,853,1399.0,270.46505937921984,0.280452144811588
calibration,2,h50,2.8,lappos_t200_d3,101.6253466776255,1276.3722485417957,240.3746533223745,342,1399.0,122.6277514582044,0.18504267238716363
calibration,2,h50,2.8,lapneg_t200_d3,148.3109067444322,1221.657571993025,323.6890932555678,472,1399.0,177.3424280069751,0.22761255627909893
calibration,2,h50,2.8,step_t150_d3,158.3990911173,1214.7865587980973,393.60090888269997,552,1399.0,184.21344120190224,0.22115453735418858
calibration,2,h50,2.8,cross_t200_d3,26.068462844590176,1366.5585434887298,43.93153715540983,70,1399.0,32.44145651127031,0.07792670674897374
calibration,2,h50,2.8,upface_t200_d3,5.704550160875776,1392.0838025664548,13.295449839124224,19,1399.0,6.916197433545192,0.01935335609865269
calibration,2,h50,2.8,union_t200_d3,269.8145673613938,1128.53494062078,583.1854326386062,853,1399.0,270.46505937921984,0.280452144811588
calibration,2,h50,3.2,lappos_t200_d3,103.24536283783793,1287.8024331668935,238.75463716216206,342,1399.0,111.19756683310634,0.1871032516858593
calibration,2,h50,3.2,lapneg_t200_d3,153.55459283648065,1234.9726432670786,318.44540716351935,472,1399.0,164.0273567329214,0.23432521961741312
calibration,2,h50,3.2,step_t150_d3,165.33783232318967,1224.6287660823623,386.6621676768103,552,1399.0,174.37123391763757,0.22976565763070078
calibration,2,h50,3.2,cross_t200_d3,23.087038874590455,1373.453973989068,46.912961125409545,70,1399.0,25.546026010931897,0.06885318849181024
calibration,2,h50,3.2,upface_t200_d3,6.623669931836014,1391.9501131854101,12.376330068163986,19,1399.0,7.049886814589894,0.02245960835487515
calibration,2,h50,3.2,union_t200_d3,272.54165789519493,1151.2754973433791,580.4583421048051,853,1399.0,247.72450265662096,0.2817948333715989
calibration,2,h50,3.6,lappos_t200_d3,103.24536283783793,1287.8024331668935,238.75463716216206,342,1399.0,111.19756683310634,0.1871032516858593
calibration,2,h50,3.6,lapneg_t200_d3,153.55459283648065,1234.9726432670786,318.44540716351935,472,1399.0,164.0273567329214,0.23432521961741312
calibration,2,h50,3.6,step_t150_d3,165.33783232318967,1224.6287660823623,386.6621676768103,552,1399.0,174.37123391763757,0.22976565763070078
calibration,2,h50,3.6,cross_t200_d3,23.087038874590455,1373.453973989068,46.912961125409545,70,1399.0,25.546026010931897,0.06885318849181024
calibration,2,h50,3.6,upface_t200_d3,6.623669931836014,1391.9501131854101,12.376330068163986,19,1399.0,7.049886814589894,0.02245960835487515
calibration,2,h50,3.6,union_t200_d3,272.54165789519493,1151.2754973433791,580.4583421048051,853,1399.0,247.72450265662096,0.2817948333715989
calibration,2,h50,4.0,lappos_t200_d3,100.01294523254259,1293.8716274456924,241.9870547674574,342,1399.0,105.12837255430759,0.1810592416169633
calibration,2,h50,4.0,lapneg_t200_d3,147.4795538828518,1245.6141577947064,324.5204461171482,472,1399.0,153.38584220529367,0.22474145337264412
calibration,2,h50,4.0,step_t150_d3,158.64820442069058,1235.7001512643674,393.3517955793094,552,1399.0,163.2998487356324,0.22020108656387877
calibration,2,h50,4.0,cross_t200_d3,22.948967687132754,1374.922456172444,47.05103231286725,70,1399.0,24.07754382755591,0.06838714624015585
calibration,2,h50,4.0,upface_t200_d3,7.428407785960379,1391.4572102972036,11.57159221403962,19,1399.0,7.542789702796251,0.02518299620961349
calibration,2,h50,4.0,union_t200_d3,263.841486141313,1167.655795153887,589.158513858687,853,1399.0,231.3442048461128,0.27236671233431436
calibration,2,h50,4.6,lappos_t200_d3,96.49343073629936,1302.3921873468646,245.50656926370064,342,1399.0,96.60781265313523,0.17437191856732345
calibration,2,h50,4.6,lapneg_t200_d3,134.9053567015369,1264.5726205288734,337.0946432984631,472,1399.0,134.42737947112633,0.20518062422913919
calibration,2,h50,4.6,step_t150_d3,150.6248325202085,1248.458238612038,401.37516747979146,552,1399.0,150.54176138796225,0.20879035712494398
calibration,2,h50,4.6,cross_t200_d3,20.929660222923925,1378.0703397770762,49.07033977707607,70,1399.0,20.929660222923925,0.06232775527970179
calibration,2,h50,4.6,upface_t200_d3,7.683051793460448,1391.2025662897038,11.316948206539552,19,1399.0,7.797433710296321,0.026046263178854855
calibration,2,h50,4.6,union_t200_d3,247.27417903975729,1192.676148023025,605.7258209602427,853,1399.0,206.32385197697474,0.2548193637314595
calibration,3,h50,2.0,lappos_t200_d3,133.04791318817496,1222.727911770101,308.95208681182504,442,1407.0,184.272088229899,0.21296008523587293
calibration,3,h50,2.0,lapneg_t200_d3,163.0260007566908,1182.6889794715435,399.9739992433092,563,1407.0,224.31102052845645,0.22656881055423184
calibration,3,h50,2.0,step_t150_d3,163.22679020725678,1185.1108145478843,467.7732097927432,631,1407.0,221.88918545211553,0.21076002000292773
calibration,3,h50,2.0,cross_t200_d3,69.98789998569016,1301.4373749849021,90.01210001430984,160,1407.0,105.56262501509808,0.1739758887804401
calibration,3,h50,2.0,upface_t200_d3,24.204343128841373,1370.6704171322194,30.795656871158627,55,1407.0,36.32958286778069,0.07494185841671219
calibration,3,h50,2.0,union_t200_d3,379.0781990573497,1048.214021272477,797.9218009426503,1177,1407.0,358.78597872752283,0.30893247252448763
calibration,3,h50,2.4,lappos_t200_d3,143.24714307639476,1239.5500801559483,298.75285692360524,442,1407.0,167.4499198440517,0.22731888618563653
calibration,3,h50,2.4,lapneg_t200_d3,169.91704605119708,1213.1800054272637,393.0829539488029,563,1407.0,193.8199945727359,0.23371734460581792
calibration,3,h50,2.4,step_t150_d3,170.69485832656397,1212.541727207772,460.305141673436,631,1407.0,194.458272792228,0.21843424961585772
calibration,3,h50,2.4,cross_t200_d3,67.19954725835957,1326.0278571996625,92.80045274164043,160,1407.0,80.9721428003376,0.16525339740901274
calibration,3,h50,2.4,upface_t200_d3,21.492488824137553,1380.5822327593514,33.50751117586245,55,1407.0,26.417767240648484,0.06624999618746373
calibration,3,h50,2.4,union_t200_d3,391.4515066947504,1088.3724453290731,785.5484933052496,1177,1407.0,318.6275546709272,0.31630788927561504
calibration,3,h50,2.8,lappos_t200_d3,143.24714307639476,1239.5500801559483,298.75285692360524,442,1407.0,167.4499198440517,0.22731888618563653
calibration,3,h50,2.8,lapneg_t200_d3,169.91704605119708,1213.1800054272637,393.0829539488029,563,1407.0,193.8199945727359,0.23371734460581792
calibration,3,h50,2.8,step_t150_d3,170.69485832656397,1212.541727207772,460.305141673436,631,1407.0,194.458272792228,0.21843424961585772
calibration,3,h50,2.8,cross_t200_d3,67.19954725835957,1326.0278571996625,92.80045274164043,160,1407.0,80.9721428003376,0.16525339740901274
calibration,3,h50,2.8,upface_t200_d3,21.492488824137553,1380.5822327593514,33.50751117586245,55,1407.0,26.417767240648484,0.06624999618746373
calibration,3,h50,2.8,union_t200_d3,391.4515066947504,1088.3724453290731,785.5484933052496,1177,1407.0,318.6275546709272,0.31630788927561504
calibration,3,h50,3.2,lappos_t200_d3,143.75496822297782,1254.0097953270792,298.2450317770222,442,1407.0,152.99020467292084,0.2270461941426314
calibration,3,h50,3.2,lapneg_t200_d3,178.3031851371162,1223.3555460448622,384.6968148628838,563,1407.0,183.64445395513792,0.2440063485067664
calibration,3,h50,3.2,step_t150_d3,180.6572888030755,1217.0331672275613,450.3427111969245,631,1407.0,189.96683277243875,0.23033088769827162
calibration,3,h50,3.2,cross_t200_d3,66.25089354194742,1335.8169379617825,93.74910645805258,160,1407.0,71.18306203821757,0.1622152127364978
calibration,3,h50,3.2,upface_t200_d3,19.961702441722085,1385.3960515964416,35.03829755827792,55,1407.0,21.60394840355838,0.06140710373493968
calibration,3,h50,3.2,union_t200_d3,387.6758819231709,1109.616131421121,789.3241180768291,1177,1407.0,297.3838685788787,0.312375212229727
calibration,3,h50,3.6,lappos_t200_d3,143.75496822297782,1254.0097953270792,298.2450317770222,442,1407.0,152.99020467292084,0.2270461941426314
calibration,3,h50,3.6,lapneg_t200_d3,178.3031851371162,1223.3555460448622,384.6968148628838,563,1407.0,183.64445395513792,0.2440063485067664
calibration,3,h50,3.6,step_t150_d3,180.6572888030755,1217.0331672275613,450.3427111969245,631,1407.0,189.96683277243875,0.23033088769827162
calibration,3,h50,3.6,cross_t200_d3,66.25089354194742,1335.8169379617825,93.74910645805258,160,1407.0,71.18306203821757,0.1622152127364978
calibration,3,h50,3.6,upface_t200_d3,19.961702441722085,1385.3960515964416,35.03829755827792,55,1407.0,21.60394840355838,0.06140710373493968
calibration,3,h50,3.6,union_t200_d3,387.6758819231709,1109.616131421121,789.3241180768291,1177,1407.0,297.3838685788787,0.312375212229727
calibration,3,h50,4.0,lappos_t200_d3,137.3057901043915,1264.0909929262582,304.69420989560854,442,1407.0,142.90900707374135,0.21661186576503103
calibration,3,h50,4.0,lapneg_t200_d3,176.06346338799284,1230.1056012139147,386.93653661200716,563,1407.0,176.89439878608528,0.24064424071000706
calibration,3,h50,4.0,step_t150_d3,187.72647968245502,1214.316931116444,443.273520317545,631,1407.0,192.6830688835556,0.23907845639976616
calibration,3,h50,4.0,cross_t200_d3,64.5813045378657,1339.16008371229,95.4186954621343,160,1407.0,67.83991628770997,0.15799774107711304
calibration,3,h50,4.0,upface_t200_d3,19.844398187471167,1386.589122839111,35.15560181252883,55,1407.0,20.41087716088924,0.0610058693789882
calibration,3,h50,4.0,union_t200_d3,377.6106519872973,1123.4998759712187,799.3893480127027,1177,1407.0,283.50012402878133,0.30407789512441724
calibration,3,h50,4.6,lappos_t200_d3,124.36913970836014,1283.961271287558,317.63086029163986,442,1407.0,123.03872871244184,0.1957748779500631
calibration,3,h50,4.6,lapneg_t200_d3,155.2157287990378,1255.1689508178833,407.78427120096217,563,1407.0,151.83104918211663,0.21190527808683504
calibration,3,h50,4.6,step_t150_d3,182.94031785833096,1225.0381837742539,448.05968214166904,631,1407.0,181.9618162257463,0.23263138110034504
calibration,3,h50,4.6,cross_t200_d3,54.112090920281176,1353.3971970947189,105.88790907971882,160,1407.0,53.60280290528103,0.1321412587406163
calibration,3,h50,4.6,upface_t200_d3,18.13984802659539,1389.2291778977406,36.86015197340461,55,1407.0,17.770822102259448,0.05573366500659556
calibration,3,h50,4.6,union_t200_d3,337.7668851406864,1154.799293552687,839.2331148593137,1177,1407.0,252.20070644731294,0.2723677769147387
calibration,4,h50,2.0,lappos_t200_d3,76.00752142061958,1305.5267014566277,213.99247857938042,290,1404.0,98.47329854337207,0.14953078486303445
calibration,4,h50,2.0,lapneg_t200_d3,79.7733303756057,1282.0629184498048,149.2266696243943,229,1404.0,121.93708155019529,0.17510769357705466
calibration,4,h50,2.0,step_t150_d3,104.57400039403765,1257.3558634150022,301.4259996059624,406,1404.0,146.64413658499817,0.17511128051185418
calibration,4,h50,2.0,cross_t200_d3,18.935504897754022,1370.6944237729808,16.064495102245978,35,1404.0,33.30557622701912,0.06189570608823377
calibration,4,h50,2.0,upface_t200_d3,0.6666666666666667,1402.1573786516665,1.3333333333333333,2,1404.0,1.8426213483334737,0.0023626853712868214
calibration,4,h50,2.0,union_t200_d3,169.93311720727024,1202.1078888110503,372.06688279272976,542,1404.0,201.8921111889497,0.24001574687746788
calibration,4,h50,2.4,lappos_t200_d3,78.60457974441873,1312.8090024770938,211.39542025558126,290,1404.0,91.19099752290597,0.1540412348122284
calibration,4,h50,2.4,lapneg_t200_d3,88.66510710432051,1300.605294088532,140.3348928956795,229,1404.0,103.39470591146785,0.19230955956065052
calibration,4,h50,2.4,step_t150_d3,114.46796802595898,1273.8024331668937,291.53203197404105,406,1404.0,130.19756683310632,0.19000280980855788
calibration,4,h50,2.4,cross_t200_d3,17.601440130212143,1381.7020452869485,17.398559869787857,35,1404.0,22.297954713051325,0.05717339139735003
calibration,4,h50,2.4,upface_t200_d3,0.6666666666666667,1403.0786893258332,1.3333333333333333,2,1404.0,0.9213106741667368,0.002361143473349616
calibration,4,h50,2.4,union_t200_d3,180.48133412140868,1225.7267628724044,361.5186658785913,542,1404.0,178.27323712759548,0.25247737292242056
calibration,4,h50,2.8,lappos_t200_d3,78.60457974441873,1312.8090024770938,211.39542025558126,290,1404.0,91.19099752290597,0.1540412348122284
calibration,4,h50,2.8,lapneg_t200_d3,88.66510710432051,1300.605294088532,140.3348928956795,229,1404.0,103.39470591146785,0.19230955956065052
calibration,4,h50,2.8,step_t150_d3,114.46796802595898,1273.8024331668937,291.53203197404105,406,1404.0,130.19756683310632,0.19000280980855788
calibration,4,h50,2.8,cross_t200_d3,17.601440130212143,1381.7020452869485,17.398559869787857,35,1404.0,22.297954713051325,0.05717339139735003
calibration,4,h50,2.8,upface_t200_d3,0.6666666666666667,1403.0786893258332,1.3333333333333333,2,1404.0,0.9213106741667368,0.002361143473349616
calibration,4,h50,2.8,union_t200_d3,180.48133412140868,1225.7267628724044,361.5186658785913,542,1404.0,178.27323712759548,0.25247737292242056
calibration,4,h50,3.2,lappos_t200_d3,87.306939002088,1311.6151998002163,202.693060997912,290,1404.0,92.38480019978367,0.17059319171577367
calibration,4,h50,3.2,lapneg_t200_d3,87.46180938040828,1311.1466209229113,141.53819061959172,229,1404.0,92.85337907708872,0.18893435329133965
calibration,4,h50,3.2,step_t150_d3,127.81695505187756,1267.1565334334337,278.1830449481224,406,1404.0,136.8434665665662,0.2116894294358412
calibration,4,h50,3.2,cross_t200_d3,17.934773463545472,1384.7963883053676,17.065226536454528,35,1404.0,19.203611694632826,0.05812669734038819
calibration,4,h50,3.2,upface_t200_d3,0.2546440075000701,1403.7453559925,1.7453559924999298,2,1404.0,0.2546440075000701,0.0009017139075781485
calibration,4,h50,3.2,union_t200_d3,186.4109943443326,1234.745338902405,355.5890056556674,542,1404.0,169.2546610975952,0.25968636782074306
calibration,4,h50,3.6,lappos_t200_d3,87.306939002088,1311.6151998002163,202.693060997912,290,1404.0,92.38480019978367,0.17059319171577367
calibration,4,h50,3.6,lapneg_t200_d3,87.46180938040828,1311.1466209229113,141.53819061959172,229,1404.0,92.85337907708872,0.18893435329133965
calibration,4,h50,3.6,step_t150_d3,127.81695505187756,1267.1565334334337,278.1830449481224,406,1404.0,136.8434665665662,0.2116894294358412
calibration,4,h50,3.6,cross_t200_d3,17.934773463545472,1384.7963883053676,17.065226536454528,35,1404.0,19.203611694632826,0.05812669734038819
calibration,4,h50,3.6,upface_t200_d3,0.2546440075000701,1403.7453559925,1.7453559924999298,2,1404.0,0.2546440075000701,0.0009017139075781485
calibration,4,h50,3.6,union_t200_d3,186.4109943443326,1234.745338902405,355.5890056556674,542,1404.0,169.2546610975952,0.25968636782074306
calibration,4,h50,4.0,lappos_t200_d3,80.26175136405085,1320.3481384082665,209.73824863594916,290,1404.0,83.65186159173331,0.1567238955153519
calibration,4,h50,4.0,lapneg_t200_d3,79.85087080374245,1322.0591679842519,149.14912919625755,229,1404.0,81.94083201574796,0.17224756238921005
calibration,4,h50,4.0,step_t150_d3,121.84461206484357,1278.4632551587301,284.15538793515645,406,1404.0,125.53674484126975,0.20144214381305894
calibration,4,h50,4.0,cross_t200_d3,15.991964421963408,1387.4415566046189,19.00803557803659,35,1404.0,16.558443395381484,0.05180645685123722
calibration,4,h50,4.0,upface_t200_d3,0.5092880150001402,1403.490711985,1.4907119849998598,2,1404.0,0.5092880150001402,0.0018034278151562967
calibration,4,h50,4.0,union_t200_d3,172.75705903283614,1250.842921628378,369.24294096716386,542,1404.0,153.15707837162194,0.24050153129947294
calibration,4,h50,4.6,lappos_t200_d3,72.92038245268093,1331.0796175473192,217.07961754731906,290,1404.0,72.92038245268091,0.14220043380007952
calibration,4,h50,4.6,lapneg_t200_d3,69.69965419704576,1334.3575367613723,159.30034580295424,229,1404.0,69.64246323862783,0.15021106908199233
calibration,4,h50,4.6,step_t150_d3,112.39575131639701,1293.1634235131933,293.604248683603,406,1404.0,110.83657648680698,0.18549852442264803
calibration,4,h50,4.6,cross_t200_d3,10.932582560338975,1393.0674174396613,24.067417439661025,35,1404.0,10.932582560338973,0.03540344093374008
calibration,4,h50,4.6,upface_t200_d3,0.5092880150001402,1403.490711985,1.4907119849998598,2,1404.0,0.5092880150001402,0.0018034278151562967
calibration,4,h50,4.6,union_t200_d3,151.89325668722705,1271.1704102868814,390.10674331277295,542,1404.0,132.82958971311865,0.21148783588013448
selection,5,h50,2.0,lappos_t200_d3,143.1586413333872,1190.2478403304133,397.8413586666128,541,1400.0,209.75215966958692,0.20466400185957648
selection,5,h50,2.0,lapneg_t200_d3,169.082874344969,1160.5549761197785,342.917125655031,512,1400.0,239.44502388022167,0.2502975183110643
selection,5,h50,2.0,step_t150_d3,176.9568064778921,1152.1324130086477,490.0431935221079,667,1400.0,247.86758699135194,0.22135708857234798
selection,5,h50,2.0,cross_t200_d3,77.36349861964558,1282.3266468396898,86.63650138035442,164,1400.0,117.67335316031037,0.19190325158338212
selection,5,h50,2.0,upface_t200_d3,13.111459579420828,1379.1964076441532,20.888540420579172,34,1400.0,20.80359235584702,0.04289534805326865
selection,5,h50,2.0,union_t200_d3,371.96934104578503,1016.2928106916586,801.0306589542149,1173,1400.0,383.7071893083414,0.30588265091456135
selection,5,h50,2.4,lappos_t200_d3,153.53560274241156,1221.704633164129,387.4643972575884,541,1400.0,178.29536683587116,0.21690474863044262
selection,5,h50,2.4,lapneg_t200_d3,170.40337622978393,1201.799707616756,341.59662377021607,512,1400.0,198.20029238324412,0.24911295038968723
selection,5,h50,2.4,step_t150_d3,191.98478086099786,1177.9768077966999,475.01521913900217,667,1400.0,222.02319220329997,0.2377248726192283
selection,5,h50,2.4,cross_t200_d3,78.19370258352947,1306.4315303100718,85.80629741647053,164,1400.0,93.56846968992818,0.1915925112634494
selection,5,h50,2.4,upface_t200_d3,12.954080927754301,1384.3421003455783,21.0459190722457,34,1400.0,15.65789965442153,0.04224259176396202
selection,5,h50,2.4,union_t200_d3,380.79538048004747,1071.2752766671683,792.2046195199525,1173,1400.0,328.7247233328316,0.3098885101826418
selection,5,h50,2.8,lappos_t200_d3,153.53560274241156,1221.704633164129,387.4643972575884,541,1400.0,178.29536683587116,0.21690474863044262
selection,5,h50,2.8,lapneg_t200_d3,170.40337622978393,1201.799707616756,341.59662377021607,512,1400.0,198.20029238324412,0.24911295038968723
selection,5,h50,2.8,step_t150_d3,191.98478086099786,1177.9768077966999,475.01521913900217,667,1400.0,222.02319220329997,0.2377248726192283
selection,5,h50,2.8,cross_t200_d3,78.19370258352947,1306.4315303100718,85.80629741647053,164,1400.0,93.56846968992818,0.1915925112634494
selection,5,h50,2.8,upface_t200_d3,12.954080927754301,1384.3421003455783,21.0459190722457,34,1400.0,15.65789965442153,0.04224259176396202
selection,5,h50,2.8,union_t200_d3,380.79538048004747,1071.2752766671683,792.2046195199525,1173,1400.0,328.7247233328316,0.3098885101826418
selection,5,h50,3.2,lappos_t200_d3,156.56325635595843,1237.7235265642687,384.4367436440416,541,1400.0,162.27647343573113,0.21999808602760978
selection,5,h50,3.2,lapneg_t200_d3,157.62775485762356,1235.0910896201879,354.3722451423764,512,1400.0,164.90891037981226,0.22906224248838045
selection,5,h50,3.2,step_t150_d3,195.29838586721527,1195.3975007741826,471.7016141327847,667,1400.0,204.60249922581733,0.24059253430395097
selection,5,h50,3.2,cross_t200_d3,66.33250180577657,1328.8595240319635,97.66749819422343,164,1400.0,71.14047596803658,0.16169256941871432
selection,5,h50,3.2,upface_t200_d3,11.208724935254372,1388.7912750647458,22.791275064745626,34,1400.0,11.20872493525437,0.03648673481528103
selection,5,h50,3.2,union_t200_d3,366.5982346028476,1109.2875973576888,806.4017653971524,1173,1400.0,290.7124026423112,0.2971830580125375
selection,5,h50,3.6,lappos_t200_d3,156.56325635595843,1237.7235265642687,384.4367436440416,541,1400.0,162.27647343573113,0.21999808602760978
selection,5,h50,3.6,lapneg_t200_d3,157.62775485762356,1235.0910896201879,354.3722451423764,512,1400.0,164.90891037981226,0.22906224248838045
selection,5,h50,3.6,step_t150_d3,195.29838586721527,1195.3975007741826,471.7016141327847,667,1400.0,204.60249922581733,0.24059253430395097
selection,5,h50,3.6,cross_t200_d3,66.33250180577657,1328.8595240319635,97.66749819422343,164,1400.0,71.14047596803658,0.16169256941871432
selection,5,h50,3.6,upface_t200_d3,11.208724935254372,1388.7912750647458,22.791275064745626,34,1400.0,11.20872493525437,0.03648673481528103
selection,5,h50,3.6,union_t200_d3,366.5982346028476,1109.2875973576888,806.4017653971524,1173,1400.0,290.7124026423112,0.2971830580125375
selection,5,h50,4.0,lappos_t200_d3,150.93155084608583,1246.1133194218116,390.0684491539142,541,1400.0,153.88668057818842,0.21192031600928832
selection,5,h50,4.0,lapneg_t200_d3,155.23065445683363,1241.6251157101585,356.76934554316637,512,1400.0,158.37488428984202,0.22530791535767034
selection,5,h50,4.0,step_t150_d3,193.58945050050733,1202.7399150904816,473.4105494994927,667,1400.0,197.2600849095182,0.2381566958370234
selection,5,h50,4.0,cross_t200_d3,65.29388687735893,1331.9709836113846,98.70611312264107,164,1400.0,68.02901638861577,0.1590001558391653
selection,5,h50,4.0,upface_t200_d3,11.463368942754443,1387.7726990347453,22.536631057245557,34,1400.0,12.227300965254651,0.0373342223448935
selection,5,h50,4.0,union_t200_d3,355.4885484631454,1124.9699177169407,817.5114515368546,1173,1400.0,275.03008228305924,0.28796349980394786
selection,5,h50,4.6,lappos_t200_d3,131.73482923121225,1269.5598891737034,409.26517076878775,541,1400.0,130.44011082629655,0.18474605837094604
selection,5,h50,4.6,lapneg_t200_d3,145.7614408392491,1255.371517107587,366.2385591607509,512,1400.0,144.62848289241296,0.21130156856292404
selection,5,h50,4.6,step_t150_d3,190.54864466888318,1210.3555494442812,476.4513553311168,667,1400.0,189.6444505557188,0.23415228717423003
selection,5,h50,4.6,cross_t200_d3,61.56783834906783,1338.1462068588426,102.43216165093217,164,1400.0,61.8537931411575,0.14974806075920166
selection,5,h50,4.6,upface_t200_d3,9.777394811878947,1390.1654142297032,24.22260518812105,34,1400.0,9.834585770296881,0.03182864216793314
selection,5,h50,4.6,union_t200_d3,319.03864230976967,1158.645982736713,853.9613576902303,1173,1400.0,241.35401726328703,0.2585534445428528
selection,6,h50,2.0,lappos_t200_d3,11.577750859590315,1373.8794594376136,66.42224914040969,78,1388.0,14.120540562386566,0.034103218594721325
selection,6,h50,2.0,lapneg_t200_d3,15.347527556920618,1366.7005824185317,40.65247244307938,56,1388.0,21.29941758146842,0.04778041037997033
selection,6,h50,2.0,step_t150_d3,14.206534032047873,1369.0583364566955,69.79346596795213,84,1388.0,18.941663543304713,0.041315722422715674
selection,6,h50,2.0,cross_t200_d3,5.254644007500071,1380.9027346441667,8.74535599249993,14,1388.0,7.097265355833544,0.018217997859612374
selection,6,h50,2.0,upface_t200_d3,1.1143819168358728,1386.5165921588282,2.885618083164127,4,1388.0,1.4834078411718161,0.003969639946032556
selection,6,h50,2.0,union_t200_d3,31.177731520804503,1356.5060517068646,109.8222684791955,141,1388.0,31.493948293135503,0.07987393190623097
selection,6,h50,2.4,lappos_t200_d3,14.139848026595395,1372.0390289924865,63.860151973404605,78,1388.0,15.96097100751354,0.04163238695859855
selection,6,h50,2.4,lapneg_t200_d3,17.773744439674495,1367.5238963026563,38.226255560325505,56,1388.0,20.476103697343774,0.05522205460848073
selection,6,h50,2.4,step_t150_d3,15.697246017047732,1369.7435791533624,68.30275398295227,84,1388.0,18.25642084663777,0.04559333608081989
selection,6,h50,2.4,cross_t200_d3,3.7617411192937116,1383.5715922140396,10.238258880706288,14,1388.0,4.4284077859603785,0.013031435748130593
selection,6,h50,2.4,upface_t200_d3,1.642977396044841,1386.2998316455373,2.357022603955159,4,1388.0,1.7001683544627777,0.005851297451234615
selection,6,h50,2.4,union_t200_d3,35.42068957806353,1354.2772878731926,105.57931042193647,141,1388.0,33.72271212680725,0.09065037172294245
selection,6,h50,2.8,lappos_t200_d3,14.139848026595395,1372.0390289924865,63.860151973404605,78,1388.0,15.96097100751354,0.04163238695859855
selection,6,h50,2.8,lapneg_t200_d3,17.773744439674495,1367.5238963026563,38.226255560325505,56,1388.0,20.476103697343774,0.05522205460848073
selection,6,h50,2.8,step_t150_d3,15.697246017047732,1369.7435791533624,68.30275398295227,84,1388.0,18.25642084663777,0.04559333608081989
selection,6,h50,2.8,cross_t200_d3,3.7617411192937116,1383.5715922140396,10.238258880706288,14,1388.0,4.4284077859603785,0.013031435748130593
selection,6,h50,2.8,upface_t200_d3,1.642977396044841,1386.2998316455373,2.357022603955159,4,1388.0,1.7001683544627777,0.005851297451234615
selection,6,h50,2.8,union_t200_d3,35.42068957806353,1354.2772878731926,105.57931042193647,141,1388.0,33.72271212680725,0.09065037172294245
selection,6,h50,3.2,lappos_t200_d3,19.80578325905351,1367.3989739338567,58.19421674094649,78,1388.0,20.601026066143334,0.058279566294802056
selection,6,h50,3.2,lapneg_t200_d3,16.677938552838903,1370.8029610149867,39.3220614471611,56,1388.0,17.197038985013332,0.05174724241941563
selection,6,h50,3.2,step_t150_d3,20.10634633879928,1366.3916697900288,63.893653661200716,84,1388.0,21.60833020997138,0.058363917260080715
selection,6,h50,3.2,cross_t200_d3,3.8805048425425825,1384.0623041990395,10.119495157457418,14,1388.0,3.9376958009605185,0.013437183308936788
selection,6,h50,3.2,upface_t200_d3,1.1143819168358728,1386.7712361663282,2.885618083164127,4,1388.0,1.2287638336717461,0.003968919912283959
selection,6,h50,3.2,union_t200_d3,39.795556777810425,1352.5592749229381,101.20444322218958,141,1388.0,35.440725077061764,0.10170843277754023
selection,6,h50,3.6,lappos_t200_d3,19.80578325905351,1367.3989739338567,58.19421674094649,78,1388.0,20.601026066143334,0.058279566294802056
selection,6,h50,3.6,lapneg_t200_d3,16.677938552838903,1370.8029610149867,39.3220614471611,56,1388.0,17.197038985013332,0.05174724241941563
selection,6,h50,3.6,step_t150_d3,20.10634633879928,1366.3916697900288,63.893653661200716,84,1388.0,21.60833020997138,0.058363917260080715
selection,6,h50,3.6,cross_t200_d3,3.8805048425425825,1384.0623041990395,10.119495157457418,14,1388.0,3.9376958009605185,0.013437183308936788
selection,6,h50,3.6,upface_t200_d3,1.1143819168358728,1386.7712361663282,2.885618083164127,4,1388.0,1.2287638336717461,0.003968919912283959
selection,6,h50,3.6,union_t200_d3,39.795556777810425,1352.5592749229381,101.20444322218958,141,1388.0,35.440725077061764,0.10170843277754023
selection,6,h50,4.0,lappos_t200_d3,20.122000031384513,1368.0182620592796,57.877999968615484,78,1388.0,19.98173794072032,0.05917747047129043
selection,6,h50,4.0,lapneg_t200_d3,16.792320469674777,1371.3694399884048,39.20767953032522,56,1388.0,16.630560011595254,0.05208013513762835
selection,6,h50,4.0,step_t150_d3,21.12492236879956,1366.2514076993646,62.87507763120044,84,1388.0,21.748592300635575,0.06128934812503764
selection,6,h50,4.0,cross_t200_d3,4.097265355833544,1383.8455436857485,9.902734644166456,14,1388.0,4.1544563142514805,0.014187768830515844
selection,6,h50,4.0,upface_t200_d3,1.1143819168358728,1386.8284271247462,2.885618083164127,4,1388.0,1.1715728752538095,0.003968758234520302
selection,6,h50,4.0,union_t200_d3,40.14746614114404,1353.940304167655,100.85253385885596,141,1388.0,34.059695832345035,0.10251702387889511
selection,6,h50,4.6,lappos_t200_d3,19.079734730762407,1369.1749092767377,58.92026526923759,78,1388.0,18.825090723262342,0.05610846233535764
selection,6,h50,4.6,lapneg_t200_d3,17.047695911383396,1370.9523040886165,38.9523040886166,56,1388.0,17.047695911383396,0.05287746870776471
selection,6,h50,4.6,step_t150_d3,23.908161855508602,1364.0918381444915,60.0918381444914,84,1388.0,23.908161855508602,0.0693392165182962
selection,6,h50,4.6,cross_t200_d3,4.487789647584814,1383.5122103524152,9.512210352415186,14,1388.0,4.487789647584814,0.015539437837897498
selection,6,h50,4.6,upface_t200_d3,1.1143819168358728,1386.885618083164,2.885618083164127,4,1388.0,1.1143819168358728,0.003968596569928307
selection,6,h50,4.6,union_t200_d3,37.96786108727279,1356.1177183183197,103.03213891272722,141,1388.0,31.882281681680276,0.09695148538604328
selection,7,h50,2.0,lappos_t200_d3,0.0,1407.0,0.0,0,1407.0,0.0,0.0
selection,7,h50,2.0,lapneg_t200_d3,0.0,1407.0,0.0,0,1407.0,0.0,0.0
selection,7,h50,2.0,step_t150_d3,0.0,1407.0,0.0,0,1407.0,0.0,0.0
selection,7,h50,2.0,cross_t200_d3,0.0,1407.0,0.0,0,1407.0,0.0,0.0
selection,7,h50,2.0,upface_t200_d3,0.0,1407.0,0.0,0,1407.0,0.0,0.0
selection,7,h50,2.0,union_t200_d3,0.0,1407.0,0.0,0,1407.0,0.0,0.0
selection,7,h50,2.4,lappos_t200_d3,0.0,1407.0,0.0,0,1407.0,0.0,0.0
selection,7,h50,2.4,lapneg_t200_d3,0.0,1407.0,0.0,0,1407.0,0.0,0.0
selection,7,h50,2.4,step_t150_d3,0.0,1407.0,0.0,0,1407.0,0.0,0.0
selection,7,h50,2.4,cross_t200_d3,0.0,1407.0,0.0,0,1407.0,0.0,0.0
selection,7,h50,2.4,upface_t200_d3,0.0,1407.0,0.0,0,1407.0,0.0,0.0
selection,7,h50,2.4,union_t200_d3,0.0,1407.0,0.0,0,1407.0,0.0,0.0
selection,7,h50,2.8,lappos_t200_d3,0.0,1407.0,0.0,0,1407.0,0.0,0.0
selection,7,h50,2.8,lapneg_t200_d3,0.0,1407.0,0.0,0,1407.0,0.0,0.0
selection,7,h50,2.8,step_t150_d3,0.0,1407.0,0.0,0,1407.0,0.0,0.0
selection,7,h50,2.8,cross_t200_d3,0.0,1407.0,0.0,0,1407.0,0.0,0.0
selection,7,h50,2.8,upface_t200_d3,0.0,1407.0,0.0,0,1407.0,0.0,0.0
selection,7,h50,2.8,union_t200_d3,0.0,1407.0,0.0,0,1407.0,0.0,0.0
selection,7,h50,3.2,lappos_t200_d3,0.0,1407.0,0.0,0,1407.0,0.0,0.0
selection,7,h50,3.2,lapneg_t200_d3,0.0,1407.0,0.0,0,1407.0,0.0,0.0
selection,7,h50,3.2,step_t150_d3,0.0,1407.0,0.0,0,1407.0,0.0,0.0
selection,7,h50,3.2,cross_t200_d3,0.0,1407.0,0.0,0,1407.0,0.0,0.0
selection,7,h50,3.2,upface_t200_d3,0.0,1407.0,0.0,0,1407.0,0.0,0.0
selection,7,h50,3.2,union_t200_d3,0.0,1407.0,0.0,0,1407.0,0.0,0.0
selection,7,h50,3.6,lappos_t200_d3,0.0,1407.0,0.0,0,1407.0,0.0,0.0
selection,7,h50,3.6,lapneg_t200_d3,0.0,1407.0,0.0,0,1407.0,0.0,0.0
selection,7,h50,3.6,step_t150_d3,0.0,1407.0,0.0,0,1407.0,0.0,0.0
selection,7,h50,3.6,cross_t200_d3,0.0,1407.0,0.0,0,1407.0,0.0,0.0
selection,7,h50,3.6,upface_t200_d3,0.0,1407.0,0.0,0,1407.0,0.0,0.0
selection,7,h50,3.6,union_t200_d3,0.0,1407.0,0.0,0,1407.0,0.0,0.0
selection,7,h50,4.0,lappos_t200_d3,0.0,1407.0,0.0,0,1407.0,0.0,0.0
selection,7,h50,4.0,lapneg_t200_d3,0.0,1407.0,0.0,0,1407.0,0.0,0.0
selection,7,h50,4.0,step_t150_d3,0.0,1407.0,0.0,0,1407.0,0.0,0.0
selection,7,h50,4.0,cross_t200_d3,0.0,1407.0,0.0,0,1407.0,0.0,0.0
selection,7,h50,4.0,upface_t200_d3,0.0,1407.0,0.0,0,1407.0,0.0,0.0
selection,7,h50,4.0,union_t200_d3,0.0,1407.0,0.0,0,1407.0,0.0,0.0
selection,7,h50,4.6,lappos_t200_d3,0.0,1407.0,0.0,0,1407.0,0.0,0.0
selection,7,h50,4.6,lapneg_t200_d3,0.0,1407.0,0.0,0,1407.0,0.0,0.0
selection,7,h50,4.6,step_t150_d3,0.0,1407.0,0.0,0,1407.0,0.0,0.0
selection,7,h50,4.6,cross_t200_d3,0.0,1407.0,0.0,0,1407.0,0.0,0.0
selection,7,h50,4.6,upface_t200_d3,0.0,1407.0,0.0,0,1407.0,0.0,0.0
selection,7,h50,4.6,union_t200_d3,0.0,1407.0,0.0,0,1407.0,0.0,0.0
calibration,8,h50,2.0,lappos_t200_d3,20.19922988821983,740.1159414791821,42.80077011178017,63,768.0,27.88405852081797,0.09976749563545154
calibration,8,h50,2.0,lapneg_t200_d3,24.021084303346527,734.6208476877691,89.97891569665347,114,768.0,33.37915231223083,0.0988813397211209
calibration,8,h50,2.0,step_t150_d3,22.61417488480147,737.6277377675283,83.38582511519853,106,768.0,30.37226223247159,0.09547954114439645
calibration,8,h50,2.0,cross_t200_d3,5.564288070211578,759.9909190170343,5.435711929788422,11,768.0,8.009080982965738,0.03436632870432442
calibration,8,h50,2.0,upface_t200_d3,0.05719095841793653,767.9428090415821,0.9428090415820635,1,768.0,0.05719095841793653,0.00037040776177419787
calibration,8,h50,2.0,union_t200_d3,43.96567018406628,717.7950255302983,134.03432981593372,178,768.0,50.20497446970171,0.14916149654389782
calibration,8,h50,2.4,lappos_t200_d3,21.64694513838904,742.9155660926849,41.35305486161096,63,768.0,25.08443390731515,0.10647129369434509
calibration,8,h50,2.4,lapneg_t200_d3,23.229809238600893,739.9162975268933,90.7701907613991,114,768.0,28.0837024731066,0.0952708174585883
calibration,8,h50,2.4,step_t150_d3,21.163537297217218,743.4280938152398,84.83646270278278,106,768.0,24.571906184760223,0.0890277902992183
calibration,8,h50,2.4,cross_t200_d3,4.29033659850268,762.5002070320345,6.70966340149732,11,768.0,5.499792967965598,0.026457737033361874
calibration,8,h50,2.4,upface_t200_d3,0.05719095841793653,767.9428090415821,0.9428090415820635,1,768.0,0.05719095841793653,0.00037040776177419787
calibration,8,h50,2.4,union_t200_d3,44.62211036948986,723.2857375152981,133.37788963051014,178,768.0,44.714262484701855,0.150759759917712
calibration,8,h50,2.8,lappos_t200_d3,21.64694513838904,742.9155660926849,41.35305486161096,63,768.0,25.08443390731515,0.10647129369434509
calibration,8,h50,2.8,lapneg_t200_d3,23.229809238600893,739.9162975268933,90.7701907613991,114,768.0,28.0837024731066,0.0952708174585883
calibration,8,h50,2.8,step_t150_d3,21.163537297217218,743.4280938152398,84.83646270278278,106,768.0,24.571906184760223,0.0890277902992183
calibration,8,h50,2.8,cross_t200_d3,4.29033659850268,762.5002070320345,6.70966340149732,11,768.0,5.499792967965598,0.026457737033361874
calibration,8,h50,2.8,upface_t200_d3,0.05719095841793653,767.9428090415821,0.9428090415820635,1,768.0,0.05719095841793653,0.00037040776177419787
calibration,8,h50,2.8,union_t200_d3,44.62211036948986,723.2857375152981,133.37788963051014,178,768.0,44.714262484701855,0.150759759917712
calibration,8,h50,3.2,lappos_t200_d3,19.410877160889246,746.5465401683489,43.58912283911076,63,768.0,21.45345983165109,0.09534228461057072
calibration,8,h50,3.2,lapneg_t200_d3,23.269883636016502,742.6616535193934,90.7301163639835,114,768.0,25.33834648060667,0.09521762442676382
calibration,8,h50,3.2,step_t150_d3,22.237113382428937,744.6299286707349,83.76288661757107,106,768.0,23.37007132926509,0.09336522297270913
calibration,8,h50,3.2,cross_t200_d3,2.93550489775402,764.3836342119921,8.06449510224598,11,768.0,3.61636578800797,0.018090938301881472
calibration,8,h50,3.2,upface_t200_d3,0.05719095841793653,767.9428090415821,0.9428090415820635,1,768.0,0.05719095841793653,0.00037040776177419787
calibration,8,h50,3.2,union_t200_d3,42.483307747823616,727.8715239529251,135.51669225217637,178,768.0,40.128476047074955,0.14329668861766767
calibration,8,h50,3.6,lappos_t200_d3,19.410877160889246,746.5465401683489,43.58912283911076,63,768.0,21.45345983165109,0.09534228461057072
calibration,8,h50,3.6,lapneg_t200_d3,23.269883636016502,742.6616535193934,90.7301163639835,114,768.0,25.33834648060667,0.09521762442676382
calibration,8,h50,3.6,step_t150_d3,22.237113382428937,744.6299286707349,83.76288661757107,106,768.0,23.37007132926509,0.09336522297270913
calibration,8,h50,3.6,cross_t200_d3,2.93550489775402,764.3836342119921,8.06449510224598,11,768.0,3.61636578800797,0.018090938301881472
calibration,8,h50,3.6,upface_t200_d3,0.05719095841793653,767.9428090415821,0.9428090415820635,1,768.0,0.05719095841793653,0.00037040776177419787
calibration,8,h50,3.6,union_t200_d3,42.483307747823616,727.8715239529251,135.51669225217637,178,768.0,40.128476047074955,0.14329668861766767
calibration,8,h50,4.0,lappos_t200_d3,19.391569696680417,747.584423662558,43.60843030331958,63,768.0,20.415576337441987,0.09515224020515199
calibration,8,h50,4.0,lapneg_t200_d3,27.129621545352304,739.9348735568936,86.87037845464769,114,768.0,28.065126443106326,0.11090838485620581
calibration,8,h50,4.0,step_t150_d3,21.865896554886497,745.1155274151132,84.13410344511351,106,768.0,22.884472584886776,0.0917978068960931
calibration,8,h50,4.0,cross_t200_d3,2.6830517934604483,764.6360873162857,8.316948206539552,11,768.0,3.363912683714398,0.01653511956099373
calibration,8,h50,4.0,upface_t200_d3,0.05719095841793653,767.9428090415821,0.9428090415820635,1,768.0,0.05719095841793653,0.00037040776177419787
calibration,8,h50,4.0,union_t200_d3,45.795142713741626,726.7327213312587,132.20485728625837,178,768.0,41.2672786687412,0.1542414387189747
calibration,8,h50,4.6,lappos_t200_d3,15.996663598516154,751.888954484648,47.00333640148385,63,768.0,16.11104551535202,0.07842381201816134
calibration,8,h50,4.6,lapneg_t200_d3,26.562411137725682,741.6922328697742,87.43758886227431,114,768.0,26.307767130225606,0.1084840121609653
calibration,8,h50,4.6,step_t150_d3,21.35587710567781,746.7013138527401,84.6441228943222,106,768.0,21.298686147259872,0.0895757236635078
calibration,8,h50,4.6,cross_t200_d3,3.0950744526270455,764.847734588955,7.9049255473729545,11,768.0,3.152265411044982,0.01905968264119769
calibration,8,h50,4.6,upface_t200_d3,0.05719095841793653,767.9428090415821,0.9428090415820635,1,768.0,0.05719095841793653,0.00037040776177419787
calibration,8,h50,4.6,union_t200_d3,41.83302620795073,731.685342790015,136.16697379204928,178,768.0,36.31465720998485,0.14080279005963564
selection,9,h50,2.0,lappos_t200_d3,46.44656975189186,1335.7243717825017,162.55343024810816,209,1402.0,66.27562821749838,0.10469565010116597
selection,9,h50,2.0,lapneg_t200_d3,62.481530908685926,1314.5867146591129,245.51846909131407,308,1402.0,87.41328534088728,0.11973916553318874
selection,9,h50,2.0,step_t150_d3,62.29681261419312,1314.9713976754526,254.70318738580687,317,1402.0,87.02860232454695,0.11775141055993667
selection,9,h50,2.0,cross_t200_d3,24.601440130212143,1363.2244821206068,33.39855986978786,58,1402.0,38.77551787939305,0.07593853077751493
selection,9,h50,2.0,upface_t200_d3,5.564288070211579,1395.35994494137,6.435711929788421,12,1402.0,6.6400550586297955,0.019201445953616964
selection,9,h50,2.0,union_t200_d3,123.09894210162304,1269.6956693646066,418.90105789837696,542,1402.0,132.30433063539357,0.17285319083727546
selection,9,h50,2.4,lappos_t200_d3,58.24870263874092,1336.8883231437876,150.75129736125908,209,1402.0,65.11167685621237,0.13053591501918438
selection,9,h50,2.4,lapneg_t200_d3,77.6858740375273,1313.5972585104957,230.3141259624727,308,1402.0,88.40274148950446,0.14806993776929833
selection,9,h50,2.4,step_t150_d3,73.97182882961698,1316.1382713741543,243.02817117038302,317,1402.0,85.86172862584593,0.1391436510172136
selection,9,h50,2.4,cross_t200_d3,26.1821133272175,1369.4977021581074,31.8178866727825,58,1402.0,32.502297841892705,0.08042771397091604
selection,9,h50,2.4,upface_t200_d3,6.3096440627115085,1394.0051132406215,5.6903559372884915,12,1402.0,7.994886759378456,0.02178270997686866
selection,9,h50,2.4,union_t200_d3,151.94365765923396,1268.8359314552704,390.05634234076604,542,1402.0,133.1640685447294,0.2116926574706756
selection,9,h50,2.8,lappos_t200_d3,58.24870263874092,1336.8883231437876,150.75129736125908,209,1402.0,65.11167685621237,0.13053591501918438
selection,9,h50,2.8,lapneg_t200_d3,77.6858740375273,1313.5972585104957,230.3141259624727,308,1402.0,88.40274148950446,0.14806993776929833
selection,9,h50,2.8,step_t150_d3,73.97182882961698,1316.1382713741543,243.02817117038302,317,1402.0,85.86172862584593,0.1391436510172136
selection,9,h50,2.8,cross_t200_d3,26.1821133272175,1369.4977021581074,31.8178866727825,58,1402.0,32.502297841892705,0.08042771397091604
selection,9,h50,2.8,upface_t200_d3,6.3096440627115085,1394.0051132406215,5.6903559372884915,12,1402.0,7.994886759378456,0.02178270997686866
selection,9,h50,2.8,union_t200_d3,151.94365765923396,1268.8359314552704,390.05634234076604,542,1402.0,133.1640685447294,0.2116926574706756
selection,9,h50,3.2,lappos_t200_d3,60.08401984324635,1339.4784913878275,148.91598015675365,209,1402.0,62.52150861217247,0.13438233004309796
selection,9,h50,3.2,lapneg_t200_d3,85.2712464110854,1313.7604784375733,222.7287535889146,308,1402.0,88.23952156242699,0.16204906540226185
selection,9,h50,3.2,step_t150_d3,80.66834341245615,1317.168850724535,236.33165658754385,317,1402.0,84.83114927546482,0.15130020616013404
selection,9,h50,3.2,cross_t200_d3,25.122731465593063,1375.0947604819064,32.87726853440694,58,1402.0,26.90523951809356,0.07695889668360771
selection,9,h50,3.2,upface_t200_d3,5.642977396044842,1395.8477345889548,6.357022603955158,12,1402.0,6.152265411044982,0.019465379630881068
selection,9,h50,3.2,union_t200_d3,160.6026061180038,1270.97327120852,381.3973938819962,542,1402.0,131.0267287914802,0.22308545727515858
selection,9,h50,3.6,lappos_t200_d3,60.08401984324635,1339.4784913878275,148.91598015675365,209,1402.0,62.52150861217247,0.13438233004309796
selection,9,h50,3.6,lapneg_t200_d3,85.2712464110854,1313.7604784375733,222.7287535889146,308,1402.0,88.23952156242699,0.16204906540226185
selection,9,h50,3.6,step_t150_d3,80.66834341245615,1317.168850724535,236.33165658754385,317,1402.0,84.83114927546482,0.15130020616013404
selection,9,h50,3.6,cross_t200_d3,25.122731465593063,1375.0947604819064,32.87726853440694,58,1402.0,26.90523951809356,0.07695889668360771
selection,9,h50,3.6,upface_t200_d3,5.642977396044842,1395.8477345889548,6.357022603955158,12,1402.0,6.152265411044982,0.019465379630881068
selection,9,h50,3.6,union_t200_d3,160.6026061180038,1270.97327120852,381.3973938819962,542,1402.0,131.0267287914802,0.22308545727515858
selection,9,h50,4.0,lappos_t200_d3,59.85014276895306,1340.7050643182927,149.14985723104695,209,1402.0,61.294935681707216,0.1337998332866957
selection,9,h50,4.0,lapneg_t200_d3,84.11605866262536,1316.3032681403695,223.88394133737464,308,1402.0,85.69673185963073,0.15976949000139345
selection,9,h50,4.0,step_t150_d3,80.47234983237198,1319.4019963646201,236.52765016762802,317,1402.0,82.59800363538008,0.1508173537990718
selection,9,h50,4.0,cross_t200_d3,24.381757279506132,1376.4852847736577,33.61824272049387,58,1402.0,25.51471522634229,0.07465934657131813
selection,9,h50,4.0,upface_t200_d3,5.230954736878245,1396.2597572481216,6.769045263121755,12,1402.0,5.740242751878385,0.01804411264462231
selection,9,h50,4.0,union_t200_d3,159.1727354636263,1274.5947502371494,382.8272645363737,542,1402.0,127.40524976285069,0.22096475701936755
selection,9,h50,4.6,lappos_t200_d3,56.89240806957517,1345.1075919304249,152.10759193042483,209,1402.0,56.89240806957517,0.127105469324341
selection,9,h50,4.6,lapneg_t200_d3,83.07525283100122,1319.2937730933347,224.92474716899878,308,1402.0,82.70622690666525,0.15767580778067333
selection,9,h50,4.6,step_t150_d3,78.81257324546455,1323.1302357961172,238.18742675453547,317,1402.0,78.8697642038825,0.147592249876235
selection,9,h50,4.6,cross_t200_d3,19.812355968673007,1382.1304530729092,38.187644031327,58,1402.0,19.869546927090944,0.060627446257724996
selection,9,h50,4.6,upface_t200_d3,4.818932077711648,1397.1238769638703,7.181067922288352,12,1402.0,4.876123036129585,0.016617662599040597
selection,9,h50,4.6,union_t200_d3,150.8594376292912,1281.2683069835753,391.14056237070884,542,1402.0,120.73169301642477,0.2095195619864225
selection,10,h50,2.0,lappos_t200_d3,125.82207169191823,1192.6820893917845,191.1779283080818,317,1396.0,203.31791060821564,0.24322804808324877
selection,10,h50,2.0,lapneg_t200_d3,211.99980321272272,1078.7175681054143,360.0001967872773,572,1396.0,317.28243189458556,0.2961952303244294
selection,10,h50,2.0,step_t150_d3,217.12326951194348,1082.6517034292615,415.8767304880565,633,1396.0,313.34829657073857,0.28331944209302445
selection,10,h50,2.0,cross_t200_d3,64.19046627539383,1286.2009896372624,49.80953372460617,114,1396.0,109.79901036273762,0.17767595740470948
selection,10,h50,2.0,upface_t200_d3,16.033501687796115,1369.4011648370633,16.966498312203885,33,1396.0,26.598835162936837,0.05283094567924645
selection,10,h50,2.0,union_t200_d3,388.4629787676191,946.1934511265476,586.5370212323809,975,1396.0,449.80654887345224,0.37104916432449864
selection,10,h50,2.4,lappos_t200_d3,133.99980321272272,1234.6411834668118,183.00019678727728,317,1396.0,161.358816533188,0.2541108248898833
selection,10,h50,2.4,lapneg_t200_d3,239.22011740428908,1111.9608401333942,332.7798825957109,572,1396.0,284.0391598666058,0.3286730176316214
selection,10,h50,2.4,step_t150_d3,251.7428716080871,1108.4683445104185,381.2571283919129,633,1396.0,287.5316554895816,0.3233931274921104
selection,10,h50,2.4,cross_t200_d3,59.69245014656593,1320.1896176577418,54.30754985343407,114,1396.0,75.81038234225807,0.16257158123984838
selection,10,h50,2.4,upface_t200_d3,16.442602009547663,1377.098410854111,16.557397990452337,33,1396.0,18.901589145889105,0.053891051996964964
selection,10,h50,2.4,union_t200_d3,420.19581728232123,1001.8932020175225,554.8041827176787,975,1396.0,394.1067979824775,0.39476586708577865
selection,10,h50,2.8,lappos_t200_d3,133.99980321272272,1234.6411834668118,183.00019678727728,317,1396.0,161.358816533188,0.2541108248898833
selection,10,h50,2.8,lapneg_t200_d3,239.22011740428908,1111.9608401333942,332.7798825957109,572,1396.0,284.0391598666058,0.3286730176316214
selection,10,h50,2.8,step_t150_d3,251.7428716080871,1108.4683445104185,381.2571283919129,633,1396.0,287.5316554895816,0.3233931274921104
selection,10,h50,2.8,cross_t200_d3,59.69245014656593,1320.1896176577418,54.30754985343407,114,1396.0,75.81038234225807,0.16257158123984838
selection,10,h50,2.8,upface_t200_d3,16.442602009547663,1377.098410854111,16.557397990452337,33,1396.0,18.901589145889105,0.053891051996964964
selection,10,h50,2.8,union_t200_d3,420.19581728232123,1001.8932020175225,554.8041827176787,975,1396.0,394.1067979824775,0.39476586708577865
selection,10,h50,3.2,lappos_t200_d3,123.77208478398013,1263.9110671028286,193.22791521601988,317,1396.0,132.08893289717147,0.23303247734211502
selection,10,h50,3.2,lapneg_t200_d3,236.92570957067488,1146.606322403366,335.0742904293251,572,1396.0,249.39367759663384,0.3226523798612874
selection,10,h50,3.2,step_t150_d3,256.92383943702725,1130.1732086420145,376.07616056297275,633,1396.0,265.82679135798526,0.32778448235028906
selection,10,h50,3.2,cross_t200_d3,52.04362807569099,1338.7177990728826,61.95637192430901,114,1396.0,57.282200927117884,0.14090511993215862
selection,10,h50,3.2,upface_t200_d3,14.559174829590033,1380.3650581819916,18.440825170409965,33,1396.0,15.63494181800825,0.04767484369828438
selection,10,h50,3.2,union_t200_d3,402.965487087465,1053.5262703024641,572.034512912535,975,1396.0,342.47372969753593,0.3761468376494046
selection,10,h50,3.6,lappos_t200_d3,123.77208478398013,1263.9110671028286,193.22791521601988,317,1396.0,132.08893289717147,0.23303247734211502
selection,10,h50,3.6,lapneg_t200_d3,236.92570957067488,1146.606322403366,335.0742904293251,572,1396.0,249.39367759663384,0.3226523798612874
selection,10,h50,3.6,step_t150_d3,256.92383943702725,1130.1732086420145,376.07616056297275,633,1396.0,265.82679135798526,0.32778448235028906
selection,10,h50,3.6,cross_t200_d3,52.04362807569099,1338.7177990728826,61.95637192430901,114,1396.0,57.282200927117884,0.14090511993215862
selection,10,h50,3.6,upface_t200_d3,14.559174829590033,1380.3650581819916,18.440825170409965,33,1396.0,15.63494181800825,0.04767484369828438
selection,10,h50,3.6,union_t200_d3,402.965487087465,1053.5262703024641,572.034512912535,975,1396.0,342.47372969753593,0.3761468376494046
selection,10,h50,4.0,lappos_t200_d3,119.89376744522491,1271.8378083877565,197.1062325547751,317,1396.0,124.16219161224346,0.22538696862234311
selection,10,h50,4.0,lapneg_t200_d3,237.53664474792157,1150.339578381556,334.46335525207843,572,1396.0,245.6604216184438,0.32310207189959883
selection,10,h50,4.0,step_t150_d3,255.75445406556082,1134.0434904027334,377.2455459344392,633,1396.0,261.9565095972667,0.32606786184166214
selection,10,h50,4.0,cross_t200_d3,51.46003254127059,1342.331242523475,62.53996745872941,114,1396.0,53.66875747652496,0.13909686253512377
selection,10,h50,4.0,upface_t200_d3,14.794511372881274,1381.148297668701,18.205488627118726,33,1396.0,14.851702331299213,0.04841317124350104
selection,10,h50,4.0,union_t200_d3,399.5815321059141,1063.7815490502435,575.4184678940859,975,1396.0,332.2184509497564,0.37251023850111753
selection,10,h50,4.6,lappos_t200_d3,104.67189709073155,1291.3852938676864,212.32810290926847,317,1396.0,104.61470613231361,0.1964520458606872
selection,10,h50,4.6,lapneg_t200_d3,219.88490373905074,1175.9694035595237,352.11509626094926,572,1396.0,220.03059644047624,0.29844408247010085
selection,10,h50,4.6,step_t150_d3,234.33398516370795,1161.5203221348665,398.66601483629205,633,1396.0,234.4796778651334,0.29829770509598336
selection,10,h50,4.6,cross_t200_d3,46.30265388960406,1349.83760820106,67.69734611039594,114,1396.0,46.162391798939865,0.12499769816930141
selection,10,h50,4.6,upface_t200_d3,11.677938552838905,1384.3220614471609,21.322061447161097,33,1396.0,11.677938552838906,0.03821314971478687
selection,10,h50,4.6,union_t200_d3,362.741422430346,1104.0736556890456,612.258577569654,975,1396.0,291.9263443109544,0.3379485012528654
selection,11,h50,2.0,lappos_t200_d3,166.41871255222944,1170.6826035492015,500.5812874477706,667,1410.0,239.3173964507986,0.20775843033381902
selection,11,h50,2.0,lapneg_t200_d3,213.54290688623962,1106.7303961545138,477.4570931137604,691,1410.0,303.2696038454863,0.2614209322466937
selection,11,h50,2.0,step_t150_d3,221.0128519380327,1103.177697340614,578.9871480619673,800,1410.0,306.8223026593858,0.24425678972923845
selection,11,h50,2.0,cross_t200_d3,71.15185134697619,1301.6741709971911,92.84814865302381,164,1410.0,108.32582900280887,0.17535227408204523
selection,11,h50,2.0,upface_t200_d3,18.326029189505295,1377.1917084676006,28.673970810494705,47,1410.0,32.80829153239975,0.05786493183404285
selection,11,h50,2.0,union_t200_d3,441.52622487882036,933.6307192192631,1035.4737751211796,1477,1410.0,476.369280780737,0.3031145890908004
selection,11,h50,2.4,lappos_t200_d3,196.52829859858352,1179.1954452424768,470.47170140141645,667,1410.0,230.80455475752308,0.24300411087418225
selection,11,h50,2.4,lapneg_t200_d3,235.01640561630808,1132.1794741797519,455.9835943836919,691,1410.0,277.82052582024806,0.2844411309152322
selection,11,h50,2.4,step_t150_d3,250.22878432318603,1123.519380222705,549.771215676814,800,1410.0,286.48061977729526,0.27354893111832485
selection,11,h50,2.4,cross_t200_d3,72.56565084528046,1324.5400675520775,91.43434915471954,164,1410.0,85.45993244792237,0.17672166171239487
selection,11,h50,2.4,upface_t200_d3,18.361721780507903,1386.865265214026,28.638278219492097,47,1410.0,23.134734785973848,0.057624311947996276
selection,11,h50,2.4,union_t200_d3,489.3158436872908,970.025845993638,987.6841563127092,1477,1410.0,439.9741540063621,0.33208439644699184
selection,11,h50,2.8,lappos_t200_d3,196.52829859858352,1179.1954452424768,470.47170140141645,667,1410.0,230.80455475752308,0.24300411087418225
selection,11,h50,2.8,lapneg_t200_d3,235.01640561630808,1132.1794741797519,455.9835943836919,691,1410.0,277.82052582024806,0.2844411309152322
selection,11,h50,2.8,step_t150_d3,250.22878432318603,1123.519380222705,549.771215676814,800,1410.0,286.48061977729526,0.27354893111832485
selection,11,h50,2.8,cross_t200_d3,72.56565084528046,1324.5400675520775,91.43434915471954,164,1410.0,85.45993244792237,0.17672166171239487
selection,11,h50,2.8,upface_t200_d3,18.361721780507903,1386.865265214026,28.638278219492097,47,1410.0,23.134734785973848,0.057624311947996276
selection,11,h50,2.8,union_t200_d3,489.3158436872908,970.025845993638,987.6841563127092,1477,1410.0,439.9741540063621,0.33208439644699184
selection,11,h50,3.2,lappos_t200_d3,198.16793619372538,1200.4110602574906,468.8320638062746,667,1410.0,209.58893974250944,0.24365435463894897
selection,11,h50,3.2,lapneg_t200_d3,241.21093292855602,1158.2150666774066,449.789067071444,691,1410.0,251.7849333225937,0.28967841982946796
selection,11,h50,3.2,step_t150_d3,260.6039654936535,1138.524393369978,539.3960345063465,800,1410.0,271.4756066300219,0.2833188651838847
selection,11,h50,3.2,cross_t200_d3,69.08840164965935,1337.3812260319937,94.91159835034065,164,1410.0,72.61877396800604,0.16748950074799146
selection,11,h50,3.2,upface_t200_d3,20.028388447174567,1388.9217247382353,26.971611552825433,47,1410.0,21.07827526176446,0.06270824705733671
selection,11,h50,3.2,union_t200_d3,493.75437106230777,1009.7314415594427,983.2456289376922,1477,1410.0,400.268558440557,0.3331008002615646
selection,11,h50,3.6,lappos_t200_d3,198.16793619372538,1200.4110602574906,468.8320638062746,667,1410.0,209.58893974250944,0.24365435463894897
selection,11,h50,3.6,lapneg_t200_d3,241.21093292855602,1158.2150666774066,449.789067071444,691,1410.0,251.7849333225937,0.28967841982946796
selection,11,h50,3.6,step_t150_d3,260.6039654936535,1138.524393369978,539.3960345063465,800,1410.0,271.4756066300219,0.2833188651838847
selection,11,h50,3.6,cross_t200_d3,69.08840164965935,1337.3812260319937,94.91159835034065,164,1410.0,72.61877396800604,0.16748950074799146
selection,11,h50,3.6,upface_t200_d3,20.028388447174567,1388.9217247382353,26.971611552825433,47,1410.0,21.07827526176446,0.06270824705733671
selection,11,h50,3.6,union_t200_d3,493.75437106230777,1009.7314415594427,983.2456289376922,1477,1410.0,400.268558440557,0.3331008002615646
selection,11,h50,4.0,lappos_t200_d3,202.7508002939372,1200.443099076869,464.24919970606277,667,1410.0,209.55690092313048,0.2490065633145987
selection,11,h50,4.0,lapneg_t200_d3,231.96463846981314,1171.8529308328295,459.03536153018683,691,1410.0,238.14706916717034,0.2782807004057823
selection,11,h50,4.0,step_t150_d3,260.7037391228333,1143.3567882370685,539.2962608771667,800,1410.0,266.64321176293146,0.2831237095750432
selection,11,h50,4.0,cross_t200_d3,65.80933693732891,1341.8504396495784,98.19066306267109,164,1410.0,68.14956035042147,0.15944812629475916
selection,11,h50,4.0,upface_t200_d3,18.182844761426043,1391.531200446484,28.817155238573957,47,1410.0,18.468799553515726,0.056902687987135575
selection,11,h50,4.0,union_t200_d3,484.0308274079438,1021.5587265853311,992.9691725920562,1477,1410.0,388.441273414669,0.32644835803408073
selection,11,h50,4.6,lappos_t200_d3,193.14017908741116,1217.9301572902457,473.8598209125888,667,1410.0,192.06984270975425,0.2367453404332879
selection,11,h50,4.6,lapneg_t200_d3,223.08517903219968,1187.6474422057108,467.9148209678003,691,1410.0,222.3525577942891,0.2671849903599924
selection,11,h50,4.6,step_t150_d3,267.96162283788817,1142.376092301858,532.0383771621118,800,1410.0,267.62390769814186,0.29060953816673446
selection,11,h50,4.6,cross_t200_d3,58.159786831664576,1351.8089023837458,105.84021316833542,164,1410.0,58.19109761625418,0.14075669959391224
selection,11,h50,4.6,upface_t200_d3,14.946776783926259,1394.9388412992382,32.05322321607374,47,1410.0,15.061158700762128,0.04677048411592963
selection,11,h50,4.6,union_t200_d3,458.678817951262,1050.1467005267452,1018.321182048738,1477,1410.0,359.85329947325476,0.3092150521867651
selection,12,h50,2.0,lappos_t200_d3,182.75528559311755,826.182720686145,668.2447144068824,851,1091.0,264.817279313855,0.20706758777607004
selection,12,h50,2.0,lapneg_t200_d3,211.48133752082782,794.7569076692024,562.5186624791722,774,1091.0,296.24309233079754,0.257763353662838
selection,12,h50,2.0,step_t150_d3,175.23148938380953,848.991416084356,659.7685106161905,835,1091.0,242.00858391564387,0.20075909638374853
selection,12,h50,2.0,cross_t200_d3,136.02682888482843,894.827364629722,213.97317111517157,350,1091.0,196.1726353702781,0.2797922418542088
selection,12,h50,2.0,upface_t200_d3,58.69245014656593,994.3634781301312,79.30754985343407,138,1091.0,96.63652186986867,0.1828361526616152
selection,12,h50,2.0,union_t200_d3,579.3282644711595,606.5678007694584,1434.6717355288406,2014,1091.0,484.43219923054164,0.31342500520539884
selection,12,h50,2.4,lappos_t200_d3,198.56722749772177,854.5542514844082,652.4327725022782,851,1091.0,236.44574851559196,0.22275276592087437
selection,12,h50,2.4,lapneg_t200_d3,225.92644440430257,827.2355196398926,548.0735555956974,774,1091.0,263.7644803601074,0.2722555137183551
selection,12,h50,2.4,step_t150_d3,198.28023070012208,863.0649887701487,636.719769299878,835,1091.0,227.93501122985128,0.22524957804149034
selection,12,h50,2.4,cross_t200_d3,136.99907177851418,926.4029245861059,213.00092822148582,350,1091.0,164.5970754138943,0.2780688494624326
selection,12,h50,2.4,upface_t200_d3,55.11793559511126,1019.1871093843957,82.88206440488874,138,1091.0,71.8128906156043,0.16945755584188582
selection,12,h50,2.4,union_t200_d3,608.2176501099714,652.556849652845,1405.7823498900286,2014,1091.0,438.443150347155,0.3264099877728365
selection,12,h50,2.8,lappos_t200_d3,198.56722749772177,854.5542514844082,652.4327725022782,851,1091.0,236.44574851559196,0.22275276592087437
selection,12,h50,2.8,lapneg_t200_d3,225.92644440430257,827.2355196398926,548.0735555956974,774,1091.0,263.7644803601074,0.2722555137183551
selection,12,h50,2.8,step_t150_d3,198.28023070012208,863.0649887701487,636.719769299878,835,1091.0,227.93501122985128,0.22524957804149034
selection,12,h50,2.8,cross_t200_d3,136.99907177851418,926.4029245861059,213.00092822148582,350,1091.0,164.5970754138943,0.2780688494624326
selection,12,h50,2.8,upface_t200_d3,55.11793559511126,1019.1871093843957,82.88206440488874,138,1091.0,71.8128906156043,0.16945755584188582
selection,12,h50,2.8,union_t200_d3,608.2176501099714,652.556849652845,1405.7823498900286,2014,1091.0,438.443150347155,0.3264099877728365
selection,12,h50,3.2,lappos_t200_d3,210.83710773431915,869.1906527714142,640.1628922656809,851,1091.0,221.80934722858578,0.23509790638599828
selection,12,h50,3.2,lapneg_t200_d3,222.4517000826085,859.1986815506124,551.5482999173914,774,1091.0,231.80131844938748,0.266240206529253
selection,12,h50,3.2,step_t150_d3,209.0280915665491,871.306073294341,625.9719084334508,835,1091.0,219.69392670565898,0.23643924166209174
selection,12,h50,3.2,cross_t200_d3,125.33824638725847,959.0917209610479,224.66175361274153,350,1091.0,131.90827903895192,0.25224749345829783
selection,12,h50,3.2,upface_t200_d3,49.450537494236045,1038.014708381004,88.54946250576396,138,1091.0,52.98529161899572,0.15081300935975733
selection,12,h50,3.2,union_t200_d3,603.6430286663302,689.329862658311,1410.3569713336697,2014,1091.0,401.6701373416889,0.32283922291959966
selection,12,h50,3.6,lappos_t200_d3,210.83710773431915,869.1906527714142,640.1628922656809,851,1091.0,221.80934722858578,0.23509790638599828
selection,12,h50,3.6,lapneg_t200_d3,222.4517000826085,859.1986815506124,551.5482999173914,774,1091.0,231.80131844938748,0.266240206529253
selection,12,h50,3.6,step_t150_d3,209.0280915665491,871.306073294341,625.9719084334508,835,1091.0,219.69392670565898,0.23643924166209174
selection,12,h50,3.6,cross_t200_d3,125.33824638725847,959.0917209610479,224.66175361274153,350,1091.0,131.90827903895192,0.25224749345829783
selection,12,h50,3.6,upface_t200_d3,49.450537494236045,1038.014708381004,88.54946250576396,138,1091.0,52.98529161899572,0.15081300935975733
selection,12,h50,3.6,union_t200_d3,603.6430286663302,689.329862658311,1410.3569713336697,2014,1091.0,401.6701373416889,0.32283922291959966
selection,12,h50,4.0,lappos_t200_d3,210.8899134869049,874.3808016766686,640.1100865130951,851,1091.0,216.61919832333166,0.23488215221079684
selection,12,h50,4.0,lapneg_t200_d3,228.73326966886606,858.9768077967001,545.2667303311339,774,1091.0,232.02319220329994,0.2733617595789874
selection,12,h50,4.0,step_t150_d3,221.93771289105567,862.1614293972639,613.0622871089444,835,1091.0,228.83857060273618,0.2508281412249957
selection,12,h50,4.0,cross_t200_d3,126.64934991896793,960.8417761301008,223.3506500810321,350,1091.0,130.1582238698993,0.2545724657923249
selection,12,h50,4.0,upface_t200_d3,49.685874037527284,1039.1713555984622,88.31412596247272,138,1091.0,51.82864440153773,0.15140218521190146
selection,12,h50,4.0,union_t200_d3,604.3263910310922,696.9819210373216,1409.673608968908,2014,1091.0,394.01807896267843,0.3229167891431306
selection,12,h50,4.6,lappos_t200_d3,211.8552697002506,881.2131931443396,639.1447302997494,851,1091.0,209.78680685566044,0.23554819261773338
selection,12,h50,4.6,lapneg_t200_d3,212.2607196497977,882.7388662861333,561.7392803502023,774,1091.0,208.26113371386649,0.253234002172295
selection,12,h50,4.6,step_t150_d3,218.6640787894865,872.9282803577598,616.3359212105136,835,1091.0,218.0717196422401,0.2467105061436234
selection,12,h50,4.6,cross_t200_d3,117.6234697451396,973.8545074852709,232.3765302548604,350,1091.0,117.14549251472907,0.23605159431489853
selection,12,h50,4.6,upface_t200_d3,44.207165372908214,1046.735643668674,93.79283462709179,138,1091.0,44.264356331326155,0.13453653142891966
selection,12,h50,4.6,union_t200_d3,568.8862006009617,725.216526146404,1445.1137993990383,2014,1091.0,365.7834738535957,0.30421387723023485
selection,13,h50,2.0,lappos_t200_d3,123.60750208183379,757.4112775342821,425.3924979181662,549,929.0,171.58872246571795,0.20085594358519754
selection,13,h50,2.0,lapneg_t200_d3,157.01441150037883,706.0423483038751,424.98558849962114,582,929.0,222.95765169612483,0.24602259270062335
selection,13,h50,2.0,step_t150_d3,156.142987640802,710.5166751620812,565.857012359198,722,929.0,218.48332483791876,0.20793227837358738
selection,13,h50,2.0,cross_t200_d3,75.8490973640239,815.8945852821055,96.1509026359761,172,929.0,113.10541471789432,0.24006773439654971
selection,13,h50,2.0,upface_t200_d3,16.740242751878384,901.9639934382768,24.259757248121616,41,929.0,27.03600656172321,0.07730755174092724
selection,13,h50,2.0,union_t200_d3,339.37885883102456,587.9997656331133,906.6211411689754,1246,929.0,341.0002343668868,0.28705559260449903
selection,13,h50,2.4,lappos_t200_d3,133.7750071213952,775.7766496869943,415.2249928786048,549,929.0,153.2233503130056,0.2153804249691294
selection,13,h50,2.4,lapneg_t200_d3,175.9345766762682,730.7286364054712,406.0654233237318,582,929.0,198.27136359452874,0.27195192371920984
selection,13,h50,2.4,step_t150_d3,174.52433425565846,727.4470634197947,547.4756657443415,722,929.0,201.5529365802054,0.23024492264334925
selection,13,h50,2.4,cross_t200_d3,75.91756020861408,840.9972778492813,96.08243979138592,172,929.0,88.00272215071865,0.2365158524563258
selection,13,h50,2.4,upface_t200_d3,16.306721725296462,907.7235436543638,24.693278274703538,41,929.0,21.276456345636,0.07493689396409517
selection,13,h50,2.4,union_t200_d3,368.1400857929012,618.4467494490741,877.8599142070989,1246,929.0,310.55325055092607,0.30829472541954994
selection,13,h50,2.8,lappos_t200_d3,133.7750071213952,775.7766496869943,415.2249928786048,549,929.0,153.2233503130056,0.2153804249691294
selection,13,h50,2.8,lapneg_t200_d3,175.9345766762682,730.7286364054712,406.0654233237318,582,929.0,198.27136359452874,0.27195192371920984
selection,13,h50,2.8,step_t150_d3,174.52433425565846,727.4470634197947,547.4756657443415,722,929.0,201.5529365802054,0.23024492264334925
selection,13,h50,2.8,cross_t200_d3,75.91756020861408,840.9972778492813,96.08243979138592,172,929.0,88.00272215071865,0.2365158524563258
selection,13,h50,2.8,upface_t200_d3,16.306721725296462,907.7235436543638,24.693278274703538,41,929.0,21.276456345636,0.07493689396409517
selection,13,h50,2.8,union_t200_d3,368.1400857929012,618.4467494490741,877.8599142070989,1246,929.0,310.55325055092607,0.30829472541954994
selection,13,h50,3.2,lappos_t200_d3,126.39137290940315,794.8636885615847,422.6086270905969,549,929.0,134.13631143841513,0.2027286353169969
selection,13,h50,3.2,lapneg_t200_d3,161.69412349293626,761.91618034345,420.3058765070638,582,929.0,167.0838196565499,0.24863699580199153
selection,13,h50,3.2,step_t150_d3,171.62045071379552,747.9610540107666,550.3795492862045,722,929.0,181.03894598923344,0.2253667459263097
selection,13,h50,3.2,cross_t200_d3,69.38896472940512,855.9262066379965,102.61103527059488,172,929.0,73.07379336200326,0.21505086532655832
selection,13,h50,3.2,upface_t200_d3,13.406177984336505,913.3279061219912,27.593822015663495,41,929.0,15.672093878008809,0.06145484119220746
selection,13,h50,3.2,union_t200_d3,340.27773951687095,660.6288627762914,905.722260483129,1246,929.0,268.3711372237085,0.28427990788234747
selection,13,h50,3.6,lappos_t200_d3,126.39137290940315,794.8636885615847,422.6086270905969,549,929.0,134.13631143841513,0.2027286353169969
selection,13,h50,3.6,lapneg_t200_d3,161.69412349293626,761.91618034345,420.3058765070638,582,929.0,167.0838196565499,0.24863699580199153
selection,13,h50,3.6,step_t150_d3,171.62045071379552,747.9610540107666,550.3795492862045,722,929.0,181.03894598923344,0.2253667459263097
selection,13,h50,3.6,cross_t200_d3,69.38896472940512,855.9262066379965,102.61103527059488,172,929.0,73.07379336200326,0.21505086532655832
selection,13,h50,3.6,upface_t200_d3,13.406177984336505,913.3279061219912,27.593822015663495,41,929.0,15.672093878008809,0.06145484119220746
selection,13,h50,3.6,union_t200_d3,340.27773951687095,660.6288627762914,905.722260483129,1246,929.0,268.3711372237085,0.28427990788234747
selection,13,h50,4.0,lappos_t200_d3,131.93781298440388,792.5489312582517,417.0621870155961,549,929.0,136.45106874174817,0.21140582190876295
selection,13,h50,4.0,lapneg_t200_d3,157.69046972131267,768.0767987026715,424.30953027868736,582,929.0,160.9232012973286,0.242319835305388
selection,13,h50,4.0,step_t150_d3,173.13589737434634,751.1005846672224,548.8641026256537,722,929.0,177.89941533277775,0.22707916755681765
selection,13,h50,4.0,cross_t200_d3,68.62211036948986,858.933096717756,103.37788963051014,172,929.0,70.06690328224403,0.21237934200098119
selection,13,h50,4.0,upface_t200_d3,15.406177984336507,912.4608640688274,25.59382201566349,41,929.0,16.539135931172655,0.07054969786141002
selection,13,h50,4.0,union_t200_d3,340.2132410152059,666.4798370728014,905.7867589847941,1246,929.0,262.5201629271987,0.28395148656471336
selection,13,h50,4.6,lappos_t200_d3,121.78147973766647,808.0396432432515,427.2185202623335,549,929.0,120.96035675674835,0.19479918227299295
selection,13,h50,4.6,lapneg_t200_d3,150.388447172569,779.7088181832645,431.611552827431,582,929.0,149.29118181673545,0.2307918317413155
selection,13,h50,4.6,step_t150_d3,172.07578407851335,757.6309569855687,549.9242159214866,722,929.0,171.36904301443104,0.22536537737122214
selection,13,h50,4.6,cross_t200_d3,55.733569948910684,873.2092390926713,116.26643005108932,172,929.0,55.79076090732862,0.17234242806010475
selection,13,h50,4.6,upface_t200_d3,14.248799332669979,914.7512006673302,26.75120066733002,41,929.0,14.24879933266998,0.06518206465082302
selection,13,h50,4.6,union_t200_d3,315.5166263390185,689.5490313516,930.4833736609814,1246,929.0,239.45096864839996,0.26341055881885367
selection,14,h50,2.0,lappos_t200_d3,34.468068119307176,877.2857375152983,84.53193188069282,119,927.0,49.71426248470187,0.12418653791241145
selection,14,h50,2.0,lapneg_t200_d3,47.938013171100266,856.4555335514144,83.06198682889973,131,927.0,70.54446644858575,0.16780394059149553
selection,14,h50,2.0,step_t150_d3,45.72782536742879,861.1247084914271,113.27217463257121,159,927.0,65.87529150857283,0.14819246935109853
selection,14,h50,2.0,cross_t200_d3,21.46410037696299,891.7137312371897,15.535899623037011,37,927.0,35.28626876281028,0.10113338093537981
selection,14,h50,2.0,upface_t200_d3,7.057190958417938,914.8765371001984,4.942809041582062,12,927.0,12.123462899801611,0.036379758504446046
selection,14,h50,2.0,union_t200_d3,108.83229817316133,821.555721244663,180.16770182683865,289,927.0,105.44427875533717,0.2608150956587862
selection,14,h50,2.4,lappos_t200_d3,32.89209409885456,887.3451193769228,86.10790590114544,119,927.0,39.654880623077425,0.117788344922326
selection,14,h50,2.4,lapneg_t200_d3,49.34200025223027,869.1957763032925,81.65799974776974,131,927.0,57.804223696707346,0.17102498476694464
selection,14,h50,2.4,step_t150_d3,45.897207339476104,870.8737148561315,113.1027926605239,159,927.0,56.12628514386846,0.14779130225654152
selection,14,h50,2.4,cross_t200_d3,20.047695911383393,902.4696276816533,16.952304088616607,37,927.0,24.53037231834666,0.09363555110017326
selection,14,h50,2.4,upface_t200_d3,6.89981230675141,918.224064657119,5.10018769324859,12,927.0,8.775935342880995,0.035451870363507415
selection,14,h50,2.4,union_t200_d3,105.89345687392347,840.733866829536,183.10654312607653,289,927.0,86.26613317046385,0.251812234341671
selection,14,h50,2.8,lappos_t200_d3,32.89209409885456,887.3451193769228,86.10790590114544,119,927.0,39.654880623077425,0.117788344922326
selection,14,h50,2.8,lapneg_t200_d3,49.34200025223027,869.1957763032925,81.65799974776974,131,927.0,57.804223696707346,0.17102498476694464
selection,14,h50,2.8,step_t150_d3,45.897207339476104,870.8737148561315,113.1027926605239,159,927.0,56.12628514386846,0.14779130225654152
selection,14,h50,2.8,cross_t200_d3,20.047695911383393,902.4696276816533,16.952304088616607,37,927.0,24.53037231834666,0.09363555110017326
selection,14,h50,2.8,upface_t200_d3,6.89981230675141,918.224064657119,5.10018769324859,12,927.0,8.775935342880995,0.035451870363507415
selection,14,h50,2.8,union_t200_d3,105.89345687392347,840.733866829536,183.10654312607653,289,927.0,86.26613317046385,0.251812234341671
selection,14,h50,3.2,lappos_t200_d3,33.772598941397135,892.0944431117666,85.22740105860287,119,927.0,34.905556888233306,0.12045578477946782
selection,14,h50,3.2,lapneg_t200_d3,46.421417612852935,878.6245014593927,84.57858238714707,131,927.0,48.37549854060724,0.1601792496768293
selection,14,h50,3.2,step_t150_d3,44.73617491618599,878.5272361035592,114.26382508381401,159,927.0,48.47276389644078,0.1434529105217981
selection,14,h50,3.2,cross_t200_d3,19.716553481256557,905.8958445644073,17.283446518743443,37,927.0,21.104155435592784,0.09182342490244726
selection,14,h50,3.2,upface_t200_d3,5.8954305003384135,920.5952814846614,6.1045694996615865,12,927.0,6.404718515338553,0.03024877727325702
selection,14,h50,3.2,union_t200_d3,99.92695516230043,855.148397762049,189.07304483769957,289,927.0,71.851602237951,0.2366731131218912
selection,14,h50,3.6,lappos_t200_d3,33.772598941397135,892.0944431117666,85.22740105860287,119,927.0,34.905556888233306,0.12045578477946782
selection,14,h50,3.6,lapneg_t200_d3,46.421417612852935,878.6245014593927,84.57858238714707,131,927.0,48.37549854060724,0.1601792496768293
selection,14,h50,3.6,step_t150_d3,44.73617491618599,878.5272361035592,114.26382508381401,159,927.0,48.47276389644078,0.1434529105217981
selection,14,h50,3.6,cross_t200_d3,19.716553481256557,905.8958445644073,17.283446518743443,37,927.0,21.104155435592784,0.09182342490244726
selection,14,h50,3.6,upface_t200_d3,5.8954305003384135,920.5952814846614,6.1045694996615865,12,927.0,6.404718515338553,0.03024877727325702
selection,14,h50,3.6,union_t200_d3,99.92695516230043,855.148397762049,189.07304483769957,289,927.0,71.851602237951,0.2366731131218912
selection,14,h50,4.0,lappos_t200_d3,29.698291421976872,896.1687506311869,89.30170857802312,119,927.0,30.831249368813033,0.10592406601727675
selection,14,h50,4.0,lapneg_t200_d3,43.500106938686194,882.3097441560598,87.4998930613138,131,927.0,44.69025584394028,0.15002004195874125
selection,14,h50,4.0,step_t150_d3,42.34565062443471,882.5643881635597,116.65434937556529,159,927.0,44.435611836440216,0.13564411007733304
selection,14,h50,4.0,cross_t200_d3,15.304530822089964,911.1861811629099,21.695469177910034,37,927.0,15.813818837090103,0.07121760407689569
selection,14,h50,4.0,upface_t200_d3,5.092883549420547,921.8499254921614,6.907116450579453,12,927.0,5.150074507838483,0.02611888360111647
selection,14,h50,4.0,union_t200_d3,91.51931430954683,861.6361874096337,197.48068569045319,289,927.0,65.36381259036621,0.21695724718957152
selection,14,h50,4.6,lappos_t200_d3,26.298272083191062,900.8161098336448,92.70172791680893,119,927.0,26.18389016635519,0.09371392818048135
selection,14,h50,4.6,lapneg_t200_d3,37.22396456377081,890.0306794437292,93.7760354362292,131,927.0,36.96932055627073,0.12824752953410118
selection,14,h50,4.6,step_t150_d3,41.38061178122878,885.5050063019353,117.61938821877122,159,927.0,41.494993698064654,0.13238528559748605
selection,14,h50,4.6,cross_t200_d3,13.73512951125684,913.1504885719073,23.26487048874316,37,927.0,13.849511428092715,0.06389112143741645
selection,14,h50,4.6,upface_t200_d3,5.173763778460309,921.8262362215396,6.826236221539691,12,927.0,5.173763778460309,0.02653212194082196
selection,14,h50,4.6,union_t200_d3,79.71165411800742,872.9407182317237,209.2883458819926,289,927.0,54.05928176827623,0.18901089426414622
selection,15,h50,2.0,lappos_t200_d3,0.0,934.0,0.0,0,934.0,0.0,0.0
selection,15,h50,2.0,lapneg_t200_d3,0.0,934.0,0.0,0,934.0,0.0,0.0
selection,15,h50,2.0,step_t150_d3,0.0,934.0,0.0,0,934.0,0.0,0.0
selection,15,h50,2.0,cross_t200_d3,0.0,934.0,0.0,0,934.0,0.0,0.0
selection,15,h50,2.0,upface_t200_d3,0.0,934.0,0.0,0,934.0,0.0,0.0
selection,15,h50,2.0,union_t200_d3,0.0,934.0,0.0,0,934.0,0.0,0.0
selection,15,h50,2.4,lappos_t200_d3,0.0,934.0,0.0,0,934.0,0.0,0.0
selection,15,h50,2.4,lapneg_t200_d3,0.0,934.0,0.0,0,934.0,0.0,0.0
selection,15,h50,2.4,step_t150_d3,0.0,934.0,0.0,0,934.0,0.0,0.0
selection,15,h50,2.4,cross_t200_d3,0.0,934.0,0.0,0,934.0,0.0,0.0
selection,15,h50,2.4,upface_t200_d3,0.0,934.0,0.0,0,934.0,0.0,0.0
selection,15,h50,2.4,union_t200_d3,0.0,934.0,0.0,0,934.0,0.0,0.0
selection,15,h50,2.8,lappos_t200_d3,0.0,934.0,0.0,0,934.0,0.0,0.0
selection,15,h50,2.8,lapneg_t200_d3,0.0,934.0,0.0,0,934.0,0.0,0.0
selection,15,h50,2.8,step_t150_d3,0.0,934.0,0.0,0,934.0,0.0,0.0
selection,15,h50,2.8,cross_t200_d3,0.0,934.0,0.0,0,934.0,0.0,0.0
selection,15,h50,2.8,upface_t200_d3,0.0,934.0,0.0,0,934.0,0.0,0.0
selection,15,h50,2.8,union_t200_d3,0.0,934.0,0.0,0,934.0,0.0,0.0
selection,15,h50,3.2,lappos_t200_d3,0.0,934.0,0.0,0,934.0,0.0,0.0
selection,15,h50,3.2,lapneg_t200_d3,0.0,934.0,0.0,0,934.0,0.0,0.0
selection,15,h50,3.2,step_t150_d3,0.0,934.0,0.0,0,934.0,0.0,0.0
selection,15,h50,3.2,cross_t200_d3,0.0,934.0,0.0,0,934.0,0.0,0.0
selection,15,h50,3.2,upface_t200_d3,0.0,934.0,0.0,0,934.0,0.0,0.0
selection,15,h50,3.2,union_t200_d3,0.0,934.0,0.0,0,934.0,0.0,0.0
selection,15,h50,3.6,lappos_t200_d3,0.0,934.0,0.0,0,934.0,0.0,0.0
selection,15,h50,3.6,lapneg_t200_d3,0.0,934.0,0.0,0,934.0,0.0,0.0
selection,15,h50,3.6,step_t150_d3,0.0,934.0,0.0,0,934.0,0.0,0.0
selection,15,h50,3.6,cross_t200_d3,0.0,934.0,0.0,0,934.0,0.0,0.0
selection,15,h50,3.6,upface_t200_d3,0.0,934.0,0.0,0,934.0,0.0,0.0
selection,15,h50,3.6,union_t200_d3,0.0,934.0,0.0,0,934.0,0.0,0.0
selection,15,h50,4.0,lappos_t200_d3,0.0,934.0,0.0,0,934.0,0.0,0.0
selection,15,h50,4.0,lapneg_t200_d3,0.0,934.0,0.0,0,934.0,0.0,0.0
selection,15,h50,4.0,step_t150_d3,0.0,934.0,0.0,0,934.0,0.0,0.0
selection,15,h50,4.0,cross_t200_d3,0.0,934.0,0.0,0,934.0,0.0,0.0
selection,15,h50,4.0,upface_t200_d3,0.0,934.0,0.0,0,934.0,0.0,0.0
selection,15,h50,4.0,union_t200_d3,0.0,934.0,0.0,0,934.0,0.0,0.0
selection,15,h50,4.6,lappos_t200_d3,0.0,934.0,0.0,0,934.0,0.0,0.0
selection,15,h50,4.6,lapneg_t200_d3,0.0,934.0,0.0,0,934.0,0.0,0.0
selection,15,h50,4.6,step_t150_d3,0.0,934.0,0.0,0,934.0,0.0,0.0
selection,15,h50,4.6,cross_t200_d3,0.0,934.0,0.0,0,934.0,0.0,0.0
selection,15,h50,4.6,upface_t200_d3,0.0,934.0,0.0,0,934.0,0.0,0.0
selection,15,h50,4.6,union_t200_d3,0.0,934.0,0.0,0,934.0,0.0,0.0
calibration,16,h50,2.0,lappos_t200_d3,0.2546440075000701,622.7453559925,17.74535599249993,18,623.0,0.2546440075000701,0.001831971276978908
calibration,16,h50,2.0,lapneg_t200_d3,2.016385126793782,620.9836148732063,28.983614873206218,31,623.0,2.0163851267937822,0.01349655372686592
calibration,16,h50,2.0,step_t150_d3,1.8998123067514103,621.1001876932486,41.10018769324859,43,623.0,1.8998123067514099,0.011948505073908166
calibration,16,h50,2.0,cross_t200_d3,0.0,623.0,3.0,3,623.0,0.0,0.0
calibration,16,h50,2.0,upface_t200_d3,0.05719095841793653,622.942809041582,0.9428090415820635,1,623.0,0.05719095841793653,0.00045606824894685874
calibration,16,h50,2.0,union_t200_d3,2.073576085211718,620.9836148732063,43.92642391478828,46,623.0,2.0163851267937822,0.012846525056974199
calibration,16,h50,2.4,lappos_t200_d3,0.7832394867090383,622.216760513291,17.21676051329096,18,623.0,0.7832394867090383,0.00563481645114412
calibration,16,h50,2.4,lapneg_t200_d3,2.213838175875915,620.219682850706,28.786161824124086,31,623.0,2.7803171492939924,0.014829439685607723
calibration,16,h50,2.4,step_t150_d3,2.6830517934604483,620.0051132406215,40.31694820653955,43,623.0,2.9948867593784554,0.01688116113661616
calibration,16,h50,2.4,cross_t200_d3,0.0,623.0,3.0,3,623.0,0.0,0.0
calibration,16,h50,2.4,upface_t200_d3,0.05719095841793653,622.942809041582,0.9428090415820635,1,623.0,0.05719095841793653,0.00045606824894685874
calibration,16,h50,2.4,union_t200_d3,2.79962461350282,619.691087371497,43.20037538649718,46,623.0,3.308912628502961,0.017356831094881064
calibration,16,h50,2.8,lappos_t200_d3,0.7832394867090383,622.216760513291,17.21676051329096,18,623.0,0.7832394867090383,0.00563481645114412
calibration,16,h50,2.8,lapneg_t200_d3,2.213838175875915,620.219682850706,28.786161824124086,31,623.0,2.7803171492939924,0.014829439685607723
calibration,16,h50,2.8,step_t150_d3,2.6830517934604483,620.0051132406215,40.31694820653955,43,623.0,2.9948867593784554,0.01688116113661616
calibration,16,h50,2.8,cross_t200_d3,0.0,623.0,3.0,3,623.0,0.0,0.0
calibration,16,h50,2.8,upface_t200_d3,0.05719095841793653,622.942809041582,0.9428090415820635,1,623.0,0.05719095841793653,0.00045606824894685874
calibration,16,h50,2.8,union_t200_d3,2.79962461350282,619.691087371497,43.20037538649718,46,623.0,3.308912628502961,0.017356831094881064
calibration,16,h50,3.2,lappos_t200_d3,0.9785016325846734,622.0214983674153,17.021498367415326,18,623.0,0.9785016325846734,0.007039580090537168
calibration,16,h50,3.2,lapneg_t200_d3,2.79962461350282,619.691087371497,28.20037538649718,31,623.0,3.30891262850296,0.018751905204944182
calibration,16,h50,3.2,step_t150_d3,3.130767043629655,619.6145889488703,39.86923295637035,43,623.0,3.385411051129725,0.019696667744096768
calibration,16,h50,3.2,cross_t200_d3,0.0,623.0,3.0,3,623.0,0.0,0.0
calibration,16,h50,3.2,upface_t200_d3,0.05719095841793653,622.942809041582,0.9428090415820635,1,623.0,0.05719095841793653,0.00045606824894685874
calibration,16,h50,3.2,union_t200_d3,3.58067319700536,619.0244207048304,42.41932680299464,46,623.0,3.975579295169627,0.02219594956736727
calibration,16,h50,3.6,lappos_t200_d3,0.9785016325846734,622.0214983674153,17.021498367415326,18,623.0,0.9785016325846734,0.007039580090537168
calibration,16,h50,3.6,lapneg_t200_d3,2.79962461350282,619.691087371497,28.20037538649718,31,623.0,3.30891262850296,0.018751905204944182
calibration,16,h50,3.6,step_t150_d3,3.130767043629655,619.6145889488703,39.86923295637035,43,623.0,3.385411051129725,0.019696667744096768
calibration,16,h50,3.6,cross_t200_d3,0.0,623.0,3.0,3,623.0,0.0,0.0
calibration,16,h50,3.6,upface_t200_d3,0.05719095841793653,622.942809041582,0.9428090415820635,1,623.0,0.05719095841793653,0.00045606824894685874
calibration,16,h50,3.6,union_t200_d3,3.58067319700536,619.0244207048304,42.41932680299464,46,623.0,3.975579295169627,0.02219594956736727
calibration,16,h50,4.0,lappos_t200_d3,1.5070971117936416,621.4929028882063,16.49290288820636,18,623.0,1.5070971117936416,0.010842425264702379
calibration,16,h50,4.0,lapneg_t200_d3,3.3282200927117884,619.162491892288,27.67177990728821,31,623.0,3.837508107711929,0.022292441414720806
calibration,16,h50,4.0,step_t150_d3,3.464100376962988,619.535899623037,39.53589962303701,43,623.0,3.464100376962988,0.021786794823666453
calibration,16,h50,4.0,cross_t200_d3,0.0,623.0,3.0,3,623.0,0.0,0.0
calibration,16,h50,4.0,upface_t200_d3,0.05719095841793653,622.942809041582,0.9428090415820635,1,623.0,0.05719095841793653,0.00045606824894685874
calibration,16,h50,4.0,union_t200_d3,4.637864155423296,617.9672297464124,41.362135844576706,46,623.0,5.032770253587564,0.028749286301852302
calibration,16,h50,4.6,lappos_t200_d3,2.840430445126975,620.1595695548731,15.159569554873025,18,623.0,2.8404304451269753,0.02043475140379104
calibration,16,h50,4.6,lapneg_t200_d3,6.052077717796392,616.9479222822035,24.947922282203606,31,623.0,6.052077717796392,0.040509221671997
calibration,16,h50,4.6,step_t150_d3,5.659362522838624,617.3406374771613,37.34063747716138,43,623.0,5.659362522838624,0.035593474986406214
calibration,16,h50,4.6,cross_t200_d3,0.05719095841793653,622.942809041582,2.9428090415820636,3,623.0,0.05719095841793653,0.00045032250722784324
calibration,16,h50,4.6,upface_t200_d3,0.05719095841793653,622.942809041582,0.9428090415820635,1,623.0,0.05719095841793653,0.00045606824894685874
calibration,16,h50,4.6,union_t200_d3,8.028388447174567,615.0859934696613,37.971611552825436,46,623.0,7.914006530338694,0.04973513436910701
selection,17,h50,2.0,lappos_t200_d3,36.077543827555914,1338.1483977620492,119.92245617244409,156,1389.0,50.851602237951006,0.09027393518586752
selection,17,h50,2.0,lapneg_t200_d3,44.329996931849486,1329.9465629065537,183.67000306815052,228,1389.0,59.053437093446135,0.09694801956720119
selection,17,h50,2.0,step_t150_d3,60.20173816156607,1311.8570123591978,251.79826183843392,312,1389.0,77.14298764080198,0.11488623709220304
selection,17,h50,2.0,cross_t200_d3,9.014194223587284,1374.9129611254095,17.985805776412718,27,1389.0,14.087038874590455,0.0302099006351239
selection,17,h50,2.0,upface_t200_d3,2.116572820042372,1386.159569554873,1.883427179957628,4,1389.0,2.840430445126975,0.007536170259443455
selection,17,h50,2.0,union_t200_d3,87.01482556444763,1292.5163782814552,302.9851744355524,390,1389.0,96.4836217185442,0.1480079977559051
selection,17,h50,2.4,lappos_t200_d3,41.52233674031007,1340.184090353052,114.47766325968993,156,1389.0,48.81590964694839,0.10351050427774584
selection,17,h50,2.4,lapneg_t200_d3,47.003553678275395,1334.517423686385,180.9964463217246,228,1389.0,54.48257631361508,0.10247029380189951
selection,17,h50,2.4,step_t150_d3,66.88186761761148,1313.5786790810762,245.11813238238852,312,1389.0,75.42132091892388,0.1272263106661694
selection,17,h50,2.4,cross_t200_d3,11.130767043629655,1375.4029416762007,15.869232956370345,27,1389.0,13.59705832379914,0.0372382602636774
selection,17,h50,2.4,upface_t200_d3,2.116572820042372,1386.8834271799578,1.883427179957628,4,1389.0,2.116572820042372,0.007532287615809124
selection,17,h50,2.4,union_t200_d3,96.05448589779444,1299.5757601430803,293.94551410220555,390,1389.0,89.42423985691975,0.16249408400536763
selection,17,h50,2.8,lappos_t200_d3,41.52233674031007,1340.184090353052,114.47766325968993,156,1389.0,48.81590964694839,0.10351050427774584
selection,17,h50,2.8,lapneg_t200_d3,47.003553678275395,1334.517423686385,180.9964463217246,228,1389.0,54.48257631361508,0.10247029380189951
selection,17,h50,2.8,step_t150_d3,66.88186761761148,1313.5786790810762,245.11813238238852,312,1389.0,75.42132091892388,0.1272263106661694
selection,17,h50,2.8,cross_t200_d3,11.130767043629655,1375.4029416762007,15.869232956370345,27,1389.0,13.59705832379914,0.0372382602636774
selection,17,h50,2.8,upface_t200_d3,2.116572820042372,1386.8834271799578,1.883427179957628,4,1389.0,2.116572820042372,0.007532287615809124
selection,17,h50,2.8,union_t200_d3,96.05448589779444,1299.5757601430803,293.94551410220555,390,1389.0,89.42423985691975,0.16249408400536763
selection,17,h50,3.2,lappos_t200_d3,45.1259677737287,1340.5367311505934,110.8740322262713,156,1389.0,48.46326884940624,0.11227249179148917
selection,17,h50,3.2,lapneg_t200_d3,53.54999375327609,1334.181168015637,174.45000624672392,228,1389.0,54.81883198436344,0.11642663856432299
selection,17,h50,3.2,step_t150_d3,70.67418808728625,1315.9757760824466,241.32581191271373,312,1389.0,73.02422391755312,0.134124435975232
selection,17,h50,3.2,cross_t200_d3,9.740242751878386,1377.9337280586162,17.259757248121616,27,1389.0,11.066271941383674,0.032561383503251676
selection,17,h50,3.2,upface_t200_d3,1.8619288125423017,1387.1380711874579,2.1380711874576983,4,1389.0,1.8619288125423017,0.006626081183424536
selection,17,h50,3.2,union_t200_d3,104.55938870696242,1299.4926890108336,285.4406112930376,390,1389.0,89.50731098916604,0.17637913566530328
selection,17,h50,3.6,lappos_t200_d3,45.1259677737287,1340.5367311505934,110.8740322262713,156,1389.0,48.46326884940624,0.11227249179148917
selection,17,h50,3.6,lapneg_t200_d3,53.54999375327609,1334.181168015637,174.45000624672392,228,1389.0,54.81883198436344,0.11642663856432299
selection,17,h50,3.6,step_t150_d3,70.67418808728625,1315.9757760824466,241.32581191271373,312,1389.0,73.02422391755312,0.134124435975232
selection,17,h50,3.6,cross_t200_d3,9.740242751878386,1377.9337280586162,17.259757248121616,27,1389.0,11.066271941383674,0.032561383503251676
selection,17,h50,3.6,upface_t200_d3,1.8619288125423017,1387.1380711874579,2.1380711874576983,4,1389.0,1.8619288125423017,0.006626081183424536
selection,17,h50,3.6,union_t200_d3,104.55938870696242,1299.4926890108336,285.4406112930376,390,1389.0,89.50731098916604,0.17637913566530328
selection,17,h50,4.0,lappos_t200_d3,43.85128486781126,1343.5108509767656,112.14871513218874,156,1389.0,45.48914902323457,0.10900892506211435
selection,17,h50,4.0,lapneg_t200_d3,55.39042419840307,1333.161860551428,172.60957580159692,228,1389.0,55.83813944857228,0.12038505833051794
selection,17,h50,4.0,step_t150_d3,72.43300686916491,1314.8978181908224,239.5669931308351,312,1389.0,74.10218180917782,0.13742678183016355
selection,17,h50,4.0,cross_t200_d3,9.680129456045403,1378.4200582372034,17.319870543954597,27,1389.0,10.57994176279681,0.032351207277671046
selection,17,h50,4.0,upface_t200_d3,1.8619288125423017,1387.1380711874579,2.1380711874576983,4,1389.0,1.8619288125423017,0.006626081183424536
selection,17,h50,4.0,union_t200_d3,103.9462592270901,1302.4926890108338,286.0537407729099,390,1389.0,86.50731098916606,0.17520377301011772
selection,17,h50,4.6,lappos_t200_d3,38.41338203481634,1350.7840710142657,117.58661796518366,156,1389.0,38.215928985734216,0.0954039107704944
selection,17,h50,4.6,lapneg_t200_d3,50.43268949902517,1339.0765985159749,177.56731050097483,228,1389.0,49.92340148402503,0.10956438403627325
selection,17,h50,4.6,step_t150_d3,73.32259269467325,1315.9320513128268,238.67740730532677,312,1389.0,73.06794868717319,0.13901310755349378
selection,17,h50,4.6,cross_t200_d3,8.816009740296602,1380.2411812181213,18.1839902597034,27,1389.0,8.758818781878665,0.029444465427044077
selection,17,h50,4.6,upface_t200_d3,1.195262145875635,1387.8047378541246,2.8047378541243653,4,1389.0,1.195262145875635,0.004253601942617901
selection,17,h50,4.6,union_t200_d3,92.23659582559279,1314.0169026836297,297.76340417440724,390,1389.0,74.98309731637008,0.15547659003512146
selection,18,h50,2.0,lappos_t200_d3,37.55698392638353,1218.1411903121498,29.44301607361647,67,1290.0,71.85880968785,0.123242859253121
selection,18,h50,2.0,lapneg_t200_d3,74.00689007975926,1158.1139473632527,42.99310992024074,117,1290.0,131.8860526367472,0.2176518528855445
selection,18,h50,2.0,step_t150_d3,96.97589666530938,1127.483073380937,61.02410333469062,158,1290.0,162.51692661906307,0.26118513317558895
selection,18,h50,2.0,cross_t200_d3,8.528595479208969,1275.9574173292383,3.4714045207910313,12,1290.0,14.042582670761849,0.032002570373078174
selection,18,h50,2.0,upface_t200_d3,1.195262145875635,1286.5952814846614,0.804737854124365,2,1290.0,3.404718515338553,0.004612096267220599
selection,18,h50,2.0,union_t200_d3,116.56387400614281,1103.2892707040592,74.43612599385719,191,1290.0,186.71072929594075,0.2937815087698187
selection,18,h50,2.4,lappos_t200_d3,37.23565391343098,1240.2605887756783,29.76434608656902,67,1290.0,49.73941122432163,0.12046504185814819
selection,18,h50,2.4,lapneg_t200_d3,75.07608435855798,1197.3535690190279,41.92391564144202,117,1290.0,92.64643098097201,0.21568261668278418
selection,18,h50,2.4,step_t150_d3,96.85128826723042,1172.7102776522627,61.148711732769584,158,1290.0,117.28972234773747,0.2546625100208051
selection,18,h50,2.4,cross_t200_d3,7.666666666666668,1279.8528478295764,4.333333333333332,12,1290.0,10.147152170423436,0.028702937633818475
selection,18,h50,2.4,upface_t200_d3,1.5285954792089682,1287.8284271247462,0.4714045207910318,2,1290.0,2.1715728752538093,0.005891190522639955
selection,18,h50,2.4,union_t200_d3,117.44980945944664,1159.3620186611333,73.55019054055336,191,1290.0,130.6379813388666,0.28775266744609174
selection,18,h50,2.8,lappos_t200_d3,37.23565391343098,1240.2605887756783,29.76434608656902,67,1290.0,49.73941122432163,0.12046504185814819
selection,18,h50,2.8,lapneg_t200_d3,75.07608435855798,1197.3535690190279,41.92391564144202,117,1290.0,92.64643098097201,0.21568261668278418
selection,18,h50,2.8,step_t150_d3,96.85128826723042,1172.7102776522627,61.148711732769584,158,1290.0,117.28972234773747,0.2546625100208051
selection,18,h50,2.8,cross_t200_d3,7.666666666666668,1279.8528478295764,4.333333333333332,12,1290.0,10.147152170423436,0.028702937633818475
selection,18,h50,2.8,upface_t200_d3,1.5285954792089682,1287.8284271247462,0.4714045207910318,2,1290.0,2.1715728752538093,0.005891190522639955
selection,18,h50,2.8,union_t200_d3,117.44980945944664,1159.3620186611333,73.55019054055336,191,1290.0,130.6379813388666,0.28775266744609174
selection,18,h50,3.2,lappos_t200_d3,31.649136041595533,1254.5614658261447,35.35086395840447,67,1290.0,35.43853417385527,0.10181739850301413
selection,18,h50,3.2,lapneg_t200_d3,66.7398286878096,1219.429649978167,50.260171312190394,117,1290.0,70.57035002183322,0.19023198584712633
selection,18,h50,3.2,step_t150_d3,85.47276729585992,1197.5925559345237,72.52723270414008,158,1290.0,92.40744406547635,0.2231588819949022
selection,18,h50,3.2,cross_t200_d3,6.723857625084602,1282.064495102246,5.276142374915398,12,1290.0,7.93550489775402,0.02514929761082406
selection,18,h50,3.2,upface_t200_d3,0.5857864376269047,1289.102378596455,1.4142135623730954,2,1290.0,0.8976214035449114,0.0022570385297900806
selection,18,h50,3.2,union_t200_d3,102.11282235448971,1191.6431741833221,88.88717764551029,191,1290.0,98.3568258166779,0.24811693545370528
selection,18,h50,3.6,lappos_t200_d3,31.649136041595533,1254.5614658261447,35.35086395840447,67,1290.0,35.43853417385527,0.10181739850301413
selection,18,h50,3.6,lapneg_t200_d3,66.7398286878096,1219.429649978167,50.260171312190394,117,1290.0,70.57035002183322,0.19023198584712633
selection,18,h50,3.6,step_t150_d3,85.47276729585992,1197.5925559345237,72.52723270414008,158,1290.0,92.40744406547635,0.2231588819949022
selection,18,h50,3.6,cross_t200_d3,6.723857625084602,1282.064495102246,5.276142374915398,12,1290.0,7.93550489775402,0.02514929761082406
selection,18,h50,3.6,upface_t200_d3,0.5857864376269047,1289.102378596455,1.4142135623730954,2,1290.0,0.8976214035449114,0.0022570385297900806
selection,18,h50,3.6,union_t200_d3,102.11282235448971,1191.6431741833221,88.88717764551029,191,1290.0,98.3568258166779,0.24811693545370528
selection,18,h50,4.0,lappos_t200_d3,30.43237552830457,1258.1487117327695,36.56762447169543,67,1290.0,31.85128826723041,0.09775390365898834
selection,18,h50,4.0,lapneg_t200_d3,60.955857766891995,1226.5494625057638,56.044142233108005,117,1290.0,63.450537494236045,0.1736134236193157
selection,18,h50,4.0,step_t150_d3,83.18096782894015,1203.8365627961311,74.81903217105985,158,1290.0,86.16343720386902,0.21672800404758635
selection,18,h50,4.0,cross_t200_d3,6.1165728200423715,1283.5144012556216,5.8834271799576285,12,1290.0,6.485598744378317,0.0228634538919415
selection,18,h50,4.0,upface_t200_d3,0.5857864376269047,1289.357022603955,1.4142135623730954,2,1290.0,0.6429773960448413,0.002256595720344007
selection,18,h50,4.0,union_t200_d3,94.11209092028116,1202.271543291711,96.88790907971884,191,1290.0,87.72845670828914,0.22838487298574067
selection,18,h50,4.6,lappos_t200_d3,25.629828577386704,1264.3129804641953,41.370171422613296,67,1290.0,25.687019535804644,0.08225535760569293
selection,18,h50,4.6,lapneg_t200_d3,51.653835218148274,1238.11740094818,65.34616478185173,117,1290.0,51.88259905182003,0.14692991373213143
selection,18,h50,4.6,step_t150_d3,71.65456325293769,1218.5071972051417,86.34543674706231,158,1290.0,71.49280279485815,0.1863905648499145
selection,18,h50,4.6,cross_t200_d3,5.763932022500209,1284.2360679774997,6.236067977499791,12,1290.0,5.763932022500209,0.021539357333707723
selection,18,h50,4.6,upface_t200_d3,0.5857864376269047,1289.357022603955,1.4142135623730954,2,1290.0,0.6429773960448413,0.002256595720344007
selection,18,h50,4.6,union_t200_d3,79.98821395641076,1218.0252488329681,111.01178604358924,191,1290.0,71.97475116703204,0.19395657545369974
selection,19,h50,2.0,lappos_t200_d3,212.29108512280635,1098.7151599254164,806.7089148771936,1019,1390.0,291.2848400745834,0.1970399471115759
selection,19,h50,2.0,lapneg_t200_d3,229.3337678869164,1073.954053546402,721.6662321130837,951,1390.0,316.0459464535977,0.22451619715310614
selection,19,h50,2.0,step_t150_d3,212.24088433749586,1096.8184872328716,738.7591156625042,951,1390.0,293.18151276712825,0.20754783869477184
selection,19,h50,2.0,cross_t200_d3,131.37686471509528,1200.0594648648776,326.6231352849047,458,1390.0,189.94053513512253,0.2076489788756689
selection,19,h50,2.0,upface_t200_d3,47.95220739468755,1312.7484751171921,109.04779260531245,157,1390.0,77.25152488280777,0.12056165067062818
selection,19,h50,2.0,union_t200_d3,583.6075430608623,854.5527613276384,1775.3924569391377,2359,1390.0,535.4472386723616,0.2683460270607445
selection,19,h50,2.4,lappos_t200_d3,245.67712751479644,1106.2532470522408,773.3228724852036,1019,1390.0,283.7467529477591,0.22630828931219737
selection,19,h50,2.4,lapneg_t200_d3,247.5027323954758,1103.4876621728845,703.4972676045243,951,1390.0,286.51233782711535,0.24006129347618266
selection,19,h50,2.4,step_t150_d3,238.15844454610996,1119.5674901981567,712.84155545389,951,1390.0,270.43250980184297,0.23069652240061164
selection,19,h50,2.4,cross_t200_d3,151.21907199935993,1214.7359405492994,306.7809280006401,458,1390.0,175.26405945070067,0.23643089318952507
selection,19,h50,2.4,upface_t200_d3,54.336887011608724,1324.2016209781227,102.66311298839128,157,1390.0,65.79837902187727,0.1353995619701475
selection,19,h50,2.4,union_t200_d3,644.6484626765107,886.1603635028204,1714.3515373234893,2359,1390.0,503.83963649717964,0.29390886304940544
selection,19,h50,2.8,lappos_t200_d3,245.67712751479644,1106.2532470522408,773.3228724852036,1019,1390.0,283.7467529477591,0.22630828931219737
selection,19,h50,2.8,lapneg_t200_d3,247.5027323954758,1103.4876621728845,703.4972676045243,951,1390.0,286.51233782711535,0.24006129347618266
selection,19,h50,2.8,step_t150_d3,238.15844454610996,1119.5674901981567,712.84155545389,951,1390.0,270.43250980184297,0.23069652240061164
selection,19,h50,2.8,cross_t200_d3,151.21907199935993,1214.7359405492994,306.7809280006401,458,1390.0,175.26405945070067,0.23643089318952507
selection,19,h50,2.8,upface_t200_d3,54.336887011608724,1324.2016209781227,102.66311298839128,157,1390.0,65.79837902187727,0.1353995619701475
selection,19,h50,2.8,union_t200_d3,644.6484626765107,886.1603635028204,1714.3515373234893,2359,1390.0,503.83963649717964,0.29390886304940544
selection,19,h50,3.2,lappos_t200_d3,249.217626221038,1126.7220466057568,769.782373778962,1019,1390.0,263.2779533942434,0.22855867927443524
selection,19,h50,3.2,lapneg_t200_d3,264.47748016308867,1112.5678109677158,686.5225198369113,951,1390.0,277.43218903228416,0.25523563808237254
selection,19,h50,3.2,step_t150_d3,255.22607586314336,1125.1740435689906,695.7739241368566,951,1390.0,264.82595643100933,0.24614812705765748
selection,19,h50,3.2,cross_t200_d3,150.65363503145187,1233.3945716379294,307.34636496854813,458,1390.0,156.60542836207063,0.2342216679448848
selection,19,h50,3.2,upface_t200_d3,52.91536930540758,1331.814747058576,104.08463069459242,157,1390.0,58.185252941424075,0.1314517253833305
selection,19,h50,3.2,union_t200_d3,649.7206896773296,914.525421684812,1709.2793103226704,2359,1390.0,475.4745783151878,0.2953209787762083
selection,19,h50,3.6,lappos_t200_d3,249.217626221038,1126.7220466057568,769.782373778962,1019,1390.0,263.2779533942434,0.22855867927443524
selection,19,h50,3.6,lapneg_t200_d3,264.47748016308867,1112.5678109677158,686.5225198369113,951,1390.0,277.43218903228416,0.25523563808237254
selection,19,h50,3.6,step_t150_d3,255.22607586314336,1125.1740435689906,695.7739241368566,951,1390.0,264.82595643100933,0.24614812705765748
selection,19,h50,3.6,cross_t200_d3,150.65363503145187,1233.3945716379294,307.34636496854813,458,1390.0,156.60542836207063,0.2342216679448848
selection,19,h50,3.6,upface_t200_d3,52.91536930540758,1331.814747058576,104.08463069459242,157,1390.0,58.185252941424075,0.1314517253833305
selection,19,h50,3.6,union_t200_d3,649.7206896773296,914.525421684812,1709.2793103226704,2359,1390.0,475.4745783151878,0.2953209787762083
selection,19,h50,4.0,lappos_t200_d3,254.69810832537559,1128.8021954005878,764.3018916746244,1019,1390.0,261.1978045994121,0.2332613738949247
selection,19,h50,4.0,lapneg_t200_d3,268.55794632805964,1117.4767008580136,682.4420536719404,951,1390.0,272.5232991419862,0.25872461802703556
selection,19,h50,4.0,step_t150_d3,257.2446484937245,1127.630111767336,693.7553515062755,951,1390.0,262.3698882326638,0.24788095722007933
selection,19,h50,4.0,cross_t200_d3,146.71228545886777,1240.2826979944398,311.28771454113223,458,1390.0,149.71730200556027,0.22788523469750172
selection,19,h50,4.0,upface_t200_d3,46.8596378159876,1340.8431355057505,110.1403621840124,157,1390.0,49.15686449424952,0.11623647701482806
selection,19,h50,4.0,union_t200_d3,652.3982107666804,917.8445573951393,1706.6017892333196,2359,1390.0,472.15544260486115,0.29637644040248573
selection,19,h50,4.6,lappos_t200_d3,246.18402104047453,1145.3081504135232,772.8159789595254,1019,1390.0,244.69184958647665,0.22513431507575926
selection,19,h50,4.6,lapneg_t200_d3,260.1058424726391,1134.4518694885337,690.8941575273609,951,1390.0,255.54813051146624,0.2501711598528288
selection,19,h50,4.6,step_t150_d3,268.24026668731153,1122.7783093426888,682.7597333126885,951,1390.0,267.2216906573112,0.2581706520983211
selection,19,h50,4.6,cross_t200_d3,130.85838882494292,1260.3219476631368,327.14161117505705,458,1390.0,129.6780523368631,0.20299576065223163
selection,19,h50,4.6,upface_t200_d3,46.46180938040828,1343.5953815780094,110.53819061959172,157,1390.0,46.404618421990364,0.11511519492255438
selection,19,h50,4.6,union_t200_d3,625.0837606352297,943.853227713455,1733.9162393647703,2359,1390.0,446.14677228654483,0.2840015173630833
calibration,20,h50,2.0,lappos_t200_d3,48.154042250182684,192.78553048326376,244.84595774981733,293,250.0,57.214469516736266,0.17040375674744743
calibration,20,h50,2.0,lapneg_t200_d3,66.9011750818203,167.60779896245927,291.09882491817973,358,250.0,82.39220103754076,0.20072251672148061
calibration,20,h50,2.0,step_t150_d3,55.44656975189186,182.28354661209167,231.55343024810816,287,250.0,67.71645338790835,0.2000626568518907
calibration,20,h50,2.0,cross_t200_d3,44.94239497751327,192.5709608731793,125.05760502248674,170,250.0,57.429039126820726,0.24491411863887091
calibration,20,h50,2.0,upface_t200_d3,22.121271996595112,220.203711787981,54.87872800340489,77,250.0,29.79628821201897,0.2009837155172138
calibration,20,h50,2.0,union_t200_d3,171.8901204724396,122.40303837012992,665.1098795275605,837,250.0,127.5969616298701,0.2359641481014968
calibration,20,h50,2.4,lappos_t200_d3,55.14892900956113,190.60665346418187,237.85107099043887,293,250.0,59.39334653581811,0.19449378190186845
calibration,20,h50,2.4,lapneg_t200_d3,74.18566700549289,170.70798665570777,283.81433299450714,358,250.0,79.29201334429217,0.22119967728281806
calibration,20,h50,2.4,step_t150_d3,62.853479170436906,181.30212264209192,224.1465208295631,287,250.0,68.69787735790808,0.2257415733148078
calibration,20,h50,2.4,cross_t200_d3,49.66259883097427,194.84345287589022,120.33740116902572,170,250.0,55.15654712410978,0.26858990668197724
calibration,20,h50,2.4,upface_t200_d3,22.056776894349127,225.61500301293904,54.94322310565087,77,250.0,24.384996987060923,0.19846947147495075
calibration,20,h50,2.4,union_t200_d3,186.9403212577501,124.69848820925414,650.0596787422498,837,250.0,125.30151179074586,0.2554081577315223
calibration,20,h50,2.8,lappos_t200_d3,55.14892900956113,190.60665346418187,237.85107099043887,293,250.0,59.39334653581811,0.19449378190186845
calibration,20,h50,2.8,lapneg_t200_d3,74.18566700549289,170.70798665570777,283.81433299450714,358,250.0,79.29201334429217,0.22119967728281806
calibration,20,h50,2.8,step_t150_d3,62.853479170436906,181.30212264209192,224.1465208295631,287,250.0,68.69787735790808,0.2257415733148078
calibration,20,h50,2.8,cross_t200_d3,49.66259883097427,194.84345287589022,120.33740116902572,170,250.0,55.15654712410978,0.26858990668197724
calibration,20,h50,2.8,upface_t200_d3,22.056776894349127,225.61500301293904,54.94322310565087,77,250.0,24.384996987060923,0.19846947147495075
calibration,20,h50,2.8,union_t200_d3,186.9403212577501,124.69848820925414,650.0596787422498,837,250.0,125.30151179074586,0.2554081577315223
calibration,20,h50,3.2,lappos_t200_d3,56.848365929815365,192.15893821401266,236.15163407018463,293,250.0,57.84106178598732,0.20002840859451776
calibration,20,h50,3.2,lapneg_t200_d3,78.74703273828942,170.10289275387208,279.2529672617106,358,250.0,79.89710724612789,0.23424766109095563
calibration,20,h50,3.2,step_t150_d3,65.67460215135506,182.39719709471896,221.32539784864494,287,250.0,67.60280290528104,0.23521212228060664
calibration,20,h50,3.2,cross_t200_d3,50.01231729110138,197.84053053847518,119.98768270889862,170,250.0,52.15946946152483,0.26950565172101043
calibration,20,h50,3.2,upface_t200_d3,21.64694513838903,227.02264386569266,55.35305486161097,77,250.0,22.977356134307325,0.19443261825310623
calibration,20,h50,3.2,union_t200_d3,192.89367075129587,126.66060471504504,644.1063292487041,837,250.0,123.33939528495496,0.26297316448952696
calibration,20,h50,3.6,lappos_t200_d3,56.848365929815365,192.15893821401266,236.15163407018463,293,250.0,57.84106178598732,0.20002840859451776
calibration,20,h50,3.6,lapneg_t200_d3,78.74703273828942,170.10289275387208,279.2529672617106,358,250.0,79.89710724612789,0.23424766109095563
calibration,20,h50,3.6,step_t150_d3,65.67460215135506,182.39719709471896,221.32539784864494,287,250.0,67.60280290528104,0.23521212228060664
calibration,20,h50,3.6,cross_t200_d3,50.01231729110138,197.84053053847518,119.98768270889862,170,250.0,52.15946946152483,0.26950565172101043
calibration,20,h50,3.6,upface_t200_d3,21.64694513838903,227.02264386569266,55.35305486161097,77,250.0,22.977356134307325,0.19443261825310623
calibration,20,h50,3.6,union_t200_d3,192.89367075129587,126.66060471504504,644.1063292487041,837,250.0,123.33939528495496,0.26297316448952696
calibration,20,h50,4.0,lappos_t200_d3,59.37915231223083,190.62084768776919,233.62084768776919,293,250.0,59.379152312230836,0.20878745538759005
calibration,20,h50,4.0,lapneg_t200_d3,83.71823022704605,166.9670124696209,274.28176977295396,358,250.0,83.03298753037912,0.2487637857121727
calibration,20,h50,4.0,step_t150_d3,66.47714910227293,182.89918096589108,220.52285089772707,287,250.0,67.10081903410894,0.2378641589665038
calibration,20,h50,4.0,cross_t200_d3,54.18827197276819,194.91191572048038,115.81172802723181,170,250.0,55.0880842795196,0.29161694664654764
calibration,20,h50,4.0,upface_t200_d3,24.587563276764595,224.27947877639923,52.4124367232354,77,250.0,25.720521223600752,0.2207669104110583
calibration,20,h50,4.0,union_t200_d3,204.36977444863962,122.14620345942333,632.6302255513604,837,250.0,127.85379654057664,0.2780907413076334
calibration,20,h50,4.6,lappos_t200_d3,62.5456119468631,188.33270199247298,230.4543880531369,293,250.0,61.667298007527,0.21978552675281504
calibration,20,h50,4.6,lapneg_t200_d3,78.3612076230909,173.25515816491708,279.6387923769091,358,250.0,76.74484183508292,0.23271693366562787
calibration,20,h50,4.6,step_t150_d3,68.13870252831805,182.19463080501527,218.86129747168195,287,250.0,67.80536919498469,0.24364255969601117
calibration,20,h50,4.6,cross_t200_d3,47.578796264519454,202.5355856523164,122.42120373548055,170,250.0,47.464414347683594,0.2557685226115198
calibration,20,h50,4.6,upface_t200_d3,23.013780159518472,227.04341079889946,53.986219840481525,77,250.0,22.956589201100545,0.20619553454722056
calibration,20,h50,4.6,union_t200_d3,196.6863085911104,129.57972448600526,640.3136914088896,837,250.0,120.42027551399474,0.26765387538690244
selection,24,h50,2.0,lappos_t200_d3,0.0,61.0,0.0,0,61.0,0.0,0.0
selection,24,h50,2.0,lapneg_t200_d3,0.0,61.0,0.0,0,61.0,0.0,0.0
selection,24,h50,2.0,step_t150_d3,0.0,61.0,0.0,0,61.0,0.0,0.0
selection,24,h50,2.0,cross_t200_d3,0.0,61.0,0.0,0,61.0,0.0,0.0
selection,24,h50,2.0,upface_t200_d3,0.0,61.0,0.0,0,61.0,0.0,0.0
selection,24,h50,2.0,union_t200_d3,0.0,61.0,0.0,0,61.0,0.0,0.0
selection,24,h50,2.4,lappos_t200_d3,0.0,61.0,0.0,0,61.0,0.0,0.0
selection,24,h50,2.4,lapneg_t200_d3,0.0,61.0,0.0,0,61.0,0.0,0.0
selection,24,h50,2.4,step_t150_d3,0.0,61.0,0.0,0,61.0,0.0,0.0
selection,24,h50,2.4,cross_t200_d3,0.0,61.0,0.0,0,61.0,0.0,0.0
selection,24,h50,2.4,upface_t200_d3,0.0,61.0,0.0,0,61.0,0.0,0.0
selection,24,h50,2.4,union_t200_d3,0.0,61.0,0.0,0,61.0,0.0,0.0
selection,24,h50,2.8,lappos_t200_d3,0.0,61.0,0.0,0,61.0,0.0,0.0
selection,24,h50,2.8,lapneg_t200_d3,0.0,61.0,0.0,0,61.0,0.0,0.0
selection,24,h50,2.8,step_t150_d3,0.0,61.0,0.0,0,61.0,0.0,0.0
selection,24,h50,2.8,cross_t200_d3,0.0,61.0,0.0,0,61.0,0.0,0.0
selection,24,h50,2.8,upface_t200_d3,0.0,61.0,0.0,0,61.0,0.0,0.0
selection,24,h50,2.8,union_t200_d3,0.0,61.0,0.0,0,61.0,0.0,0.0
selection,24,h50,3.2,lappos_t200_d3,0.0,61.0,0.0,0,61.0,0.0,0.0
selection,24,h50,3.2,lapneg_t200_d3,0.0,61.0,0.0,0,61.0,0.0,0.0
selection,24,h50,3.2,step_t150_d3,0.0,61.0,0.0,0,61.0,0.0,0.0
selection,24,h50,3.2,cross_t200_d3,0.0,61.0,0.0,0,61.0,0.0,0.0
selection,24,h50,3.2,upface_t200_d3,0.0,61.0,0.0,0,61.0,0.0,0.0
selection,24,h50,3.2,union_t200_d3,0.0,61.0,0.0,0,61.0,0.0,0.0
selection,24,h50,3.6,lappos_t200_d3,0.0,61.0,0.0,0,61.0,0.0,0.0
selection,24,h50,3.6,lapneg_t200_d3,0.0,61.0,0.0,0,61.0,0.0,0.0
selection,24,h50,3.6,step_t150_d3,0.0,61.0,0.0,0,61.0,0.0,0.0
selection,24,h50,3.6,cross_t200_d3,0.0,61.0,0.0,0,61.0,0.0,0.0
selection,24,h50,3.6,upface_t200_d3,0.0,61.0,0.0,0,61.0,0.0,0.0
selection,24,h50,3.6,union_t200_d3,0.0,61.0,0.0,0,61.0,0.0,0.0
selection,24,h50,4.0,lappos_t200_d3,0.0,61.0,0.0,0,61.0,0.0,0.0
selection,24,h50,4.0,lapneg_t200_d3,0.0,61.0,0.0,0,61.0,0.0,0.0
selection,24,h50,4.0,step_t150_d3,0.0,61.0,0.0,0,61.0,0.0,0.0
selection,24,h50,4.0,cross_t200_d3,0.0,61.0,0.0,0,61.0,0.0,0.0
selection,24,h50,4.0,upface_t200_d3,0.0,61.0,0.0,0,61.0,0.0,0.0
selection,24,h50,4.0,union_t200_d3,0.0,61.0,0.0,0,61.0,0.0,0.0
selection,24,h50,4.6,lappos_t200_d3,0.0,61.0,0.0,0,61.0,0.0,0.0
selection,24,h50,4.6,lapneg_t200_d3,0.0,61.0,0.0,0,61.0,0.0,0.0
selection,24,h50,4.6,step_t150_d3,0.0,61.0,0.0,0,61.0,0.0,0.0
selection,24,h50,4.6,cross_t200_d3,0.0,61.0,0.0,0,61.0,0.0,0.0
selection,24,h50,4.6,upface_t200_d3,0.0,61.0,0.0,0,61.0,0.0,0.0
selection,24,h50,4.6,union_t200_d3,0.0,61.0,0.0,0,61.0,0.0,0.0
calibration,25,h50,2.0,lappos_t200_d3,58.3532721384025,841.1248085847755,123.6467278615975,182,927.0,85.87519141522463,0.1792751399529533
calibration,25,h50,2.0,lapneg_t200_d3,92.29681261419313,802.4978989453847,215.70318738580687,308,927.0,124.50210105461544,0.2169857112032023
calibration,25,h50,2.0,step_t150_d3,99.08840164965935,791.0760672684629,296.9115983503407,396,927.0,135.92393273153715,0.20024618996526838
calibration,25,h50,2.0,cross_t200_d3,5.78104858350254,918.2619481513282,10.218951416497461,16,927.0,8.738051848671887,0.029255045593193033
calibration,25,h50,2.0,upface_t200_d3,1.5857864376269046,924.8262362215397,2.4142135623730954,4,927.0,2.173763778460308,0.008413445496760246
calibration,25,h50,2.0,union_t200_d3,150.65008475259563,743.8039927292398,337.3499152474044,488,927.0,183.1960072707602,0.2646276396032191
calibration,25,h50,2.4,lappos_t200_d3,63.74087409273873,854.1732325309482,118.25912590726128,182,927.0,72.82676746905184,0.1936336587560213
calibration,25,h50,2.4,lapneg_t200_d3,97.40023661557736,816.7958570578551,210.59976338442266,308,927.0,110.20414294214497,0.2269136471329298
calibration,25,h50,2.4,step_t150_d3,108.45231433337375,806.2752937572634,287.54768566662625,396,927.0,120.7247062427365,0.21701507995952715
calibration,25,h50,2.4,cross_t200_d3,7.173763778460309,919.1238769638704,8.826236221539691,16,927.0,7.876123036129584,0.0362202406797758
calibration,25,h50,2.4,upface_t200_d3,1.8404304451269748,924.5715922140396,2.159569554873025,4,927.0,2.428407785960378,0.0097644681990256
calibration,25,h50,2.4,union_t200_d3,162.65039872331624,764.2341773543379,325.34960127668376,488,927.0,162.7658226456621,0.2824885722666234
calibration,25,h50,2.8,lappos_t200_d3,63.74087409273873,854.1732325309482,118.25912590726128,182,927.0,72.82676746905184,0.1936336587560213
calibration,25,h50,2.8,lapneg_t200_d3,97.40023661557736,816.7958570578551,210.59976338442266,308,927.0,110.20414294214497,0.2269136471329298
calibration,25,h50,2.8,step_t150_d3,108.45231433337375,806.2752937572634,287.54768566662625,396,927.0,120.7247062427365,0.21701507995952715
calibration,25,h50,2.8,cross_t200_d3,7.173763778460309,919.1238769638704,8.826236221539691,16,927.0,7.876123036129584,0.0362202406797758
calibration,25,h50,2.8,upface_t200_d3,1.8404304451269748,924.5715922140396,2.159569554873025,4,927.0,2.428407785960378,0.0097644681990256
calibration,25,h50,2.8,union_t200_d3,162.65039872331624,764.2341773543379,325.34960127668376,488,927.0,162.7658226456621,0.2824885722666234
calibration,25,h50,3.2,lappos_t200_d3,66.40023661557736,856.7487924873319,115.59976338442264,182,927.0,70.251207512668,0.20107281488592602
calibration,25,h50,3.2,lapneg_t200_d3,101.1189810000404,822.3364524580259,206.8810189999596,308,927.0,104.66354754197437,0.2345652325499761
calibration,25,h50,3.2,step_t150_d3,115.25193894687658,807.9229703298613,280.7480610531234,396,927.0,119.0770296701389,0.22984423328511186
calibration,25,h50,3.2,cross_t200_d3,6.016385126793781,920.474326858206,9.983614873206218,16,927.0,6.525673141793923,0.030370729649430897
calibration,25,h50,3.2,upface_t200_d3,1.4477152501692063,925.2976407423307,2.5522847498307937,4,927.0,1.7023592576692765,0.007678188181818611
calibration,25,h50,3.2,union_t200_d3,166.1286933238665,772.708086749056,321.8713066761335,488,927.0,154.29191325094402,0.2873366882368148
calibration,25,h50,3.6,lappos_t200_d3,66.40023661557736,856.7487924873319,115.59976338442264,182,927.0,70.251207512668,0.20107281488592602
calibration,25,h50,3.6,lapneg_t200_d3,101.1189810000404,822.3364524580259,206.8810189999596,308,927.0,104.66354754197437,0.2345652325499761
calibration,25,h50,3.6,step_t150_d3,115.25193894687658,807.9229703298613,280.7480610531234,396,927.0,119.0770296701389,0.22984423328511186
calibration,25,h50,3.6,cross_t200_d3,6.016385126793781,920.474326858206,9.983614873206218,16,927.0,6.525673141793923,0.030370729649430897
calibration,25,h50,3.6,upface_t200_d3,1.4477152501692063,925.2976407423307,2.5522847498307937,4,927.0,1.7023592576692765,0.007678188181818611
calibration,25,h50,3.6,union_t200_d3,166.1286933238665,772.708086749056,321.8713066761335,488,927.0,154.29191325094402,0.2873366882368148
calibration,25,h50,4.0,lappos_t200_d3,60.87164113636838,864.6263749924597,121.12835886363162,182,927.0,62.37362500754048,0.1840692899011786
calibration,25,h50,4.0,lapneg_t200_d3,96.42351182213037,830.0672001628695,211.57648817786963,308,927.0,96.93279983713053,0.22335864427569568
calibration,25,h50,4.0,step_t150_d3,114.96849242813313,809.7655916781944,281.0315075718669,396,927.0,117.23440832180543,0.2291364659899526
calibration,25,h50,4.0,cross_t200_d3,6.233145640084743,920.7668543599152,9.766854359915257,16,927.0,6.233145640084743,0.031448767104362826
calibration,25,h50,4.0,upface_t200_d3,1.195262145875635,925.8047378541243,2.8047378541243653,4,927.0,1.195262145875635,0.006337551144621573
calibration,25,h50,4.0,union_t200_d3,158.4569134165783,783.104769686358,329.5430865834217,488,927.0,143.89523031364197,0.2738094617818123
calibration,25,h50,4.6,lappos_t200_d3,55.773644346326286,871.4809996611741,126.22635565367372,182,927.0,55.51900033882622,0.16847451402188418
calibration,25,h50,4.6,lapneg_t200_d3,90.3990911173,836.8555528902001,217.6009088827,308,927.0,90.14444710979994,0.2093293891208734
calibration,25,h50,4.6,step_t150_d3,114.56993255834527,812.9965464150728,281.4300674416547,396,927.0,114.00345358492719,0.2280846107748152
calibration,25,h50,4.6,cross_t200_d3,4.311834965918007,922.6881650340821,11.688165034081994,16,927.0,4.311834965918006,0.021754969555590236
calibration,25,h50,4.6,upface_t200_d3,0.8619288125423016,926.1380711874576,3.1380711874576983,4,927.0,0.8619288125423016,0.004570142166183972
calibration,25,h50,4.6,union_t200_d3,147.5869490259994,795.9073166372758,340.4130509740006,488,927.0,131.09268336272413,0.25485622744307385
calibration,26,h50,2.0,lappos_t200_d3,139.53351193255324,1203.1739468750616,295.4664880674468,435,1403.0,199.82605312493845,0.22631649904678966
calibration,26,h50,2.0,lapneg_t200_d3,149.25882902663582,1192.8788110066575,364.7411709733642,514,1403.0,210.1211889933421,0.21961857469842394
calibration,26,h50,2.0,step_t150_d3,179.91892298368296,1153.1903320018555,464.08107701631707,644,1403.0,249.80966799814468,0.23012777495822168
calibration,26,h50,2.0,cross_t200_d3,38.75224607225917,1344.6879477572902,37.24775392774083,76,1403.0,58.312052242709555,0.11482553934048777
calibration,26,h50,2.0,upface_t200_d3,8.035692591002611,1390.7577733769497,7.964307408997389,16,1403.0,12.242226623050483,0.027466941772553127
calibration,26,h50,2.0,union_t200_d3,312.53039280786095,1047.2301891224795,676.469607192139,989,1403.0,355.76981087752057,0.29396582858738335
calibration,26,h50,2.4,lappos_t200_d3,152.4431332570598,1223.1672740720937,282.5568667429402,435,1403.0,179.83272592790613,0.24464408787833794
calibration,26,h50,2.4,lapneg_t200_d3,167.68170950790585,1209.4365229678308,346.31829049209415,514,1403.0,193.5634770321691,0.24421196439102055
calibration,26,h50,2.4,step_t150_d3,210.1578132052496,1165.097030988947,433.84218679475043,644,1403.0,237.90296901105313,0.2659380646050281
calibration,26,h50,2.4,cross_t200_d3,40.375916004095174,1355.1589382140126,35.624083995904826,76,1403.0,47.841061785987314,0.1187851955606715
calibration,26,h50,2.4,upface_t200_d3,7.876123036129585,1392.9337280586162,8.123876963870416,16,1403.0,10.066271941383674,0.0268844554473853
calibration,26,h50,2.4,union_t200_d3,342.7412085529736,1082.7929176303446,646.2587914470264,989,1403.0,320.20708236965515,0.31844191685545586
calibration,26,h50,2.8,lappos_t200_d3,152.4431332570598,1223.1672740720937,282.5568667429402,435,1403.0,179.83272592790613,0.24464408787833794
calibration,26,h50,2.8,lapneg_t200_d3,167.68170950790585,1209.4365229678308,346.31829049209415,514,1403.0,193.5634770321691,0.24421196439102055
calibration,26,h50,2.8,step_t150_d3,210.1578132052496,1165.097030988947,433.84218679475043,644,1403.0,237.90296901105313,0.2659380646050281
calibration,26,h50,2.8,cross_t200_d3,40.375916004095174,1355.1589382140126,35.624083995904826,76,1403.0,47.841061785987314,0.1187851955606715
calibration,26,h50,2.8,upface_t200_d3,7.876123036129585,1392.9337280586162,8.123876963870416,16,1403.0,10.066271941383674,0.0268844554473853
calibration,26,h50,2.8,union_t200_d3,342.7412085529736,1082.7929176303446,646.2587914470264,989,1403.0,320.20708236965515,0.31844191685545586
calibration,26,h50,3.2,lappos_t200_d3,157.51994565040718,1237.2721575424762,277.4800543495928,435,1403.0,165.72784245752393,0.25124464472455443
calibration,26,h50,3.2,lapneg_t200_d3,172.09080643023822,1224.8787109133098,341.9091935697618,514,1403.0,178.12128908669024,0.24919247848245055
calibration,26,h50,3.2,step_t150_d3,223.74464504780568,1171.3665972548235,420.25535495219435,644,1403.0,231.63340274517637,0.28171540835263553
calibration,26,h50,3.2,cross_t200_d3,33.45314246151135,1368.1851357579808,42.54685753848865,76,1403.0,34.814864242019254,0.09806634527583664
calibration,26,h50,3.2,upface_t200_d3,6.211647272669417,1396.1646827954944,9.788352727330583,16,1403.0,6.83531720450543,0.021180263024228742
calibration,26,h50,3.2,union_t200_d3,348.6027165026088,1105.3181733086506,640.3972834973912,989,1403.0,297.68182669134916,0.3221883680028919
calibration,26,h50,3.6,lappos_t200_d3,157.51994565040718,1237.2721575424762,277.4800543495928,435,1403.0,165.72784245752393,0.25124464472455443
calibration,26,h50,3.6,lapneg_t200_d3,172.09080643023822,1224.8787109133098,341.9091935697618,514,1403.0,178.12128908669024,0.24919247848245055
calibration,26,h50,3.6,step_t150_d3,223.74464504780568,1171.3665972548235,420.25535495219435,644,1403.0,231.63340274517637,0.28171540835263553
calibration,26,h50,3.6,cross_t200_d3,33.45314246151135,1368.1851357579808,42.54685753848865,76,1403.0,34.814864242019254,0.09806634527583664
calibration,26,h50,3.6,upface_t200_d3,6.211647272669417,1396.1646827954944,9.788352727330583,16,1403.0,6.83531720450543,0.021180263024228742
calibration,26,h50,3.6,union_t200_d3,348.6027165026088,1105.3181733086506,640.3972834973912,989,1403.0,297.68182669134916,0.3221883680028919
calibration,26,h50,4.0,lappos_t200_d3,151.25037598511125,1246.836031548619,283.74962401488875,435,1403.0,156.16396845138115,0.24099141378325042
calibration,26,h50,4.0,lapneg_t200_d3,167.7049813150397,1231.7191413584367,346.29501868496027,514,1403.0,171.28085864156327,0.24266917078949685
calibration,26,h50,4.0,step_t150_d3,232.3482760812243,1166.2117268765032,411.6517239187757,644,1403.0,236.78827312349668,0.2922943368678779
calibration,26,h50,4.0,cross_t200_d3,32.803592355847016,1370.0820257273172,43.196407644152984,76,1403.0,32.91797427268288,0.0960919466668347
calibration,26,h50,4.0,upface_t200_d3,7.29033659850268,1395.6524724430794,8.70966340149732,16,1403.0,7.347527556920617,0.024848741728608185
calibration,26,h50,4.0,union_t200_d3,338.2234640970298,1117.159652558126,650.7765359029702,989,1403.0,285.8403474418739,0.3125111055767289
calibration,26,h50,4.6,lappos_t200_d3,136.02338899057725,1267.3715171075874,298.97661100942275,435,1403.0,135.62848289241293,0.2163638248676496
calibration,26,h50,4.6,lapneg_t200_d3,147.09623704099954,1256.2986690571647,366.90376295900046,514,1403.0,146.70133094283526,0.21260399727955387
calibration,26,h50,4.6,step_t150_d3,219.7319068937972,1183.3770444122777,424.2680931062028,644,1403.0,219.6229555877226,0.2761069244179324
calibration,26,h50,4.6,cross_t200_d3,28.039660333346806,1374.960339666653,47.9603396666532,76,1403.0,28.039660333346806,0.08213140109357564
calibration,26,h50,4.6,upface_t200_d3,4.738051848671887,1398.261948151328,11.261948151328113,16,1403.0,4.738051848671886,0.016148779306993426
calibration,26,h50,4.6,union_t200_d3,297.49992384208497,1154.9231705165573,691.500076157915,989,1403.0,248.07682948344245,0.2750338857109733
calibration,27,h50,2.0,lappos_t200_d3,159.81393602053345,1170.5404645260514,718.1860639794666,878,1389.0,218.4595354739488,0.165016769531051
calibration,27,h50,2.0,lapneg_t200_d3,186.1684537505615,1122.9754484210503,702.8315462494385,889,1389.0,266.0245515789497,0.19132882551270777
calibration,27,h50,2.0,step_t150_d3,184.33418195098523,1135.7007655151328,837.6658180490148,1022,1389.0,253.2992344848672,0.17042621186957477
calibration,27,h50,2.0,cross_t200_d3,83.8632915876112,1261.4294395002132,131.1367084123888,215,1389.0,127.57056049978648,0.19014095136985057
calibration,27,h50,2.0,upface_t200_d3,26.41818130471729,1349.6711485664277,45.581818695282706,72,1389.0,39.32885143357213,0.07937729312513181
calibration,27,h50,2.0,union_t200_d3,419.08905348003395,957.0608105498511,1481.910946519966,1901,1389.0,431.93918945014866,0.23334190399132465
calibration,27,h50,2.4,lappos_t200_d3,193.9865543007164,1167.2289469302727,684.0134456992836,878,1389.0,221.77105306972697,0.19903342490365405
calibration,27,h50,2.4,lapneg_t200_d3,215.59457053996715,1141.9178399991445,673.4054294600328,889,1389.0,247.08216000085557,0.2193894637139136
calibration,27,h50,2.4,step_t150_d3,222.7246061493883,1140.7320729003036,799.2753938506116,1022,1389.0,248.26792709969666,0.20427990100823282
calibration,27,h50,2.4,cross_t200_d3,83.4811168446171,1291.800238864268,131.5188831553829,215,1389.0,97.19976113573199,0.18673514327716959
calibration,27,h50,2.4,upface_t200_d3,26.704136096806973,1358.9964463217245,45.29586390319302,72,1389.0,30.00355367827539,0.07977572684541602
calibration,27,h50,2.4,union_t200_d3,478.6010636457528,976.3533346521414,1422.3989363542473,1901,1389.0,412.64666534785874,0.26415910854771374
calibration,27,h50,2.8,lappos_t200_d3,193.9865543007164,1167.2289469302727,684.0134456992836,878,1389.0,221.77105306972697,0.19903342490365405
calibration,27,h50,2.8,lapneg_t200_d3,215.59457053996715,1141.9178399991445,673.4054294600328,889,1389.0,247.08216000085557,0.2193894637139136
calibration,27,h50,2.8,step_t150_d3,222.7246061493883,1140.7320729003036,799.2753938506116,1022,1389.0,248.26792709969666,0.20427990100823282
calibration,27,h50,2.8,cross_t200_d3,83.4811168446171,1291.800238864268,131.5188831553829,215,1389.0,97.19976113573199,0.18673514327716959
calibration,27,h50,2.8,upface_t200_d3,26.704136096806973,1358.9964463217245,45.29586390319302,72,1389.0,30.00355367827539,0.07977572684541602
calibration,27,h50,2.8,union_t200_d3,478.6010636457528,976.3533346521414,1422.3989363542473,1901,1389.0,412.64666534785874,0.26415910854771374
calibration,27,h50,3.2,lappos_t200_d3,207.41308175477175,1171.6893969350315,670.5869182452283,878,1389.0,217.31060306496843,0.21203101208618716
calibration,27,h50,3.2,lapneg_t200_d3,226.79922424011,1150.4161768975314,662.20077575989,889,1389.0,238.5838231024688,0.22986957369407376
calibration,27,h50,3.2,step_t150_d3,250.06879390540593,1127.6460828300612,771.931206094594,1022,1389.0,261.3539171699389,0.22876128699084783
calibration,27,h50,3.2,cross_t200_d3,78.93175103278224,1303.3105756836164,136.06824896721776,215,1389.0,85.68942431638354,0.1760107506943103
calibration,27,h50,3.2,upface_t200_d3,25.570446715762273,1361.9891421778964,46.42955328423773,72,1389.0,27.010857822103432,0.07630419975885755
calibration,27,h50,3.2,union_t200_d3,497.4468144100354,990.6527556330287,1403.5531855899646,1901,1389.0,398.3472443669711,0.2735599245134966
calibration,27,h50,3.6,lappos_t200_d3,207.41308175477175,1171.6893969350315,670.5869182452283,878,1389.0,217.31060306496843,0.21203101208618716
calibration,27,h50,3.6,lapneg_t200_d3,226.79922424011,1150.4161768975314,662.20077575989,889,1389.0,238.5838231024688,0.22986957369407376
calibration,27,h50,3.6,step_t150_d3,250.06879390540593,1127.6460828300612,771.931206094594,1022,1389.0,261.3539171699389,0.22876128699084783
calibration,27,h50,3.6,cross_t200_d3,78.93175103278224,1303.3105756836164,136.06824896721776,215,1389.0,85.68942431638354,0.1760107506943103
calibration,27,h50,3.6,upface_t200_d3,25.570446715762273,1361.9891421778964,46.42955328423773,72,1389.0,27.010857822103432,0.07630419975885755
calibration,27,h50,3.6,union_t200_d3,497.4468144100354,990.6527556330287,1403.5531855899646,1901,1389.0,398.3472443669711,0.2735599245134966
calibration,27,h50,4.0,lappos_t200_d3,212.90703004790726,1172.6241703985772,665.0929699520927,878,1389.0,216.375829601423,0.21736158620949397
calibration,27,h50,4.0,lapneg_t200_d3,228.7263761896877,1154.521791802122,660.2736238103123,889,1389.0,234.47820819787808,0.2315396679923076
calibration,27,h50,4.0,step_t150_d3,250.92049623670513,1135.286134489272,771.0795037632948,1022,1389.0,253.71386551072823,0.2291843486765026
calibration,27,h50,4.0,cross_t200_d3,78.04759241861605,1307.8169413612013,136.95240758138397,215,1389.0,81.18305863879844,0.17375845970384693
calibration,27,h50,4.0,upface_t200_d3,27.348572961849765,1361.401164837063,44.65142703815023,72,1389.0,27.598835162936833,0.08155234005806508
calibration,27,h50,4.0,union_t200_d3,506.35278196291836,991.0709369377462,1394.6472180370815,1901,1389.0,397.92906306225376,0.2781722934794201
calibration,27,h50,4.6,lappos_t200_d3,202.59258671529477,1188.6733291783776,675.4074132847052,878,1389.0,200.32667082162254,0.20658943466496646
calibration,27,h50,4.6,lapneg_t200_d3,224.62650586657884,1165.1374261559213,664.3734941334212,889,1389.0,223.86257384407858,0.22708979740438276
calibration,27,h50,4.6,step_t150_d3,259.85412420197326,1131.0114549827733,762.1458757980267,1022,1389.0,257.9885450172265,0.23714227009803668
calibration,27,h50,4.6,cross_t200_d3,67.41515887395403,1321.7251032167105,147.58484112604597,215,1389.0,67.27489678328985,0.1498687298658929
calibration,27,h50,4.6,upface_t200_d3,22.665521168389315,1366.3344788316108,49.33447883161068,72,1389.0,22.66552116838931,0.06757758249370674
calibration,27,h50,4.6,union_t200_d3,476.4871026848234,1018.7361441354147,1424.5128973151766,1901,1389.0,370.26385586458514,0.2618284493961249
calibration,28,h50,2.0,lappos_t200_d3,31.39960527471701,214.82779578388582,162.600394725283,194,258.0,43.172204216114146,0.15358424770359272
calibration,28,h50,2.0,lapneg_t200_d3,40.785016325846726,202.21435233329294,186.21498367415327,227,258.0,55.785647666707064,0.17717219242856397
calibration,28,h50,2.0,step_t150_d3,42.24911670280972,202.2055887204669,216.75088329719028,259,258.0,55.794411279533065,0.1649770059177664
calibration,28,h50,2.0,cross_t200_d3,21.58067319700536,225.93268265368718,32.41932680299464,54,258.0,32.06731734631282,0.23279451308795426
calibration,28,h50,2.0,upface_t200_d3,4.64516829925134,250.16249189228807,7.35483170074866,12,258.0,7.83750810771193,0.07670163126509061
calibration,28,h50,2.0,union_t200_d3,99.76310389436262,166.5024980285891,361.23689610563736,461,258.0,91.4975019714109,0.23637570503792169
calibration,28,h50,2.4,lappos_t200_d3,36.49467972734405,215.0536372801425,157.50532027265595,194,258.0,42.94636271985746,0.1775813318133145
calibration,28,h50,2.4,lapneg_t200_d3,45.21561501501361,205.19390277022592,181.7843849849864,227,258.0,52.80609722977411,0.19516248062887573
calibration,28,h50,2.4,step_t150_d3,44.79628821201898,208.03798358755728,214.20371178798104,259,258.0,49.962016412442686,0.17378606851240283
calibration,28,h50,2.4,cross_t200_d3,21.697246017047732,232.02483476889915,32.30275398295227,54,258.0,25.975165231100824,0.2309583358391765
calibration,28,h50,2.4,upface_t200_d3,3.6637443292516205,252.84846602316358,8.336255670748379,12,258.0,5.1515339768364345,0.06015759310622503
calibration,28,h50,2.4,union_t200_d3,107.85452457536606,170.02671170138504,353.14547542463396,461,258.0,87.97328829861493,0.25414835366709143
calibration,28,h50,2.8,lappos_t200_d3,36.49467972734405,215.0536372801425,157.50532027265595,194,258.0,42.94636271985746,0.1775813318133145
calibration,28,h50,2.8,lapneg_t200_d3,45.21561501501361,205.19390277022592,181.7843849849864,227,258.0,52.80609722977411,0.19516248062887573
calibration,28,h50,2.8,step_t150_d3,44.79628821201898,208.03798358755728,214.20371178798104,259,258.0,49.962016412442686,0.17378606851240283
calibration,28,h50,2.8,cross_t200_d3,21.697246017047732,232.02483476889915,32.30275398295227,54,258.0,25.975165231100824,0.2309583358391765
calibration,28,h50,2.8,upface_t200_d3,3.6637443292516205,252.84846602316358,8.336255670748379,12,258.0,5.1515339768364345,0.06015759310622503
calibration,28,h50,2.8,union_t200_d3,107.85452457536606,170.02671170138504,353.14547542463396,461,258.0,87.97328829861493,0.25414835366709143
calibration,28,h50,3.2,lappos_t200_d3,40.951475960478994,215.35346892567975,153.048524039521,194,258.0,42.64653107432023,0.1983497035606803
calibration,28,h50,3.2,lapneg_t200_d3,51.048009882104,203.9793331601414,175.951990117896,227,258.0,54.02066683985858,0.21946177872556488
calibration,28,h50,3.2,step_t150_d3,54.80829153239976,200.96148516493054,204.19170846760025,259,258.0,57.038514835069456,0.21214419365240134
calibration,28,h50,3.2,cross_t200_d3,20.430916059306618,236.43612599385722,33.56908394069338,54,258.0,21.563874006142772,0.21603235415389113
calibration,28,h50,3.2,upface_t200_d3,3.9376958009605185,253.16249189228807,8.062304199039481,12,258.0,4.837508107711929,0.06453119269987898
calibration,28,h50,3.2,union_t200_d3,114.39397787667846,171.72071801087804,346.6060221233215,461,258.0,86.279281989122,0.26851600549381116
calibration,28,h50,3.6,lappos_t200_d3,40.951475960478994,215.35346892567975,153.048524039521,194,258.0,42.64653107432023,0.1983497035606803
calibration,28,h50,3.6,lapneg_t200_d3,51.048009882104,203.9793331601414,175.951990117896,227,258.0,54.02066683985858,0.21946177872556488
calibration,28,h50,3.6,step_t150_d3,54.80829153239976,200.96148516493054,204.19170846760025,259,258.0,57.038514835069456,0.21214419365240134
calibration,28,h50,3.6,cross_t200_d3,20.430916059306618,236.43612599385722,33.56908394069338,54,258.0,21.563874006142772,0.21603235415389113
calibration,28,h50,3.6,upface_t200_d3,3.9376958009605185,253.16249189228807,8.062304199039481,12,258.0,4.837508107711929,0.06453119269987898
calibration,28,h50,3.6,union_t200_d3,114.39397787667846,171.72071801087804,346.6060221233215,461,258.0,86.279281989122,0.26851600549381116
calibration,28,h50,4.0,lappos_t200_d3,36.23669931836014,221.0824397913859,157.76330068163986,194,258.0,36.917560208614084,0.17534127621781792
calibration,28,h50,4.0,lapneg_t200_d3,50.16020089573337,207.0401744907638,176.83979910426663,227,258.0,50.95982550923618,0.21524281125937247
calibration,28,h50,4.0,step_t150_d3,53.71029474235766,203.27551103405503,205.28970525764234,259,258.0,54.724488965944964,0.2076987021141561
calibration,28,h50,4.0,cross_t200_d3,19.295035775055418,238.13848525152648,34.70496422494458,54,258.0,19.861514748473493,0.2037776680157366
calibration,28,h50,4.0,upface_t200_d3,4.878313939336084,252.27906471233044,7.121686060663916,12,258.0,5.720935287669557,0.07993111555897425
calibration,28,h50,4.0,union_t200_d3,107.06753462310436,177.725099817291,353.9324653768956,461,258.0,80.27490018270899,0.2514747864374526
calibration,28,h50,4.6,lappos_t200_d3,37.64872197752673,220.49154011313746,156.35127802247325,194,258.0,37.50845988686254,0.18202908907837229
calibration,28,h50,4.6,lapneg_t200_d3,48.02358917727362,210.81903217105986,178.9764108227264,227,258.0,47.180967828940155,0.20578434614335664
calibration,28,h50,4.6,step_t150_d3,51.27677371577574,206.60884436738837,207.72322628422427,259,258.0,51.391155632611614,0.19815033492581777
calibration,28,h50,4.6,cross_t200_d3,17.668443505804362,240.2743655357777,36.33155649419564,54,258.0,17.7256344642223,0.18639847644838947
calibration,28,h50,4.6,upface_t200_d3,3.4284077859603785,254.5715922140396,8.571592214039622,12,258.0,3.4284077859603785,0.05601973506471115
calibration,28,h50,4.6,union_t200_d3,103.67846980035104,182.29157879070914,357.321530199649,461,258.0,75.70842120929093,0.24338011200892795
calibration,33,h50,2.0,lappos_t200_d3,0.2546440075000701,0.7453559924999299,0.7453559924999299,1,1.0,0.2546440075000701,0.2546440074998154
calibration,33,h50,2.0,lapneg_t200_d3,0.5285954792089682,0.4714045207910318,0.4714045207910318,1,1.0,0.5285954792089682,0.5285954792084395
calibration,33,h50,2.0,step_t150_d3,0.2546440075000701,0.7453559924999299,0.7453559924999299,1,1.0,0.2546440075000701,0.2546440074998154
calibration,33,h50,2.0,cross_t200_d3,0.0,1.0,0.0,0,1.0,0.0,0.0
calibration,33,h50,2.0,upface_t200_d3,0.0,1.0,0.0,0,1.0,0.0,0.0
calibration,33,h50,2.0,union_t200_d3,0.7832394867090383,0.4714045207910318,1.2167605132909616,2,1.0,0.5285954792089682,0.4231602458581166
calibration,33,h50,2.4,lappos_t200_d3,0.2546440075000701,0.7453559924999299,0.7453559924999299,1,1.0,0.2546440075000701,0.2546440074998154
calibration,33,h50,2.4,lapneg_t200_d3,0.5285954792089682,0.4714045207910318,0.4714045207910318,1,1.0,0.5285954792089682,0.5285954792084395
calibration,33,h50,2.4,step_t150_d3,0.2546440075000701,0.7453559924999299,0.7453559924999299,1,1.0,0.2546440075000701,0.2546440074998154
calibration,33,h50,2.4,cross_t200_d3,0.0,1.0,0.0,0,1.0,0.0,0.0
calibration,33,h50,2.4,upface_t200_d3,0.0,1.0,0.0,0,1.0,0.0,0.0
calibration,33,h50,2.4,union_t200_d3,0.7832394867090383,0.4714045207910318,1.2167605132909616,2,1.0,0.5285954792089682,0.4231602458581166
calibration,33,h50,2.8,lappos_t200_d3,0.2546440075000701,0.7453559924999299,0.7453559924999299,1,1.0,0.2546440075000701,0.2546440074998154
calibration,33,h50,2.8,lapneg_t200_d3,0.5285954792089682,0.4714045207910318,0.4714045207910318,1,1.0,0.5285954792089682,0.5285954792084395
calibration,33,h50,2.8,step_t150_d3,0.2546440075000701,0.7453559924999299,0.7453559924999299,1,1.0,0.2546440075000701,0.2546440074998154
calibration,33,h50,2.8,cross_t200_d3,0.0,1.0,0.0,0,1.0,0.0,0.0
calibration,33,h50,2.8,upface_t200_d3,0.0,1.0,0.0,0,1.0,0.0,0.0
calibration,33,h50,2.8,union_t200_d3,0.7832394867090383,0.4714045207910318,1.2167605132909616,2,1.0,0.5285954792089682,0.4231602458581166
calibration,33,h50,3.2,lappos_t200_d3,0.2546440075000701,0.7453559924999299,0.7453559924999299,1,1.0,0.2546440075000701,0.2546440074998154
calibration,33,h50,3.2,lapneg_t200_d3,0.5285954792089682,0.4714045207910318,0.4714045207910318,1,1.0,0.5285954792089682,0.5285954792084395
calibration,33,h50,3.2,step_t150_d3,0.2546440075000701,0.7453559924999299,0.7453559924999299,1,1.0,0.2546440075000701,0.2546440074998154
calibration,33,h50,3.2,cross_t200_d3,0.0,1.0,0.0,0,1.0,0.0,0.0
calibration,33,h50,3.2,upface_t200_d3,0.0,1.0,0.0,0,1.0,0.0,0.0
calibration,33,h50,3.2,union_t200_d3,0.7832394867090383,0.4714045207910318,1.2167605132909616,2,1.0,0.5285954792089682,0.4231602458581166
calibration,33,h50,3.6,lappos_t200_d3,0.2546440075000701,0.7453559924999299,0.7453559924999299,1,1.0,0.2546440075000701,0.2546440074998154
calibration,33,h50,3.6,lapneg_t200_d3,0.5285954792089682,0.4714045207910318,0.4714045207910318,1,1.0,0.5285954792089682,0.5285954792084395
calibration,33,h50,3.6,step_t150_d3,0.2546440075000701,0.7453559924999299,0.7453559924999299,1,1.0,0.2546440075000701,0.2546440074998154
calibration,33,h50,3.6,cross_t200_d3,0.0,1.0,0.0,0,1.0,0.0,0.0
calibration,33,h50,3.6,upface_t200_d3,0.0,1.0,0.0,0,1.0,0.0,0.0
calibration,33,h50,3.6,union_t200_d3,0.7832394867090383,0.4714045207910318,1.2167605132909616,2,1.0,0.5285954792089682,0.4231602458581166
calibration,33,h50,4.0,lappos_t200_d3,0.2546440075000701,0.7453559924999299,0.7453559924999299,1,1.0,0.2546440075000701,0.2546440074998154
calibration,33,h50,4.0,lapneg_t200_d3,0.5285954792089682,0.4714045207910318,0.4714045207910318,1,1.0,0.5285954792089682,0.5285954792084395
calibration,33,h50,4.0,step_t150_d3,0.2546440075000701,0.7453559924999299,0.7453559924999299,1,1.0,0.2546440075000701,0.2546440074998154
calibration,33,h50,4.0,cross_t200_d3,0.0,1.0,0.0,0,1.0,0.0,0.0
calibration,33,h50,4.0,upface_t200_d3,0.0,1.0,0.0,0,1.0,0.0,0.0
calibration,33,h50,4.0,union_t200_d3,0.7832394867090383,0.4714045207910318,1.2167605132909616,2,1.0,0.5285954792089682,0.4231602458581166
calibration,33,h50,4.6,lappos_t200_d3,0.2546440075000701,0.7453559924999299,0.7453559924999299,1,1.0,0.2546440075000701,0.2546440074998154
calibration,33,h50,4.6,lapneg_t200_d3,0.5285954792089682,0.4714045207910318,0.4714045207910318,1,1.0,0.5285954792089682,0.5285954792084395
calibration,33,h50,4.6,step_t150_d3,0.2546440075000701,0.7453559924999299,0.7453559924999299,1,1.0,0.2546440075000701,0.2546440074998154
calibration,33,h50,4.6,cross_t200_d3,0.0,1.0,0.0,0,1.0,0.0,0.0
calibration,33,h50,4.6,upface_t200_d3,0.0,1.0,0.0,0,1.0,0.0,0.0
calibration,33,h50,4.6,union_t200_d3,0.7832394867090383,0.4714045207910318,1.2167605132909616,2,1.0,0.5285954792089682,0.4231602458581166
calibration,34,h50,2.0,lappos_t200_d3,120.32478699729889,670.5264875792557,423.6752130027011,544,847.0,176.4735124207445,0.20278196623535183
calibration,34,h50,2.0,lapneg_t200_d3,139.53132102934677,652.4890181491152,548.4686789706532,688,847.0,194.51098185088475,0.196854571469095
calibration,34,h50,2.0,step_t150_d3,121.95033046220166,667.7789406835491,552.0496695377983,674,847.0,179.22105931645092,0.1749280006793481
calibration,34,h50,2.0,cross_t200_d3,73.98935945468811,726.4746237388314,128.0106405453119,202,847.0,120.52537626116843,0.2300000504449778
calibration,34,h50,2.0,upface_t200_d3,23.594867420592646,810.450006246724,47.40513257940735,71,847.0,36.54999375327609,0.10551842764234784
calibration,34,h50,2.0,union_t200_d3,330.8549625283683,526.8267332888614,1059.1450374716317,1390,847.0,320.1732667111386,0.25776828628319565
calibration,34,h50,2.4,lappos_t200_d3,136.41944398643798,683.9177433052153,407.58055601356205,544,847.0,163.08225669478463,0.22764367869716515
calibration,34,h50,2.4,lapneg_t200_d3,158.91704265177793,664.9145069970797,529.0829573482221,688,847.0,182.08549300292026,0.22220991179993246
calibration,34,h50,2.4,step_t150_d3,140.18848924955972,682.1213549998482,533.8115107504402,674,847.0,164.87864500015183,0.1992270372075021
calibration,34,h50,2.4,cross_t200_d3,74.07639832927856,756.4840220919368,127.92360167072144,202,847.0,90.51597790806298,0.22604109499433633
calibration,34,h50,2.4,upface_t200_d3,25.19922988821983,815.9141066236868,45.80077011178017,71,847.0,31.085893376313102,0.11198529548295441
calibration,34,h50,2.4,union_t200_d3,362.79505971048854,551.2734031341016,1027.2049402895113,1390,847.0,295.7265968658984,0.2801909354161221
calibration,34,h50,2.8,lappos_t200_d3,136.41944398643798,683.9177433052153,407.58055601356205,544,847.0,163.08225669478463,0.22764367869716515
calibration,34,h50,2.8,lapneg_t200_d3,158.91704265177793,664.9145069970797,529.0829573482221,688,847.0,182.08549300292026,0.22220991179993246
calibration,34,h50,2.8,step_t150_d3,140.18848924955972,682.1213549998482,533.8115107504402,674,847.0,164.87864500015183,0.1992270372075021
calibration,34,h50,2.8,cross_t200_d3,74.07639832927856,756.4840220919368,127.92360167072144,202,847.0,90.51597790806298,0.22604109499433633
calibration,34,h50,2.8,upface_t200_d3,25.19922988821983,815.9141066236868,45.80077011178017,71,847.0,31.085893376313102,0.11198529548295441
calibration,34,h50,2.8,union_t200_d3,362.79505971048854,551.2734031341016,1027.2049402895113,1390,847.0,295.7265968658984,0.2801909354161221
calibration,34,h50,3.2,lappos_t200_d3,151.06492625640993,684.8244456917259,392.93507374359007,544,847.0,162.17555430827397,0.2507810008949608
calibration,34,h50,3.2,lapneg_t200_d3,170.92570957067488,666.527219013464,517.0742904293252,688,847.0,180.47278098653592,0.23809437394976002
calibration,34,h50,3.2,step_t150_d3,165.91704265177793,670.2411675274454,508.08295734822207,674,847.0,176.75883247255473,0.2348663802397444
calibration,34,h50,3.2,cross_t200_d3,73.93175103278222,767.100387879945,128.06824896721778,202,847.0,79.89961212005501,0.22416710168404647
calibration,34,h50,3.2,upface_t200_d3,26.41087716088925,818.2088250286026,44.58912283911075,71,847.0,28.791174971397425,0.11700521047812978
calibration,34,h50,3.2,union_t200_d3,386.1515647576075,556.8905003563182,1003.8484352423925,1390,847.0,290.10949964368194,0.29690071269040935
calibration,34,h50,3.6,lappos_t200_d3,151.06492625640993,684.8244456917259,392.93507374359007,544,847.0,162.17555430827397,0.2507810008949608
calibration,34,h50,3.6,lapneg_t200_d3,170.92570957067488,666.527219013464,517.0742904293252,688,847.0,180.47278098653592,0.23809437394976002
calibration,34,h50,3.6,step_t150_d3,165.91704265177793,670.2411675274454,508.08295734822207,674,847.0,176.75883247255473,0.2348663802397444
calibration,34,h50,3.6,cross_t200_d3,73.93175103278222,767.100387879945,128.06824896721778,202,847.0,79.89961212005501,0.22416710168404647
calibration,34,h50,3.6,upface_t200_d3,26.41087716088925,818.2088250286026,44.58912283911075,71,847.0,28.791174971397425,0.11700521047812978
calibration,34,h50,3.6,union_t200_d3,386.1515647576075,556.8905003563182,1003.8484352423925,1390,847.0,290.10949964368194,0.29690071269040935
calibration,34,h50,4.0,lappos_t200_d3,156.54906213237115,684.7548373488584,387.45093786762885,544,847.0,162.2451626511415,0.2594187846959775
calibration,34,h50,4.0,lapneg_t200_d3,172.61241173633977,667.4153453699745,515.3875882636603,688,847.0,179.5846546300255,0.24027154494400893
calibration,34,h50,4.0,step_t150_d3,169.49260260816175,670.8684878314859,504.50739739183825,674,847.0,176.13151216851426,0.23964266978614707
calibration,34,h50,4.0,cross_t200_d3,73.26289346290906,770.0493555670777,128.73710653709094,202,847.0,76.95064443292225,0.22183234426422044
calibration,34,h50,4.0,upface_t200_d3,24.805783259053513,820.5778509529387,46.19421674094649,71,847.0,26.42214904706148,0.10982000494615458
calibration,34,h50,4.0,union_t200_d3,390.35663592123836,558.2926139043814,999.6433640787616,1390,847.0,288.70738609561863,0.2998753051039711
calibration,34,h50,4.6,lappos_t200_d3,145.6575993743769,702.720190162785,398.3424006256231,544,847.0,144.27980983721497,0.24080589382430867
calibration,34,h50,4.6,lapneg_t200_d3,176.39231482156498,672.166860008025,511.607685178435,688,847.0,174.83313999197492,0.24495127875507444
calibration,34,h50,4.6,step_t150_d3,181.2218874445885,666.1158276951578,492.7781125554115,674,847.0,180.88417230484217,0.2557220084756175
calibration,34,h50,4.6,cross_t200_d3,65.07201312344642,781.896676091964,136.92798687655358,202,847.0,65.10332390803602,0.19659590404183308
calibration,34,h50,4.6,upface_t200_d3,20.36933989505654,826.5734691465254,50.63066010494346,71,847.0,20.426530853474475,0.09005468593199004
calibration,34,h50,4.6,union_t200_d3,371.2057298858431,578.792406872347,1018.7942701141569,1390,847.0,268.207593127653,0.2851043288245038
selection,35,h50,2.0,lappos_t200_d3,155.38334073078573,1175.998720228184,683.6166592692143,839,1394.0,218.00127977181575,0.1657464003467603
selection,35,h50,2.0,lapneg_t200_d3,219.0762015420013,1088.3398718627623,934.9237984579987,1154,1394.0,305.6601281372375,0.18492386726438137
selection,35,h50,2.0,step_t150_d3,191.01285193803267,1134.3693057148662,913.9871480619673,1105,1394.0,259.6306942851337,0.16623163324619036
selection,35,h50,2.0,cross_t200_d3,80.93029496320342,1275.2917789774056,168.06970503679656,249,1394.0,118.70822102259449,0.1720294521928856
selection,35,h50,2.0,upface_t200_d3,27.352226733473355,1350.3480383149183,58.64777326652664,86,1394.0,43.65196168508152,0.07943376465910135
selection,35,h50,2.0,union_t200_d3,452.6212060369375,928.42846690028,1706.3787939630624,2159,1394.0,465.57153309972006,0.22592540758771085
selection,35,h50,2.4,lappos_t200_d3,187.17305283376606,1178.6275034006417,651.8269471662339,839,1394.0,215.37249659935827,0.19820093056094118
selection,35,h50,2.4,lapneg_t200_d3,253.7518490982855,1104.5503770365738,900.2481509017146,1154,1394.0,289.44962296342624,0.21236944457566626
selection,35,h50,2.4,step_t150_d3,224.5198489564781,1140.6836489541306,880.4801510435219,1105,1394.0,253.3163510458695,0.1940466303713999
selection,35,h50,2.4,cross_t200_d3,92.40566722633864,1285.4815138185907,156.59433277366136,249,1394.0,108.51848618140923,0.19462944145825758
selection,35,h50,2.4,upface_t200_d3,28.46660865030923,1360.683879921598,57.533391349690774,86,1394.0,33.31612007840194,0.08212388029202602
selection,35,h50,2.4,union_t200_d3,521.8610381706659,946.5184315117049,1637.1389618293342,2159,1394.0,447.48156848829535,0.2582350750664505
selection,35,h50,2.8,lappos_t200_d3,187.17305283376606,1178.6275034006417,651.8269471662339,839,1394.0,215.37249659935827,0.19820093056094118
selection,35,h50,2.8,lapneg_t200_d3,253.7518490982855,1104.5503770365738,900.2481509017146,1154,1394.0,289.44962296342624,0.21236944457566626
selection,35,h50,2.8,step_t150_d3,224.5198489564781,1140.6836489541306,880.4801510435219,1105,1394.0,253.3163510458695,0.1940466303713999
selection,35,h50,2.8,cross_t200_d3,92.40566722633864,1285.4815138185907,156.59433277366136,249,1394.0,108.51848618140923,0.19462944145825758
selection,35,h50,2.8,upface_t200_d3,28.46660865030923,1360.683879921598,57.533391349690774,86,1394.0,33.31612007840194,0.08212388029202602
selection,35,h50,2.8,union_t200_d3,521.8610381706659,946.5184315117049,1637.1389618293342,2159,1394.0,447.48156848829535,0.2582350750664505
selection,35,h50,3.2,lappos_t200_d3,196.40651244457138,1187.3494874926596,642.5934875554286,839,1394.0,206.65051250734044,0.20719053095472867
selection,35,h50,3.2,lapneg_t200_d3,279.8293895264223,1104.8967590952168,874.1706104735777,1154,1394.0,289.103240904783,0.2331629394475022
selection,35,h50,3.2,step_t150_d3,249.9441889067461,1133.5463058014623,855.0558110932539,1105,1394.0,260.4536941985378,0.21533953500453934
selection,35,h50,3.2,cross_t200_d3,92.6752334922154,1294.7288536822632,156.3247665077846,249,1394.0,99.27114631773716,0.19441779510011986
selection,35,h50,3.2,upface_t200_d3,29.999585935931197,1362.3097407566406,56.000414064068806,86,1394.0,31.69025924335944,0.08638894428182377
selection,35,h50,3.2,union_t200_d3,552.2619994216135,956.1027550809144,1606.7380005783866,2159,1394.0,437.8972449190855,0.2722013712965587
selection,35,h50,3.6,lappos_t200_d3,196.40651244457138,1187.3494874926596,642.5934875554286,839,1394.0,206.65051250734044,0.20719053095472867
selection,35,h50,3.6,lapneg_t200_d3,279.8293895264223,1104.8967590952168,874.1706104735777,1154,1394.0,289.103240904783,0.2331629394475022
selection,35,h50,3.6,step_t150_d3,249.9441889067461,1133.5463058014623,855.0558110932539,1105,1394.0,260.4536941985378,0.21533953500453934
selection,35,h50,3.6,cross_t200_d3,92.6752334922154,1294.7288536822632,156.3247665077846,249,1394.0,99.27114631773716,0.19441779510011986
selection,35,h50,3.6,upface_t200_d3,29.999585935931197,1362.3097407566406,56.000414064068806,86,1394.0,31.69025924335944,0.08638894428182377
selection,35,h50,3.6,union_t200_d3,552.2619994216135,956.1027550809144,1606.7380005783866,2159,1394.0,437.8972449190855,0.2722013712965587
selection,35,h50,4.0,lappos_t200_d3,199.75549947048995,1187.2937560032394,639.2445005295101,839,1394.0,206.7062439967604,0.21057708734519393
selection,35,h50,4.0,lapneg_t200_d3,270.8264671890072,1118.431513219977,883.1735328109928,1154,1394.0,275.5684867800233,0.2254911180106891
selection,35,h50,4.0,step_t150_d3,254.43343802332888,1133.9936069875625,850.5665619766711,1105,1394.0,260.0063930124374,0.219020946679422
selection,35,h50,4.0,cross_t200_d3,87.88834023388276,1302.431212939932,161.11165976611724,249,1394.0,91.56878706006792,0.18415040038747266
selection,35,h50,4.0,upface_t200_d3,30.113967852767068,1362.8503395562307,55.88603214723293,86,1394.0,31.149660443769683,0.08668562653911843
selection,35,h50,4.0,union_t200_d3,541.3311903009931,967.2433345417185,1617.668809699007,2159,1394.0,426.75666545828165,0.2668082278736012
selection,35,h50,4.6,lappos_t200_d3,197.9948037561254,1196.2813386187897,641.0051962438746,839,1394.0,197.71866138120993,0.20840346731625697
selection,35,h50,4.6,lapneg_t200_d3,280.0526226559845,1116.1302221054418,873.9473773440154,1154,1394.0,277.86977789455847,0.23290427943321915
selection,35,h50,4.6,step_t150_d3,272.7200241562789,1122.1484773658826,832.2799758437211,1105,1394.0,271.8515226341171,0.23450231426977977
selection,35,h50,4.6,cross_t200_d3,75.20414634156411,1318.7386627000178,173.79585365843587,249,1394.0,75.26133729998205,0.15733461498964155
selection,35,h50,4.6,upface_t200_d3,27.033087623727308,1366.8525304594366,58.96691237627269,86,1394.0,27.14746954056318,0.07777579646911377
selection,35,h50,4.6,union_t200_d3,539.6403202062876,974.7602440706862,1619.3596797937125,2159,1394.0,419.2397559293137,0.26582217952337855
calibration,36,h50,2.0,lappos_t200_d3,69.95471566803378,596.6574685002574,139.04528433196623,209,702.0,105.34253149974239,0.2327770146052492
calibration,36,h50,2.0,lapneg_t200_d3,82.11574469190477,579.1339862616701,194.88425530809525,277,702.0,122.86601373832987,0.23206374785668754
calibration,36,h50,2.0,step_t150_d3,69.7772981179499,594.6760479296771,223.2227018820501,293,702.0,107.32395207032299,0.18997841210647365
calibration,36,h50,2.0,cross_t200_d3,18.599980661214186,675.0055273046903,25.400019338785814,44,702.0,26.99447269530965,0.10694493359823191
calibration,36,h50,2.0,upface_t200_d3,10.033501687796111,685.4674367784468,9.966498312203889,20,702.0,16.53256322155316,0.06469045484096987
calibration,36,h50,2.0,union_t200_d3,169.18265137356792,509.52711552069684,349.8173486264321,519,702.0,192.4728844793033,0.3070789042947141
calibration,36,h50,2.4,lappos_t200_d3,77.47454413499761,607.8498083087183,131.52545586500239,209,702.0,94.15019169128182,0.2546286201576585
calibration,36,h50,2.4,lapneg_t200_d3,89.40534985619891,595.5270188267676,187.5946501438011,277,702.0,106.4729811732323,0.24932716765516674
calibration,36,h50,2.4,step_t150_d3,83.43957957878442,602.7518149180953,209.56042042121558,293,702.0,99.24818508190477,0.2245182595988077
calibration,36,h50,2.4,cross_t200_d3,17.3639126837144,680.8867635814414,26.6360873162856,44,702.0,21.11323641855852,0.09930740207084446
calibration,36,h50,2.4,upface_t200_d3,8.93550489775402,689.1297216387005,11.06449510224598,20,702.0,12.870278361299492,0.0574213098915256
calibration,36,h50,2.4,union_t200_d3,182.6343309666622,531.4728468996939,336.3656690333378,519,702.0,170.5271531003062,0.3272890955865099
calibration,36,h50,2.8,lappos_t200_d3,77.47454413499761,607.8498083087183,131.52545586500239,209,702.0,94.15019169128182,0.2546286201576585
calibration,36,h50,2.8,lapneg_t200_d3,89.40534985619891,595.5270188267676,187.5946501438011,277,702.0,106.4729811732323,0.24932716765516674
calibration,36,h50,2.8,step_t150_d3,83.43957957878442,602.7518149180953,209.56042042121558,293,702.0,99.24818508190477,0.2245182595988077
calibration,36,h50,2.8,cross_t200_d3,17.3639126837144,680.8867635814414,26.6360873162856,44,702.0,21.11323641855852,0.09930740207084446
calibration,36,h50,2.8,upface_t200_d3,8.93550489775402,689.1297216387005,11.06449510224598,20,702.0,12.870278361299492,0.0574213098915256
calibration,36,h50,2.8,union_t200_d3,182.6343309666622,531.4728468996939,336.3656690333378,519,702.0,170.5271531003062,0.3272890955865099
calibration,36,h50,3.2,lappos_t200_d3,78.60457974441871,617.6563230019802,130.39542025558129,209,702.0,84.34367699801976,0.25649867983816893
calibration,36,h50,3.2,lapneg_t200_d3,92.61042101982969,603.1098829269795,184.3895789801703,277,702.0,98.89011707302045,0.2567205703045644
calibration,36,h50,3.2,step_t150_d3,91.34920430271012,604.937578617517,201.65079569728988,293,702.0,97.06242138248282,0.24447318564210582
calibration,36,h50,3.2,cross_t200_d3,15.890317259716866,685.1169868841112,28.109682740283134,44,702.0,16.883013115888826,0.09059398470591748
calibration,36,h50,3.2,upface_t200_d3,9.347527556920616,691.2648704887432,10.652472443079384,20,702.0,10.735129511256838,0.05987304057892858
calibration,36,h50,3.2,union_t200_d3,186.24996192104248,547.2414780987467,332.7500380789575,519,702.0,154.7585219012532,0.3314656155701444
calibration,36,h50,3.6,lappos_t200_d3,78.60457974441871,617.6563230019802,130.39542025558129,209,702.0,84.34367699801976,0.25649867983816893
calibration,36,h50,3.6,lapneg_t200_d3,92.61042101982969,603.1098829269795,184.3895789801703,277,702.0,98.89011707302045,0.2567205703045644
calibration,36,h50,3.6,step_t150_d3,91.34920430271012,604.937578617517,201.65079569728988,293,702.0,97.06242138248282,0.24447318564210582
calibration,36,h50,3.6,cross_t200_d3,15.890317259716866,685.1169868841112,28.109682740283134,44,702.0,16.883013115888826,0.09059398470591748
calibration,36,h50,3.6,upface_t200_d3,9.347527556920616,691.2648704887432,10.652472443079384,20,702.0,10.735129511256838,0.05987304057892858
calibration,36,h50,3.6,union_t200_d3,186.24996192104248,547.2414780987467,332.7500380789575,519,702.0,154.7585219012532,0.3314656155701444
calibration,36,h50,4.0,lappos_t200_d3,77.40639526112804,621.5251418942818,131.59360473887196,209,702.0,80.47485810571823,0.2521493414767544
calibration,36,h50,4.0,lapneg_t200_d3,92.33354721070573,607.4664914668658,184.66645278929428,277,702.0,94.53350853313411,0.2553754431774673
calibration,36,h50,4.0,step_t150_d3,90.81257324546456,609.2894879808507,202.18742675453544,293,702.0,92.7105120191492,0.2425417265605108
calibration,36,h50,4.0,cross_t200_d3,16.90889328971715,684.607698869111,27.09110671028285,44,702.0,17.392301130888963,0.09634514857501741
calibration,36,h50,4.0,upface_t200_d3,8.111459579420828,693.633896413079,11.888540420579172,20,702.0,8.366103586920897,0.051880446217186085
calibration,36,h50,4.0,union_t200_d3,182.39638265725733,554.2031805404689,336.60361734274267,519,702.0,147.79681945953115,0.32424875734867364
calibration,36,h50,4.6,lappos_t200_d3,66.40858616433454,635.5914138356653,142.59141383566546,209,702.0,66.40858616433455,0.2158926728359373
calibration,36,h50,4.6,lapneg_t200_d3,87.3633985262974,615.3433425377849,189.6366014737026,277,702.0,86.65665746221512,0.24124115889400474
calibration,36,h50,4.6,step_t150_d3,95.09560570013919,607.668326322361,197.90439429986083,293,702.0,94.33167367763896,0.25362021339281243
calibration,36,h50,4.6,cross_t200_d3,14.028388447174565,687.9144205944075,29.971611552825436,44,702.0,14.085579405592505,0.07989352098281186
calibration,36,h50,4.6,upface_t200_d3,7.1136504826273255,694.8291585589548,12.886349517372675,20,702.0,7.170841441045261,0.04548702539605419
calibration,36,h50,4.6,union_t200_d3,164.89982939684654,569.4082517040997,354.10017060315346,519,702.0,132.59174829590035,0.29338390069363185
calibration,42,h50,2.0,lappos_t200_d3,20.54278970279626,181.3789384348584,18.45721029720374,39,220.0,38.62106156514157,0.28697321352470856
calibration,42,h50,2.0,lapneg_t200_d3,22.876123036129588,178.46712280772624,19.123876963870412,42,220.0,41.53287719227376,0.30968649479244065
calibration,42,h50,2.0,step_t150_d3,21.400336708925558,181.4707731799307,26.599663291074442,48,220.0,38.52922682006931,0.27097875956218737
calibration,42,h50,2.0,cross_t200_d3,10.78104858350254,196.61281210973254,5.218951416497459,16,220.0,23.38718789026742,0.19862366370344123
calibration,42,h50,2.0,upface_t200_d3,1.8619288125423017,215.7118543047038,1.1380711874576983,3,220.0,4.288145695296182,0.04055186065369127
calibration,42,h50,2.0,union_t200_d3,49.67136584321941,152.61176670480344,40.32863415678059,90,220.0,67.38823329519657,0.44169354341228345
calibration,42,h50,2.4,lappos_t200_d3,21.57848229379886,189.8452297150279,17.42151770620114,39,220.0,30.154770284972077,0.29364574996836595
calibration,42,h50,2.4,lapneg_t200_d3,21.61198398159497,190.32977965505796,20.38801601840503,42,220.0,29.670220344942056,0.2844117974124941
calibration,42,h50,2.4,step_t150_d3,25.456796233134945,187.15601587659762,22.543203766865055,48,220.0,32.843984123402365,0.3145821816713833
calibration,42,h50,2.4,cross_t200_d3,9.954812361962848,206.31224902998682,6.045187638037152,16,220.0,13.68775097001319,0.17759511789437504
calibration,42,h50,2.4,upface_t200_d3,1.5857864376269046,217.16176045807953,1.4142135623730954,3,220.0,2.8382395419204762,0.03436193491460206
calibration,42,h50,2.4,union_t200_d3,49.69756338718747,169.22343331625868,40.30243661281253,90,220.0,50.776566683741336,0.4292257809803084
calibration,42,h50,2.8,lappos_t200_d3,21.57848229379886,189.8452297150279,17.42151770620114,39,220.0,30.154770284972077,0.29364574996836595
calibration,42,h50,2.8,lapneg_t200_d3,21.61198398159497,190.32977965505796,20.38801601840503,42,220.0,29.670220344942056,0.2844117974124941
calibration,42,h50,2.8,step_t150_d3,25.456796233134945,187.15601587659762,22.543203766865055,48,220.0,32.843984123402365,0.3145821816713833
calibration,42,h50,2.8,cross_t200_d3,9.954812361962848,206.31224902998682,6.045187638037152,16,220.0,13.68775097001319,0.17759511789437504
calibration,42,h50,2.8,upface_t200_d3,1.5857864376269046,217.16176045807953,1.4142135623730954,3,220.0,2.8382395419204762,0.03436193491460206
calibration,42,h50,2.8,union_t200_d3,49.69756338718747,169.22343331625868,40.30243661281253,90,220.0,50.776566683741336,0.4292257809803084
calibration,42,h50,3.2,lappos_t200_d3,17.499792967965597,200.20841096453378,21.500207032034403,39,220.0,19.791589035466227,0.2341371260226099
calibration,42,h50,3.2,lapneg_t200_d3,20.516178094759383,197.9246470756506,21.483821905240617,42,220.0,22.075352924349414,0.26545044879396523
calibration,42,h50,3.2,step_t150_d3,24.123462899801613,193.80807425560823,23.876537100198387,48,220.0,26.19192574439179,0.2942377045103489
calibration,42,h50,3.2,cross_t200_d3,8.095074452627046,211.65028153987288,7.9049255473729545,16,220.0,8.349718460127114,0.14264681838248083
calibration,42,h50,3.2,upface_t200_d3,1.3118349659180066,218.68816503408198,1.6881650340819934,3,220.0,1.3118349659180066,0.02827230529995643
calibration,42,h50,3.2,union_t200_d3,43.52525907772511,183.98695127469009,46.47474092227489,90,220.0,36.01304872530993,0.37042003817772917
calibration,42,h50,3.6,lappos_t200_d3,17.499792967965597,200.20841096453378,21.500207032034403,39,220.0,19.791589035466227,0.2341371260226099
calibration,42,h50,3.6,lapneg_t200_d3,20.516178094759383,197.9246470756506,21.483821905240617,42,220.0,22.075352924349414,0.26545044879396523
calibration,42,h50,3.6,step_t150_d3,24.123462899801613,193.80807425560823,23.876537100198387,48,220.0,26.19192574439179,0.2942377045103489
calibration,42,h50,3.6,cross_t200_d3,8.095074452627046,211.65028153987288,7.9049255473729545,16,220.0,8.349718460127114,0.14264681838248083
calibration,42,h50,3.6,upface_t200_d3,1.3118349659180066,218.68816503408198,1.6881650340819934,3,220.0,1.3118349659180066,0.02827230529995643
calibration,42,h50,3.6,union_t200_d3,43.52525907772511,183.98695127469009,46.47474092227489,90,220.0,36.01304872530993,0.37042003817772917
calibration,42,h50,4.0,lappos_t200_d3,15.4997929679656,203.73627500953418,23.5002070320344,39,220.0,16.26372499046581,0.2065338901389246
calibration,42,h50,4.0,lapneg_t200_d3,18.713631143841514,199.8415759434043,23.286368856158486,42,220.0,20.158424056595674,0.24205638419478842
calibration,42,h50,4.0,step_t150_d3,22.513987191552886,195.55781205452115,25.486012808447114,48,220.0,24.442187945478857,0.27451274670612646
calibration,42,h50,4.0,cross_t200_d3,7.173763778460309,212.31694820653954,8.826236221539691,16,220.0,7.683051793460448,0.1265255522523038
calibration,42,h50,4.0,upface_t200_d3,1.7238576250846032,218.2761423749154,1.2761423749153968,3,220.0,1.7238576250846032,0.0371521039888915
calibration,42,h50,4.0,union_t200_d3,39.27061507022505,189.13702578252855,50.72938492977495,90,220.0,30.862974217471447,0.33370245679773564
calibration,42,h50,4.6,lappos_t200_d3,13.344605219505572,206.71258573891234,25.655394780494426,39,220.0,13.287414261087633,0.17742786922243645
calibration,42,h50,4.6,lapneg_t200_d3,14.008349548757192,205.93445949282489,27.99165045124281,42,220.0,14.065540507175127,0.18054658086542222
calibration,42,h50,4.6,step_t150_d3,19.53256322155316,200.41024582002888,28.46743677844684,48,220.0,19.5897541799711,0.23707857975476013
calibration,42,h50,4.6,cross_t200_d3,5.759550216087213,214.2404497839128,10.240449783912787,16,220.0,5.759550216087213,0.10140053197336463
calibration,42,h50,4.6,upface_t200_d3,1.0571909584179364,218.94280904158205,1.9428090415820636,3,220.0,1.0571909584179364,0.022784287896937795
calibration,42,h50,4.6,union_t200_d3,31.524527643516564,196.50605170686447,58.475472356483436,90,220.0,23.49394829313551,0.26805177103495703
calibration,43,h50,2.0,lappos_t200_d3,104.53570283575976,572.147549144397,440.46429716424024,545,712.0,139.8524508556029,0.18296691235071114
calibration,43,h50,2.0,lapneg_t200_d3,113.58088707437776,564.9872515547346,547.4191129256222,661,712.0,147.01274844526532,0.17092333751391614
calibration,43,h50,2.0,step_t150_d3,110.78053442608554,567.9631482200441,575.2194655739145,686,712.0,144.03685177995595,0.1618300181047164
calibration,43,h50,2.0,cross_t200_d3,49.730333640775044,640.5480997306951,124.26966635922496,174,712.0,71.45190026930494,0.17936632513220743
calibration,43,h50,2.0,upface_t200_d3,14.711440240635014,692.9395727334463,46.288559759364986,61,712.0,19.060427266553578,0.07729430242846602
calibration,43,h50,2.0,union_t200_d3,262.4542083559548,460.14984014095177,1078.5457916440453,1341,712.0,251.8501598590482,0.21559987002996192
calibration,43,h50,2.4,lappos_t200_d3,112.77135334977159,586.0579053025313,432.2286466502284,545,712.0,125.94209469746865,0.19586321941608348
calibration,43,h50,2.4,lapneg_t200_d3,126.29921739477201,573.2702840094094,534.700782605228,661,712.0,138.72971599059068,0.18886883814099062
calibration,43,h50,2.4,step_t150_d3,124.45262830409435,571.2920997469644,561.5473716959057,686,712.0,140.70790025303563,0.18090387244318618
calibration,43,h50,2.4,cross_t200_d3,50.33396467419368,652.9648215664143,123.66603532580632,174,712.0,59.03517843358561,0.1798542426004028
calibration,43,h50,2.4,upface_t200_d3,16.26299355625726,693.1519514403244,44.73700644374274,61,712.0,18.848048559675618,0.08528811952027604
calibration,43,h50,2.4,union_t200_d3,286.4668396177767,477.00154247225106,1054.5331603822233,1341,712.0,234.99845752774897,0.23375627727030804
calibration,43,h50,2.8,lappos_t200_d3,112.77135334977159,586.0579053025313,432.2286466502284,545,712.0,125.94209469746865,0.19586321941608348
calibration,43,h50,2.8,lapneg_t200_d3,126.29921739477201,573.2702840094094,534.700782605228,661,712.0,138.72971599059068,0.18886883814099062
calibration,43,h50,2.8,step_t150_d3,124.45262830409435,571.2920997469644,561.5473716959057,686,712.0,140.70790025303563,0.18090387244318618
calibration,43,h50,2.8,cross_t200_d3,50.33396467419368,652.9648215664143,123.66603532580632,174,712.0,59.03517843358561,0.1798542426004028
calibration,43,h50,2.8,upface_t200_d3,16.26299355625726,693.1519514403244,44.73700644374274,61,712.0,18.848048559675618,0.08528811952027604
calibration,43,h50,2.8,union_t200_d3,286.4668396177767,477.00154247225106,1054.5331603822233,1341,712.0,234.99845752774897,0.23375627727030804
calibration,43,h50,3.2,lappos_t200_d3,115.87331788215786,591.0943259283232,429.12668211784217,545,712.0,120.90567407167661,0.20068343704957076
calibration,43,h50,3.2,lapneg_t200_d3,145.69224995986954,561.4826593168681,515.3077500401305,661,712.0,150.51734068313186,0.2173748818012503
calibration,43,h50,3.2,step_t150_d3,139.58370931844462,564.0618764442946,546.4162906815554,686,712.0,147.9381235557053,0.2024333793108894
calibration,43,h50,3.2,cross_t200_d3,50.367466361989784,657.7429478125019,123.63253363801022,174,712.0,54.2570521874981,0.17935721383991649
calibration,43,h50,3.2,upface_t200_d3,17.65132694480203,693.101333191526,43.34867305519797,61,712.0,18.898666808474058,0.09243926559095171
calibration,43,h50,3.2,union_t200_d3,308.0882219524772,476.54036103328383,1032.9117780475228,1341,712.0,235.45963896671608,0.2505340969895355
calibration,43,h50,3.6,lappos_t200_d3,115.87331788215786,591.0943259283232,429.12668211784217,545,712.0,120.90567407167661,0.20068343704957076
calibration,43,h50,3.6,lapneg_t200_d3,145.69224995986954,561.4826593168681,515.3077500401305,661,712.0,150.51734068313186,0.2173748818012503
calibration,43,h50,3.6,step_t150_d3,139.58370931844462,564.0618764442946,546.4162906815554,686,712.0,147.9381235557053,0.2024333793108894
calibration,43,h50,3.6,cross_t200_d3,50.367466361989784,657.7429478125019,123.63253363801022,174,712.0,54.2570521874981,0.17935721383991649
calibration,43,h50,3.6,upface_t200_d3,17.65132694480203,693.101333191526,43.34867305519797,61,712.0,18.898666808474058,0.09243926559095171
calibration,43,h50,3.6,union_t200_d3,308.0882219524772,476.54036103328383,1032.9117780475228,1341,712.0,235.45963896671608,0.2505340969895355
calibration,43,h50,4.0,lappos_t200_d3,118.6663697860412,590.922021618861,426.3336302139588,545,712.0,121.077978381139,0.2053343828121244
calibration,43,h50,4.0,lapneg_t200_d3,147.571291933995,561.8079604715839,513.428708066005,661,712.0,150.19203952841596,0.22003370455061574
calibration,43,h50,4.0,step_t150_d3,140.40702320256923,567.2771740891686,545.5929767974308,686,712.0,144.72282591083146,0.20338915030629864
calibration,43,h50,4.0,cross_t200_d3,50.15289675190533,659.8544073919228,123.84710324809467,174,712.0,52.14559260807728,0.1783521913580853
calibration,43,h50,4.0,upface_t200_d3,17.239304285635434,693.8251908166105,43.760695714364566,61,712.0,18.174809183389456,0.09025204252718955
calibration,43,h50,4.0,union_t200_d3,312.68600831106573,477.2686004647814,1028.3139916889343,1341,712.0,234.73139953521843,0.25405290434313543
calibration,43,h50,4.6,lappos_t200_d3,112.98655430071639,600.2680897067837,432.0134456992836,545,712.0,111.73191029321632,0.19525857244320613
calibration,43,h50,4.6,lapneg_t200_d3,148.9472079380902,565.178445864918,512.0527920619098,661,712.0,146.8215541350821,0.22177134403742504
calibration,43,h50,4.6,step_t150_d3,143.4940620771597,568.3915560060044,542.5059379228403,686,712.0,143.60844399399554,0.20760823408957277
calibration,43,h50,4.6,cross_t200_d3,43.259974524913154,668.937478524169,130.74002547508684,174,712.0,43.06252147583101,0.15360052821869855
calibration,43,h50,4.6,upface_t200_d3,16.67063440901086,695.2721746325711,44.32936559098914,61,712.0,16.727825367428796,0.08719472677306171
calibration,43,h50,4.6,union_t200_d3,303.35403775280133,488.67331898012003,1037.6459622471987,1341,712.0,223.3266810198799,0.24638782462607084
selection,44,h50,2.0,lappos_t200_d3,148.71781616297724,1131.210370900273,514.2821838370228,663,1342.0,210.78962909972728,0.18911563117084051
selection,44,h50,2.0,lapneg_t200_d3,214.31779682419145,1037.2851891776909,707.6822031758086,922,1342.0,304.7148108223091,0.21693828171164437
selection,44,h50,2.0,step_t150_d3,211.9739230388944,1054.2585741702346,833.0260769611056,1045,1342.0,287.74142582976515,0.19460601723073545
selection,44,h50,2.0,cross_t200_d3,71.38280608385442,1234.2982549930962,106.61719391614558,178,1342.0,107.70174500690406,0.17689318560028805
selection,44,h50,2.0,upface_t200_d3,27.45898713634144,1297.2368995050565,45.54101286365856,73,1342.0,44.763100494943465,0.08492316756426585
selection,44,h50,2.0,union_t200_d3,435.5142249578587,884.6616159397838,1283.4857750421413,1719,1342.0,457.3383840602162,0.2656813576306588
selection,44,h50,2.4,lappos_t200_d3,171.76363514187474,1141.893740063873,491.2363648581253,663,1342.0,200.10625993612706,0.21656388700620288
selection,44,h50,2.4,lapneg_t200_d3,239.4440819680599,1067.994755885259,682.5559180319401,922,1342.0,274.0052441147409,0.23966271006428289
selection,44,h50,2.4,step_t150_d3,252.613878004176,1058.437765160037,792.3861219958239,1045,1342.0,283.5622348399627,0.23002322179819026
selection,44,h50,2.4,cross_t200_d3,72.24870263874092,1254.551753502319,105.75129736125908,178,1342.0,87.44824649768137,0.17718433999050964
selection,44,h50,2.4,upface_t200_d3,29.528181415140164,1305.956371924309,43.47181858485983,73,1342.0,36.04362807569099,0.09071724015613834
selection,44,h50,2.4,union_t200_d3,479.44514786250335,921.5165579786377,1239.5548521374967,1719,1342.0,420.4834420213621,0.28962629338018653
selection,44,h50,2.8,lappos_t200_d3,171.76363514187474,1141.893740063873,491.2363648581253,663,1342.0,200.10625993612706,0.21656388700620288
selection,44,h50,2.8,lapneg_t200_d3,239.4440819680599,1067.994755885259,682.5559180319401,922,1342.0,274.0052441147409,0.23966271006428289
selection,44,h50,2.8,step_t150_d3,252.613878004176,1058.437765160037,792.3861219958239,1045,1342.0,283.5622348399627,0.23002322179819026
selection,44,h50,2.8,cross_t200_d3,72.24870263874092,1254.551753502319,105.75129736125908,178,1342.0,87.44824649768137,0.17718433999050964
selection,44,h50,2.8,upface_t200_d3,29.528181415140164,1305.956371924309,43.47181858485983,73,1342.0,36.04362807569099,0.09071724015613834
selection,44,h50,2.8,union_t200_d3,479.44514786250335,921.5165579786377,1239.5548521374967,1719,1342.0,420.4834420213621,0.28962629338018653
selection,44,h50,3.2,lappos_t200_d3,175.88020456249797,1155.137743526061,487.11979543750203,663,1342.0,186.86225647393888,0.22078761237681874
selection,44,h50,3.2,lapneg_t200_d3,247.0986486204167,1083.5805355240477,674.9013513795833,922,1342.0,258.4194644759523,0.2461789641795358
selection,44,h50,3.2,step_t150_d3,267.5988556524511,1063.2894674913364,777.4011443475489,1045,1342.0,278.71053250866345,0.24279103473085278
selection,44,h50,3.2,cross_t200_d3,71.58495491007014,1265.2854235445775,106.41504508992986,178,1342.0,76.71457645542246,0.17469371333305775
selection,44,h50,3.2,upface_t200_d3,28.513255757344332,1311.3395920722319,44.48674424265567,73,1342.0,30.660407927767768,0.08736466586208404
selection,44,h50,3.2,union_t200_d3,484.8509083833519,949.2378072370282,1234.149091616648,1719,1342.0,392.7621927629719,0.2917242673185804
selection,44,h50,3.6,lappos_t200_d3,175.88020456249797,1155.137743526061,487.11979543750203,663,1342.0,186.86225647393888,0.22078761237681874
selection,44,h50,3.6,lapneg_t200_d3,247.0986486204167,1083.5805355240477,674.9013513795833,922,1342.0,258.4194644759523,0.2461789641795358
selection,44,h50,3.6,step_t150_d3,267.5988556524511,1063.2894674913364,777.4011443475489,1045,1342.0,278.71053250866345,0.24279103473085278
selection,44,h50,3.6,cross_t200_d3,71.58495491007014,1265.2854235445775,106.41504508992986,178,1342.0,76.71457645542246,0.17469371333305775
selection,44,h50,3.6,upface_t200_d3,28.513255757344332,1311.3395920722319,44.48674424265567,73,1342.0,30.660407927767768,0.08736466586208404
selection,44,h50,3.6,union_t200_d3,484.8509083833519,949.2378072370282,1234.149091616648,1719,1342.0,392.7621927629719,0.2917242673185804
selection,44,h50,4.0,lappos_t200_d3,179.9144342850835,1158.3122353393107,483.08556571491647,663,1342.0,183.68776466068917,0.2254438772296849
selection,44,h50,4.0,lapneg_t200_d3,246.62870016920448,1090.364823815105,675.3712998307956,922,1342.0,251.6351761848949,0.2454020079747811
selection,44,h50,4.0,step_t150_d3,275.5558555182014,1062.499241230939,769.4441444817986,1045,1342.0,279.50075876906084,0.24968566885145796
selection,44,h50,4.0,cross_t200_d3,65.2658158003241,1274.6344105704964,112.7341841996759,178,1342.0,67.3655894295039,0.15903749841618534
selection,44,h50,4.0,upface_t200_d3,26.544566541933946,1314.7887667913997,46.455433458066054,73,1342.0,27.21123320860061,0.08125887716918527
selection,44,h50,4.0,union_t200_d3,482.8534098578598,956.6210273849514,1236.1465901421402,1719,1342.0,385.37897261504867,0.29033425182289463
selection,44,h50,4.6,lappos_t200_d3,169.76613661638268,1174.7231125001997,493.2338633836173,663,1342.0,167.27688749979993,0.2123940864521392
selection,44,h50,4.6,lapneg_t200_d3,238.3965999340489,1104.0241863379438,683.6034000659511,922,1342.0,237.97581366205628,0.23695492888451047
selection,44,h50,4.6,step_t150_d3,274.1273510383119,1068.7768430748524,770.8726489616881,1045,1342.0,273.22315692514746,0.2481731905928249
selection,44,h50,4.6,cross_t200_d3,59.26143399391111,1282.738566006089,118.73856600608889,178,1342.0,59.261433993911105,0.14425860271156513
selection,44,h50,4.6,upface_t200_d3,22.42945319088953,1319.6849287259463,50.57054680911047,73,1342.0,22.31507127405365,0.0686287736008401
selection,44,h50,4.6,union_t200_d3,450.8212709451326,988.039940123877,1268.1787290548673,1719,1342.0,353.96005987612284,0.2710936836474099
selection,45,h50,2.0,lappos_t200_d3,4.919119770960238,126.41713589978814,3.080880229039762,8,133.0,6.582864100211859,0.15058260490787792
selection,45,h50,2.0,lapneg_t200_d3,15.895430500338412,110.50312936944945,20.104569499661586,36,133.0,22.496870630550553,0.29392594598123345
selection,45,h50,2.0,step_t150_d3,17.09288354942055,110.26779282615821,18.90711645057945,36,133.0,22.732207173841793,0.3149476883998237
selection,45,h50,2.0,cross_t200_d3,0.6666666666666667,131.80473785412437,0.33333333333333326,1,133.0,1.195262145875635,0.024425141259723664
selection,45,h50,2.0,upface_t200_d3,0.0,133.0,0.0,0,133.0,0.0,0.0
selection,45,h50,2.0,union_t200_d3,21.95262145875635,106.89584456440721,23.04737854124365,45,133.0,26.10415543559278,0.35539469794727024
selection,45,h50,2.4,lappos_t200_d3,4.723857625084603,127.65247244307938,3.2761423749153966,8,133.0,5.347527556920616,0.14369032399998097
selection,45,h50,2.4,lapneg_t200_d3,16.895430500338417,113.69766008111655,19.104569499661583,36,133.0,19.302339918883465,0.3076448585170476
selection,45,h50,2.4,step_t150_d3,17.485598744378315,112.97234298703397,18.514401255621685,36,133.0,20.027657012966017,0.3185478735661729
selection,45,h50,2.4,cross_t200_d3,0.5285954792089682,132.47140452079103,0.4714045207910318,1,133.0,0.5285954792089682,0.019291805810545584
selection,45,h50,2.4,upface_t200_d3,0.0,133.0,0.0,0,133.0,0.0,0.0
selection,45,h50,2.4,union_t200_d3,23.285954792089687,109.77854031015629,21.714045207910313,45,133.0,23.221459689843705,0.3719034760630423
selection,45,h50,2.8,lappos_t200_d3,4.723857625084603,127.65247244307938,3.2761423749153966,8,133.0,5.347527556920616,0.14369032399998097
selection,45,h50,2.8,lapneg_t200_d3,16.895430500338417,113.69766008111655,19.104569499661583,36,133.0,19.302339918883465,0.3076448585170476
selection,45,h50,2.8,step_t150_d3,17.485598744378315,112.97234298703397,18.514401255621685,36,133.0,20.027657012966017,0.3185478735661729
selection,45,h50,2.8,cross_t200_d3,0.5285954792089682,132.47140452079103,0.4714045207910318,1,133.0,0.5285954792089682,0.019291805810545584
selection,45,h50,2.8,upface_t200_d3,0.0,133.0,0.0,0,133.0,0.0,0.0
selection,45,h50,2.8,union_t200_d3,23.285954792089687,109.77854031015629,21.714045207910313,45,133.0,23.221459689843705,0.3719034760630423
selection,45,h50,3.2,lappos_t200_d3,3.2546440075000707,129.23606797749977,4.745355992499929,8,133.0,3.7639320225002106,0.09893093562014514
selection,45,h50,3.2,lapneg_t200_d3,15.485598744378315,117.20256628970368,20.514401255621685,36,133.0,15.797433710296321,0.27983847343941404
selection,45,h50,3.2,step_t150_d3,14.93550489775402,118.08599346966129,21.064495102245978,36,133.0,14.914006530338694,0.2695730292734302
selection,45,h50,3.2,cross_t200_d3,0.5285954792089682,132.47140452079103,0.4714045207910318,1,133.0,0.5285954792089682,0.019291805810545584
selection,45,h50,3.2,upface_t200_d3,0.0,133.0,0.0,0,133.0,0.0,0.0
selection,45,h50,3.2,union_t200_d3,20.07357608521172,114.69327827470353,24.92642391478828,45,133.0,18.306721725296466,0.31886419753489326
selection,45,h50,3.6,lappos_t200_d3,3.2546440075000707,129.23606797749977,4.745355992499929,8,133.0,3.7639320225002106,0.09893093562014514
selection,45,h50,3.6,lapneg_t200_d3,15.485598744378315,117.20256628970368,20.514401255621685,36,133.0,15.797433710296321,0.27983847343941404
selection,45,h50,3.6,step_t150_d3,14.93550489775402,118.08599346966129,21.064495102245978,36,133.0,14.914006530338694,0.2695730292734302
selection,45,h50,3.6,cross_t200_d3,0.5285954792089682,132.47140452079103,0.4714045207910318,1,133.0,0.5285954792089682,0.019291805810545584
selection,45,h50,3.6,upface_t200_d3,0.0,133.0,0.0,0,133.0,0.0,0.0
selection,45,h50,3.6,union_t200_d3,20.07357608521172,114.69327827470353,24.92642391478828,45,133.0,18.306721725296466,0.31886419753489326
selection,45,h50,4.0,lappos_t200_d3,2.9213106741667367,129.31475730333307,5.078689325833263,8,133.0,3.685242696666948,0.08893633140824049
selection,45,h50,4.0,lapneg_t200_d3,15.485598744378315,117.51440125562168,20.514401255621685,36,133.0,15.485598744378317,0.2795234430393147
selection,45,h50,4.0,step_t150_d3,14.93550489775402,118.34063747716137,21.064495102245978,36,133.0,14.659362522838624,0.2693254596271557
selection,45,h50,4.0,cross_t200_d3,0.5285954792089682,132.47140452079103,0.4714045207910318,1,133.0,0.5285954792089682,0.019291805810545584
selection,45,h50,4.0,upface_t200_d3,0.0,133.0,0.0,0,133.0,0.0,0.0
selection,45,h50,4.0,union_t200_d3,19.740242751878387,115.08380256645479,25.259757248121613,45,133.0,17.916197433545193,0.31351231021629555
selection,45,h50,4.6,lappos_t200_d3,3.292527501709179,129.70747249829083,4.707472498290821,8,133.0,3.292527501709179,0.09977356065785088
selection,45,h50,4.6,lapneg_t200_d3,15.935504897754019,117.31913910974605,20.06449510224598,36,133.0,15.68086089025395,0.2873803061946666
selection,45,h50,4.6,step_t150_d3,17.523482238587423,115.75266013632796,18.476517761412577,36,133.0,17.24733986367203,0.31599332868121327
selection,45,h50,4.6,cross_t200_d3,0.6666666666666667,132.33333333333331,0.33333333333333326,1,133.0,0.6666666666666667,0.02433090024330812
selection,45,h50,4.6,upface_t200_d3,0.0,133.0,0.0,0,133.0,0.0,0.0
selection,45,h50,4.6,union_t200_d3,20.306721725296462,115.45721029720373,24.693278274703538,45,133.0,17.542789702796252,0.32154910149537214
calibration,50,h50,2.0,lappos_t200_d3,2.783239486709039,48.57159221403962,9.21676051329096,12,52.0,3.4284077859603785,0.1400656334002892
calibration,50,h50,2.0,lapneg_t200_d3,3.8976214035449117,47.08380256645481,17.10237859645509,21,52.0,4.916197433545192,0.14437621447863197
calibration,50,h50,2.0,step_t150_d3,3.4069094185450517,48.53589962303701,29.59309058145495,33,52.0,3.464100376962988,0.09260784469630431
calibration,50,h50,2.0,cross_t200_d3,0.5285954792089682,51.47140452079103,1.4714045207910318,2,52.0,0.5285954792089682,0.04404962326741035
calibration,50,h50,2.0,upface_t200_d3,0.2546440075000701,51.74535599249993,0.7453559924999299,1,52.0,0.2546440075000701,0.022736072098218513
calibration,50,h50,2.0,union_t200_d3,5.9948867593784545,45.947922282203606,27.005113240621547,33,52.0,6.052077717796392,0.16295518130374664
calibration,50,h50,2.4,lappos_t200_d3,3.057190958417937,48.68816503408199,8.942809041582063,12,52.0,3.311834965918007,0.15324978932591413
calibration,50,h50,2.4,lapneg_t200_d3,5.152265411044981,46.338446573954876,15.847734588955019,21,52.0,5.6615534260451215,0.19013352781020135
calibration,50,h50,2.4,step_t150_d3,6.347527556920616,45.59528148466145,26.652472443079382,33,52.0,6.404718515338553,0.17254079107505427
calibration,50,h50,2.4,cross_t200_d3,0.5285954792089682,51.47140452079103,1.4714045207910318,2,52.0,0.5285954792089682,0.04404962326741035
calibration,50,h50,2.4,upface_t200_d3,0.0,52.0,1.0,1,52.0,0.0,0.0
calibration,50,h50,2.4,union_t200_d3,7.268838231087353,44.73116176891265,25.731161768912646,33,52.0,7.268838231087354,0.19752277801867268
calibration,50,h50,2.8,lappos_t200_d3,3.057190958417937,48.68816503408199,8.942809041582063,12,52.0,3.311834965918007,0.15324978932591413
calibration,50,h50,2.8,lapneg_t200_d3,5.152265411044981,46.338446573954876,15.847734588955019,21,52.0,5.6615534260451215,0.19013352781020135
calibration,50,h50,2.8,step_t150_d3,6.347527556920616,45.59528148466145,26.652472443079382,33,52.0,6.404718515338553,0.17254079107505427
calibration,50,h50,2.8,cross_t200_d3,0.5285954792089682,51.47140452079103,1.4714045207910318,2,52.0,0.5285954792089682,0.04404962326741035
calibration,50,h50,2.8,upface_t200_d3,0.0,52.0,1.0,1,52.0,0.0,0.0
calibration,50,h50,2.8,union_t200_d3,7.268838231087353,44.73116176891265,25.731161768912646,33,52.0,7.268838231087354,0.19752277801867268
calibration,50,h50,3.2,lappos_t200_d3,3.311834965918007,48.68816503408199,8.688165034081994,12,52.0,3.311834965918007,0.1655917482958921
calibration,50,h50,3.2,lapneg_t200_d3,4.818932077711648,46.92642391478828,16.181067922288353,21,52.0,5.073576085211719,0.1774989664463262
calibration,50,h50,3.2,step_t150_d3,6.426216882753879,45.57378311724612,26.573783117246123,33,52.0,6.426216882753879,0.17462545877048108
calibration,50,h50,3.2,cross_t200_d3,0.5285954792089682,51.47140452079103,1.4714045207910318,2,52.0,0.5285954792089682,0.04404962326741035
calibration,50,h50,3.2,upface_t200_d3,0.0,52.0,1.0,1,52.0,0.0,0.0
calibration,50,h50,3.2,union_t200_d3,7.19014890525409,45.06449510224598,25.80985109474591,33,52.0,6.93550489775402,0.19511445543161504
calibration,50,h50,3.6,lappos_t200_d3,3.311834965918007,48.68816503408199,8.688165034081994,12,52.0,3.311834965918007,0.1655917482958921
calibration,50,h50,3.6,lapneg_t200_d3,4.818932077711648,46.92642391478828,16.181067922288353,21,52.0,5.073576085211719,0.1774989664463262
calibration,50,h50,3.6,step_t150_d3,6.426216882753879,45.57378311724612,26.573783117246123,33,52.0,6.426216882753879,0.17462545877048108
calibration,50,h50,3.6,cross_t200_d3,0.5285954792089682,51.47140452079103,1.4714045207910318,2,52.0,0.5285954792089682,0.04404962326741035
calibration,50,h50,3.6,upface_t200_d3,0.0,52.0,1.0,1,52.0,0.0,0.0
calibration,50,h50,3.6,union_t200_d3,7.19014890525409,45.06449510224598,25.80985109474591,33,52.0,6.93550489775402,0.19511445543161504
calibration,50,h50,4.0,lappos_t200_d3,3.311834965918007,48.68816503408199,8.688165034081994,12,52.0,3.311834965918007,0.1655917482958921
calibration,50,h50,4.0,lapneg_t200_d3,4.818932077711648,46.92642391478828,16.181067922288353,21,52.0,5.073576085211719,0.1774989664463262
calibration,50,h50,4.0,step_t150_d3,6.426216882753879,45.57378311724612,26.573783117246123,33,52.0,6.426216882753879,0.17462545877048108
calibration,50,h50,4.0,cross_t200_d3,0.5285954792089682,51.47140452079103,1.4714045207910318,2,52.0,0.5285954792089682,0.04404962326741035
calibration,50,h50,4.0,upface_t200_d3,0.0,52.0,1.0,1,52.0,0.0,0.0
calibration,50,h50,4.0,union_t200_d3,7.19014890525409,45.06449510224598,25.80985109474591,33,52.0,6.93550489775402,0.19511445543161504
calibration,50,h50,4.6,lappos_t200_d3,2.9785016325846736,49.021498367415326,9.021498367415326,12,52.0,2.978501632584673,0.14892508162922624
calibration,50,h50,4.6,lapneg_t200_d3,4.876123036129584,47.123876963870416,16.123876963870416,21,52.0,4.876123036129584,0.17926922926946343
calibration,50,h50,4.6,step_t150_d3,6.8954305003384135,45.10456949966159,26.104569499661586,33,52.0,6.895430500338412,0.18737582881353876
calibration,50,h50,4.6,cross_t200_d3,0.5285954792089682,51.47140452079103,1.4714045207910318,2,52.0,0.5285954792089682,0.04404962326741035
calibration,50,h50,4.6,upface_t200_d3,0.0,52.0,1.0,1,52.0,0.0,0.0
calibration,50,h50,4.6,union_t200_d3,6.914006530338693,45.59528148466145,26.085993469661307,33,52.0,6.404718515338553,0.18736201859324322
calibration,51,h50,2.0,lappos_t200_d3,99.65738889642367,622.1788565295675,407.34261110357636,507,755.0,132.82114347043242,0.1812060428365345
calibration,51,h50,2.0,lapneg_t200_d3,107.27270588008335,607.1085235513297,482.7272941199167,590,755.0,147.8914764486702,0.17446227041257756
calibration,51,h50,2.0,step_t150_d3,111.22752164146534,608.5522676597357,567.7724783585346,679,755.0,146.44773234026434,0.16186648804999168
calibration,51,h50,2.0,cross_t200_d3,51.23492247922244,681.6580998411181,104.76507752077757,156,755.0,73.34190015888207,0.1887949957602719
calibration,51,h50,2.0,upface_t200_d3,15.892508162923365,732.8058833524017,31.107491837076637,47,755.0,22.194116647598282,0.0848325795521731
calibration,51,h50,2.0,union_t200_d3,239.03351877789123,516.409911359794,942.9664812221088,1182,755.0,238.59008864020598,0.2179593186501507
calibration,51,h50,2.4,lappos_t200_d3,118.48174818547746,625.803575265752,388.51825181452256,507,755.0,129.1964247342481,0.2136896718083455
calibration,51,h50,2.4,lapneg_t200_d3,121.05010069196229,617.8319671123456,468.94989930803774,590,755.0,137.1680328876544,0.19531253213797084
calibration,51,h50,2.4,step_t150_d3,131.3542208494026,607.867752997858,547.6457791505974,679,755.0,147.13224700214187,0.19008072685869207
calibration,51,h50,2.4,cross_t200_d3,59.25130760601622,687.3221615405092,96.74869239398379,156,755.0,67.67783845949069,0.2161551676719402
calibration,51,h50,2.4,upface_t200_d3,14.421103642132334,738.4459384110316,32.57889635786766,47,755.0,16.55406158896849,0.07663730897971761
calibration,51,h50,2.4,union_t200_d3,272.6902729340354,527.3333196426573,909.3097270659646,1182,755.0,227.6666803573426,0.24664355023757256
calibration,51,h50,2.8,lappos_t200_d3,118.48174818547746,625.803575265752,388.51825181452256,507,755.0,129.1964247342481,0.2136896718083455
calibration,51,h50,2.8,lapneg_t200_d3,121.05010069196229,617.8319671123456,468.94989930803774,590,755.0,137.1680328876544,0.19531253213797084
calibration,51,h50,2.8,step_t150_d3,131.3542208494026,607.867752997858,547.6457791505974,679,755.0,147.13224700214187,0.19008072685869207
calibration,51,h50,2.8,cross_t200_d3,59.25130760601622,687.3221615405092,96.74869239398379,156,755.0,67.67783845949069,0.2161551676719402
calibration,51,h50,2.8,upface_t200_d3,14.421103642132334,738.4459384110316,32.57889635786766,47,755.0,16.55406158896849,0.07663730897971761
calibration,51,h50,2.8,union_t200_d3,272.6902729340354,527.3333196426573,909.3097270659646,1182,755.0,227.6666803573426,0.24664355023757256
calibration,51,h50,3.2,lappos_t200_d3,121.25037938453042,630.222170634538,385.74962061546955,507,755.0,124.77782936546201,0.21811760541347744
calibration,51,h50,3.2,lapneg_t200_d3,126.46097785285153,624.143070644055,463.53902214714844,590,755.0,130.85692935594494,0.20327398775482095
calibration,51,h50,3.2,step_t150_d3,136.41140840840137,614.746384307334,542.5885915915986,679,755.0,140.25361569266607,0.19671935424310993
calibration,51,h50,3.2,cross_t200_d3,54.20977034018352,698.2740515650571,101.79022965981648,156,755.0,56.72594843494289,0.19691393926137696
calibration,51,h50,3.2,upface_t200_d3,12.811627933883603,741.8193461417804,34.1883720661164,47,755.0,13.180653858219546,0.06795675235712739
calibration,51,h50,3.2,union_t200_d3,280.1859980663087,538.532963594946,901.8140019336913,1182,755.0,216.467036405054,0.25256913141169146
calibration,51,h50,3.6,lappos_t200_d3,121.25037938453042,630.222170634538,385.74962061546955,507,755.0,124.77782936546201,0.21811760541347744
calibration,51,h50,3.6,lapneg_t200_d3,126.46097785285153,624.143070644055,463.53902214714844,590,755.0,130.85692935594494,0.20327398775482095
calibration,51,h50,3.6,step_t150_d3,136.41140840840137,614.746384307334,542.5885915915986,679,755.0,140.25361569266607,0.19671935424310993
calibration,51,h50,3.6,cross_t200_d3,54.20977034018352,698.2740515650571,101.79022965981648,156,755.0,56.72594843494289,0.19691393926137696
calibration,51,h50,3.6,upface_t200_d3,12.811627933883603,741.8193461417804,34.1883720661164,47,755.0,13.180653858219546,0.06795675235712739
calibration,51,h50,3.6,union_t200_d3,280.1859980663087,538.532963594946,901.8140019336913,1182,755.0,216.467036405054,0.25256913141169146
calibration,51,h50,4.0,lappos_t200_d3,120.01431140703062,633.8072256379563,386.9856885929694,507,755.0,121.19277436204368,0.21571173745120362
calibration,51,h50,4.0,lapneg_t200_d3,120.49374810643911,632.147452450468,469.5062518935609,590,755.0,122.85254754953196,0.19355547321817954
calibration,51,h50,4.0,step_t150_d3,141.1775313341081,611.1704102868814,537.8224686658918,679,755.0,143.82958971311868,0.20352273432538928
calibration,51,h50,4.0,cross_t200_d3,50.81413280781071,702.8598380026841,105.18586719218929,156,755.0,52.14016199731599,0.1844200220242102
calibration,51,h50,4.0,upface_t200_d3,10.399605274717008,744.5432037668652,36.600394725282996,47,755.0,10.456796233134945,0.05514441159632592
calibration,51,h50,4.0,union_t200_d3,269.8825126491478,545.1825137006102,912.1174873508521,1182,755.0,209.81748629938969,0.24344158995629875
calibration,51,h50,4.6,lappos_t200_d3,116.55929201303337,639.2476367442976,390.44070798696663,507,755.0,115.75236325570249,0.20935232757873817
calibration,51,h50,4.6,lapneg_t200_d3,120.24891311669417,636.3532584477265,469.75108688330585,590,755.0,118.64674155227348,0.19291668698339737
calibration,51,h50,4.6,step_t150_d3,138.7250202134571,617.0389118090432,540.2749797865429,679,755.0,137.96108819095687,0.19979039895814818
calibration,51,h50,4.6,cross_t200_d3,45.59956319772625,709.2860548854379,110.40043680227376,156,755.0,45.713945114562115,0.16534933209730474
calibration,51,h50,4.6,upface_t200_d3,11.418912738925837,743.5810872610742,35.58108726107416,47,755.0,11.418912738925837,0.06054566669631906
calibration,51,h50,4.6,union_t200_d3,260.61106605136604,551.4447792220781,921.388933948634,1182,755.0,203.55522077792182,0.23520617240141073
calibration,52,h50,2.0,lappos_t200_d3,242.93520801712856,1059.6414871462757,616.0647919828714,859,1393.0,333.3585128537242,0.2563377398376697
calibration,52,h50,2.0,lapneg_t200_d3,302.6335028385246,989.3917323037675,971.3664971614754,1274,1393.0,403.60826769623253,0.2368756319039363
calibration,52,h50,2.0,step_t150_d3,260.1377743068323,1048.371186046771,880.8622256931677,1141,1393.0,344.62881395322876,0.22148776277998927
calibration,52,h50,2.0,cross_t200_d3,134.76853110570477,1199.6269926426437,228.23146889429523,363,1393.0,193.37300735735613,0.24183309576310538
calibration,52,h50,2.0,upface_t200_d3,49.5394533013124,1319.7805173359902,84.46054669868761,134,1393.0,73.2194826640096,0.1300029760480126
calibration,52,h50,2.0,union_t200_d3,716.3084394501145,759.4423471531468,1794.6915605498855,2511,1393.0,633.5576528468533,0.31090448600812415
calibration,52,h50,2.4,lappos_t200_d3,264.1904799660698,1089.3037720065295,594.8095200339302,859,1393.0,303.69622799347064,0.27580206392069484
calibration,52,h50,2.4,lapneg_t200_d3,338.69821181814297,1012.6554606936523,935.3017881818571,1274,1393.0,380.34453930634754,0.26266452022182213
calibration,52,h50,2.4,step_t150_d3,303.67243173766286,1053.170807260855,837.3275682623371,1141,1393.0,339.82919273914496,0.25644356680268005
calibration,52,h50,2.4,cross_t200_d3,145.05626273693213,1223.4295361941424,217.94373726306787,363,1393.0,169.5704638058574,0.25714765660565675
calibration,52,h50,2.4,upface_t200_d3,50.805369194984706,1329.6989056727418,83.1946308050153,134,1393.0,63.301094327257914,0.13254697592180184
calibration,52,h50,2.4,union_t200_d3,781.6520129553669,801.8452922287667,1729.347987044633,2511,1393.0,591.1547077712332,0.33612220774580015
calibration,52,h50,2.8,lappos_t200_d3,264.1904799660698,1089.3037720065295,594.8095200339302,859,1393.0,303.69622799347064,0.27580206392069484
calibration,52,h50,2.8,lapneg_t200_d3,338.69821181814297,1012.6554606936523,935.3017881818571,1274,1393.0,380.34453930634754,0.26266452022182213
calibration,52,h50,2.8,step_t150_d3,303.67243173766286,1053.170807260855,837.3275682623371,1141,1393.0,339.82919273914496,0.25644356680268005
calibration,52,h50,2.8,cross_t200_d3,145.05626273693213,1223.4295361941424,217.94373726306787,363,1393.0,169.5704638058574,0.25714765660565675
calibration,52,h50,2.8,upface_t200_d3,50.805369194984706,1329.6989056727418,83.1946308050153,134,1393.0,63.301094327257914,0.13254697592180184
calibration,52,h50,2.8,union_t200_d3,781.6520129553669,801.8452922287667,1729.347987044633,2511,1393.0,591.1547077712332,0.33612220774580015
calibration,52,h50,3.2,lappos_t200_d3,273.8643540826355,1105.7336324626492,585.1356459173645,859,1393.0,287.2663675373505,0.28435134623758923
calibration,52,h50,3.2,lapneg_t200_d3,346.91121846646206,1034.4776290794998,927.0887815335379,1274,1393.0,358.5223709205003,0.26778631531276165
calibration,52,h50,3.2,step_t150_d3,323.157930388693,1057.33548665693,817.842069611307,1141,1393.0,335.66451334306953,0.2718128423374554
calibration,52,h50,3.2,cross_t200_d3,144.73785166197547,1238.6979603611614,218.26214833802453,363,1393.0,154.30203963883886,0.255230344217706
calibration,52,h50,3.2,upface_t200_d3,52.33761504639812,1336.4467699385884,81.66238495360187,134,1393.0,56.55323006141173,0.13595708551741553
calibration,52,h50,3.2,union_t200_d3,790.7527284967086,827.3516545069326,1720.2472715032914,2511,1393.0,565.6483454930674,0.3390266038302452
calibration,52,h50,3.6,lappos_t200_d3,273.8643540826355,1105.7336324626492,585.1356459173645,859,1393.0,287.2663675373505,0.28435134623758923
calibration,52,h50,3.6,lapneg_t200_d3,346.91121846646206,1034.4776290794998,927.0887815335379,1274,1393.0,358.5223709205003,0.26778631531276165
calibration,52,h50,3.6,step_t150_d3,323.157930388693,1057.33548665693,817.842069611307,1141,1393.0,335.66451334306953,0.2718128423374554
calibration,52,h50,3.6,cross_t200_d3,144.73785166197547,1238.6979603611614,218.26214833802453,363,1393.0,154.30203963883886,0.255230344217706
calibration,52,h50,3.6,upface_t200_d3,52.33761504639812,1336.4467699385884,81.66238495360187,134,1393.0,56.55323006141173,0.13595708551741553
calibration,52,h50,3.6,union_t200_d3,790.7527284967086,827.3516545069326,1720.2472715032914,2511,1393.0,565.6483454930674,0.3390266038302452
calibration,52,h50,4.0,lappos_t200_d3,276.79766467776386,1109.3219271736227,582.2023353222362,859,1393.0,283.6780728263774,0.2870082952168041
calibration,52,h50,4.0,lapneg_t200_d3,352.1028268407142,1036.863768165419,921.8971731592858,1274,1393.0,356.1362318345813,0.2714762070724136
calibration,52,h50,4.0,step_t150_d3,337.9331342973654,1047.3296419821004,803.0668657026346,1141,1393.0,345.67035801789973,0.28401261383574394
calibration,52,h50,4.0,cross_t200_d3,140.8558839510158,1246.566779253463,222.1441160489842,363,1393.0,146.43322074653736,0.24803613385273587
calibration,52,h50,4.0,upface_t200_d3,48.37111673419423,1341.2915821901283,85.62888326580577,134,1393.0,51.70841780987176,0.12559602665932684
calibration,52,h50,4.0,union_t200_d3,791.7410357476292,835.5621596807439,1719.2589642523708,2511,1393.0,557.4378403192561,0.3391827898266547
calibration,52,h50,4.6,lappos_t200_d3,257.51161319174514,1137.4898462772528,601.4883868082549,859,1393.0,255.51015372274716,0.2665199082966634
calibration,52,h50,4.6,lapneg_t200_d3,349.82805064028685,1047.3518717837242,924.1719493597132,1274,1393.0,345.64812821627584,0.2693811466952929
calibration,52,h50,4.6,step_t150_d3,350.8660342278441,1043.6046388587386,790.1339657721559,1141,1393.0,349.3953611412617,0.2944262491822332
calibration,52,h50,4.6,cross_t200_d3,128.85150214460282,1264.0341159385612,234.14849785539718,363,1393.0,128.9658840614387,0.22646165688626274
calibration,52,h50,4.6,upface_t200_d3,45.781679924362884,1347.1611291172192,88.21832007563711,134,1393.0,45.838870882780824,0.1186703921696619
calibration,52,h50,4.6,union_t200_d3,760.7036936991897,864.4571727175942,1750.2963063008103,2511,1393.0,528.5428272824056,0.32594618516591606
selection,53,h50,2.0,lappos_t200_d3,86.33177377098718,480.14161117505716,205.66822622901282,292,615.0,134.85838882494292,0.24887027532472777
selection,53,h50,2.0,lapneg_t200_d3,114.39439194074727,447.44875036384155,303.60560805925275,418,615.0,167.5512496361585,0.25604839877595376
selection,53,h50,2.0,step_t150_d3,81.89022056578781,495.6225073434634,233.1097794342122,315,615.0,119.37749265653648,0.22282898867036277
selection,53,h50,2.0,cross_t200_d3,67.35619447581756,510.8300901798597,98.64380552418244,166,615.0,104.16990982014033,0.2711195386225336
selection,53,h50,2.0,upface_t200_d3,29.811627933883607,562.8172553319221,43.18837206611639,73,615.0,52.182744668077845,0.16849793454531542
selection,53,h50,2.0,union_t200_d3,305.5584638848958,361.74085700264357,612.4415361151042,918,615.0,253.25914299735643,0.35208272268067226
selection,53,h50,2.4,lappos_t200_d3,94.08182554062071,503.3332195493092,197.9181744593793,292,615.0,111.66678045069087,0.2664580938128006
selection,53,h50,2.4,lapneg_t200_d3,131.6715797205918,459.15403195892577,286.3284202794082,418,615.0,155.84596804107417,0.2909450446401436
selection,53,h50,2.4,step_t150_d3,90.90587425837305,508.6501643564295,224.09412574162695,315,615.0,106.34983564357047,0.24442897221341411
selection,53,h50,2.4,cross_t200_d3,67.57149212069142,533.3010806365819,98.42850787930858,166,615.0,81.69891936341809,0.26710790310439436
selection,53,h50,2.4,upface_t200_d3,28.0017768391377,577.8707925187165,44.998223160862295,73,615.0,37.129207481283494,0.15593402557761632
selection,53,h50,2.4,union_t200_d3,323.6348588147552,388.50593452342116,594.3651411852447,918,615.0,226.4940654765789,0.36909724626833035
selection,53,h50,2.8,lappos_t200_d3,94.08182554062071,503.3332195493092,197.9181744593793,292,615.0,111.66678045069087,0.2664580938128006
selection,53,h50,2.8,lapneg_t200_d3,131.6715797205918,459.15403195892577,286.3284202794082,418,615.0,155.84596804107417,0.2909450446401436
selection,53,h50,2.8,step_t150_d3,90.90587425837305,508.6501643564295,224.09412574162695,315,615.0,106.34983564357047,0.24442897221341411
selection,53,h50,2.8,cross_t200_d3,67.57149212069142,533.3010806365819,98.42850787930858,166,615.0,81.69891936341809,0.26710790310439436
selection,53,h50,2.8,upface_t200_d3,28.0017768391377,577.8707925187165,44.998223160862295,73,615.0,37.129207481283494,0.15593402557761632
selection,53,h50,2.8,union_t200_d3,323.6348588147552,388.50593452342116,594.3651411852447,918,615.0,226.4940654765789,0.36909724626833035
selection,53,h50,3.2,lappos_t200_d3,99.3990911173,509.2078797170217,192.6009088827,292,615.0,105.79212028297837,0.2797441773816197
selection,53,h50,3.2,lapneg_t200_d3,136.48393908868394,470.9026208601423,281.51606091131606,418,615.0,144.0973791398577,0.2993874349503661
selection,53,h50,3.2,step_t150_d3,106.45920441313297,502.2523359208502,208.54079558686703,315,615.0,112.74766407914974,0.28484654296645984
selection,53,h50,3.2,cross_t200_d3,67.15727855831831,543.3895789801704,98.84272144168169,166,615.0,71.61042101982967,0.26345551032944287
selection,53,h50,3.2,upface_t200_d3,29.230540672809443,582.7698733912594,43.76945932719056,73,615.0,32.23012660874064,0.16167327037716178
selection,53,h50,3.2,union_t200_d3,330.3925354977756,399.917543118519,587.6074645022244,918,615.0,215.08245688148102,0.3752490506093815
selection,53,h50,3.6,lappos_t200_d3,99.3990911173,509.2078797170217,192.6009088827,292,615.0,105.79212028297837,0.2797441773816197
selection,53,h50,3.6,lapneg_t200_d3,136.48393908868394,470.9026208601423,281.51606091131606,418,615.0,144.0973791398577,0.2993874349503661
selection,53,h50,3.6,step_t150_d3,106.45920441313297,502.2523359208502,208.54079558686703,315,615.0,112.74766407914974,0.28484654296645984
selection,53,h50,3.6,cross_t200_d3,67.15727855831831,543.3895789801704,98.84272144168169,166,615.0,71.61042101982967,0.26345551032944287
selection,53,h50,3.6,upface_t200_d3,29.230540672809443,582.7698733912594,43.76945932719056,73,615.0,32.23012660874064,0.16167327037716178
selection,53,h50,3.6,union_t200_d3,330.3925354977756,399.917543118519,587.6074645022244,918,615.0,215.08245688148102,0.3752490506093815
selection,53,h50,4.0,lappos_t200_d3,97.22678680783766,514.7003685411592,194.77321319216236,292,615.0,100.29963145884082,0.2731201288649752
selection,53,h50,4.0,lapneg_t200_d3,137.59904904030924,475.18492188060833,280.40095095969076,418,615.0,139.81507811939167,0.3011204796417744
selection,53,h50,4.0,step_t150_d3,106.84388403005417,505.1306498601863,208.15611596994583,315,615.0,109.86935013981369,0.28537750406255913
selection,53,h50,4.0,cross_t200_d3,64.42830769261218,549.0081356713848,101.57169230738782,166,615.0,65.99186432861522,0.25217813389974464
selection,53,h50,4.0,upface_t200_d3,25.996663598516154,587.1367084123888,47.00333640148385,73,615.0,27.863291587611194,0.14360681200362813
selection,53,h50,4.0,union_t200_d3,321.72221166006625,408.26141690381587,596.2777883399337,918,615.0,206.73858309618404,0.36542867807646257
selection,53,h50,4.6,lappos_t200_d3,85.92914606550693,529.8347859569932,206.07085393449307,292,615.0,85.16521404300669,0.24086468092242705
selection,53,h50,4.6,lapneg_t200_d3,127.50429195782193,490.9688894021068,290.4957080421781,418,615.0,124.0311105978932,0.27833613812958546
selection,53,h50,4.6,step_t150_d3,108.9968808753077,506.56959809811036,206.00311912469232,315,615.0,108.43040190188961,0.2905705612071034
selection,53,h50,4.6,cross_t200_d3,51.190780246114436,564.3713169208905,114.80921975388557,166,615.0,50.62868307910935,0.2000324187448675
selection,53,h50,4.6,upface_t200_d3,21.501569807103294,593.6386922835609,51.498430192896706,73,615.0,21.361307716439097,0.11851292851641834
selection,53,h50,4.6,union_t200_d3,280.306855998835,433.8366594900601,637.693144001165,918,615.0,181.16334050993996,0.3195368038106599
selection,59,h50,2.0,lappos_t200_d3,17.225841496256702,80.96545290727472,19.774158503743298,37,107.0,26.03454709272526,0.34984668198749397
selection,59,h50,2.0,lapneg_t200_d3,17.504174774378598,80.21133330194883,30.495825225621402,48,107.0,26.788666698051184,0.30209247151807117
selection,59,h50,2.0,step_t150_d3,15.539867365381205,83.71080889977466,24.460132634618795,40,107.0,23.28919110022533,0.299707364108996
selection,59,h50,2.0,cross_t200_d3,14.306721725296462,85.18221342056569,15.693278274703538,30,107.0,21.817786579434294,0.32590986228505214
selection,59,h50,2.0,upface_t200_d3,8.564288070211578,94.53882196045207,7.435711929788422,16,107.0,12.461178039547942,0.2562575905571046
selection,59,h50,2.0,union_t200_d3,51.2298092386009,60.37455322902629,65.7701907613991,117,107.0,46.62544677097371,0.4419377471599156
selection,59,h50,2.4,lappos_t200_d3,16.966084248135086,86.45835579548111,20.033915751864914,37,107.0,20.5416442045189,0.33739926486843386
selection,59,h50,2.4,lapneg_t200_d3,20.12784470621461,83.60623940011308,27.87215529378539,48,107.0,23.393760599886917,0.3403030930140866
selection,59,h50,2.4,step_t150_d3,18.830203963883886,85.37747556644132,21.169796036116114,40,107.0,21.62252443355866,0.3563523209726051
selection,59,h50,2.4,cross_t200_d3,13.244417526256983,90.45397398906809,16.75558247374302,30,107.0,16.546026010931897,0.2960329181747679
selection,59,h50,2.4,upface_t200_d3,7.487789647584814,98.32206144716109,8.512210352415186,16,107.0,8.677938552838903,0.2204757144332798
selection,59,h50,2.4,union_t200_d3,52.848365929815365,66.28459201702078,64.15163407018463,117,107.0,40.715407982979215,0.45005449970499056
selection,59,h50,2.8,lappos_t200_d3,16.966084248135086,86.45835579548111,20.033915751864914,37,107.0,20.5416442045189,0.33739926486843386
selection,59,h50,2.8,lapneg_t200_d3,20.12784470621461,83.60623940011308,27.87215529378539,48,107.0,23.393760599886917,0.3403030930140866
selection,59,h50,2.8,step_t150_d3,18.830203963883886,85.37747556644132,21.169796036116114,40,107.0,21.62252443355866,0.3563523209726051
selection,59,h50,2.8,cross_t200_d3,13.244417526256983,90.45397398906809,16.75558247374302,30,107.0,16.546026010931897,0.2960329181747679
selection,59,h50,2.8,upface_t200_d3,7.487789647584814,98.32206144716109,8.512210352415186,16,107.0,8.677938552838903,0.2204757144332798
selection,59,h50,2.8,union_t200_d3,52.848365929815365,66.28459201702078,64.15163407018463,117,107.0,40.715407982979215,0.45005449970499056
selection,59,h50,3.2,lappos_t200_d3,16.51617809475938,88.27509696998624,20.48382190524062,37,107.0,18.72490303001375,0.3266761894873326
selection,59,h50,3.2,lapneg_t200_d3,19.303799387881416,86.56324266528242,28.696200612118584,48,107.0,20.43675733471757,0.3240338248706904
selection,59,h50,3.2,step_t150_d3,19.187226567839044,86.19640764415297,20.812773432160956,40,107.0,20.80359235584701,0.3614998080950174
selection,59,h50,3.2,cross_t200_d3,12.677938552838906,92.19640764415297,17.322061447161094,30,107.0,14.803592355847016,0.2818893921704311
selection,59,h50,3.2,upface_t200_d3,6.014194223587284,100.16468279549457,9.985805776412716,16,107.0,6.835317204505431,0.1767021362737264
selection,59,h50,3.2,union_t200_d3,51.53653096389735,69.61500301293907,65.46346903610265,117,107.0,37.38499698706092,0.4373792478822873
selection,59,h50,3.6,lappos_t200_d3,16.51617809475938,88.27509696998624,20.48382190524062,37,107.0,18.72490303001375,0.3266761894873326
selection,59,h50,3.6,lapneg_t200_d3,19.303799387881416,86.56324266528242,28.696200612118584,48,107.0,20.43675733471757,0.3240338248706904
selection,59,h50,3.6,step_t150_d3,19.187226567839044,86.19640764415297,20.812773432160956,40,107.0,20.80359235584701,0.3614998080950174
selection,59,h50,3.6,cross_t200_d3,12.677938552838906,92.19640764415297,17.322061447161094,30,107.0,14.803592355847016,0.2818893921704311
selection,59,h50,3.6,upface_t200_d3,6.014194223587284,100.16468279549457,9.985805776412716,16,107.0,6.835317204505431,0.1767021362737264
selection,59,h50,3.6,union_t200_d3,51.53653096389735,69.61500301293907,65.46346903610265,117,107.0,37.38499698706092,0.4373792478822873
selection,59,h50,4.0,lappos_t200_d3,12.379566376299634,93.54466663528216,24.620433623700364,37,107.0,13.45533336471785,0.2437649654283832
selection,59,h50,4.0,lapneg_t200_d3,17.560634298587985,88.87288672799393,30.439365701412015,48,107.0,18.12711327200606,0.29421350252781314
selection,59,h50,4.0,step_t150_d3,16.49906153375705,89.11333651190672,23.50093846624295,40,107.0,17.886663488093273,0.3105853050376105
selection,59,h50,4.0,cross_t200_d3,9.227300965254653,96.187644031327,20.772699034745347,30,107.0,10.812355968673009,0.20467367337587966
selection,59,h50,4.0,upface_t200_d3,6.625860835042512,99.75046923312148,9.374139164957487,16,107.0,7.249530766878524,0.1944478095164818
selection,59,h50,4.0,union_t200_d3,44.73690295097539,74.50897404427954,72.26309704902461,117,107.0,32.49102595572046,0.380904359685581
selection,59,h50,4.6,lappos_t200_d3,11.107805807797234,96.08964724128488,25.892194192202766,37,107.0,10.910352758715101,0.21763159614411692
selection,59,h50,4.6,lapneg_t200_d3,16.324566321088195,90.98726864482983,31.675433678911805,48,107.0,16.01273135517019,0.272701651155003
selection,59,h50,4.6,step_t150_d3,16.794511372881274,90.20548862711873,23.205488627118726,40,107.0,16.794511372881274,0.3145039582936509
selection,59,h50,4.6,cross_t200_d3,8.953349493545753,98.04665050645424,21.04665050645425,30,107.0,8.953349493545755,0.1972103412675232
selection,59,h50,4.6,upface_t200_d3,6.93550489775402,100.06449510224598,9.06449510224598,16,107.0,6.93550489775402,0.20279254086999463
selection,59,h50,4.6,union_t200_d3,43.169692543348766,77.59893525628505,73.83030745665124,117,107.0,29.401064743714958,0.3666099933405389
selection,60,h50,2.0,lappos_t200_d3,183.9559783497545,939.8742085240344,725.0440216502454,909,1193.0,253.12579147596574,0.19323796346459035
selection,60,h50,2.0,lapneg_t200_d3,224.003353491579,899.1579792117557,960.996646508421,1185,1193.0,293.84202078824427,0.1910260871060641
selection,60,h50,2.0,step_t150_d3,179.41944398643798,956.8682705546942,983.580556013562,1163,1193.0,236.13172944530578,0.15498490472036025
selection,60,h50,2.0,cross_t200_d3,107.92883209478633,1037.4928857981113,211.07116790521366,319,1193.0,155.50711420188878,0.22286252596409545
selection,60,h50,2.0,upface_t200_d3,47.03308762372731,1121.5192972194518,88.96691237627269,136,1193.0,71.4807027805483,0.1373186830370566
selection,60,h50,2.0,union_t200_d3,534.8222093648759,734.1474285615346,1854.177790635124,2389,1193.0,458.8525714384655,0.24703173646375426
selection,60,h50,2.4,lappos_t200_d3,197.7537260307714,964.5400504619823,711.2462739692286,909,1193.0,228.45994953801753,0.20606671375519292
selection,60,h50,2.4,lapneg_t200_d3,239.63641837710134,923.6238564278563,945.3635816228987,1185,1193.0,269.37614357214363,0.20296955175758252
selection,60,h50,2.4,step_t150_d3,206.6280722277633,965.4547850271105,956.3719277722366,1163,1193.0,227.54521497288937,0.17739108224599962
selection,60,h50,2.4,cross_t200_d3,114.58381281121194,1062.295015285541,204.41618718878806,319,1193.0,130.70498471445887,0.23357006367110272
selection,60,h50,2.4,upface_t200_d3,50.63452775393945,1133.9003264641685,85.36547224606055,136,1193.0,59.09967353583158,0.1464666090775575
selection,60,h50,2.4,union_t200_d3,579.2176467105522,765.6526521402615,1809.7823532894477,2389,1193.0,427.34734785973853,0.2656749556829485
selection,60,h50,2.8,lappos_t200_d3,197.7537260307714,964.5400504619823,711.2462739692286,909,1193.0,228.45994953801753,0.20606671375519292
selection,60,h50,2.8,lapneg_t200_d3,239.63641837710134,923.6238564278563,945.3635816228987,1185,1193.0,269.37614357214363,0.20296955175758252
selection,60,h50,2.8,step_t150_d3,206.6280722277633,965.4547850271105,956.3719277722366,1163,1193.0,227.54521497288937,0.17739108224599962
selection,60,h50,2.8,cross_t200_d3,114.58381281121194,1062.295015285541,204.41618718878806,319,1193.0,130.70498471445887,0.23357006367110272
selection,60,h50,2.8,upface_t200_d3,50.63452775393945,1133.9003264641685,85.36547224606055,136,1193.0,59.09967353583158,0.1464666090775575
selection,60,h50,2.8,union_t200_d3,579.2176467105522,765.6526521402615,1809.7823532894477,2389,1193.0,427.34734785973853,0.2656749556829485
selection,60,h50,3.2,lappos_t200_d3,206.0910237070298,979.3203676112765,702.9089762929702,909,1193.0,213.67963238872355,0.21372478614677873
selection,60,h50,3.2,lapneg_t200_d3,246.12233109220026,941.9855748089453,938.8776689077997,1185,1193.0,251.01442519105478,0.20758928059254553
selection,60,h50,3.2,step_t150_d3,223.48634386926287,966.468565186629,939.5136561307371,1163,1193.0,226.53143481337096,0.19127701886471762
selection,60,h50,3.2,cross_t200_d3,105.58234994279486,1083.5871287231814,213.41765005720515,319,1193.0,109.4128712768185,0.21414825807418808
selection,60,h50,3.2,upface_t200_d3,48.06074463669333,1143.0941257416268,87.93925536330667,136,1193.0,49.90587425837304,0.13849122478103174
selection,60,h50,3.2,union_t200_d3,576.6601418279134,793.0191697912512,1812.3398581720867,2389,1193.0,399.9808302087488,0.26390127578367173
selection,60,h50,3.6,lappos_t200_d3,206.0910237070298,979.3203676112765,702.9089762929702,909,1193.0,213.67963238872355,0.21372478614677873
selection,60,h50,3.6,lapneg_t200_d3,246.12233109220026,941.9855748089453,938.8776689077997,1185,1193.0,251.01442519105478,0.20758928059254553
selection,60,h50,3.6,step_t150_d3,223.48634386926287,966.468565186629,939.5136561307371,1163,1193.0,226.53143481337096,0.19127701886471762
selection,60,h50,3.6,cross_t200_d3,105.58234994279486,1083.5871287231814,213.41765005720515,319,1193.0,109.4128712768185,0.21414825807418808
selection,60,h50,3.6,upface_t200_d3,48.06074463669333,1143.0941257416268,87.93925536330667,136,1193.0,49.90587425837304,0.13849122478103174
selection,60,h50,3.6,union_t200_d3,576.6601418279134,793.0191697912512,1812.3398581720867,2389,1193.0,399.9808302087488,0.26390127578367173
selection,60,h50,4.0,lappos_t200_d3,203.61085217399364,987.021995434737,705.3891478260064,909,1193.0,205.9780045652628,0.2109243219886393
selection,60,h50,4.0,lapneg_t200_d3,251.72596212561888,940.0667724081247,933.2740378743811,1185,1193.0,252.9332275918753,0.2121837135846968
selection,60,h50,4.0,step_t150_d3,222.76645398652244,969.0765814258798,940.2335460134775,1163,1193.0,223.92341857412018,0.19059927913584143
selection,60,h50,4.0,cross_t200_d3,103.30401666467296,1087.5390187477294,215.69598333532704,319,1193.0,105.46098125227067,0.2093850625712847
selection,60,h50,4.0,upface_t200_d3,43.74671876756882,1148.0890125010055,92.25328123243118,136,1193.0,44.91098749899458,0.12601053768952533
selection,60,h50,4.0,union_t200_d3,571.0174784025892,803.7885324245126,1817.9825215974108,2389,1193.0,389.21146757548735,0.2611964194758323
selection,60,h50,4.6,lappos_t200_d3,201.10261296334176,993.7370860475766,707.8973870366583,909,1193.0,199.2629139524233,0.20814457267596345
selection,60,h50,4.6,lapneg_t200_d3,246.98676477866968,948.7009861913434,938.0132352213303,1185,1193.0,244.29901380865644,0.20805235647571488
selection,60,h50,4.6,step_t150_d3,225.22617255707246,969.4018791811766,937.7738274429275,1163,1193.0,223.59812081882342,0.19261202402820096
selection,60,h50,4.6,cross_t200_d3,88.8533790770887,1104.4012649304116,230.1466209229113,319,1193.0,88.59873506958864,0.17991943296071536
selection,60,h50,4.6,upface_t200_d3,35.06074463669333,1157.9964463217245,100.93925536330667,136,1193.0,35.00355367827539,0.10091994903561158
selection,60,h50,4.6,union_t200_d3,543.5376242396928,819.2318658682689,1845.4623757603072,2389,1193.0,373.76813413173113,0.24890058569883697
calibration,61,h50,2.0,lappos_t200_d3,52.422880481270035,294.5134559440408,206.57711951872997,259,370.0,75.48654405595927,0.1895346846434571
calibration,61,h50,2.0,lapneg_t200_d3,66.3197704506064,279.1273134587025,246.6802295493936,313,370.0,90.87268654129755,0.20758049239511248
calibration,61,h50,2.0,step_t150_d3,66.54675744514044,285.4963393830384,229.45324255485957,296,370.0,84.5036606169616,0.21661748157507624
calibration,61,h50,2.0,cross_t200_d3,23.521291335380923,335.63066010494344,35.47870866461908,59,370.0,34.36933989505655,0.19760744527894902
calibration,61,h50,2.0,upface_t200_d3,14.247339863672027,347.8652652140262,22.752660136327975,37,370.0,22.134734785973848,0.13964896889287604
calibration,61,h50,2.0,union_t200_d3,154.90618822909363,227.09454320511486,491.09381177090637,646,370.0,142.9054567948851,0.26113646329781676
calibration,61,h50,2.4,lappos_t200_d3,56.66802944173556,303.72218087929514,202.33197055826443,259,370.0,66.27781912070489,0.2029090043130113
calibration,61,h50,2.4,lapneg_t200_d3,80.48842098844516,281.8839413373746,232.51157901155483,313,370.0,88.11605866262536,0.24928703831526683
calibration,61,h50,2.4,step_t150_d3,71.49353422906671,290.6366014737026,224.5064657709333,296,370.0,79.3633985262974,0.2312015417659853
calibration,61,h50,2.4,cross_t200_d3,22.261534087259307,344.196407644153,36.73846591274069,59,370.0,25.803592355847012,0.18475591858978063
calibration,61,h50,2.4,upface_t200_d3,13.444792912754162,355.2863688561585,23.55520708724584,37,370.0,14.713631143841514,0.13009465953948676
calibration,61,h50,2.4,union_t200_d3,171.1746123961122,236.444261665242,474.8253876038878,646,370.0,133.555738334758,0.286090273530948
calibration,61,h50,2.8,lappos_t200_d3,56.66802944173556,303.72218087929514,202.33197055826443,259,370.0,66.27781912070489,0.2029090043130113
calibration,61,h50,2.8,lapneg_t200_d3,80.48842098844516,281.8839413373746,232.51157901155483,313,370.0,88.11605866262536,0.24928703831526683
calibration,61,h50,2.8,step_t150_d3,71.49353422906671,290.6366014737026,224.5064657709333,296,370.0,79.3633985262974,0.2312015417659853
calibration,61,h50,2.8,cross_t200_d3,22.261534087259307,344.196407644153,36.73846591274069,59,370.0,25.803592355847012,0.18475591858978063
calibration,61,h50,2.8,upface_t200_d3,13.444792912754162,355.2863688561585,23.55520708724584,37,370.0,14.713631143841514,0.13009465953948676
calibration,61,h50,2.8,union_t200_d3,171.1746123961122,236.444261665242,474.8253876038878,646,370.0,133.555738334758,0.286090273530948
calibration,61,h50,3.2,lappos_t200_d3,56.505537549447496,309.8810189999596,202.4944624505525,259,370.0,60.118981000040414,0.2014620622450917
calibration,61,h50,3.2,lapneg_t200_d3,82.72845670828914,286.16008371229003,230.27154329171086,313,370.0,83.83991628770998,0.25519477325326445
calibration,61,h50,3.2,step_t150_d3,75.84325268919382,291.40742357596207,220.15674731080617,296,370.0,78.59257642403793,0.24445840330524904
calibration,61,h50,3.2,cross_t200_d3,22.106346338799277,347.0153397218647,36.89365366120072,59,370.0,22.98466027813536,0.18266033797855755
calibration,61,h50,3.2,upface_t200_d3,13.168650537838765,356.46232353782534,23.831349462161235,37,370.0,13.537676462174707,0.12720114519184206
calibration,61,h50,3.2,union_t200_d3,172.78294260608357,246.74336187657067,473.21705739391643,646,370.0,123.25663812342931,0.2876334766041685
calibration,61,h50,3.6,lappos_t200_d3,56.505537549447496,309.8810189999596,202.4944624505525,259,370.0,60.118981000040414,0.2014620622450917
calibration,61,h50,3.6,lapneg_t200_d3,82.72845670828914,286.16008371229003,230.27154329171086,313,370.0,83.83991628770998,0.25519477325326445
calibration,61,h50,3.6,step_t150_d3,75.84325268919382,291.40742357596207,220.15674731080617,296,370.0,78.59257642403793,0.24445840330524904
calibration,61,h50,3.6,cross_t200_d3,22.106346338799277,347.0153397218647,36.89365366120072,59,370.0,22.98466027813536,0.18266033797855755
calibration,61,h50,3.6,upface_t200_d3,13.168650537838765,356.46232353782534,23.831349462161235,37,370.0,13.537676462174707,0.12720114519184206
calibration,61,h50,3.6,union_t200_d3,172.78294260608357,246.74336187657067,473.21705739391643,646,370.0,123.25663812342931,0.2876334766041685
calibration,61,h50,4.0,lappos_t200_d3,57.70006826111458,310.03839765162616,201.29993173888542,259,370.0,59.96160234837388,0.20552285793349884
calibration,61,h50,4.0,lapneg_t200_d3,84.31862495232903,285.1407762480812,228.68137504767097,313,370.0,84.85922375191879,0.26000843712122984
calibration,61,h50,4.0,step_t150_d3,77.60718471169403,291.36442684113143,218.39281528830597,296,370.0,78.6355731588686,0.2498667204679096
calibration,61,h50,4.0,cross_t200_d3,21.653517848008526,348.0346471860735,37.346482151991474,59,370.0,21.965352813926533,0.17875136991317891
calibration,61,h50,4.0,upface_t200_d3,13.149343073629936,356.7362750095342,23.850656926370064,37,370.0,13.263724990465809,0.1269521938290072
calibration,61,h50,4.0,union_t200_d3,175.41245381333056,244.83916776340627,470.58754618666944,646,370.0,125.16083223659372,0.291940349725546
calibration,61,h50,4.6,lappos_t200_d3,58.98967342540871,311.46242363117346,200.0103265745913,259,370.0,58.53757636882651,0.20971092278529024
calibration,61,h50,4.6,lapneg_t200_d3,78.70184510025227,292.5928733046634,234.29815489974771,313,370.0,77.4071266953366,0.24241391353008943
calibration,61,h50,4.6,step_t150_d3,74.93467337019727,295.37716159572074,221.0653266298027,296,370.0,74.62283840427926,0.24105418129252082
calibration,61,h50,4.6,cross_t200_d3,20.692132776426185,349.6197021894919,38.307867223573815,59,370.0,20.380297810508175,0.17063936066487273
calibration,61,h50,4.6,upface_t200_d3,10.594867420592642,359.40513257940734,26.405132579407358,37,370.0,10.594867420592642,0.10226706004432955
calibration,61,h50,4.6,union_t200_d3,167.09655441113927,251.30764994678225,478.90344558886073,646,370.0,118.69235005321771,0.27827125036762557
