block,block_index,half,arm,emitter,spacing_px,flank_b,dti,tp,fp,S,M,coverage,n_truth,emitted,n_scored,budget
0,0,calibration,R2_scarp9_topo,disk,1.5,2.0,0.0,0.0,298.0,298.0,0.0,0.0,109,298,40450,298
0,0,calibration,R2_scarp9_topo,blur185,1.5,2.0,0.021144472617553003,3.014194223587283,273.7475468957064,275.0,1.2524531042935716,0.02765315801456223,109,275,40450,298
0,0,calibration,R2_scarp9_topo,disk,1.5,3.0,0.0,0.0,298.0,298.0,0.0,0.0,109,298,40450,298
0,0,calibration,R2_scarp9_topo,blur185,1.5,3.0,0.020483493875353274,3.014194223587283,296.7475468957064,298.0,1.2524531042935716,0.02765315801456223,109,298,40450,298
0,0,calibration,R2_scarp9_topo,disk,2.8,2.0,0.03757723604184649,5.5398673653812045,295.59089967824843,298.0,2.4091003217515503,0.0508244712420294,109,298,40450,298
0,0,calibration,R2_scarp9_topo,blur185,2.8,2.0,0.023230363572202484,3.014194223587283,209.74754689570642,211.0,1.2524531042935716,0.02765315801456223,109,211,40450,298
0,0,calibration,R2_scarp9_topo,disk,2.8,3.0,0.03758015173196707,5.5398673653812045,295.53370871983054,298.0,2.4662912801694867,0.0508244712420294,109,298,40450,298
0,0,calibration,R2_scarp9_topo,blur185,2.8,3.0,0.022947395035909715,3.014194223587283,217.74754689570642,219.0,1.2524531042935716,0.02765315801456223,109,219,40450,298
0,0,calibration,R2_scarp9_topo,disk,3.6,2.0,0.07448471310272278,11.046964477174848,294.5122103524152,298.0,3.4877896475848136,0.10134829795573255,109,298,40450,298
0,0,calibration,R2_scarp9_topo,blur185,3.6,2.0,0.024278189391572152,3.014194223587283,181.74754689570642,183.0,1.2524531042935716,0.02765315801456223,109,183,40450,298
0,0,calibration,R2_scarp9_topo,disk,3.6,3.0,0.07448471310272278,11.046964477174848,294.5122103524152,298.0,3.487789647584814,0.10134829795573255,109,298,40450,298
0,0,calibration,R2_scarp9_topo,blur185,3.6,3.0,0.024200219960283913,3.014194223587283,183.74754689570642,185.0,1.2524531042935716,0.02765315801456223,109,185,40450,298
0,0,calibration,R2_scarp9_topo,disk,4.6,2.0,0.03852700936966271,5.147152170423436,226.8455436857485,229.0,2.15445631425148,0.04722157954516914,109,229,40450,298
0,0,calibration,R2_scarp9_topo,blur185,4.6,2.0,0.026221249675712596,3.014194223587283,135.74754689570642,137.0,1.2524531042935716,0.02765315801456223,109,137,40450,298
0,0,calibration,R2_scarp9_topo,disk,4.6,3.0,0.038184035243030184,5.147152170423436,232.8455436857485,235.0,2.1544563142514805,0.04722157954516914,109,235,40450,298
0,0,calibration,R2_scarp9_topo,blur185,4.6,3.0,0.025728841711543257,3.014194223587283,146.74754689570642,148.0,1.2524531042935716,0.02765315801456223,109,148,40450,298
0,0,calibration,R2_scarp9_topo,disk,5.8,2.0,0.024959224011384857,3.0327702535875636,168.5122103524152,170.0,1.4877896475848136,0.027823580308142786,109,170,40450,298
0,0,calibration,R2_scarp9_topo,blur185,5.8,2.0,0.027513734506430347,3.014194223587283,108.74754689570642,110.0,1.2524531042935716,0.02765315801456223,109,110,40450,298
0,0,calibration,R2_scarp9_topo,disk,5.8,3.0,0.024555055492568756,3.0327702535875636,178.5122103524152,180.0,1.4877896475848136,0.027823580308142786,109,180,40450,298
0,0,calibration,R2_scarp9_topo,blur185,5.8,3.0,0.026685538379542722,3.014194223587283,125.74754689570642,127.0,1.2524531042935716,0.02765315801456223,109,127,40450,298
0,0,calibration,R7_scarp9_polarity,disk,1.5,2.0,0.0,0.0,298.0,298.0,0.0,0.0,109,298,40450,298
0,0,calibration,R7_scarp9_polarity,blur185,1.5,2.0,0.0325802901472691,4.466291280169487,244.9621165057909,247.0,2.037883494209108,0.04097514935935309,109,247,40450,298
0,0,calibration,R7_scarp9_polarity,disk,1.5,3.0,0.002124050889760094,0.31183496591800663,297.7453559924999,298.0,0.2546440075000701,0.0028608712469541894,109,298,40450,298
0,0,calibration,R7_scarp9_polarity,blur185,1.5,3.0,0.030911653196594113,4.466291280169487,281.9621165057909,284.0,2.0378834942091086,0.04097514935935309,109,284,40450,298
0,0,calibration,R7_scarp9_polarity,disk,2.8,2.0,0.02261333639293465,3.3282200927117884,296.5694013108331,298.0,1.4305986891668772,0.03053412929093384,109,298,40450,298
0,0,calibration,R7_scarp9_polarity,blur185,2.8,2.0,0.03599360719238909,4.466291280169487,179.9621165057909,182.0,2.037883494209108,0.04097514935935309,109,182,40450,298
0,0,calibration,R7_scarp9_polarity,disk,2.8,3.0,0.03507683363517726,5.170841441045262,295.90273464416646,298.0,2.0972653558335437,0.04743891230316754,109,298,40450,298
0,0,calibration,R7_scarp9_polarity,blur185,2.8,3.0,0.03570585557490334,4.466291280169487,184.9621165057909,187.0,2.037883494209108,0.04097514935935309,109,187,40450,298
0,0,calibration,R7_scarp9_polarity,disk,3.6,2.0,0.047074941626022784,6.951890024547802,295.43352102658196,298.0,2.566478973418077,0.06377880756465873,109,298,40450,298
0,0,calibration,R7_scarp9_polarity,blur185,3.6,2.0,0.01491171464088575,1.7617411192937116,152.9621165057909,154.0,1.0378834942091084,0.01616276256232763,109,154,40450,298
0,0,calibration,R7_scarp9_polarity,disk,3.6,3.0,0.04707494162602279,6.951890024547802,295.4335210265819,298.0,2.5664789734180773,0.06377880756465873,109,298,40450,298
0,0,calibration,R7_scarp9_polarity,blur185,3.6,3.0,0.014886514178797347,1.7617411192937116,153.9621165057909,155.0,1.0378834942091084,0.01616276256232763,109,155,40450,298
0,0,calibration,R7_scarp9_polarity,disk,4.6,2.0,0.036030909869165316,4.718744384463059,214.10018769324859,216.0,1.89981230675141,0.04329123288498219,109,216,40450,298
0,0,calibration,R7_scarp9_polarity,blur185,4.6,2.0,0.01351114078400009,1.5070971117936416,120.21676051329096,121.0,0.7832394867090383,0.013826579007281115,109,121,40450,298
0,0,calibration,R7_scarp9_polarity,disk,4.6,3.0,0.03570376207009233,4.718744384463059,220.10018769324859,222.0,1.8998123067514103,0.04329123288498219,109,222,40450,298
0,0,calibration,R7_scarp9_polarity,blur185,4.6,3.0,0.013273152885437572,1.5070971117936416,130.21676051329098,131.0,0.7832394867090383,0.013826579007281115,109,131,40450,298
0,0,calibration,R7_scarp9_polarity,disk,5.8,2.0,0.03946633446404154,4.718744384463059,157.10018769324859,159.0,1.89981230675141,0.04329123288498219,109,159,40450,298
0,0,calibration,R7_scarp9_polarity,blur185,5.8,2.0,0.01425221398711974,1.5070971117936416,91.21676051329096,92.0,0.7832394867090383,0.013826579007281115,109,92,40450,298
0,0,calibration,R7_scarp9_polarity,disk,5.8,3.0,0.038753265838493214,4.718744384463059,168.10018769324859,170.0,1.8998123067514103,0.04329123288498219,109,170,40450,298
0,0,calibration,R7_scarp9_polarity,blur185,5.8,3.0,0.013757818751298865,1.5070971117936416,110.21676051329096,111.0,0.7832394867090383,0.013826579007281115,109,111,40450,298
0,0,calibration,H50a_corridor,disk,1.5,2.0,0.0,0.0,298.0,298.0,0.0,0.0,109,298,40450,298
0,0,calibration,H50a_corridor,blur185,1.5,2.0,0.027976267734817435,3.720935287669557,225.29544983912422,227.0,1.7045501608757752,0.0341370209877941,109,227,40450,298
0,0,calibration,H50a_corridor,disk,1.5,3.0,0.0,0.0,298.0,298.0,0.0,0.0,109,298,40450,298
0,0,calibration,H50a_corridor,blur185,1.5,3.0,0.02673022767266955,3.720935287669557,256.2954498391242,258.0,1.7045501608757752,0.0341370209877941,109,258,40450,298
0,0,calibration,H50a_corridor,disk,2.8,2.0,0.0017346322036789397,0.2546440075000701,297.7453559924999,298.0,0.2546440075000701,0.0023361835550465147,109,298,40450,298
0,0,calibration,H50a_corridor,blur185,2.8,2.0,0.030903936999038994,3.720935287669557,162.29544983912422,164.0,1.7045501608757752,0.0341370209877941,109,164,40450,298
0,0,calibration,H50a_corridor,disk,2.8,3.0,0.002124216389087224,0.31183496591800663,297.688165034082,298.0,0.31183496591800663,0.0028608712469541894,109,298,40450,298
0,0,calibration,H50a_corridor,blur185,2.8,3.0,0.030548728889246948,3.720935287669557,169.29544983912422,171.0,1.7045501608757752,0.0341370209877941,109,171,40450,298
0,0,calibration,H50a_corridor,disk,3.6,2.0,0.03399263314283244,5.011271886172237,296.1001876932486,298.0,1.8998123067514103,0.045974971432772814,109,298,40450,298
0,0,calibration,H50a_corridor,blur185,3.6,2.0,0.030193313030635802,3.4662912801694867,134.5500938466243,136.0,1.449906153375705,0.031800837432747586,109,136,40450,298
0,0,calibration,H50a_corridor,disk,3.6,3.0,0.03399263314283244,5.011271886172237,296.1001876932486,298.0,1.8998123067514103,0.045974971432772814,109,298,40450,298
0,0,calibration,H50a_corridor,blur185,3.6,3.0,0.03014080441729607,3.4662912801694867,135.5500938466243,137.0,1.449906153375705,0.031800837432747586,109,137,40450,298
0,0,calibration,H50a_corridor,disk,4.6,2.0,0.022312654769002918,2.7781262460874934,183.76685435991524,185.0,1.2331456400847434,0.02548739675309627,109,185,40450,298
0,0,calibration,H50a_corridor,blur185,4.6,2.0,0.03197589016943266,3.4662912801694867,102.55009384662429,104.0,1.449906153375705,0.031800837432747586,109,104,40450,298
0,0,calibration,H50a_corridor,disk,4.6,3.0,0.021890695939587347,2.7781262460874934,195.76685435991527,197.0,1.2331456400847434,0.02548739675309627,109,197,40450,298
0,0,calibration,H50a_corridor,blur185,4.6,3.0,0.03151080016798391,3.4662912801694867,110.55009384662429,112.0,1.449906153375705,0.031800837432747586,109,112,40450,298
0,0,calibration,H50a_corridor,disk,5.8,2.0,0.024780582666925753,2.7781262460874934,121.76685435991526,123.0,1.2331456400847434,0.02548739675309627,109,123,40450,298
0,0,calibration,H50a_corridor,blur185,5.8,2.0,0.01572878055994074,1.6258608350425119,79.21676051329096,80.0,0.7832394867090383,0.014916154449931301,109,80,40450,298
0,0,calibration,H50a_corridor,disk,5.8,3.0,0.024218904706934444,2.7781262460874934,134.76685435991527,136.0,1.2331456400847434,0.02548739675309627,109,136,40450,298
0,0,calibration,H50a_corridor,blur185,5.8,3.0,0.015400999931469723,1.6258608350425119,90.21676051329096,91.0,0.7832394867090383,0.014916154449931301,109,91,40450,298
0,0,calibration,H50b_kth_ridge,disk,1.5,2.0,0.0,0.0,298.0,298.0,0.0,0.0,109,298,40450,298
0,0,calibration,H50b_kth_ridge,blur185,1.5,2.0,0.012309058363795653,1.6637443292516205,238.15737865166653,239.0,0.8426213483334736,0.015263709442675417,109,239,40450,298
0,0,calibration,H50b_kth_ridge,disk,1.5,3.0,0.0,0.0,298.0,298.0,0.0,0.0,109,298,40450,298
0,0,calibration,H50b_kth_ridge,blur185,1.5,3.0,0.011785878001391211,1.6637443292516205,268.15737865166653,269.0,0.8426213483334736,0.015263709442675417,109,269,40450,298
0,0,calibration,H50b_kth_ridge,disk,2.8,2.0,0.047642036217755236,7.030579350381065,294.8240453183332,298.0,3.175954681666807,0.06450072798514739,109,298,40450,298
0,0,calibration,H50b_kth_ridge,blur185,2.8,2.0,0.013464611902748046,1.6637443292516205,180.15737865166653,181.0,0.8426213483334736,0.015263709442675417,109,181,40450,298
0,0,calibration,H50b_kth_ridge,disk,2.8,3.0,0.06003270329161585,8.873200698714538,294.15737865166653,298.0,3.842621348333474,0.08140551099738108,109,298,40450,298
0,0,calibration,H50b_kth_ridge,blur185,2.8,3.0,0.01333510735658833,1.6637443292516205,186.15737865166653,187.0,0.8426213483334736,0.015263709442675417,109,187,40450,298
0,0,calibration,H50b_kth_ridge,disk,3.6,2.0,0.04591646590223137,6.775935342880994,295.07868932583324,298.0,2.9213106741667367,0.06216454443010087,109,298,40450,298
0,0,calibration,H50b_kth_ridge,blur185,3.6,2.0,0.013961776992126628,1.6637443292516205,158.15737865166653,159.0,0.8426213483334736,0.015263709442675417,109,159,40450,298
0,0,calibration,H50b_kth_ridge,disk,3.6,3.0,0.04591646590223137,6.775935342880994,295.07868932583324,298.0,2.9213106741667367,0.06216454443010087,109,298,40450,298
0,0,calibration,H50b_kth_ridge,blur185,3.6,3.0,0.013868670721225456,1.6637443292516205,162.15737865166653,163.0,0.8426213483334736,0.015263709442675417,109,163,40450,298
0,0,calibration,H50b_kth_ridge,disk,4.6,2.0,0.018192087213322456,2.369025924335943,212.74535599249992,214.0,1.2546440075000702,0.021734182792072874,109,214,40450,298
0,0,calibration,H50b_kth_ridge,blur185,4.6,2.0,0.014833110425730295,1.6637443292516205,123.15737865166653,124.0,0.8426213483334736,0.015263709442675417,109,124,40450,298
0,0,calibration,H50b_kth_ridge,disk,4.6,3.0,0.01797128077714164,2.369025924335943,220.74535599249992,222.0,1.2546440075000702,0.021734182792072874,109,222,40450,298
0,0,calibration,H50b_kth_ridge,blur185,4.6,3.0,0.014624494960144249,1.6637443292516205,131.15737865166653,132.0,0.8426213483334736,0.015263709442675417,109,132,40450,298
0,0,calibration,H50b_kth_ridge,disk,5.8,2.0,0.019971071319158287,2.369025924335943,154.74535599249992,156.0,1.2546440075000702,0.021734182792072874,109,156,40450,298
0,0,calibration,H50b_kth_ridge,blur185,5.8,2.0,0.0070963811553250485,0.7639320225002103,101.49071198499986,102.0,0.5092880150001402,0.007008550665139544,109,102,40450,298
0,0,calibration,H50b_kth_ridge,disk,5.8,3.0,0.01947845664222348,2.369025924335943,169.74535599249992,171.0,1.2546440075000702,0.021734182792072874,109,171,40450,298
0,0,calibration,H50b_kth_ridge,blur185,5.8,3.0,0.006941622672518424,0.7639320225002103,113.49071198499986,114.0,0.5092880150001402,0.007008550665139544,109,114,40450,298
0,0,calibration,H50c_both,disk,1.5,2.0,0.0,0.0,298.0,298.0,0.0,0.0,109,298,40450,298
0,0,calibration,H50c_both,blur185,1.5,2.0,0.019334890013298887,2.604362467627185,234.88342717995764,236.0,1.1165728200423717,0.023893233647955828,109,236,40450,298
0,0,calibration,H50c_both,disk,1.5,3.0,0.0,0.0,298.0,298.0,0.0,0.0,109,298,40450,298
0,0,calibration,H50c_both,blur185,1.5,3.0,0.018589635009465477,2.604362467627185,261.8834271799576,263.0,1.1165728200423717,0.023893233647955828,109,263,40450,298
0,0,calibration,H50c_both,disk,2.8,2.0,0.028585658984688588,4.2094563694629175,296.07868932583324,298.0,1.9213106741667367,0.03861886577488915,109,298,40450,298
0,0,calibration,H50c_both,blur185,2.8,2.0,0.020986411909139663,2.604362467627185,181.8834271799576,183.0,1.1165728200423717,0.023893233647955828,109,183,40450,298
0,0,calibration,H50c_both,disk,2.8,3.0,0.028595548706751777,4.2094563694629175,295.8240453183332,298.0,2.175954681666807,0.03861886577488915,109,298,40450,298
0,0,calibration,H50c_both,blur185,2.8,3.0,0.02085198870819296,2.604362467627185,185.88342717995764,187.0,1.1165728200423717,0.023893233647955828,109,187,40450,298
0,0,calibration,H50c_both,disk,3.6,2.0,0.047066631737658945,6.949699121341303,295.3333333333333,298.0,2.666666666666667,0.06375870753524131,109,298,40450,298
0,0,calibration,H50c_both,blur185,3.6,2.0,0.02220304082709122,2.604362467627185,147.88342717995764,149.0,1.1165728200423717,0.023893233647955828,109,149,40450,298
0,0,calibration,H50c_both,disk,3.6,3.0,0.047066631737658945,6.949699121341303,295.3333333333333,298.0,2.666666666666667,0.06375870753524131,109,298,40450,298
0,0,calibration,H50c_both,blur185,3.6,3.0,0.022015352752918802,2.604362467627185,152.88342717995764,154.0,1.1165728200423717,0.023893233647955828,109,154,40450,298
0,0,calibration,H50c_both,disk,4.6,2.0,0.0461065557015415,5.7952428070898225,186.66666666666666,189.0,2.3333333333333335,0.053167365202658926,109,189,40450,298
0,0,calibration,H50c_both,blur185,4.6,2.0,0.02387186768479018,2.604362467627185,106.88342717995764,108.0,1.1165728200423717,0.023893233647955828,109,108,40450,298
0,0,calibration,H50c_both,disk,4.6,3.0,0.04588750897040946,5.7952428070898225,189.66666666666666,192.0,2.3333333333333335,0.053167365202658926,109,192,40450,298
0,0,calibration,H50c_both,blur185,4.6,3.0,0.02331619881314288,2.604362467627185,119.88342717995764,121.0,1.1165728200423717,0.023893233647955828,109,121,40450,298
0,0,calibration,H50c_both,disk,5.8,2.0,0.0509730090135205,5.7952428070898225,126.66666666666666,129.0,2.3333333333333335,0.053167365202658926,109,129,40450,298
0,0,calibration,H50c_both,blur185,5.8,2.0,0.01636091791550783,1.7045501608757752,83.21676051329096,84.0,0.7832394867090383,0.015638074870419957,109,84,40450,298
0,0,calibration,H50c_both,disk,5.8,3.0,0.050005381823567785,5.7952428070898225,137.66666666666666,140.0,2.3333333333333335,0.053167365202658926,109,140,40450,298
0,0,calibration,H50c_both,blur185,5.8,3.0,0.015962559714309526,1.7045501608757752,96.21676051329096,97.0,0.7832394867090383,0.015638074870419957,109,97,40450,298
0,0,calibration,RANDOM_fixed_seed,disk,1.5,2.0,0.014653086135483582,2.1544563142514805,297.0,298.0,1.0,0.019765654259187894,109,298,40450,298
0,0,calibration,RANDOM_fixed_seed,disk,1.5,3.0,0.014653086135483582,2.1544563142514805,297.0,298.0,1.0,0.019765654259187894,109,298,40450,298
0,0,calibration,RANDOM_fixed_seed,disk,2.8,2.0,0.032425815017284754,4.778126246087493,296.0,298.0,2.0,0.04383602060630727,109,298,40450,298
0,0,calibration,RANDOM_fixed_seed,disk,2.8,3.0,0.032425815017284754,4.778126246087493,296.0,298.0,2.0,0.04383602060630727,109,298,40450,298
0,0,calibration,RANDOM_fixed_seed,disk,3.6,2.0,0.032425815017284754,4.778126246087493,296.0,298.0,2.0,0.04383602060630727,109,298,40450,298
0,0,calibration,RANDOM_fixed_seed,disk,3.6,3.0,0.032425815017284754,4.778126246087493,296.0,298.0,2.0,0.04383602060630727,109,298,40450,298
0,0,calibration,RANDOM_fixed_seed,disk,4.6,2.0,0.04485596225848396,6.618556691214468,295.1380711874577,298.0,2.8619288125423017,0.060720703589123556,109,298,40450,298
0,0,calibration,RANDOM_fixed_seed,disk,4.6,3.0,0.04485596225848396,6.618556691214468,295.1380711874577,298.0,2.8619288125423017,0.060720703589123556,109,298,40450,298
0,0,calibration,RANDOM_fixed_seed,disk,5.8,2.0,0.05688973068046422,8.403987081130007,294.216760513291,298.0,3.783239486709039,0.0771007989094496,109,298,40450,298
0,0,calibration,RANDOM_fixed_seed,disk,5.8,3.0,0.05688973068046422,8.403987081130007,294.216760513291,298.0,3.7832394867090384,0.0771007989094496,109,298,40450,298
1,1,selection,R2_scarp9_topo,disk,1.5,2.0,0.05260758518225706,28.96023957330499,1259.5173235930367,1275.0,15.48267640696327,0.07912633763198085,366,1275,173048,1275
1,1,selection,R2_scarp9_topo,blur185,1.5,2.0,0.012729460483343731,6.089961212005499,921.9836148732063,925.0,3.0163851267937822,0.01663923828416803,366,925,173048,1275
1,1,selection,R2_scarp9_topo,disk,1.5,3.0,0.05341612892901288,29.410145726680696,1259.5173235930367,1275.0,15.482676406963268,0.08035558941716037,366,1275,173048,1275
1,1,selection,R2_scarp9_topo,blur185,1.5,3.0,0.015553354012491638,7.61636578800797,976.8477345889551,981.0,4.152265411044982,0.020809742590185712,366,981,173048,1275
1,1,selection,R2_scarp9_topo,disk,2.8,2.0,0.04553559793209052,25.072430586934367,1263.9858057764127,1275.0,11.014194223587284,0.06850390870747095,366,1275,173048,1275
1,1,selection,R2_scarp9_topo,blur185,2.8,2.0,0.007862462222159312,3.4069094185450517,699.1595695548731,701.0,1.840430445126975,0.00930849567908484,366,701,173048,1275
1,1,selection,R2_scarp9_topo,disk,2.8,3.0,0.04390797302723671,24.16969594276791,1264.1431844280792,1275.0,10.856815571920757,0.06603742060865549,366,1275,173048,1275
1,1,selection,R2_scarp9_topo,blur185,2.8,3.0,0.012838478696125567,5.5212913353809245,680.7690452631218,684.0,3.2309547368782447,0.01508549545186045,366,684,173048,1275
1,1,selection,R2_scarp9_topo,disk,3.6,2.0,0.01978899160549779,10.865896554886493,1270.573783117246,1275.0,4.426216882753881,0.029688241953241785,366,1275,173048,1275
1,1,selection,R2_scarp9_topo,blur185,3.6,2.0,0.008331618104821078,3.4069094185450517,577.1595695548731,579.0,1.8404304451269748,0.00930849567908484,366,579,173048,1275
1,1,selection,R2_scarp9_topo,disk,3.6,3.0,0.026126053917455656,14.353686202471307,1268.6524724430792,1275.0,6.3475275569206175,0.0392177218646757,366,1275,173048,1275
1,1,selection,R2_scarp9_topo,blur185,3.6,3.0,0.012651462387980542,5.152265411044981,567.0808802290397,570.0,2.919119770960238,0.014077227899030003,366,570,173048,1275
1,1,selection,R2_scarp9_topo,disk,4.6,2.0,0.015199849783047305,6.930391657132475,808.8262362215396,812.0,3.1737637784603088,0.018935496330963045,366,812,173048,1275
1,1,selection,R2_scarp9_topo,blur185,4.6,2.0,0.009029391374532755,3.4069094185450517,419.15956955487303,421.0,1.840430445126975,0.00930849567908484,366,421,173048,1275
1,1,selection,R2_scarp9_topo,disk,4.6,3.0,0.015239959220257995,6.930391657132475,802.8262362215396,806.0,3.1737637784603088,0.018935496330963045,366,806,173048,1275
1,1,selection,R2_scarp9_topo,blur185,4.6,3.0,0.01086279144048213,4.152265411044981,443.08088022903974,445.0,1.9191197709602381,0.011344987461871533,366,445,173048,1275
1,1,selection,R2_scarp9_topo,disk,5.8,2.0,0.008943379888991635,3.58067319700536,534.2761423749154,536.0,1.7238576250846034,0.009783260101107541,366,536,173048,1275
1,1,selection,R2_scarp9_topo,blur185,5.8,2.0,0.009422203050491925,3.3497184601271153,310.216760513291,312.0,1.7832394867090384,0.009152236229855506,366,312,173048,1275
1,1,selection,R2_scarp9_topo,disk,5.8,3.0,0.008806998037385064,3.58067319700536,565.2761423749154,567.0,1.7238576250846034,0.009783260101107541,366,567,173048,1275
1,1,selection,R2_scarp9_topo,blur185,5.8,3.0,0.011168995232183666,4.0950744526270455,365.1380711874577,367.0,1.8619288125423017,0.0111887280126422,366,367,173048,1275
1,1,selection,R7_scarp9_polarity,disk,1.5,2.0,0.048345889242731255,26.608330209971378,1261.2626795855367,1275.0,13.73732041446334,0.07270035576494913,366,1275,173048,1275
1,1,selection,R7_scarp9_polarity,blur185,1.5,2.0,0.012054967052448188,5.523482238587423,821.433521026582,824.0,2.5664789734180773,0.015091481526195145,366,824,173048,1275
1,1,selection,R7_scarp9_polarity,disk,1.5,3.0,0.05022345603664678,27.64621370418049,1260.6747022447032,1275.0,14.325297755296742,0.07553610301688658,366,1275,173048,1275
1,1,selection,R7_scarp9_polarity,blur185,1.5,3.0,0.015029514244171602,7.049886814589893,874.2976407423307,878.0,3.702359257669277,0.019261985832212822,366,878,173048,1275
1,1,selection,R7_scarp9_polarity,disk,2.8,2.0,0.04365671070107114,24.033815658516716,1264.5573979904523,1275.0,10.442602009547663,0.06566616300141179,366,1275,173048,1275
1,1,selection,R7_scarp9_polarity,blur185,2.8,2.0,0.007144895262289073,2.9570032651693468,602.3548317007487,604.0,1.6451682992513401,0.00807924389390532,366,604,173048,1275
1,1,selection,R7_scarp9_polarity,disk,2.8,3.0,0.04121067083887929,22.678983957768054,1264.912229691201,1275.0,10.087770308799001,0.06196443704308211,366,1275,173048,1275
1,1,selection,R7_scarp9_polarity,blur185,2.8,3.0,0.012350942558638474,5.071385182005219,583.9643074089975,587.0,3.03569259100261,0.013856243666680926,366,587,173048,1275
1,1,selection,R7_scarp9_polarity,disk,3.6,2.0,0.02615707987074905,14.372262232471588,1268.9264239147883,1275.0,6.073576085211719,0.03926847604500434,366,1275,173048,1275
1,1,selection,R7_scarp9_polarity,blur185,3.6,2.0,0.00750009007382757,2.9570032651693468,504.35483170074866,506.0,1.6451682992513401,0.00807924389390532,366,506,173048,1275
1,1,selection,R7_scarp9_polarity,disk,3.6,3.0,0.026909442777120915,14.784284891638187,1268.2597572481218,1275.0,6.740242751878385,0.04039422101540488,366,1275,173048,1275
1,1,selection,R7_scarp9_polarity,blur185,3.6,3.0,0.011989828684389916,4.7023592576692765,492.27614237491537,495.0,2.7238576250846034,0.012847976113850482,366,495,173048,1275
1,1,selection,R7_scarp9_polarity,disk,4.6,2.0,0.014548654139848906,6.323106852090244,702.7668543599152,706.0,3.233145640084744,0.017276248229754765,366,706,173048,1275
1,1,selection,R7_scarp9_polarity,blur185,4.6,2.0,0.008113329476413795,2.9570032651693468,355.35483170074866,357.0,1.6451682992513401,0.00807924389390532,366,357,173048,1275
1,1,selection,R7_scarp9_polarity,disk,4.6,3.0,0.01448201165420543,6.323106852090244,712.7668543599152,716.0,3.233145640084744,0.017276248229754765,366,716,173048,1275
1,1,selection,R7_scarp9_polarity,blur185,4.6,3.0,0.009974143704823465,3.7023592576692765,388.27614237491537,390.0,1.7238576250846034,0.010115735676692012,366,390,173048,1275
1,1,selection,R7_scarp9_polarity,disk,5.8,2.0,0.010105612581155601,3.8925081629233667,458.02149836741535,460.0,1.9785016325846736,0.010635268204708653,366,460,173048,1275
1,1,selection,R7_scarp9_polarity,blur185,5.8,2.0,0.0036275366446609477,1.2546440075000702,264.07868932583324,265.0,0.9213106741667368,0.0034279890915302467,366,265,173048,1275
1,1,selection,R7_scarp9_polarity,disk,5.8,3.0,0.009894962743668165,3.8925081629233667,499.02149836741535,501.0,1.9785016325846734,0.010635268204708653,366,501,173048,1275
1,1,selection,R7_scarp9_polarity,blur185,5.8,3.0,0.005602240896358527,2.0,319.0,320.0,1.0,0.00546448087431694,366,320,173048,1275
1,1,selection,H50a_corridor,disk,1.5,2.0,0.05980561172581025,32.94385444651121,1257.3005630797459,1275.0,17.699436920254232,0.09001053127462079,366,1275,173048,1275
1,1,selection,H50a_corridor,blur185,1.5,2.0,0.004348816613867866,1.9376958009605185,761.9049255473728,763.0,1.095074452627045,0.005294250822296499,366,763,173048,1275
1,1,selection,H50a_corridor,disk,1.5,3.0,0.059805611725810254,32.94385444651121,1257.3005630797456,1275.0,17.699436920254232,0.09001053127462079,366,1275,173048,1275
1,1,selection,H50a_corridor,blur185,1.5,3.0,0.011496471868249555,5.2473398636720265,812.904925547373,816.0,3.095074452627045,0.014336994163038325,366,816,173048,1275
1,1,selection,H50a_corridor,disk,2.8,2.0,0.03593663762397157,19.767899764844405,1266.6145889488703,1275.0,8.385411051129726,0.054010655095203294,366,1275,173048,1275
1,1,selection,H50a_corridor,blur185,2.8,2.0,0.0006309316340437796,0.2546440075000701,553.7453559925,554.0,0.2546440075000701,0.0006957486543717762,366,554,173048,1275
1,1,selection,H50a_corridor,disk,2.8,3.0,0.038810467078243205,21.355877105677806,1265.9479222822035,1275.0,9.052077717796394,0.05834939099911969,366,1275,173048,1275
1,1,selection,H50a_corridor,blur185,2.8,3.0,0.0032844201254157218,1.3118349659180066,531.7453559925,533.0,1.2546440075000702,0.003584248540759581,366,533,173048,1275
1,1,selection,H50a_corridor,disk,3.6,2.0,0.021252294665232735,11.67063440901086,1270.064495102246,1275.0,4.93550489775402,0.03188697925959252,366,1275,173048,1275
1,1,selection,H50a_corridor,blur185,3.6,2.0,0.0006627902329517685,0.2546440075000701,456.7453559924999,457.0,0.2546440075000701,0.0006957486543717762,366,457,173048,1275
1,1,selection,H50a_corridor,disk,3.6,3.0,0.0203267632987068,11.161346394010721,1270.319139109746,1275.0,4.680860890253951,0.030495481950848963,366,1275,173048,1275
1,1,selection,H50a_corridor,blur185,3.6,3.0,0.0,0.0,443.0,443.0,0.0,0.0,366,443,173048,1275
1,1,selection,H50a_corridor,disk,4.6,2.0,0.011098615662701363,4.5806731970053605,595.0429967348306,597.0,1.9570032651693468,0.012515500538266012,366,597,173048,1275
1,1,selection,H50a_corridor,blur185,4.6,2.0,0.0007156942313099196,0.2546440075000701,314.7453559924999,315.0,0.2546440075000701,0.0006957486543717762,366,315,173048,1275
1,1,selection,H50a_corridor,disk,4.6,3.0,0.009799378760337553,4.07138518200522,609.2976407423307,611.0,1.7023592576692768,0.011124003229522459,366,611,173048,1275
1,1,selection,H50a_corridor,blur185,4.6,3.0,0.0,0.0,350.0,350.0,0.0,0.0,366,350,173048,1275
1,1,selection,H50a_corridor,disk,5.8,2.0,0.005909209979773882,2.1715728752538097,371.27614237491537,372.0,0.7238576250846033,0.0059332592220049446,366,372,173048,1275
1,1,selection,H50a_corridor,blur185,5.8,2.0,0.0007489529632354981,0.2546440075000701,235.74535599249992,236.0,0.2546440075000701,0.0006957486543717762,366,236,173048,1275
1,1,selection,H50a_corridor,disk,5.8,3.0,0.005743541219722209,2.1715728752538097,424.27614237491537,425.0,0.7238576250846033,0.0059332592220049446,366,425,173048,1275
1,1,selection,H50a_corridor,blur185,5.8,3.0,0.0,0.0,293.0,293.0,0.0,0.0,366,293,173048,1275
1,1,selection,H50b_kth_ridge,disk,1.5,2.0,0.04824539968823048,26.55113925155344,1261.124608398079,1275.0,13.875391601921036,0.07254409631571979,366,1275,173048,1275
1,1,selection,H50b_kth_ridge,blur185,1.5,2.0,0.007020758705200195,3.1114595794208273,748.7883527273306,751.0,2.211647272669417,0.00850125568147767,366,751,173048,1275
1,1,selection,H50b_kth_ridge,disk,1.5,3.0,0.04905489211151726,27.001045404929144,1261.124608398079,1275.0,13.875391601921038,0.0737733481008993,366,1275,173048,1275
1,1,selection,H50b_kth_ridge,blur185,1.5,3.0,0.012701716471153734,5.7923204696747765,810.3406374771614,815.0,4.659362522838623,0.015826012212226164,366,815,173048,1275
1,1,selection,H50b_kth_ridge,disk,2.8,2.0,0.05588231053584271,30.811941904604208,1262.048109975452,1275.0,12.951890024547803,0.08418563361913718,366,1275,173048,1275
1,1,selection,H50b_kth_ridge,blur185,2.8,2.0,0.007648999131112441,3.1114595794208273,566.7883527273307,569.0,2.211647272669417,0.00850125568147767,366,569,173048,1275
1,1,selection,H50b_kth_ridge,disk,2.8,3.0,0.053938981093064484,29.73325257877094,1262.4601326346187,1275.0,12.539867365381205,0.08123839502396432,366,1275,173048,1275
1,1,selection,H50b_kth_ridge,blur185,2.8,3.0,0.011901199505886927,4.813818837090103,553.5952814846614,557.0,3.404718515338553,0.013152510483852742,366,557,173048,1275
1,1,selection,H50b_kth_ridge,disk,3.6,2.0,0.025775827679057953,14.162805863008673,1269.1409935248726,1275.0,5.859006475127256,0.03869619088253736,366,1275,173048,1275
1,1,selection,H50b_kth_ridge,blur185,3.6,2.0,0.0046777309890866465,1.821122980918147,480.7668543599152,482.0,1.2331456400847434,0.004975745849503134,366,482,173048,1275
1,1,selection,H50b_kth_ridge,disk,3.6,3.0,0.02699164028541362,14.82947252967534,1268.2196828507058,1275.0,6.780317149293992,0.04051768450730967,366,1275,173048,1275
1,1,selection,H50b_kth_ridge,blur185,3.6,3.0,0.006038826117670512,2.3497184601271153,479.15956955487303,481.0,1.8404304451269748,0.006419995792697036,366,481,173048,1275
1,1,selection,H50b_kth_ridge,disk,4.6,2.0,0.009559633602724537,4.1515339768364345,703.2360679774997,705.0,1.7639320225002104,0.011342989007749821,366,705,173048,1275
1,1,selection,H50b_kth_ridge,blur185,4.6,2.0,0.0035816389677411804,1.3118349659180066,366.02149836741535,367.0,0.9785016325846734,0.003584248540759581,366,367,173048,1275
1,1,selection,H50b_kth_ridge,disk,4.6,3.0,0.008892408731298236,3.8968899693363643,723.2360679774997,725.0,1.7639320225002104,0.010647240353378044,366,725,173048,1275
1,1,selection,H50b_kth_ridge,blur185,4.6,3.0,0.002252857130866881,0.8404304451269748,400.4142135623731,401.0,0.5857864376269047,0.0022962580467950134,366,401,173048,1275
1,1,selection,H50b_kth_ridge,disk,5.8,2.0,0.004456353554871454,1.720935287669557,465.15737865166653,466.0,0.8426213483334736,0.004702008982703707,366,466,173048,1275
1,1,selection,H50b_kth_ridge,blur185,5.8,2.0,0.0037473861147914764,1.3118349659180066,285.02149836741535,286.0,0.9785016325846734,0.003584248540759581,366,286,173048,1275
1,1,selection,H50b_kth_ridge,disk,5.8,3.0,0.004357066649430066,1.720935287669557,509.15737865166653,510.0,0.8426213483334736,0.004702008982703707,366,510,173048,1275
1,1,selection,H50b_kth_ridge,blur185,5.8,3.0,0.0023290239210920355,0.8404304451269748,339.4142135623731,340.0,0.5857864376269047,0.0022962580467950134,366,340,173048,1275
1,1,selection,H50c_both,disk,1.5,2.0,0.047666875924820065,26.232000141807397,1261.3643267477833,1275.0,13.6356732522168,0.07167213153499288,366,1275,173048,1275
1,1,selection,H50c_both,blur185,1.5,2.0,0.005293677239669596,2.30891262850296,714.5122103524152,716.0,1.4877896475848136,0.00630850444946164,366,716,173048,1275
1,1,selection,H50c_both,disk,1.5,3.0,0.05219400223590462,28.739097253601038,1260.3643267477833,1275.0,14.635673252216797,0.07852212364371869,366,1275,173048,1275
1,1,selection,H50c_both,blur185,1.5,3.0,0.014899994163363408,6.735129511256839,789.376330068164,794.0,4.623669931836013,0.018401993200155297,366,794,173048,1275
1,1,selection,H50c_both,disk,2.8,2.0,0.034934083792859935,19.21488358080506,1266.9479222822038,1275.0,8.052077717796394,0.05249968191476793,366,1275,173048,1275
1,1,selection,H50c_both,blur185,2.8,2.0,0.0057699126673128745,2.30891262850296,534.5122103524152,536.0,1.4877896475848136,0.00630850444946164,366,536,173048,1275
1,1,selection,H50c_both,disk,2.8,3.0,0.031704894382224715,17.431644094096026,1267.6145889488703,1275.0,7.385411051129725,0.04762744288004379,366,1275,173048,1275
1,1,selection,H50c_both,blur185,2.8,3.0,0.012751318562266047,5.0899612120055,526.7668543599152,530.0,3.2331456400847434,0.013906997847009562,366,530,173048,1275
1,1,selection,H50c_both,disk,3.6,2.0,0.017027373601525564,9.34460521950557,1270.6502815398728,1275.0,4.349718460127115,0.02553170825001522,366,1275,173048,1275
1,1,selection,H50c_both,blur185,3.6,2.0,0.0021515026401133634,0.8211229809181468,443.4335210265819,444.0,0.5664789734180767,0.0022435054123446634,366,444,173048,1275
1,1,selection,H50c_both,disk,3.6,3.0,0.017083405283030935,9.34460521950557,1261.6502815398728,1266.0,4.349718460127115,0.02553170825001522,366,1266,173048,1275
1,1,selection,H50c_both,blur185,3.6,3.0,0.007315501642209149,2.7996246135028198,446.688165034082,448.0,1.3118349659180066,0.007649247577876557,366,448,173048,1275
1,1,selection,H50c_both,disk,4.6,2.0,0.0073033656501598964,3.0378834942091086,612.7453559925,614.0,1.2546440075000702,0.008300228126254396,366,614,173048,1275
1,1,selection,H50c_both,blur185,4.6,2.0,0.00228820079596994,0.8211229809181468,329.4335210265819,330.0,0.5664789734180767,0.0022435054123446634,366,330,173048,1275
1,1,selection,H50c_both,disk,4.6,3.0,0.007226919115957466,3.0378834942091086,634.7453559925,636.0,1.2546440075000702,0.008300228126254396,366,636,173048,1275
1,1,selection,H50c_both,blur185,4.6,3.0,0.005314129568807412,1.9376958009605183,357.216760513291,358.0,0.7832394867090383,0.005294250822296498,366,358,173048,1275
1,1,selection,H50c_both,disk,5.8,2.0,0.008229253113853988,3.0378834942091086,378.7453559924999,380.0,1.2546440075000702,0.008300228126254396,366,380,173048,1275
1,1,selection,H50c_both,blur185,5.8,2.0,0.00016664032173058381,0.05719095841793653,251.94280904158205,252.0,0.05719095841793653,0.00015625944922933478,366,252,173048,1275
1,1,selection,H50c_both,disk,5.8,3.0,0.008007988026695095,3.0378834942091086,429.7453559924999,431.0,1.2546440075000702,0.008300228126254396,366,431,173048,1275
1,1,selection,H50c_both,blur185,5.8,3.0,0.004019381892178916,1.428407785960378,311.471404520791,312.0,0.5285954792089682,0.0039027535135529455,366,312,173048,1275
1,1,selection,RANDOM_fixed_seed,disk,1.5,2.0,0.037964379361489824,20.903048614887055,1268.0786893258332,1275.0,6.921310674166737,0.05711215468548376,366,1275,173048,1275
1,1,selection,RANDOM_fixed_seed,disk,1.5,3.0,0.037964379361489824,20.903048614887055,1268.0786893258332,1275.0,6.921310674166737,0.05711215468548376,366,1275,173048,1275
1,1,selection,RANDOM_fixed_seed,disk,2.8,2.0,0.037964379361489824,20.903048614887055,1268.0786893258332,1275.0,6.921310674166738,0.05711215468548376,366,1275,173048,1275
1,1,selection,RANDOM_fixed_seed,disk,2.8,3.0,0.037964379361489824,20.903048614887055,1268.0786893258332,1275.0,6.921310674166738,0.05711215468548376,366,1275,173048,1275
1,1,selection,RANDOM_fixed_seed,disk,3.6,2.0,0.038466711724842936,21.179190989802454,1267.7453559925,1275.0,7.254644007500071,0.05786664204864058,366,1275,173048,1275
1,1,selection,RANDOM_fixed_seed,disk,3.6,3.0,0.03913170961168157,21.548216914138397,1267.7453559924998,1275.0,7.254644007500071,0.05887490960147103,366,1275,173048,1275
1,1,selection,RANDOM_fixed_seed,disk,4.6,2.0,0.046736889129397254,25.75986418680781,1266.0786893258332,1275.0,8.921310674166737,0.07038214258690659,366,1275,173048,1275
1,1,selection,RANDOM_fixed_seed,disk,4.6,3.0,0.046736889129397254,25.75986418680781,1266.0786893258332,1275.0,8.921310674166737,0.07038214258690659,366,1275,173048,1275
1,1,selection,RANDOM_fixed_seed,disk,5.8,2.0,0.04881297320854748,26.912129597852797,1265.7453559924998,1275.0,9.25464400750007,0.07353040873730272,366,1275,173048,1275
1,1,selection,RANDOM_fixed_seed,disk,5.8,3.0,0.04881297320854748,26.912129597852797,1265.7453559925,1275.0,9.25464400750007,0.07353040873730272,366,1275,173048,1275
2,2,calibration,R2_scarp9_topo,disk,1.5,2.0,0.10740105816722482,61.58495491007015,1361.4703591158618,1398.0,36.52964088413812,0.17059544296418325,361,1398,189660,1398
2,2,calibration,R2_scarp9_topo,blur185,1.5,2.0,0.05231898932271032,25.75036913977327,991.1504885719072,1003.0,11.849511428092713,0.07133066243704507,361,1003,189660,1398
2,2,calibration,R2_scarp9_topo,disk,1.5,3.0,0.11678791120887784,67.0184759366521,1358.2200969147748,1398.0,39.779903085225186,0.18564674774695872,361,1398,189660,1398
2,2,calibration,R2_scarp9_topo,blur185,1.5,3.0,0.06867578957874429,35.4097316626119,1098.6262748991112,1115.0,16.373725100888684,0.09808789934241523,361,1115,189660,1398
2,2,calibration,R2_scarp9_topo,disk,2.8,2.0,0.11371039600414784,65.4621233511289,1368.9960322576558,1398.0,29.003967742344194,0.1813355217482795,361,1398,189660,1398
2,2,calibration,R2_scarp9_topo,blur185,2.8,2.0,0.04320961881165015,19.08662481052165,745.5217053994497,754.0,8.47829460055027,0.0528715368712511,361,754,189660,1398
2,2,calibration,R2_scarp9_topo,disk,2.8,3.0,0.12176016112162719,70.15028838521089,1366.5246277368647,1398.0,31.475372263135224,0.19432212849088887,361,1398,189660,1398
2,2,calibration,R2_scarp9_topo,blur185,2.8,3.0,0.05839894757540673,26.043628075691,759.7592328459475,771.0,11.24076715405253,0.07214301406008587,361,771,189660,1398
2,2,calibration,R2_scarp9_topo,disk,3.6,2.0,0.088341125527119,50.721880599250504,1376.074721583489,1398.0,21.925278416510928,0.14050382437465514,361,1398,189660,1398
2,2,calibration,R2_scarp9_topo,blur185,3.6,2.0,0.04400022762974981,18.520145837103573,642.0309934144498,650.0,7.969006585550131,0.05130234303906807,361,650,189660,1398
2,2,calibration,R2_scarp9_topo,disk,3.6,3.0,0.08899523799009987,51.09821066741449,1375.7413882501555,1398.0,22.258611749844263,0.14154628993743626,361,1398,189660,1398
2,2,calibration,R2_scarp9_topo,blur185,3.6,3.0,0.053095361928007095,22.403573017061202,643.3450192835744,653.0,9.654980716425626,0.06205975905003103,361,653,189660,1398
2,2,calibration,R2_scarp9_topo,disk,4.6,2.0,0.05865678604731381,27.676061620353007,887.4765177614127,898.0,10.523482238587423,0.07666499063809697,361,898,189660,1398
2,2,calibration,R2_scarp9_topo,blur185,4.6,2.0,0.04126509965016265,15.937281736891714,471.1475662344923,478.0,6.85243376550776,0.04414759483903522,361,478,189660,1398
2,2,calibration,R2_scarp9_topo,disk,4.6,3.0,0.055279572145968965,26.264038961186408,905.3005630797459,916.0,10.69943692025423,0.07275357052960224,361,916,189660,1398
2,2,calibration,R2_scarp9_topo,blur185,4.6,3.0,0.04854323613594121,19.111045515352025,505.3450192835744,514.0,8.654980716425626,0.0529391842530527,361,514,189660,1398
2,2,calibration,R2_scarp9_topo,disk,5.8,2.0,0.04811393912088869,19.605407872556334,573.7883527273306,581.0,7.211647272669417,0.054308609065253005,361,581,189660,1398
2,2,calibration,R2_scarp9_topo,blur185,5.8,2.0,0.023311593349271624,8.435297865719619,356.8142329011589,361.0,4.185767098841093,0.023366476082325813,361,361,189660,1398
2,2,calibration,R2_scarp9_topo,disk,5.8,3.0,0.04440030978957732,18.548216914138397,626.2003753864972,634.0,7.79962461350282,0.051380102255231014,361,634,189660,1398
2,2,calibration,R2_scarp9_topo,blur185,5.8,3.0,0.026019303155202404,9.709249337428517,412.068876908659,417.0,4.931123091341023,0.026895427527502815,361,417,189660,1398
2,2,calibration,R7_scarp9_polarity,disk,1.5,2.0,0.11730496013322102,67.3237381929506,1358.2794787763992,1398.0,39.720521223600755,0.1864923495649601,361,1398,189660,1398
2,2,calibration,R7_scarp9_polarity,blur185,1.5,2.0,0.046001032798233574,21.52817801572102,874.4386342672035,884.0,9.561365732796531,0.05963484214881169,361,884,189660,1398
2,2,calibration,R7_scarp9_polarity,disk,1.5,3.0,0.13089940475055933,75.24504886711733,1354.9104528520634,1398.0,43.0895471479367,0.2084350384130674,361,1398,189660,1398
2,2,calibration,R7_scarp9_polarity,blur185,1.5,3.0,0.06711637022516675,33.04946935110194,985.0524917818652,1001.0,15.947508218134805,0.09154977659585026,361,1001,189660,1398
2,2,calibration,R7_scarp9_polarity,disk,2.8,2.0,0.11895859342317469,68.52807792237282,1367.8051519181931,1398.0,30.194848081806832,0.18982847069909367,361,1398,189660,1398
2,2,calibration,R7_scarp9_polarity,blur185,2.8,2.0,0.042454546655092865,17.66698063738727,619.0266116080369,627.0,7.9733883919631285,0.048939004535698806,361,627,189660,1398
2,2,calibration,R7_scarp9_polarity,disk,2.8,3.0,0.12882505052776042,74.31131740908185,1365.8838412440264,1398.0,32.11615875597357,0.2058485246788971,361,1398,189660,1398
2,2,calibration,R7_scarp9_polarity,blur185,2.8,3.0,0.05465708897944941,23.01669909751438,638.5380905262434,648.0,9.461909473756489,0.06375816924519219,361,648,189660,1398
2,2,calibration,R7_scarp9_polarity,disk,3.6,2.0,0.08803917815911029,50.551767192994646,1376.429553284238,1398.0,21.570446715762266,0.14003259610247826,361,1398,189660,1398
2,2,calibration,R7_scarp9_polarity,blur185,3.6,2.0,0.04214165599257589,16.767168330635855,528.6145889488703,536.0,7.385411051129726,0.046446449669351395,361,536,189660,1398
2,2,calibration,R7_scarp9_polarity,disk,3.6,3.0,0.094158374530576,54.12116850382776,1375.8222684791954,1398.0,22.1777315208045,0.1499201343596337,361,1398,189660,1398
2,2,calibration,R7_scarp9_polarity,blur185,3.6,3.0,0.04826062019950515,19.376644038884585,544.1238769638704,552.0,7.876123036129585,0.05367491423513736,361,552,189660,1398
2,2,calibration,R7_scarp9_polarity,disk,4.6,2.0,0.06795467659040179,30.725217000734354,785.9887281138277,798.0,12.011271886172237,0.08511140443416719,361,798,189660,1398
2,2,calibration,R7_scarp9_polarity,blur185,4.6,2.0,0.03328238748044311,12.379566376299632,403.3978284355793,409.0,5.602171564420687,0.034292427635179035,361,409,189660,1398
2,2,calibration,R7_scarp9_polarity,disk,4.6,3.0,0.07203451328828206,32.74671536814968,796.2411812181213,809.0,12.758818781878666,0.09071112290346171,361,809,189660,1398
2,2,calibration,R7_scarp9_polarity,blur185,4.6,3.0,0.03473652495100286,13.184304230423997,440.57378311724614,446.0,5.42621688275388,0.03652161836682548,361,446,189660,1398
2,2,calibration,R7_scarp9_polarity,disk,5.8,2.0,0.05513732251308168,21.676061620353003,499.96722974641244,509.0,9.032770253587564,0.06004449202313852,361,509,189660,1398
2,2,calibration,R7_scarp9_polarity,blur185,5.8,2.0,0.03050629045642591,10.658631088630075,292.2976407423307,297.0,4.702359257669277,0.02952529387432154,361,297,189660,1398
2,2,calibration,R7_scarp9_polarity,disk,5.8,3.0,0.0586085700524627,23.654563252937677,550.3577540381636,560.0,9.642245961836293,0.06552510596381628,361,560,189660,1398
2,2,calibration,R7_scarp9_polarity,blur185,5.8,3.0,0.03261839899573279,11.775203908672449,349.2189514164975,354.0,4.781048583502541,0.032618293375823955,361,354,189660,1398
2,2,calibration,H50a_corridor,disk,1.5,2.0,0.07468114054711994,42.69390961556388,1371.7191584485317,1398.0,26.280841551468136,0.11826567760544011,361,1398,189660,1398
2,2,calibration,H50a_corridor,blur185,1.5,2.0,0.03798552399667911,17.88155024747173,891.85065692637,900.0,8.149343073629936,0.049533380186902294,361,900,189660,1398
2,2,calibration,H50a_corridor,disk,1.5,3.0,0.08147719747597096,46.61522028973062,1370.014608287656,1398.0,27.98539171234391,0.12912803404357512,361,1398,189660,1398
2,2,calibration,H50a_corridor,blur185,1.5,3.0,0.06061885141130438,29.87205520043719,990.0524917818652,1005.0,14.947508218134804,0.08274807534747144,361,1005,189660,1398
2,2,calibration,H50a_corridor,disk,2.8,2.0,0.09611959605372807,55.200589263869574,1372.2528671683624,1398.0,25.747132831637625,0.15291021956750575,361,1398,189660,1398
2,2,calibration,H50a_corridor,blur185,2.8,2.0,0.0376500768214293,15.705595565804924,626.0266116080368,633.0,6.9733883919631285,0.04350580489142638,361,633,189660,1398
2,2,calibration,H50a_corridor,disk,2.8,3.0,0.11196510736810031,64.44792912754161,1369.5883914049023,1398.0,28.411608595097796,0.17852611946687427,361,1398,189660,1398
2,2,calibration,H50a_corridor,blur185,2.8,3.0,0.04935293368080899,20.800670018431966,642.5380905262434,651.0,8.46190947375649,0.0576195845385927,361,651,189660,1398
2,2,calibration,H50a_corridor,disk,3.6,2.0,0.07975716504561514,45.75214257949182,1378.463054972034,1398.0,19.53694502796616,0.1267372370623042,361,1398,189660,1398
2,2,calibration,H50a_corridor,blur185,3.6,2.0,0.03896378820700245,15.450951558304855,523.2812556155369,530.0,6.718744384463058,0.04280041982909932,361,530,189660,1398
2,2,calibration,H50a_corridor,disk,3.6,3.0,0.08772165775272693,50.37873484874288,1377.131912541907,1398.0,20.868087458092994,0.13955328212948168,361,1398,189660,1398
2,2,calibration,H50a_corridor,blur185,3.6,3.0,0.04635240438134399,18.58902274576255,542.5952814846614,550.0,7.404718515338553,0.051493137799896255,361,550,189660,1398
2,2,calibration,H50a_corridor,disk,4.6,2.0,0.06874943644739603,30.375498540607232,734.7697766973303,747.0,12.230223302669696,0.08414265523713915,361,747,189660,1398
2,2,calibration,H50a_corridor,blur185,4.6,2.0,0.02519807473279404,9.285223357881137,389.1617604580795,393.0,3.8382395419204767,0.025720840326540543,361,393,189660,1398
2,2,calibration,H50a_corridor,disk,4.6,3.0,0.07403289141774808,32.9040940198162,745.3577540381636,758.0,12.642245961836295,0.09114707484713629,361,758,189660,1398
2,2,calibration,H50a_corridor,blur185,4.6,3.0,0.02819521044413393,10.597058323799143,424.6331649788706,429.0,4.366835021129445,0.02935473219888959,361,429,189660,1398
2,2,calibration,H50a_corridor,disk,5.8,2.0,0.057490141592048426,22.245462931186125,468.4743268582061,478.0,9.525673141793924,0.06162178097281475,361,478,189660,1398
2,2,calibration,H50a_corridor,blur185,5.8,2.0,0.02670551200100354,9.285223357881137,285.1617604580795,289.0,3.8382395419204767,0.025720840326540543,361,289,189660,1398
2,2,calibration,H50a_corridor,disk,5.8,3.0,0.05866637167088167,23.302653889604066,518.7289708657062,528.0,9.271029134293851,0.06455028778283675,361,528,189660,1398
2,2,calibration,H50a_corridor,blur185,5.8,3.0,0.027336914636308458,9.813818837090103,341.1617604580795,345.0,3.8382395419204767,0.02718509373155153,361,345,189660,1398
2,2,calibration,H50b_kth_ridge,disk,1.5,2.0,0.07669983977587305,43.91828824340348,1375.079103389902,1398.0,22.920896610097934,0.12165730815347224,361,1398,189660,1398
2,2,calibration,H50b_kth_ridge,blur185,1.5,2.0,0.050080467025148914,23.553647524899688,884.0266116080369,894.0,9.973388391963129,0.06524556101080246,361,894,189660,1398
2,2,calibration,H50b_kth_ridge,disk,1.5,3.0,0.08729321933684425,50.046864383826644,1372.5483170074865,1398.0,25.4516829925134,0.1386339733624007,361,1398,189660,1398
2,2,calibration,H50b_kth_ridge,blur185,1.5,3.0,0.06577311675517111,32.308084500365354,979.7169675453254,994.0,14.283032454674638,0.08949607894838048,361,994,189660,1398
2,2,calibration,H50b_kth_ridge,disk,2.8,2.0,0.08295941677738984,47.59038552083144,1376.7027733217383,1398.0,21.29722667826192,0.13182932277238626,361,1398,189660,1398
2,2,calibration,H50b_kth_ridge,blur185,2.8,2.0,0.04037675841882918,17.38718789026742,691.7311617689127,699.0,7.268838231087354,0.04816395537470199,361,699,189660,1398
2,2,calibration,H50b_kth_ridge,disk,2.8,3.0,0.09498444035740708,54.5830813770034,1374.6812749543228,1398.0,23.318725045677247,0.15119967140444157,361,1398,189660,1398
2,2,calibration,H50b_kth_ridge,blur185,2.8,3.0,0.05180384284957583,22.306307661227656,686.6524724430794,696.0,9.347527556920618,0.06179032593137855,361,696,189660,1398
2,2,calibration,H50b_kth_ridge,disk,3.6,2.0,0.06586162899471651,37.718644291114856,1381.7577733769494,1398.0,16.242226623050485,0.10448377919976415,361,1398,189660,1398
2,2,calibration,H50b_kth_ridge,blur185,3.6,2.0,0.03442710881977232,14.213424111807111,606.0644951022459,612.0,5.93550489775402,0.03937236596068452,361,612,189660,1398
2,2,calibration,H50b_kth_ridge,disk,3.6,3.0,0.07559096024850553,43.344505126157365,1379.698391515325,1398.0,18.301608484674915,0.12006788123589297,361,1398,189660,1398
2,2,calibration,H50b_kth_ridge,blur185,3.6,3.0,0.036817458301607105,15.213424111807111,606.8477345889551,613.0,6.152265411044983,0.042142449063177594,361,613,189660,1398
2,2,calibration,H50b_kth_ridge,disk,4.6,2.0,0.06050275802739774,28.20684800276847,858.8313494621613,870.0,11.168650537838763,0.07813531302705948,361,870,189660,1398
2,2,calibration,H50b_kth_ridge,blur185,4.6,2.0,0.035369061037220734,13.646945138389036,471.57378311724614,477.0,5.426216882753881,0.03780317212850148,361,477,189660,1398
2,2,calibration,H50b_kth_ridge,disk,4.6,3.0,0.06688040484193464,31.339805949604624,867.6338964130791,880.0,12.366103586920897,0.0868138668964117,361,880,189660,1398
2,2,calibration,H50b_kth_ridge,blur185,4.6,3.0,0.03696622722710254,14.430184625098073,493.37633006816395,499.0,5.623669931836014,0.03997281059583954,361,499,189660,1398
2,2,calibration,H50b_kth_ridge,disk,5.8,2.0,0.05158782460037457,21.119077693969473,581.7861618241241,590.0,8.213838175875916,0.05850160026030325,361,590,189660,1398
2,2,calibration,H50b_kth_ridge,blur185,5.8,2.0,0.031523456291371675,11.41599040151079,355.2976407423307,360.0,4.7023592576692765,0.03162324210944817,361,360,189660,1398
2,2,calibration,H50b_kth_ridge,disk,5.8,3.0,0.05785594806231454,24.309226599223557,632.531517816624,642.0,9.468482183375986,0.06733857783718437,361,642,189660,1398
2,2,calibration,H50b_kth_ridge,blur185,5.8,3.0,0.03269600558925904,12.256420846637765,418.04299673483064,423.0,4.957003265169346,0.033951304284315136,361,423,189660,1398
2,2,calibration,H50c_both,disk,1.5,2.0,0.06730661785979661,38.493534229066704,1377.071799246074,1398.0,20.928200753925978,0.10663028872317647,361,1398,189660,1398
2,2,calibration,H50c_both,blur185,1.5,2.0,0.04985152979034754,23.34200025223027,873.8098510947459,884.0,10.190148905254091,0.06465928047709216,361,884,189660,1398
2,2,calibration,H50c_both,disk,1.5,3.0,0.06800727074768342,38.88624942402447,1376.091106710283,1398.0,21.90889328971715,0.10771814244882125,361,1398,189660,1398
2,2,calibration,H50c_both,blur185,1.5,3.0,0.06791921893168813,33.234508415153634,969.3858251151985,984.0,14.614174884801471,0.09206235018048098,361,984,189660,1398
2,2,calibration,H50c_both,disk,2.8,2.0,0.0975062136622399,56.023175113204815,1372.7770808411583,1398.0,25.222919158841655,0.15518885072909921,361,1398,189660,1398
2,2,calibration,H50c_both,blur185,2.8,2.0,0.04530359774955776,19.404304451269752,678.1810679222883,686.0,7.818932077711649,0.05375153587609349,361,686,189660,1398
2,2,calibration,H50c_both,disk,2.8,3.0,0.11257440397547368,64.82279972670764,1370.2863688561583,1398.0,27.713631143841518,0.17956454217924556,361,1398,189660,1398
2,2,calibration,H50c_both,blur185,2.8,3.0,0.0600748841952281,25.809022966608303,678.2619481513282,689.0,10.738051848671887,0.07149313841165734,361,689,189660,1398
2,2,calibration,H50c_both,disk,3.6,2.0,0.07199374764018637,41.26654723453265,1380.714776642119,1398.0,17.285223357881137,0.11431176519261123,361,1398,189660,1398
2,2,calibration,H50c_both,blur185,3.6,2.0,0.039361174951224404,16.23054067280944,601.5144012556217,608.0,6.485598744378315,0.04495994646207601,361,608,189660,1398
2,2,calibration,H50c_both,disk,3.6,3.0,0.07772330302740466,44.58057310365716,1379.322061447161,1398.0,18.677938552838903,0.12349189225389795,361,1398,189660,1398
2,2,calibration,H50c_both,blur185,3.6,3.0,0.04359165940959187,17.932899930478715,594.9858057764127,602.0,7.014194223587284,0.04967562307611832,361,602,189660,1398
2,2,calibration,H50c_both,disk,4.6,2.0,0.05634205187475208,25.95512633268345,833.3978284355793,844.0,10.602171564420686,0.07189785687723947,361,844,189660,1398
2,2,calibration,H50c_both,blur185,4.6,2.0,0.034939933659913554,13.411608595097793,461.8262362215397,467.0,5.173763778460309,0.03715127034653128,361,467,189660,1398
2,2,calibration,H50c_both,disk,4.6,3.0,0.06350983075979903,29.421417612852935,842.8670420531639,855.0,12.132957946836154,0.08149977178075606,361,855,189660,1398
2,2,calibration,H50c_both,blur185,4.6,3.0,0.03947934700040147,15.368611860267137,487.04299673483064,493.0,5.957003265169347,0.04257233202290066,361,493,189660,1398
2,2,calibration,H50c_both,disk,5.8,2.0,0.045791948180785365,18.59121364896905,567.3741391649576,575.0,7.625860835042513,0.051499206783847784,361,575,189660,1398
2,2,calibration,H50c_both,blur185,5.8,2.0,0.02512430638182428,9.066271941383675,351.216760513291,355.0,3.783239486709039,0.025114326707434003,361,355,189660,1398
2,2,calibration,H50c_both,disk,5.8,3.0,0.053137312634575606,22.114695887556472,614.7861618241241,624.0,9.213838175875916,0.061259545394893276,361,624,189660,1398
2,2,calibration,H50c_both,blur185,5.8,3.0,0.02653293655734397,9.906702386510648,412.96211650579085,417.0,4.037883494209108,0.027442388882300967,361,417,189660,1398
2,2,calibration,RANDOM_fixed_seed,disk,1.5,2.0,0.04918162713280067,28.11688679076297,1386.3577540381636,1398.0,11.642245961836295,0.07788611299380324,361,1398,189660,1398
2,2,calibration,RANDOM_fixed_seed,disk,1.5,3.0,0.04918162713280067,28.11688679076297,1386.3577540381636,1398.0,11.642245961836295,0.07788611299380324,361,1398,189660,1398
2,2,calibration,RANDOM_fixed_seed,disk,2.8,2.0,0.046652816390713475,26.666980637387265,1387.3577540381636,1398.0,10.642245961836295,0.07386975245813647,361,1398,189660,1398
2,2,calibration,RANDOM_fixed_seed,disk,2.8,3.0,0.050773011681384414,29.03600656172321,1386.3577540381636,1398.0,11.642245961836295,0.0804321511405075,361,1398,189660,1398
2,2,calibration,RANDOM_fixed_seed,disk,3.6,2.0,0.054681375996580066,31.28845966601678,1385.691087371497,1398.0,12.30891262850296,0.0866716334238692,361,1398,189660,1398
2,2,calibration,RANDOM_fixed_seed,disk,3.6,3.0,0.054681375996580066,31.28845966601678,1385.691087371497,1398.0,12.30891262850296,0.0866716334238692,361,1398,189660,1398
2,2,calibration,RANDOM_fixed_seed,disk,4.6,2.0,0.05515865317058408,31.56460204093218,1385.691087371497,1398.0,12.308912628502961,0.08743657075050465,361,1398,189660,1398
2,2,calibration,RANDOM_fixed_seed,disk,4.6,3.0,0.05515865317058408,31.56460204093218,1385.691087371497,1398.0,12.308912628502961,0.08743657075050465,361,1398,189660,1398
2,2,calibration,RANDOM_fixed_seed,disk,5.8,2.0,0.06235117771773545,35.71467654877066,1384.2790647123306,1398.0,13.720935287669558,0.0989326220187553,361,1398,189660,1398
2,2,calibration,RANDOM_fixed_seed,disk,5.8,3.0,0.06235117771773545,35.71467654877066,1384.2790647123306,1398.0,13.720935287669558,0.0989326220187553,361,1398,189660,1398
3,3,calibration,R2_scarp9_topo,disk,1.5,2.0,0.04944581500733444,28.779903085225193,1385.466705344238,1402.0,16.53329465576171,0.07695161252734009,374,1402,190288,1402
3,3,calibration,R2_scarp9_topo,blur185,1.5,2.0,0.038378013710381124,18.631288046384654,912.7074724982908,921.0,8.29252750170918,0.04981627819888945,374,921,190288,1402
3,3,calibration,R2_scarp9_topo,disk,1.5,3.0,0.05115559623558438,29.779903085225193,1384.9381098650292,1402.0,17.061890134970678,0.07962540931878394,374,1402,190288,1402
3,3,calibration,R2_scarp9_topo,blur185,1.5,3.0,0.04303057466221085,21.555521057966438,987.1194951574573,999.0,11.880504842542583,0.05763508304269101,374,999,190288,1402
3,3,calibration,R2_scarp9_topo,disk,2.8,2.0,0.08191911821111758,47.92079651674973,1380.9639900388577,1402.0,21.036009961142355,0.12813047196991906,374,1402,190288,1402
3,3,calibration,R2_scarp9_topo,blur185,2.8,2.0,0.03638470529481705,16.39814240629991,741.0408058316241,748.0,6.959194168375847,0.04384530055160404,374,748,190288,1402
3,3,calibration,R2_scarp9_topo,disk,2.8,3.0,0.09379708367834762,54.94010398095856,1377.727922061358,1402.0,24.272077938642145,0.1468986737458785,374,1402,190288,1402
3,3,calibration,R2_scarp9_topo,blur185,2.8,3.0,0.03509318008497679,15.9103527587151,754.9621165057908,762.0,7.03788349420911,0.04254105015699224,374,762,190288,1402
3,3,calibration,R2_scarp9_topo,disk,3.6,2.0,0.0608409984539813,35.51900033882622,1387.483090471032,1402.0,14.516909528967929,0.09497058914124656,374,1402,190288,1402
3,3,calibration,R2_scarp9_topo,blur185,3.6,2.0,0.03273867925933839,13.929660222923927,617.4714045207911,623.0,5.528595479208969,0.037245080809957025,374,623,190288,1402
3,3,calibration,R2_scarp9_topo,disk,3.6,3.0,0.06551866667992139,38.26654723453265,1386.011685950241,1402.0,15.98831404975896,0.10231697121532794,374,1402,190288,1402
3,3,calibration,R2_scarp9_topo,blur185,3.6,3.0,0.03526070791010354,15.067731410381626,625.5500938466242,632.0,6.449906153375705,0.04028805189941611,374,632,190288,1402
3,3,calibration,R2_scarp9_topo,disk,4.6,2.0,0.045905027016186796,22.357653944815503,916.8499254921614,926.0,9.150074507838482,0.05977982338185964,374,926,190288,1402
3,3,calibration,R2_scarp9_topo,blur185,4.6,2.0,0.02712969451593413,10.680129456045401,461.6666666666667,466.0,4.333333333333334,0.028556495871779147,374,466,190288,1402
3,3,calibration,R2_scarp9_topo,disk,4.6,3.0,0.04932349397296893,24.045818978897497,917.5165921588282,928.0,10.483407841171816,0.06429363363341577,374,928,190288,1402
3,3,calibration,R2_scarp9_topo,blur185,4.6,3.0,0.029760318182727407,11.8182006435031,477.7453559924999,483.0,5.254644007500071,0.031599466961238235,374,483,190288,1402
3,3,calibration,R2_scarp9_topo,disk,5.8,2.0,0.033762504506912476,14.256420846637766,601.0236892706218,607.0,5.9763107293781745,0.03811877231721328,374,607,190288,1402
3,3,calibration,R2_scarp9_topo,blur185,5.8,2.0,0.02484497305541823,9.230223302669696,352.3333333333333,356.0,3.666666666666667,0.02467974145098849,374,356,190288,1402
3,3,calibration,R2_scarp9_topo,disk,5.8,3.0,0.03713855944974062,15.94458588071976,634.6903559372886,642.0,7.309644062711508,0.042632582568769416,374,642,190288,1402
3,3,calibration,R2_scarp9_topo,blur185,5.8,3.0,0.031074955665458478,11.8182006435031,393.7453559924999,399.0,5.254644007500071,0.031599466961238235,374,399,190288,1402
3,3,calibration,R7_scarp9_polarity,disk,1.5,2.0,0.04783345951201173,27.83198080302158,1385.4266309468226,1402.0,16.573369053177316,0.07441706097064593,374,1402,190288,1402
3,3,calibration,R7_scarp9_polarity,blur185,1.5,2.0,0.024862309174125664,11.28011011725959,761.2360679774997,767.0,5.763932022500211,0.030160722238662004,374,767,190288,1402
3,3,calibration,R7_scarp9_polarity,disk,1.5,3.0,0.04896833051337682,28.49864746968825,1385.4073234826137,1402.0,16.592676517386145,0.07619959216494185,374,1402,190288,1402
3,3,calibration,R7_scarp9_polarity,blur185,1.5,3.0,0.03154209761999648,14.825822157470888,839.3384465739549,849.0,9.661553426045122,0.0396412357151628,374,849,190288,1402
3,3,calibration,R7_scarp9_polarity,disk,2.8,2.0,0.08867733661744309,51.9036799557474,1378.6433914601137,1402.0,23.35660853988636,0.1387798929298059,374,1402,190288,1402
3,3,calibration,R7_scarp9_polarity,blur185,2.8,2.0,0.020511807559283952,8.634941818008251,600.2360679774997,604.0,3.7639320225002106,0.023088079727294788,374,604,190288,1402
3,3,calibration,R7_scarp9_polarity,disk,2.8,3.0,0.09810444403652087,57.48946639337431,1376.523896302656,1402.0,25.476103697343774,0.15371515078442327,374,1402,190288,1402
3,3,calibration,R7_scarp9_polarity,blur185,2.8,3.0,0.026692512921065135,11.320915948883746,613.2954498391242,620.0,6.704550160875775,0.03026982874033087,374,620,190288,1402
3,3,calibration,R7_scarp9_polarity,disk,3.6,2.0,0.05480558130807027,31.976210636029972,1389.2641390545346,1402.0,12.73586094546539,0.08549788940114966,374,1402,190288,1402
3,3,calibration,R7_scarp9_polarity,blur185,3.6,2.0,0.02091027259125665,8.38029781050818,499.49071198499985,503.0,3.509288015000141,0.022407213397080697,374,503,190288,1402
3,3,calibration,R7_scarp9_polarity,disk,3.6,3.0,0.0633772054346614,36.997709003445294,1385.8521163953678,1402.0,16.147883604631986,0.09892435562418528,374,1402,190288,1402
3,3,calibration,R7_scarp9_polarity,blur185,3.6,3.0,0.02418594601592552,9.73512951125684,506.82404531833316,512.0,5.175954681666807,0.026029758051488876,374,512,190288,1402
3,3,calibration,R7_scarp9_polarity,disk,4.6,2.0,0.03315585681406796,15.468068119307182,821.1617604580795,827.0,5.838239541920476,0.04135847090723845,374,827,190288,1402
3,3,calibration,R7_scarp9_polarity,blur185,4.6,2.0,0.014130206178106551,5.363912683714398,396.66666666666663,399.0,2.3333333333333335,0.014342012523300529,374,399,190288,1402
3,3,calibration,R7_scarp9_polarity,disk,4.6,3.0,0.03917379140944434,18.351495299264812,827.9664983122038,836.0,8.033501687796111,0.04906816924937116,374,836,190288,1402
3,3,calibration,R7_scarp9_polarity,blur185,4.6,3.0,0.018171992149376263,6.9733883919631285,415.7453559924999,420.0,4.254644007500071,0.018645423507922802,374,420,190288,1402
3,3,calibration,R7_scarp9_polarity,disk,5.8,2.0,0.021916620913712128,8.851702331299212,514.5522847498307,518.0,3.4477152501692068,0.023667653292243882,374,518,190288,1402
3,3,calibration,R7_scarp9_polarity,blur185,5.8,2.0,0.009436850291408035,3.385411051129725,294.3333333333333,296.0,1.6666666666666667,0.00905190120622921,374,296,190288,1402
3,3,calibration,R7_scarp9_polarity,disk,5.8,3.0,0.02639435403690811,10.87320069871454,552.8856180831641,558.0,5.114381916835873,0.029072729140947967,374,558,190288,1402
3,3,calibration,R7_scarp9_polarity,blur185,5.8,3.0,0.01621688547769961,5.9733883919631285,339.7453559924999,343.0,3.25464400750007,0.015971626716478952,374,343,190288,1402
3,3,calibration,H50a_corridor,disk,1.5,2.0,0.041599691534356734,24.194116647598285,1387.7741585037434,1402.0,14.2258414962567,0.06469015146416654,374,1402,190288,1402
3,3,calibration,H50a_corridor,blur185,1.5,2.0,0.027192940066134087,12.125653803008111,721.433521026582,728.0,6.566478973418077,0.03242153423264201,374,728,190288,1402
3,3,calibration,H50a_corridor,disk,1.5,3.0,0.04718526630143163,27.448760655098354,1385.166873698701,1402.0,16.833126301298933,0.07339240816871218,374,1402,190288,1402
3,3,calibration,H50a_corridor,blur185,1.5,3.0,0.03410334096201904,15.833126301298933,809.5122103524152,820.0,10.487789647584814,0.04233456230293832,374,820,190288,1402
3,3,calibration,H50a_corridor,disk,2.8,2.0,0.08835586038958329,51.70330456925022,1378.1526794751137,1402.0,23.847320524886214,0.1382441298643054,374,1402,190288,1402
3,3,calibration,H50a_corridor,blur185,2.8,2.0,0.02547926553381673,10.537676462174709,561.3548317007487,566.0,4.64516829925134,0.02817560551383612,374,566,190288,1402
3,3,calibration,H50a_corridor,disk,2.8,3.0,0.0896801646373323,52.491657296580804,1378.1118736434896,1402.0,23.88812635651037,0.14035202485716794,374,1402,190288,1402
3,3,calibration,H50a_corridor,blur185,2.8,3.0,0.03384070733104105,14.166459634632265,582.942809041582,591.0,8.057190958417937,0.03787823431719857,374,591,190288,1402
3,3,calibration,H50a_corridor,disk,3.6,2.0,0.04181438032647138,24.359844848022,1392.4950937914127,1402.0,9.504906208587144,0.06513327499471123,374,1402,190288,1402
3,3,calibration,H50a_corridor,blur185,3.6,2.0,0.01492091558743638,5.911815627132195,479.13807118745774,482.0,2.8619288125423017,0.015806993655433674,374,482,190288,1402
3,3,calibration,H50a_corridor,disk,3.6,3.0,0.048662937532233795,28.3620357512285,1389.7690452631218,1402.0,12.230954736878246,0.07583432019045054,374,1402,190288,1402
3,3,calibration,H50a_corridor,blur185,3.6,3.0,0.021941299125083365,8.795242807089823,499.471404520791,505.0,5.528595479208969,0.02351669199756637,374,505,190288,1402
3,3,calibration,H50a_corridor,disk,4.6,2.0,0.01767915484356895,7.946776783926256,743.5522847498307,747.0,3.4477152501692063,0.021248066267182505,374,747,190288,1402
3,3,calibration,H50a_corridor,blur185,4.6,2.0,0.015739240125190086,5.911815627132195,376.1380711874577,379.0,2.8619288125423017,0.015806993655433674,374,379,190288,1402
3,3,calibration,H50a_corridor,disk,4.6,3.0,0.021861681373605328,9.88958582550832,755.9643074089973,761.0,5.03569259100261,0.026442742848952726,374,761,190288,1402
3,3,calibration,H50a_corridor,blur185,4.6,3.0,0.02310565053887223,8.795242807089823,398.471404520791,404.0,5.528595479208969,0.02351669199756637,374,404,190288,1402
3,3,calibration,H50a_corridor,disk,5.8,2.0,0.012929677796476753,5.068462844590174,458.94280904158205,461.0,2.057190958417937,0.013552039691417578,374,461,190288,1402
3,3,calibration,H50a_corridor,blur185,5.8,2.0,0.0035101259943935274,1.2524531042935716,286.80473785412437,288.0,1.195262145875635,0.0033488050916940415,374,288,190288,1402
3,3,calibration,H50a_corridor,disk,5.8,3.0,0.01748127654504439,7.011271886172237,502.35483170074866,506.0,3.64516829925134,0.0187467162731878,374,506,190288,1402
3,3,calibration,H50a_corridor,blur185,5.8,3.0,0.00980228080169532,3.5857864376269046,329.471404520791,332.0,2.528595479208968,0.009587664271729692,374,332,190288,1402
3,3,calibration,H50b_kth_ridge,disk,1.5,2.0,0.0605938615241304,35.28188695639729,1380.0597959256934,1402.0,21.940204074306763,0.09433659614009969,374,1402,190288,1402
3,3,calibration,H50b_kth_ridge,blur185,1.5,2.0,0.021000813114861,9.666252602597863,795.733352672119,801.0,5.266647327880856,0.025845595194111934,374,801,190288,1402
3,3,calibration,H50b_kth_ridge,disk,1.5,3.0,0.05724663021003503,33.32488369122794,1381.3166308363998,1402.0,20.68336916360019,0.08910396708884476,374,1402,190288,1402
3,3,calibration,H50b_kth_ridge,blur185,1.5,3.0,0.02926023814038451,13.940204074306761,872.166873698701,882.0,9.833126301298933,0.03727327292595391,374,882,190288,1402
3,3,calibration,H50b_kth_ridge,disk,2.8,2.0,0.09647537984187857,56.50804242337459,1376.1169868841112,1402.0,25.88301311588883,0.15109102252239195,374,1402,190288,1402
3,3,calibration,H50b_kth_ridge,blur185,2.8,2.0,0.020314401440607407,8.744941928431126,647.6546633462858,652.0,4.345336653714119,0.023382197669601944,374,652,190288,1402
3,3,calibration,H50b_kth_ridge,disk,2.8,3.0,0.09794181593197518,57.37508447653843,1375.6641583933203,1402.0,26.335841606679573,0.15340931678218833,374,1402,190288,1402
3,3,calibration,H50b_kth_ridge,blur185,2.8,3.0,0.028763220690650244,12.470990456722229,659.4000193387858,667.0,7.599980661214188,0.03334489426931077,374,667,190288,1402
3,3,calibration,H50b_kth_ridge,disk,3.6,2.0,0.06026346896015223,35.18347610228639,1387.9544949918231,1402.0,14.045505008176896,0.09407346551413474,374,1402,190288,1402
3,3,calibration,H50b_kth_ridge,blur185,3.6,2.0,0.021242089985884914,8.744941928431126,553.6546633462858,558.0,4.345336653714118,0.023382197669601944,374,558,190288,1402
3,3,calibration,H50b_kth_ridge,disk,3.6,3.0,0.06452555552530345,37.67637899049275,1385.8164238043655,1402.0,16.183576195634593,0.10073898125800201,374,1402,190288,1402
3,3,calibration,H50b_kth_ridge,blur185,3.6,3.0,0.027696052536499902,11.470990456722229,563.4000193387858,570.0,6.599980661214188,0.03067109747786692,374,570,190288,1402
3,3,calibration,H50b_kth_ridge,disk,4.6,2.0,0.04595663484005013,21.77259894139715,851.0473785412437,859.0,7.95262145875635,0.05821550519090147,374,859,190288,1402
3,3,calibration,H50b_kth_ridge,blur185,4.6,2.0,0.020936651188723784,8.17846295501305,448.9664983122039,453.0,4.033501687796111,0.021867548008056282,374,453,190288,1402
3,3,calibration,H50b_kth_ridge,disk,4.6,3.0,0.051022885875982985,24.322692788021442,863.1854497287013,873.0,9.814550271298652,0.0650339379358862,374,873,190288,1402
3,3,calibration,H50b_kth_ridge,blur185,4.6,3.0,0.027653735464266773,10.904511483304152,464.7118543047038,471.0,6.288145695296182,0.029156447816321263,374,471,190288,1402
3,3,calibration,H50b_kth_ridge,disk,5.8,2.0,0.027658172032000782,11.494679727344053,570.4950937914128,575.0,4.504906208587143,0.0307344377736472,374,575,190288,1402
3,3,calibration,H50b_kth_ridge,blur185,5.8,2.0,0.016474696763467304,6.14277036401044,362.1617604580795,365.0,2.8382395419204767,0.016424519689867488,374,365,190288,1402
3,3,calibration,H50b_kth_ridge,disk,5.8,3.0,0.028850915031370324,12.182844761426047,603.1617604580795,608.0,4.838239541920476,0.03257445123375948,374,608,190288,1402
3,3,calibration,H50b_kth_ridge,blur185,5.8,3.0,0.024502853156048453,9.318725045677247,396.24044978391277,401.0,4.759550216087214,0.02491637712747927,374,401,190288,1402
3,3,calibration,H50c_both,disk,1.5,2.0,0.055957226827833786,32.59299048810675,1383.7198898827405,1402.0,18.28011011725959,0.08714703339065975,374,1402,190288,1402
3,3,calibration,H50c_both,blur185,1.5,2.0,0.031353870755726515,14.203611694632826,754.8455436857485,762.0,7.1544563142514805,0.0379775713760236,374,762,190288,1402
3,3,calibration,H50c_both,disk,1.5,3.0,0.06249169785334449,36.421417612852935,1381.6790840511162,1402.0,20.320915948883744,0.09738346955308272,374,1402,190288,1402
3,3,calibration,H50c_both,blur185,1.5,3.0,0.03788538406766473,17.832394867090386,839.6338964130791,851.0,11.366103586920898,0.04768020017938606,374,851,190288,1402
3,3,calibration,H50c_both,disk,2.8,2.0,0.0929632195104478,54.44866056175015,1378.0568735882782,1402.0,23.943126411721806,0.14558465390842287,374,1402,190288,1402
3,3,calibration,H50c_both,blur185,2.8,2.0,0.03115888652271395,13.28230102046609,622.1001876932486,628.0,5.899812306751411,0.035514173851513606,374,628,190288,1402
3,3,calibration,H50c_both,disk,2.8,3.0,0.09175372755324246,53.7277252740806,1378.0947570824871,1402.0,23.9052429175127,0.14365701944941336,374,1402,190288,1402
3,3,calibration,H50c_both,blur185,2.8,3.0,0.03810539759032869,16.420372207923787,642.1788770190819,651.0,8.821122980918148,0.04390473852386039,374,651,190288,1402
3,3,calibration,H50c_both,disk,3.6,2.0,0.04076706562831003,23.75036913977327,1393.1854497287013,1402.0,8.81455027129865,0.0635036608015328,374,1402,190288,1402
3,3,calibration,H50c_both,blur185,3.6,2.0,0.023672467175174888,9.620747594420967,526.433521026582,531.0,4.566478973418077,0.025723924049253923,374,531,190288,1402
3,3,calibration,H50c_both,disk,3.6,3.0,0.045040600433828924,26.24327202797963,1391.0473785412437,1402.0,10.95262145875635,0.07016917654540007,374,1402,190288,1402
3,3,calibration,H50c_both,blur185,3.6,3.0,0.028027913007258484,11.504174774378596,544.7668543599152,551.0,6.233145640084745,0.03075982559994277,374,551,190288,1402
3,3,calibration,H50c_both,disk,4.6,2.0,0.028888447591042633,13.273537407640093,788.1045694996616,793.0,4.8954305003384135,0.035490741731658004,374,793,190288,1402
3,3,calibration,H50c_both,blur185,4.6,2.0,0.015859094794682425,6.111459579420827,424.688165034082,428.0,3.311834965918007,0.01634080101449419,374,428,190288,1402
3,3,calibration,H50c_both,disk,4.6,3.0,0.03243050418040672,14.961702441722087,795.7712361663282,802.0,6.228763833671746,0.040004551983214134,374,802,190288,1402
3,3,calibration,H50c_both,blur185,4.6,3.0,0.020573389963607327,7.9948867593784545,439.02149836741535,444.0,4.978501632584674,0.021376702565183033,374,444,190288,1402
3,3,calibration,H50c_both,disk,5.8,2.0,0.02439220592276275,9.904511483304152,524.3570226039551,528.0,3.6429773960448415,0.026482651024877412,374,528,190288,1402
3,3,calibration,H50c_both,blur185,5.8,2.0,0.012559523485407028,4.604362467627185,332.4120226591666,335.0,2.5879773408334037,0.012311129592586055,374,335,190288,1402
3,3,calibration,H50c_both,disk,5.8,3.0,0.02566532397445206,10.592676517386145,557.0236892706218,561.0,3.9763107293781745,0.028322664484989695,374,561,190288,1402
3,3,calibration,H50c_both,blur185,5.8,3.0,0.01854982623719123,6.937695800960519,367.07868932583324,371.0,3.9213106741667367,0.01854998877262171,374,371,190288,1402
3,3,calibration,RANDOM_fixed_seed,disk,1.5,2.0,0.055431386059664134,32.33907791481522,1388.6976600811165,1402.0,13.302339918883463,0.08646812276688562,374,1402,190288,1402
3,3,calibration,RANDOM_fixed_seed,disk,1.5,3.0,0.05059122722365088,29.498647469688247,1389.8929222269921,1402.0,12.10707777300783,0.07887338895638568,374,1402,190288,1402
3,3,calibration,RANDOM_fixed_seed,disk,2.8,2.0,0.059138271454561304,34.51795493389707,1387.8929222269921,1402.0,14.10707777300783,0.09229399714945742,374,1402,190288,1402
3,3,calibration,RANDOM_fixed_seed,disk,2.8,3.0,0.05833319906387612,34.048741316312544,1388.421517706201,1402.0,13.57848229379886,0.09103941528425814,374,1402,190288,1402
3,3,calibration,RANDOM_fixed_seed,disk,3.6,2.0,0.06188810471223812,36.14381576893959,1387.9501131854101,1402.0,14.049886814589893,0.09664121863352831,374,1402,190288,1402
3,3,calibration,RANDOM_fixed_seed,disk,3.6,3.0,0.06051589602140015,35.33907791481522,1388.478708664619,1402.0,13.521291335380925,0.09448951314121717,374,1402,190288,1402
3,3,calibration,RANDOM_fixed_seed,disk,4.6,2.0,0.057477832742044564,33.55072518748464,1389.0288025112434,1402.0,12.97119748875663,0.0897078213569108,374,1402,190288,1402
3,3,calibration,RANDOM_fixed_seed,disk,4.6,3.0,0.05317487070620657,31.02212970827567,1389.9694206496188,1402.0,12.030579350381066,0.08294687087774244,374,1402,190288,1402
3,3,calibration,RANDOM_fixed_seed,disk,5.8,2.0,0.053980246208629686,31.491343325860203,1389.4408251704099,1402.0,12.559174829590033,0.08420145274294172,374,1402,190288,1402
3,3,calibration,RANDOM_fixed_seed,disk,5.8,3.0,0.04913909484520205,28.650912880733227,1390.6360873162855,1402.0,11.363912683714398,0.07660671893244178,374,1402,190288,1402
4,4,selection,R2_scarp9_topo,disk,1.5,2.0,0.06699941404067856,44.629414513317904,1381.953035522825,1403.0,21.046964477174846,0.09375927418764265,476,1403,190340,1403
4,4,selection,R2_scarp9_topo,blur185,1.5,2.0,0.03487463428002704,19.62544677097371,890.0881843728678,899.0,8.911815627132196,0.04122993019112124,476,899,190340,1403
4,4,selection,R2_scarp9_topo,disk,1.5,3.0,0.06659037944403136,44.35327213840251,1381.9530355228253,1403.0,21.046964477174846,0.09317914314790443,476,1403,190340,1403
4,4,selection,R2_scarp9_topo,blur185,1.5,3.0,0.039880779874737086,22.978087568515868,953.8692329563703,965.0,11.130767043629655,0.048273293211167786,476,965,190340,1403
4,4,selection,R2_scarp9_topo,disk,2.8,2.0,0.08693874462058637,58.10583218138227,1379.6626989243223,1403.0,23.337301075677527,0.12207107601130729,476,1403,190340,1403
4,4,selection,R2_scarp9_topo,blur185,2.8,2.0,0.03294443302397494,17.530372318346664,739.0666860054525,747.0,7.933313994547522,0.03682851327383753,476,747,190340,1403
4,4,selection,R2_scarp9_topo,disk,2.8,3.0,0.08966775973038854,59.946262626509245,1378.7413882501558,1403.0,24.258611749844263,0.12593752652627993,476,1403,190340,1403
4,4,selection,R2_scarp9_topo,blur185,2.8,3.0,0.0382855821766074,20.392301130888967,738.7905436305371,748.0,9.20945636946292,0.04284096876237178,476,748,190340,1403
4,4,selection,R2_scarp9_topo,disk,3.6,2.0,0.06543686279130559,43.6311913524556,1386.207679530325,1403.0,16.792320469674777,0.09166216670683949,476,1403,190340,1403
4,4,selection,R2_scarp9_topo,blur185,3.6,2.0,0.030190372992600346,15.33511017247103,620.4000193387858,627.0,6.599980661214188,0.03221661800939292,476,627,190340,1403
4,4,selection,R2_scarp9_topo,disk,3.6,3.0,0.07047964297295081,47.021715644206864,1384.8149643353674,1403.0,18.185035664632544,0.09878511689959425,476,1403,190340,1403
4,4,selection,R2_scarp9_topo,blur185,3.6,3.0,0.03517417893004815,17.863705651679997,617.4572102972038,625.0,7.542789702796252,0.037528793385882345,476,625,190340,1403
4,4,selection,R2_scarp9_topo,disk,4.6,2.0,0.04533107756181774,25.49645656648175,882.7526601363279,892.0,9.247339863672027,0.05356398438336502,476,892,190340,1403
4,4,selection,R2_scarp9_topo,blur185,4.6,2.0,0.02073405791701013,9.87100979550804,466.5144012556217,471.0,4.485598744378315,0.020737415536781597,476,471,190340,1403
4,4,selection,R2_scarp9_topo,disk,4.6,3.0,0.0461895672534427,26.10374137152398,895.6145889488703,905.0,9.385411051129726,0.054839792797319285,476,905,190340,1403
4,4,selection,R2_scarp9_topo,blur185,4.6,3.0,0.02585436657392362,12.399605274717008,481.5715922140396,487.0,5.4284077859603785,0.026049590913271026,476,487,190340,1403
4,4,selection,R2_scarp9_topo,disk,5.8,2.0,0.02352914277525944,11.863705651679997,605.2025662897037,610.0,4.797433710296322,0.02492375136907562,476,610,190340,1403
4,4,selection,R2_scarp9_topo,blur185,5.8,2.0,0.020051292804816358,9.087770308799001,353.04299673483064,357.0,3.9570032651693463,0.019091954430250004,476,357,190340,1403
4,4,selection,R2_scarp9_topo,disk,5.8,3.0,0.0292246832931618,14.920896610097934,633.8692329563703,640.0,6.130767043629655,0.031346421449785576,476,640,190340,1403
4,4,selection,R2_scarp9_topo,blur185,5.8,3.0,0.026885863293132996,12.399605274717008,389.5715922140396,395.0,5.4284077859603785,0.026049590913271026,476,395,190340,1403
4,4,selection,R7_scarp9_polarity,disk,1.5,2.0,0.06305993998046455,41.981323876651516,1382.702773321738,1403.0,20.297226678261918,0.08819605856439394,476,1403,190340,1403
4,4,selection,R7_scarp9_polarity,blur185,1.5,2.0,0.027196636280495887,14.528181415140164,752.4237086094076,760.0,7.576291390592362,0.030521389527605386,476,760,190340,1403
4,4,selection,R7_scarp9_polarity,disk,1.5,3.0,0.06997857044459148,46.62430127269636,1380.7027733217378,1403.0,22.297226678261918,0.09795021275776546,476,1403,190340,1403
4,4,selection,R7_scarp9_polarity,blur185,1.5,3.0,0.02838551295095282,15.490297920931056,809.0666860054524,817.0,7.933313994547522,0.03254264269103163,476,817,190340,1403
4,4,selection,R7_scarp9_polarity,disk,2.8,2.0,0.08343382751462328,55.734615353839835,1380.3144399331932,1403.0,22.685560066806694,0.11708952805428537,476,1403,190340,1403
4,4,selection,R7_scarp9_polarity,blur185,2.8,2.0,0.023629161539323165,11.883013115888826,598.5974723878679,604.0,5.4025276121320545,0.024964313268674005,476,604,190340,1403
4,4,selection,R7_scarp9_polarity,disk,2.8,3.0,0.0894007563765155,59.77030794484245,1379.0597959256934,1403.0,23.94020407430676,0.12556787383370263,476,1403,190340,1403
4,4,selection,R7_scarp9_polarity,blur185,2.8,3.0,0.029220282662423963,14.744941928431126,604.3213300129526,611.0,6.678669987047451,0.03097676875720825,476,611,190340,1403
4,4,selection,R7_scarp9_polarity,disk,3.6,2.0,0.05187225469788526,34.51973177303477,1388.859420539196,1403.0,14.14057946080394,0.07252044490133355,476,1403,190340,1403
4,4,selection,R7_scarp9_polarity,blur185,3.6,2.0,0.02453001015479997,11.825822157470888,494.65466334628593,500.0,5.345336653714118,0.024844164196367414,476,500,190340,1403
4,4,selection,R7_scarp9_polarity,disk,3.6,3.0,0.0557267282916309,37.10551821066167,1388.133372010905,1403.0,14.866627989095043,0.07795276935012956,476,1403,190340,1403
4,4,selection,R7_scarp9_polarity,blur185,3.6,3.0,0.030308190783088225,14.68775097001319,504.37852097137045,511.0,6.621479028629515,0.030856619684901658,476,511,190340,1403
4,4,selection,R7_scarp9_polarity,disk,4.6,2.0,0.03604119433380969,19.32488369122794,757.6189707552833,766.0,8.381029244716728,0.04059849514963853,476,766,190340,1403
4,4,selection,R7_scarp9_polarity,blur185,4.6,2.0,0.02439945626786341,11.180653858219548,375.9879966796192,381.0,5.012003320380785,0.023488768609704933,476,381,190340,1403
4,4,selection,R7_scarp9_polarity,disk,4.6,3.0,0.03590237132576905,19.382074649645872,775.8929222269921,784.0,8.107077773007829,0.04071864422194511,476,784,190340,1403
4,4,selection,R7_scarp9_polarity,blur185,4.6,3.0,0.03042477666983922,14.042582670761849,389.7118543047038,396.0,6.288145695296181,0.02950122409823918,476,396,190340,1403
4,4,selection,R7_scarp9_polarity,disk,5.8,2.0,0.024511334539183933,11.844398187471167,500.2619481513281,505.0,4.738051848671887,0.024883189469477242,476,505,190340,1403
4,4,selection,R7_scarp9_polarity,blur185,5.8,2.0,0.02142749398457708,9.418912738925837,284.43790283299495,288.0,3.562097167005079,0.019787631804466042,476,288,190340,1403
4,4,selection,R7_scarp9_polarity,disk,5.8,3.0,0.030753594534570636,15.018161965931476,522.6739708104947,529.0,6.32602918950529,0.03155076043262915,476,529,190340,1403
4,4,selection,R7_scarp9_polarity,blur185,5.8,3.0,0.03068053046336726,13.730747704843843,319.9664983122039,326.0,6.033501687796111,0.028846108623621518,476,326,190340,1403
4,4,selection,H50a_corridor,disk,1.5,2.0,0.04751792472744381,31.589022745762552,1388.3169482065396,1403.0,14.683051793460448,0.0663634931633667,476,1403,190340,1403
4,4,selection,H50a_corridor,blur185,1.5,2.0,0.03353319872840792,17.70413609680697,718.0881843728678,726.0,7.911815627132195,0.03719356322858607,476,726,190340,1403
4,4,selection,H50a_corridor,disk,1.5,3.0,0.04751792472744381,31.589022745762552,1388.3169482065396,1403.0,14.683051793460448,0.0663634931633667,476,1403,190340,1403
4,4,selection,H50a_corridor,blur185,1.5,3.0,0.038836871271725734,21.056776894349138,785.8692329563703,796.0,10.130767043629657,0.044236926248632645,476,796,190340,1403
4,4,selection,H50a_corridor,disk,2.8,2.0,0.09737680110428203,65.16740494621321,1376.9789156966535,1403.0,26.021084303346527,0.1369063129122126,476,1403,190340,1403
4,4,selection,H50a_corridor,blur185,2.8,2.0,0.03485925144446742,17.4494920893069,581.4000193387858,589.0,7.599980661214189,0.036658596826275,476,589,190340,1403
4,4,selection,H50a_corridor,disk,2.8,3.0,0.10201186593905451,68.30328523046441,1375.5075111758624,1403.0,27.492488824137556,0.14349429670265632,476,1403,190340,1403
4,4,selection,H50a_corridor,blur185,2.8,3.0,0.040389627283489306,20.311420901849207,590.1238769638703,599.0,8.876123036129584,0.042671052314809256,476,599,190340,1403
4,4,selection,H50a_corridor,disk,3.6,2.0,0.057125613036904554,38.0432140116222,1387.7428477191538,1403.0,15.257152280846313,0.07992271851181133,476,1403,190340,1403
4,4,selection,H50a_corridor,blur185,3.6,2.0,0.03004240394386716,14.4494920893069,486.4000193387858,493.0,6.599980661214189,0.03035607581787164,476,493,190340,1403
4,4,selection,H50a_corridor,disk,3.6,3.0,0.061803550484117876,41.17909429587339,1386.2714431983627,1403.0,16.728556801637342,0.08651070230225502,476,1403,190340,1403
4,4,selection,H50a_corridor,blur185,3.6,3.0,0.03589443373656122,17.311420901849203,490.12387696387043,498.0,7.876123036129585,0.03636853130640589,476,498,190340,1403
4,4,selection,H50a_corridor,disk,4.6,2.0,0.038687546929247855,20.44145651127031,717.4237086094076,726.0,8.576291390592363,0.042944236368214934,476,726,190340,1403
4,4,selection,H50a_corridor,blur185,4.6,2.0,0.024270715592419948,11.064081038177177,364.24264068711926,369.0,4.757359312880714,0.023243867727262977,476,369,190340,1403
4,4,selection,H50a_corridor,disk,4.6,3.0,0.0395950583855129,21.048741316312544,732.9523040886166,742.0,9.047695911383393,0.04422004478216921,476,742,190340,1403
4,4,selection,H50a_corridor,blur185,4.6,3.0,0.030301699929934395,13.926009850719478,379.96649831220384,386.0,6.033501687796111,0.02925632321579722,476,386,190340,1403
4,4,selection,H50a_corridor,disk,5.8,2.0,0.023733777793831127,11.220728255635157,448.65247244307943,453.0,4.347527556920617,0.023572958520241927,476,453,190340,1403
4,4,selection,H50a_corridor,blur185,5.8,2.0,0.01769227002230047,7.752246072259171,279.1045694996616,282.0,2.8954305003384126,0.016286231244241955,476,282,190340,1403
4,4,selection,H50a_corridor,disk,5.8,3.0,0.029193982504539775,13.94458588071976,470.31913910974606,476.0,5.68086089025395,0.02929534848890706,476,476,190340,1403
4,4,selection,H50a_corridor,blur185,5.8,3.0,0.024866487019718202,11.064081038177177,309.6331649788705,314.0,4.366835021129444,0.023243867727262977,476,314,190340,1403
4,4,selection,H50b_kth_ridge,disk,1.5,2.0,0.05858605887898714,38.98643711727306,1384.292941565778,1403.0,18.707058434222017,0.08190427965813668,476,1403,190340,1403
4,4,selection,H50b_kth_ridge,blur185,1.5,2.0,0.0348604811268314,18.70632700001347,760.3213300129526,768.0,7.678669987047452,0.03929900630254931,476,768,190340,1403
4,4,selection,H50b_kth_ridge,disk,1.5,3.0,0.06030880005136016,40.13870252831804,1383.6262748991112,1403.0,19.373725100888684,0.08432500531159252,476,1403,190340,1403
4,4,selection,H50b_kth_ridge,blur185,1.5,3.0,0.03896045129126823,21.372993666680138,817.535899623037,827.0,9.464100376962989,0.044901247198907854,476,827,190340,1403
4,4,selection,H50b_kth_ridge,disk,2.8,2.0,0.10085444352187652,67.54916562513849,1377.2951324689845,1403.0,25.704867531015523,0.14191001181751783,476,1403,190340,1403
4,4,selection,H50b_kth_ridge,blur185,2.8,2.0,0.036537879968400244,18.649136041595533,629.3785209713706,637.0,7.6214790286295155,0.03917885723024272,476,637,190340,1403
4,4,selection,H50b_kth_ridge,disk,2.8,3.0,0.10193346008147068,68.27302325022309,1376.6284658023178,1403.0,26.371534197682188,0.14343072111391406,476,1403,190340,1403
4,4,selection,H50b_kth_ridge,blur185,2.8,3.0,0.040185786883165785,20.57044671576227,634.8477345889551,643.0,8.152265411044981,0.04321522419277788,476,643,190340,1403
4,4,selection,H50b_kth_ridge,disk,3.6,2.0,0.060763833286123975,40.4975019714109,1387.8714238595767,1403.0,15.128576140423156,0.08507878565422458,476,1403,190340,1403
4,4,selection,H50b_kth_ridge,blur185,3.6,2.0,0.037827437733891106,18.649136041595533,542.3785209713704,550.0,7.6214790286295155,0.03917885723024272,476,550,190340,1403
4,4,selection,H50b_kth_ridge,disk,3.6,3.0,0.06316394734845442,42.104786776453125,1386.8714238595767,1403.0,16.128576140423156,0.08845543440431329,476,1403,190340,1403
4,4,selection,H50b_kth_ridge,blur185,3.6,3.0,0.04158303450513048,20.57044671576227,548.8477345889551,557.0,8.152265411044981,0.04321522419277788,476,557,190340,1403
4,4,selection,H50b_kth_ridge,disk,4.6,2.0,0.045384094283721504,24.94855362306395,819.6524724430794,829.0,9.347527556920616,0.05241292777954611,476,829,190340,1403
4,4,selection,H50b_kth_ridge,blur185,4.6,2.0,0.027429365348559772,12.811627933883605,418.5737831172461,424.0,5.42621688275388,0.02691518473504959,476,424,190340,1403
4,4,selection,H50b_kth_ridge,disk,4.6,3.0,0.04833240770825427,26.555838428106185,816.6524724430793,827.0,10.347527556920618,0.05578957652963484,476,827,190340,1403
4,4,selection,H50b_kth_ridge,blur185,4.6,3.0,0.0313496669755886,14.73293860805034,431.04299673483064,437.0,5.957003265169346,0.030951551697584748,476,437,190340,1403
4,4,selection,H50b_kth_ridge,disk,5.8,2.0,0.034777530881916895,17.19703898501333,551.2382588807063,558.0,6.761741119293712,0.03612823316179271,476,558,190340,1403
4,4,selection,H50b_kth_ridge,blur185,5.8,2.0,0.024642114630964964,11.049886814589893,327.02368927062184,331.0,3.9763107293781745,0.0232140479298107,476,331,190340,1403
4,4,selection,H50b_kth_ridge,disk,5.8,3.0,0.038634782921465466,19.254229943431262,568.5715922140396,576.0,7.428407785960379,0.0404500629063682,476,576,190340,1403
4,4,selection,H50b_kth_ridge,blur185,5.8,3.0,0.03169865214706937,14.421103642132334,356.2976407423307,362.0,5.702359257669276,0.03029643622296709,476,362,190340,1403
4,4,selection,H50c_both,disk,1.5,2.0,0.04694193725371656,31.180239794150744,1385.969420649619,1403.0,17.030579350381068,0.06550470544989652,476,1403,190340,1403
4,4,selection,H50c_both,blur185,1.5,2.0,0.023822680601008506,12.669902974802312,742.54028142945,748.0,5.459718570549991,0.026617443224374607,476,748,190340,1403
4,4,selection,H50c_both,disk,1.5,3.0,0.04694193725371656,31.180239794150744,1385.969420649619,1403.0,17.030579350381064,0.06550470544989652,476,1403,190340,1403
4,4,selection,H50c_both,blur185,1.5,3.0,0.028159626646736425,15.33656964146898,803.8120419979524,811.0,7.1879580020475915,0.03221968412073315,476,811,190340,1403
4,4,selection,H50c_both,disk,2.8,2.0,0.10254900991207042,68.70216247039201,1377.0211809972757,1403.0,25.978819002724418,0.14433227409746222,476,1403,190340,1403
4,4,selection,H50c_both,blur185,2.8,2.0,0.02495326006923662,12.612712016384377,610.6546633462858,616.0,5.345336653714117,0.02649729415206802,476,616,190340,1403
4,4,selection,H50c_both,disk,2.8,3.0,0.10541609277778323,70.64278060876758,1376.0211809972757,1403.0,26.97881900272442,0.14840920295959575,476,1403,190340,1403
4,4,selection,H50c_both,blur185,2.8,3.0,0.028681896424401755,14.534022690551113,615.1238769638703,621.0,5.876123036129584,0.030533661114603178,476,621,190340,1403
4,4,selection,H50c_both,disk,3.6,2.0,0.05729022825445961,38.16197773487106,1388.421517706201,1403.0,14.578482293798862,0.08017222213208205,476,1403,190340,1403
4,4,selection,H50c_both,blur185,3.6,2.0,0.025842889479497835,12.612712016384377,523.6546633462858,529.0,5.345336653714118,0.02649729415206802,476,529,190340,1403
4,4,selection,H50c_both,disk,3.6,3.0,0.06018656102440698,40.10259587324663,1387.4215177062013,1403.0,15.578482293798862,0.08424915099421561,476,1403,190340,1403
4,4,selection,H50c_both,blur185,3.6,3.0,0.029629127430692473,14.534022690551113,534.1238769638704,540.0,5.876123036129584,0.030533661114603178,476,540,190340,1403
4,4,selection,H50c_both,disk,4.6,2.0,0.047643781187530154,25.9033659850268,788.5380905262435,798.0,9.46190947375649,0.05441883610299748,476,798,190340,1403
4,4,selection,H50c_both,blur185,4.6,2.0,0.02392890893814853,11.105614904590734,405.43790283299495,410.0,4.56209716700508,0.023331123749140197,476,410,190340,1403
4,4,selection,H50c_both,disk,4.6,3.0,0.0512331048017829,27.843984123402365,785.5380905262434,796.0,10.461909473756489,0.058495764965131015,476,796,190340,1403
4,4,selection,H50c_both,blur185,4.6,3.0,0.030342599897374166,14.222187724633107,425.37852097137045,431.0,5.621479028629515,0.02987854563998552,476,431,190340,1403
4,4,selection,H50c_both,disk,5.8,2.0,0.03576460738827362,17.425071384476528,514.6524724430794,521.0,6.347527556920617,0.03660729282453052,476,521,190340,1403
4,4,selection,H50c_both,blur185,5.8,2.0,0.01485239305066701,6.60144013021214,311.7475468957064,314.0,2.2524531042935716,0.013868571702126345,476,314,190340,1403
4,4,selection,H50c_both,disk,5.8,3.0,0.043472753676975916,21.403573017061202,536.319139109746,544.0,7.68086089025395,0.04496548953164118,476,544,190340,1403
4,4,selection,H50c_both,blur185,5.8,3.0,0.024744345704935958,11.167919103630217,341.49290288820634,346.0,4.507097111793642,0.023462014923592893,476,346,190340,1403
4,4,selection,RANDOM_fixed_seed,disk,1.5,2.0,0.04045092054854775,26.89574447105901,1393.5952814846614,1403.0,9.404718515338553,0.05650366485516599,476,1403,190340,1403
4,4,selection,RANDOM_fixed_seed,disk,1.5,3.0,0.04045092054854775,26.89574447105901,1393.5952814846614,1403.0,9.404718515338553,0.05650366485516599,476,1403,190340,1403
4,4,selection,RANDOM_fixed_seed,disk,2.8,2.0,0.04045092054854775,26.89574447105901,1393.5952814846617,1403.0,9.404718515338553,0.05650366485516599,476,1403,190340,1403
4,4,selection,RANDOM_fixed_seed,disk,2.8,3.0,0.04045092054854775,26.89574447105901,1393.5952814846614,1403.0,9.404718515338553,0.05650366485516599,476,1403,190340,1403
4,4,selection,RANDOM_fixed_seed,disk,3.6,2.0,0.041797106871994893,27.795556777810422,1393.2619481513282,1403.0,9.738051848671887,0.058394026844139545,476,1403,190340,1403
4,4,selection,RANDOM_fixed_seed,disk,3.6,3.0,0.041797106871994893,27.795556777810422,1393.2619481513282,1403.0,9.738051848671887,0.058394026844139545,476,1403,190340,1403
4,4,selection,RANDOM_fixed_seed,disk,4.6,2.0,0.041569217866384255,27.641100463558942,1393.0666860054525,1403.0,9.933313994547522,0.05806953878898937,476,1403,190340,1403
4,4,selection,RANDOM_fixed_seed,disk,4.6,3.0,0.041569217866384255,27.641100463558942,1393.0666860054525,1403.0,9.933313994547522,0.05806953878898937,476,1403,190340,1403
4,4,selection,RANDOM_fixed_seed,disk,5.8,2.0,0.04982140312710473,33.166773605352866,1391.4000193387858,1403.0,11.59998066121419,0.06967809580956484,476,1403,190340,1403
4,4,selection,RANDOM_fixed_seed,disk,5.8,3.0,0.04982140312710473,33.166773605352866,1391.4000193387858,1403.0,11.599980661214188,0.06967809580956484,476,1403,190340,1403
5,5,selection,R2_scarp9_topo,disk,1.5,2.0,0.05551800842829346,44.8596378159876,1379.2382588807063,1396.0,16.761741119293713,0.06859271837306972,654,1396,189370,1396
5,5,selection,R2_scarp9_topo,blur185,1.5,2.0,0.05857376294594038,43.359844848022,1041.942809041582,1055.0,13.057190958417937,0.06629945695416208,654,1055,189370,1396
5,5,selection,R2_scarp9_topo,disk,1.5,3.0,0.06969517990445223,56.41881264557763,1375.121686060664,1396.0,20.87831393933609,0.08626729762320738,654,1396,189370,1396
5,5,selection,R2_scarp9_topo,blur185,1.5,3.0,0.057319205479723245,43.41703580643994,1127.885618083164,1141.0,13.114381916835873,0.06638690490281336,654,1141,189370,1396
5,5,selection,R2_scarp9_topo,disk,2.8,2.0,0.11774012790406899,95.98769979899375,1364.264870488743,1396.0,31.735129511256844,0.1467701831788895,654,1396,189370,1396
5,5,selection,R2_scarp9_topo,blur185,2.8,2.0,0.05596214971631965,38.359844848022,772.9428090415821,784.0,11.057190958417937,0.05865419701532416,654,784,189370,1396
5,5,selection,R2_scarp9_topo,disk,2.8,3.0,0.12488210459791435,101.8965930887109,1361.8149643353674,1396.0,34.18503566463255,0.15580518820903808,654,1396,189370,1396
5,5,selection,R2_scarp9_topo,blur185,2.8,3.0,0.05576896060956786,38.417035806439934,789.8856180831641,801.0,11.114381916835875,0.05874164496397544,654,801,189370,1396
5,5,selection,R2_scarp9_topo,disk,3.6,2.0,0.10156835204360078,82.65947970628196,1370.4958252256213,1396.0,25.504174774378598,0.12639064175272471,654,1396,189370,1396
5,5,selection,R2_scarp9_topo,blur185,3.6,2.0,0.04994064120404586,33.09100661693465,663.942809041582,673.0,9.057190958417937,0.050597869444854206,654,673,189370,1396
5,5,selection,R2_scarp9_topo,disk,3.6,3.0,0.10228814078810622,83.24526614390886,1369.9100387879944,1396.0,26.089961212005502,0.1272863396695854,654,1396,189370,1396
5,5,selection,R2_scarp9_topo,blur185,3.6,3.0,0.049846406703066254,33.14819757535258,675.8856180831642,685.0,9.114381916835875,0.05068531739350548,654,685,189370,1396
5,5,selection,R2_scarp9_topo,disk,4.6,2.0,0.058718547691058214,42.06398094482897,923.7668543599152,936.0,12.233145640084743,0.06431801367710852,654,936,189370,1396
5,5,selection,R2_scarp9_topo,blur185,4.6,2.0,0.04674415877874389,29.386456456058873,497.94280904158205,506.0,8.057190958417937,0.04493341965758237,654,506,189370,1396
5,5,selection,R2_scarp9_topo,disk,4.6,3.0,0.05918924497442897,42.64976738245588,944.1810679222883,957.0,12.81893207771165,0.06521371159396923,654,957,189370,1396
5,5,selection,R2_scarp9_topo,blur185,4.6,3.0,0.0464949235307169,29.44364741447681,520.8856180831641,529.0,8.114381916835875,0.04502086760623365,654,529,189370,1396
5,5,selection,R2_scarp9_topo,disk,5.8,2.0,0.05153053902783169,33.35034980098746,586.6287831724576,596.0,9.371216827542442,0.050994418655944125,654,596,189370,1396
5,5,selection,R2_scarp9_topo,blur185,5.8,2.0,0.03362416144910652,20.136925689180348,358.27614237491537,364.0,5.723857625084603,0.03079040625256934,654,364,189370,1396
5,5,selection,R2_scarp9_topo,disk,5.8,3.0,0.05126991411974614,33.878945280196426,654.1001876932486,664.0,9.89981230675141,0.05180266862415356,654,664,189370,1396
5,5,selection,R2_scarp9_topo,blur185,5.8,3.0,0.03298169211181967,20.194116647598285,425.2189514164975,431.0,5.781048583502541,0.03087785420122062,654,431,189370,1396
5,5,selection,R7_scarp9_polarity,disk,1.5,2.0,0.05485018403171434,44.32666053036563,1380.376330068164,1396.0,15.623669931836014,0.06777776839505448,654,1396,189370,1396
5,5,selection,R7_scarp9_polarity,blur185,1.5,2.0,0.04614995556931812,32.93581886847462,919.4120226591666,929.0,9.587977340833405,0.05036057930959422,654,929,189370,1396
5,5,selection,R7_scarp9_polarity,disk,1.5,3.0,0.06081289736787966,49.183476102286384,1378.6524724430792,1396.0,17.347527556920618,0.07520409189952046,654,1396,189370,1396
5,5,selection,R7_scarp9_polarity,blur185,1.5,3.0,0.044576269994524825,32.659676493559225,1014.688165034082,1024.0,9.311834965918008,0.04993834326232297,654,1024,189370,1396
5,5,selection,R7_scarp9_polarity,disk,2.8,2.0,0.1420604542436738,116.18766112142211,1357.1861811629099,1396.0,38.81381883709011,0.17765697419177692,654,1396,189370,1396
5,5,selection,R7_scarp9_polarity,blur185,2.8,2.0,0.04766568209132085,31.602485535141287,667.4120226591665,676.0,8.587977340833405,0.04832184332590411,654,676,189370,1396
5,5,selection,R7_scarp9_polarity,disk,2.8,3.0,0.14637029931371082,119.78764178263631,1356.1504885719073,1396.0,39.84951142809272,0.18316153177773137,654,1396,189370,1396
5,5,selection,R7_scarp9_polarity,blur185,2.8,3.0,0.04763698204670602,31.659676493559225,675.3548317007487,684.0,8.64516829925134,0.04840929127455539,654,684,189370,1396
5,5,selection,R7_scarp9_polarity,disk,3.6,2.0,0.11540195103880437,94.08601395917557,1366.3621358445766,1396.0,29.637864155423298,0.1438624066654061,654,1396,189370,1396
5,5,selection,R7_scarp9_polarity,blur185,3.6,2.0,0.04683304595727224,29.93581886847462,550.0786893258332,558.0,7.921310674166738,0.04577342334629147,654,558,189370,1396
5,5,selection,R7_scarp9_polarity,disk,3.6,3.0,0.11585458273038335,94.45503988351152,1365.9931099202408,1396.0,30.006890079759238,0.1444266664885497,654,1396,189370,1396
5,5,selection,R7_scarp9_polarity,blur185,3.6,3.0,0.04665972998943171,29.993009826892557,568.0214983674152,576.0,7.978501632584674,0.04586087129494275,654,576,189370,1396
5,5,selection,R7_scarp9_polarity,disk,4.6,2.0,0.07407938440753126,51.534971401551196,810.8262362215397,826.0,15.173763778460309,0.07879965046108746,654,826,189370,1396
5,5,selection,R7_scarp9_polarity,blur185,4.6,2.0,0.04155995244769926,25.390838262471874,413.33333333333337,420.0,6.666666666666668,0.03882391171631785,654,420,189370,1396
5,5,selection,R7_scarp9_polarity,disk,4.6,3.0,0.07375869876911084,51.59216235996914,829.7690452631218,845.0,15.230954736878246,0.07888709840973875,654,845,189370,1396
5,5,selection,R7_scarp9_polarity,blur185,4.6,3.0,0.04126184412875129,25.448029220889808,442.27614237491537,449.0,6.723857625084604,0.03891135966496913,654,449,189370,1396
5,5,selection,R7_scarp9_polarity,disk,5.8,2.0,0.045380229402553575,28.88624942402447,537.8047378541244,546.0,8.195262145875637,0.04416857710095485,654,546,189370,1396
5,5,selection,R7_scarp9_polarity,blur185,5.8,2.0,0.032645686656513545,19.23638194822039,311.0,316.0,5.0,0.02941342805538286,654,316,189370,1396
5,5,selection,R7_scarp9_polarity,disk,5.8,3.0,0.04455429209228616,28.88624942402447,596.8047378541244,605.0,8.195262145875635,0.04416857710095485,654,605,189370,1396
5,5,selection,R7_scarp9_polarity,blur185,5.8,3.0,0.03208924790893341,19.293572906638328,370.94280904158205,376.0,5.057190958417937,0.02950087600403414,654,376,189370,1396
5,5,selection,H50a_corridor,disk,1.5,2.0,0.024583993597366714,19.779903085225186,1387.1431844280792,1396.0,8.856815571920759,0.03024450013031374,654,1396,189370,1396
5,5,selection,H50a_corridor,blur185,1.5,2.0,0.056677308388064646,40.04581897889749,876.7453559925,889.0,12.254644007500072,0.06123213911146406,654,889,189370,1396
5,5,selection,H50a_corridor,disk,1.5,3.0,0.028232588434045282,22.72271212680725,1385.4765177614124,1396.0,10.523482238587423,0.03474420814496521,654,1396,189370,1396
5,5,selection,H50a_corridor,blur185,1.5,3.0,0.05451285205867759,39.76967660398209,991.9643074089973,1004.0,12.035692591002611,0.0608099030641928,654,1004,189370,1396
5,5,selection,H50a_corridor,disk,2.8,2.0,0.09392077649549514,76.29671252084492,1369.4623235378253,1396.0,26.537676462174712,0.11666163994012985,654,1396,189370,1396
5,5,selection,H50a_corridor,blur185,2.8,2.0,0.05873612636828847,38.71248564556416,640.7453559924999,652.0,11.25464400750007,0.05919340312777394,654,652,189370,1396
5,5,selection,H50a_corridor,disk,2.8,3.0,0.09887283818206583,80.36590679964364,1367.7384659127406,1396.0,28.26153408725931,0.1228836495407395,654,1396,189370,1396
5,5,selection,H50a_corridor,blur185,2.8,3.0,0.05882289877013098,38.76967660398209,640.688165034082,652.0,11.311834965918006,0.059280851076425216,654,652,189370,1396
5,5,selection,H50a_corridor,disk,3.6,2.0,0.10456736689514755,85.11303963128127,1368.657585683701,1396.0,27.34241431629907,0.13014226243315177,654,1396,189370,1396
5,5,selection,H50a_corridor,blur185,3.6,2.0,0.05120229946228317,32.619602096143616,536.7453559925,546.0,9.25464400750007,0.04987706742529605,654,546,189370,1396
5,5,selection,H50a_corridor,disk,3.6,3.0,0.10470789314019484,85.22742154811714,1368.5432037668652,1396.0,27.456796233134945,0.13031715833045435,654,1396,189370,1396
5,5,selection,H50a_corridor,blur185,3.6,3.0,0.05101978300759465,32.67679305456156,553.688165034082,563.0,9.311834965918008,0.04996451537394733,654,563,189370,1396
5,5,selection,H50a_corridor,disk,4.6,2.0,0.07093076269205051,48.36924320112749,745.2404497839127,760.0,14.759550216087211,0.07395908746349769,654,760,189370,1396
5,5,selection,H50a_corridor,blur185,4.6,2.0,0.04659847517691137,28.269883636016502,389.07868932583324,397.0,7.921310674166738,0.04322612176760933,654,397,189370,1396
5,5,selection,H50a_corridor,disk,4.6,3.0,0.07058098219571765,48.483625117963356,770.1260678670769,785.0,14.873932132923088,0.07413398336080024,654,785,189370,1396
5,5,selection,H50a_corridor,blur185,4.6,3.0,0.04611504347602789,28.32707459443444,427.02149836741535,435.0,7.978501632584674,0.04331356971626061,654,435,189370,1396
5,5,selection,H50a_corridor,disk,5.8,2.0,0.04930839477715529,30.73179310977299,469.5522847498308,479.0,9.447715250169207,0.046990509342160536,654,479,189370,1396
5,5,selection,H50a_corridor,blur185,5.8,2.0,0.036081570739293925,21.101233098177737,287.0,293.0,6.000000000000001,0.03226488241311581,654,293,189370,1396
5,5,selection,H50a_corridor,disk,5.8,3.0,0.04819487906235157,30.73179310977299,541.5522847498307,551.0,9.447715250169207,0.046990509342160536,654,551,189370,1396
5,5,selection,H50a_corridor,blur185,5.8,3.0,0.03538078213270466,21.158424056595674,352.9428090415821,359.0,6.057190958417937,0.03235233036176709,654,359,189370,1396
5,5,selection,H50b_kth_ridge,disk,1.5,2.0,0.07641006100405143,61.901489052540896,1372.7096634014972,1396.0,23.29033659850268,0.09465059488156101,654,1396,189370,1396
5,5,selection,H50b_kth_ridge,blur185,1.5,2.0,0.05787311543856102,41.56126563944834,933.1617604580795,946.0,12.838239541920476,0.06354933584013507,654,946,189370,1396
5,5,selection,H50b_kth_ridge,disk,1.5,3.0,0.08651693779717887,70.17032728362825,1369.1238769638705,1396.0,26.876123036129584,0.10729407841533373,654,1396,189370,1396
5,5,selection,H50b_kth_ridge,blur185,1.5,3.0,0.055961267588326265,41.285123264532935,1031.437902832995,1044.0,12.56209716700508,0.06312709979286381,654,1044,189370,1396
5,5,selection,H50b_kth_ridge,disk,2.8,2.0,0.13335317649488818,108.95273524278053,1360.166873698701,1396.0,35.83312630129894,0.16659439639568888,654,1396,189370,1396
5,5,selection,H50b_kth_ridge,blur185,2.8,2.0,0.0583409512885196,39.15435622090328,700.4950937914128,712.0,11.504906208587142,0.059869046209332234,654,712,189370,1396
5,5,selection,H50b_kth_ridge,disk,2.8,3.0,0.14247905866757654,116.5476026633732,1357.4430160736165,1396.0,38.55698392638354,0.17820734352197737,654,1396,189370,1396
5,5,selection,H50b_kth_ridge,blur185,2.8,3.0,0.058235268865277474,39.211547179321215,711.4379028329948,723.0,11.56209716700508,0.05995649415798351,654,723,189370,1396
5,5,selection,H50b_kth_ridge,disk,3.6,2.0,0.09100151054576175,73.94041795167917,1372.6524724430792,1396.0,23.347527556920618,0.113058743045381,654,1396,189370,1396
5,5,selection,H50b_kth_ridge,blur185,3.6,2.0,0.05620798857484721,36.626492175902854,605.4950937914128,616.0,10.504906208587142,0.056003810666518127,654,616,189370,1396
5,5,selection,H50b_kth_ridge,disk,3.6,3.0,0.09114228507070406,74.05479986851503,1372.5380905262436,1396.0,23.461909473756492,0.11323363894268354,654,1396,189370,1396
5,5,selection,H50b_kth_ridge,blur185,3.6,3.0,0.0560891730933447,36.683683134320795,617.437902832995,628.0,10.56209716700508,0.05609125861516941,654,628,189370,1396
5,5,selection,H50b_kth_ridge,disk,4.6,2.0,0.07101666673567063,49.86068322091675,844.630974075664,859.0,14.369025924335944,0.07623957679039257,654,859,189370,1396
5,5,selection,H50b_kth_ridge,blur185,4.6,2.0,0.051223997555181,32.02432061148217,477.8856180831641,487.0,9.114381916835873,0.04896685108789322,654,487,189370,1396
5,5,selection,H50b_kth_ridge,disk,4.6,3.0,0.07079562091151373,49.91787417933468,859.5737831172462,874.0,14.426216882753883,0.07632702473904386,654,874,189370,1396
5,5,selection,H50b_kth_ridge,blur185,4.6,3.0,0.05102167714005878,32.0815115699001,495.82842712474616,505.0,9.17157287525381,0.0490542990365445,654,505,189370,1396
5,5,selection,H50b_kth_ridge,disk,5.8,2.0,0.05308547115732666,34.113550389279126,562.9643074089973,573.0,10.035692591002611,0.05216139203253689,654,573,189370,1396
5,5,selection,H50b_kth_ridge,blur185,5.8,2.0,0.04402410964130716,26.32707459443444,347.7475468957064,355.0,7.252453104293571,0.040255465740725443,654,355,189370,1396
5,5,selection,H50b_kth_ridge,disk,5.8,3.0,0.052151906686768765,34.17074134769706,625.9071164505795,636.0,10.092883549420549,0.052248839981188164,654,636,189370,1396
5,5,selection,H50b_kth_ridge,blur185,5.8,3.0,0.04316691969384467,26.384265552852376,413.6903559372885,421.0,7.309644062711509,0.04034291368937672,654,421,189370,1396
5,5,selection,H50c_both,disk,1.5,2.0,0.032313819898967824,26.022543772344473,1384.5122103524152,1396.0,11.487789647584814,0.039789822281872285,654,1396,189370,1396
5,5,selection,H50c_both,blur185,1.5,2.0,0.04832676615588809,34.12085453310716,880.1023785964551,891.0,10.897621403544912,0.05217256044817609,654,891,189370,1396
5,5,selection,H50c_both,disk,1.5,3.0,0.0364647539637255,29.375184569886635,1382.5122103524152,1396.0,13.487789647584814,0.044916184357624823,654,1396,189370,1396
5,5,selection,H50c_both,blur185,1.5,3.0,0.04646829910215139,33.92340148402503,1000.2426406871193,1011.0,10.757359312880714,0.05187064447098628,654,1011,189370,1396
5,5,selection,H50c_both,disk,2.8,2.0,0.11434872699341764,93.16772231635295,1364.6739708104947,1396.0,31.326029189505288,0.14245829100359778,654,1396,189370,1396
5,5,selection,H50c_both,blur185,2.8,2.0,0.04307403771269536,28.38134321543733,650.1023785964551,659.0,8.897621403544912,0.04339654925907849,654,659,189370,1396
5,5,selection,H50c_both,disk,2.8,3.0,0.11410638442839448,92.97026926727082,1364.8714238595767,1396.0,31.12857614042316,0.142156375026408,654,1396,189370,1396
5,5,selection,H50c_both,blur185,2.8,3.0,0.042477812296486735,28.183890166355198,673.2998316455372,682.0,8.700168354462777,0.04309463328188868,654,682,189370,1396
5,5,selection,H50c_both,disk,3.6,2.0,0.08618205908900975,69.95826594689004,1372.7905436305368,1396.0,23.20945636946292,0.1069698256068655,654,1396,189370,1396
5,5,selection,H50c_both,blur185,3.6,2.0,0.04438074699463154,28.38134321543733,553.1023785964551,562.0,8.897621403544912,0.04339654925907849,654,562,189370,1396
5,5,selection,H50c_both,disk,3.6,3.0,0.08600926927465458,69.81800385622583,1372.9308057212013,1396.0,23.069194278798722,0.10675535757832695,654,1396,189370,1396
5,5,selection,H50c_both,blur185,3.6,3.0,0.0437844224212646,28.183890166355198,574.2998316455372,583.0,8.700168354462777,0.04309463328188868,654,583,189370,1396
5,5,selection,H50c_both,disk,4.6,2.0,0.059920706975808376,41.042482577413644,767.6903559372885,780.0,12.309644062711508,0.06275608956791077,654,780,189370,1396
5,5,selection,H50c_both,blur185,4.6,2.0,0.029763767941058915,18.23200014180739,428.5522847498308,434.0,5.447715250169207,0.027877676057809466,654,434,189370,1396
5,5,selection,H50c_both,disk,4.6,3.0,0.05977353809423934,41.15686449424952,785.5759740204526,798.0,12.42402597954738,0.06293098546521333,654,798,189370,1396
5,5,selection,H50c_both,blur185,4.6,3.0,0.029548410190511357,18.289191100225327,460.49509379141284,466.0,5.504906208587143,0.027965124006460746,654,466,189370,1396
5,5,selection,H50c_both,disk,5.8,2.0,0.039149767227661454,24.4935342290667,487.6903559372885,495.0,7.3096440627115085,0.0374518872004078,654,495,189370,1396
5,5,selection,H50c_both,blur185,5.8,2.0,0.03079657377268576,18.174809183389456,316.60947570824874,322.0,5.39052429175127,0.02779022810915819,654,322,189370,1396
5,5,selection,H50c_both,disk,5.8,3.0,0.03848373598651864,24.60791614590257,556.5759740204527,564.0,7.42402597954738,0.03762678309771035,654,564,189370,1396
5,5,selection,H50c_both,blur185,5.8,3.0,0.03021760659705612,18.23200014180739,382.55228474983085,388.0,5.447715250169207,0.027877676057809466,654,388,189370,1396
5,5,selection,RANDOM_fixed_seed,disk,1.5,2.0,0.06752078517137584,54.66542107504111,1377.3785209713706,1396.0,18.621479028629516,0.0835862707569436,654,1396,189370,1396
5,5,selection,RANDOM_fixed_seed,disk,1.5,3.0,0.07398632480668844,59.9535667703373,1375.7118543047036,1396.0,20.28814569529618,0.09167212044394082,654,1396,189370,1396
5,5,selection,RANDOM_fixed_seed,disk,2.8,2.0,0.07124449794585355,57.72261203345905,1377.2998316455373,1396.0,18.70016835446278,0.08826087466889763,654,1396,189370,1396
5,5,selection,RANDOM_fixed_seed,disk,2.8,3.0,0.07124449794585355,57.72261203345905,1377.2998316455373,1396.0,18.70016835446278,0.08826087466889763,654,1396,189370,1396
5,5,selection,RANDOM_fixed_seed,disk,3.6,2.0,0.06976315531773311,56.51096476078963,1377.6903559372886,1396.0,18.30964406271151,0.08640820299814929,654,1396,189370,1396
5,5,selection,RANDOM_fixed_seed,disk,3.6,3.0,0.07213528170702062,58.450851464956656,1377.0236892706216,1396.0,18.976310729378174,0.08937439061919979,654,1396,189370,1396
5,5,selection,RANDOM_fixed_seed,disk,4.6,2.0,0.06290479906928034,50.905870858953904,1379.357022603955,1396.0,16.642977396044838,0.0778377230259234,654,1396,189370,1396
5,5,selection,RANDOM_fixed_seed,disk,4.6,3.0,0.06290479906928034,50.905870858953904,1379.357022603955,1396.0,16.642977396044838,0.0778377230259234,654,1396,189370,1396
5,5,selection,RANDOM_fixed_seed,disk,5.8,2.0,0.050138802893464555,40.50407468103039,1382.6903559372884,1396.0,13.30964406271151,0.06193283590371619,654,1396,189370,1396
5,5,selection,RANDOM_fixed_seed,disk,5.8,3.0,0.05055142642404601,40.837408014363724,1382.357022603955,1396.0,13.642977396044841,0.06244251989963872,654,1396,189370,1396
6,6,selection,R2_scarp9_topo,disk,1.5,2.0,0.06537590204123568,38.269152201807955,1368.585469067487,1387.0,18.41453093251284,0.10070829526791567,380,1387,188150,1387
6,6,selection,R2_scarp9_topo,blur185,1.5,2.0,0.05939351581971505,30.293158842569525,999.9144205944076,1012.0,12.085579405592505,0.07971883905939349,380,1012,188150,1387
6,6,selection,R2_scarp9_topo,disk,1.5,3.0,0.06314221525191645,36.97370236268373,1370.8379221717807,1387.0,16.162077828219267,0.09729921674390456,380,1387,188150,1387
6,6,selection,R2_scarp9_topo,blur185,1.5,3.0,0.07806350470080703,41.600612002074534,1102.9359189618226,1122.0,19.06408103817718,0.1094752947423014,380,1122,188150,1387
6,6,selection,R2_scarp9_topo,disk,2.8,2.0,0.08255291691290938,48.46545975261274,1366.9523040886165,1387.0,20.047695911383393,0.1275406835595072,380,1387,188150,1387
6,6,selection,R2_scarp9_topo,blur185,2.8,2.0,0.049864394466670695,23.217391854151305,784.8357312685742,794.0,9.164268731425766,0.06109839961618765,380,794,188150,1387
6,6,selection,R2_scarp9_topo,disk,2.8,3.0,0.0886351591199433,52.08693878124225,1366.1905629693229,1387.0,20.809437030677106,0.13707089152958488,380,1387,188150,1387
6,6,selection,R2_scarp9_topo,blur185,2.8,3.0,0.05985845739263049,27.96274784665124,787.7763494069497,799.0,11.2236505930502,0.07358617854381905,380,799,188150,1387
6,6,selection,R2_scarp9_topo,disk,3.6,2.0,0.06994737534795338,41.02974782282431,1371.8714238595767,1387.0,15.128576140423158,0.10797302058637977,380,1387,188150,1387
6,6,selection,R2_scarp9_topo,blur185,3.6,2.0,0.04101076765943604,18.051663653727587,662.7927345337437,670.0,7.20726546625642,0.04750437803612523,380,670,188150,1387
6,6,selection,R2_scarp9_topo,disk,3.6,3.0,0.07533868569040063,44.20643393869967,1369.6404691226985,1387.0,17.359530877301403,0.11633272089131491,380,1387,188150,1387
6,6,selection,R2_scarp9_topo,blur185,3.6,3.0,0.04960605996949762,21.915783369476387,667.0666860054525,676.0,8.933313994547522,0.057673114130201014,380,676,188150,1387
6,6,selection,R2_scarp9_topo,disk,4.6,2.0,0.05436231448532965,26.831249368813033,920.9858057764127,931.0,10.014194223587282,0.07060855097056061,380,931,188150,1387
6,6,selection,R2_scarp9_topo,blur185,4.6,2.0,0.02775592092684818,11.254229943431266,496.1023785964551,501.0,4.897621403544912,0.029616394587977015,380,501,188150,1387
6,6,selection,R2_scarp9_topo,disk,4.6,3.0,0.06369989027181522,31.6337963197309,931.4000193387858,944.0,12.59998066121419,0.08324683242034447,380,944,188150,1387
6,6,selection,R2_scarp9_topo,blur185,4.6,3.0,0.03494258845929346,14.3136118050557,513.8477345889551,520.0,6.152265411044982,0.03766739948698868,380,520,188150,1387
6,6,selection,R2_scarp9_topo,disk,5.8,2.0,0.05088657495655416,21.819977482640795,602.1617604580795,610.0,7.838239541920475,0.05742099337537051,380,610,188150,1387
6,6,selection,R2_scarp9_topo,blur185,5.8,2.0,0.02047000236019316,7.787938663261779,374.49290288820634,378.0,3.507097111793642,0.02049457542963626,380,378,188150,1387
6,6,selection,R2_scarp9_topo,disk,5.8,3.0,0.053809505058680644,23.584640939349555,647.909307353786,657.0,9.090692646214048,0.06206484457723567,380,657,188150,1387
6,6,selection,R2_scarp9_topo,blur185,5.8,3.0,0.02714559686462658,10.592676517386145,420.49290288820634,425.0,4.507097111793642,0.027875464519437225,380,425,188150,1387
6,6,selection,R7_scarp9_polarity,disk,1.5,2.0,0.0608085705677467,35.55802933131269,1368.2098704335317,1387.0,18.79012956646828,0.09357376139819129,380,1387,188150,1387
6,6,selection,R7_scarp9_polarity,blur185,1.5,2.0,0.05090527465111751,24.39991924543761,852.2003753864972,863.0,10.79962461350282,0.06421031380378318,380,863,188150,1387
6,6,selection,R7_scarp9_polarity,disk,1.5,3.0,0.06348000728619685,37.146006672146086,1368.657585683701,1387.0,18.34241431629907,0.09775264913722655,380,1387,188150,1387
6,6,selection,R7_scarp9_polarity,blur185,1.5,3.0,0.07102706206300753,35.650181446524684,953.969420649619,971.0,17.030579350381064,0.09381626696453864,380,971,188150,1387
6,6,selection,R7_scarp9_polarity,disk,2.8,2.0,0.09759173518755351,57.37727537974493,1362.2812556155368,1387.0,24.71874438446306,0.1509928299466972,380,1387,188150,1387
6,6,selection,R7_scarp9_polarity,blur185,2.8,2.0,0.044048916941359206,19.093197520141146,628.1788770190819,636.0,7.8211229809181475,0.05024525663195038,380,636,188150,1387
6,6,selection,R7_scarp9_polarity,disk,2.8,3.0,0.10321261251891597,60.74630130408087,1362.0288025112434,1387.0,24.971197488756633,0.1598586876423181,380,1387,188150,1387
6,6,selection,R7_scarp9_polarity,blur185,2.8,3.0,0.046751217771532204,20.386456456058873,639.9264239147883,648.0,8.07357608521172,0.05364856962120756,380,648,188150,1387
6,6,selection,R7_scarp9_polarity,disk,3.6,2.0,0.07170456602337227,42.048323852824595,1370.0051132406215,1387.0,16.99488675937846,0.11065348382322261,380,1387,188150,1387
6,6,selection,R7_scarp9_polarity,blur185,3.6,2.0,0.03966518029836588,16.45314246151135,537.5500938466243,544.0,6.449906153375705,0.04329774331976671,380,544,188150,1387
6,6,selection,R7_scarp9_polarity,disk,3.6,3.0,0.082180857654864,48.24139509549373,1366.8335403653678,1387.0,20.166459634632265,0.1269510397249835,380,1387,188150,1387
6,6,selection,R7_scarp9_polarity,blur185,3.6,3.0,0.04527952733714749,18.805783259053513,537.8262362215396,545.0,7.173763778460309,0.04948890331329872,380,545,188150,1387
6,6,selection,R7_scarp9_polarity,disk,4.6,2.0,0.049554884180549076,23.640369029350396,841.630974075664,851.0,9.369025924335944,0.06221149744565894,380,851,188150,1387
6,6,selection,R7_scarp9_polarity,blur185,4.6,2.0,0.028200426129733083,10.965352813926538,413.216760513291,418.0,4.783239486709039,0.028856191615596154,380,418,188150,1387
6,6,selection,R7_scarp9_polarity,disk,4.6,3.0,0.0607936046558238,29.131081014350254,846.7690452631217,859.0,12.230954736878246,0.07666073951144804,380,859,188150,1387
6,6,selection,R7_scarp9_polarity,blur185,4.6,3.0,0.033891286014330356,13.3179936114687,431.49290288820634,437.0,5.507097111793642,0.035047351609128155,380,437,188150,1387
6,6,selection,R7_scarp9_polarity,disk,5.8,2.0,0.035227874421897044,14.612712016384375,539.4142135623731,545.0,5.585786437626905,0.03845450530627467,380,545,188150,1387
6,6,selection,R7_scarp9_polarity,blur185,5.8,2.0,0.020739315832872328,7.6586310886300755,318.74535599249987,322.0,3.2546440075000707,0.020154292338500197,380,322,188150,1387
6,6,selection,R7_scarp9_polarity,disk,5.8,3.0,0.04327611303835926,18.336569641468976,580.2189514164975,588.0,7.78104858350254,0.048254130635444675,380,588,188150,1387
6,6,selection,R7_scarp9_polarity,blur185,5.8,3.0,0.02584142681865941,9.796702276087775,365.7453559924999,370.0,4.254644007500071,0.02578079546338888,380,370,188150,1387
6,6,selection,H50a_corridor,disk,1.5,2.0,0.1368309122145103,80.7717674138404,1350.7457700565687,1387.0,36.25422994343127,0.21255728266800103,380,1387,188150,1387
6,6,selection,H50a_corridor,blur185,1.5,2.0,0.025214934142568153,11.882281681680277,824.3169482065396,831.0,6.683051793460448,0.031269162320211256,380,831,188150,1387
6,6,selection,H50a_corridor,disk,1.5,3.0,0.14350799480163845,84.79034344384067,1349.4124367232353,1387.0,37.5875632767646,0.22313248274694913,380,1387,188150,1387
6,6,selection,H50a_corridor,blur185,1.5,3.0,0.043676876990020784,21.739828687809585,946.9716115528255,959.0,12.028388447174567,0.05721007549423575,380,959,188150,1387
6,6,selection,H50a_corridor,disk,2.8,2.0,0.10207878006589782,60.10436931296518,1363.9144205944076,1387.0,23.085579405592505,0.15816939292885573,380,1387,188150,1387
6,6,selection,H50a_corridor,blur185,2.8,2.0,0.017942370208347998,7.6706344090108605,609.904925547373,614.0,4.0950744526270455,0.020185880023712792,380,614,188150,1387
6,6,selection,H50a_corridor,disk,2.8,3.0,0.10619429943924553,62.55719780375593,1362.8550387327832,1387.0,24.14496126721694,0.16462420474672615,380,1387,188150,1387
6,6,selection,H50a_corridor,blur185,2.8,3.0,0.0262814991653855,11.33291926926453,624.7311617689127,630.0,5.268838231087353,0.029823471761222447,380,630,188150,1387
6,6,selection,H50a_corridor,disk,3.6,2.0,0.060252007195207284,35.28950507094593,1373.2025662897036,1387.0,13.797433710296323,0.09286711860775244,380,1387,188150,1387
6,6,selection,H50a_corridor,blur185,3.6,2.0,0.01665315203252268,6.828013060677387,523.2382588807063,527.0,3.7617411192937116,0.01796845542283523,380,527,188150,1387
6,6,selection,H50a_corridor,disk,3.6,3.0,0.0705616144403589,41.36600349357269,1369.8313494621611,1387.0,17.168650537838765,0.10885790393045446,380,1387,188150,1387
6,6,selection,H50a_corridor,blur185,3.6,3.0,0.020749845297709554,8.571178149970818,536.7883527273306,541.0,4.211647272669417,0.022555731973607416,380,541,188150,1387
6,6,selection,H50a_corridor,disk,4.6,2.0,0.042581332970393244,19.800670018431966,785.2404497839127,793.0,7.759550216087213,0.052107026364294644,380,793,188150,1387
6,6,selection,H50a_corridor,blur185,4.6,2.0,0.006717230199622749,2.58067319700536,398.35483170074866,400.0,1.6451682992513401,0.006791245255277263,380,400,188150,1387
6,6,selection,H50a_corridor,disk,4.6,3.0,0.05401778703137139,25.272074539223,793.9643074089973,804.0,10.03569259100261,0.06650545931374473,380,804,188150,1387
6,6,selection,H50a_corridor,blur185,4.6,3.0,0.015626547267716607,6.10707777300783,427.96430740899734,431.0,3.0356925910026105,0.016071257297389025,380,431,188150,1387
6,6,selection,H50a_corridor,disk,5.8,2.0,0.015754552172179477,6.382488713714679,499.2189514164975,502.0,2.78104858350254,0.016796022930828103,380,502,188150,1387
6,6,selection,H50a_corridor,blur185,5.8,2.0,0.004621891558561688,1.6808608902539501,296.688165034082,298.0,1.3118349659180066,0.004423318132247237,380,298,188150,1387
6,6,selection,H50a_corridor,disk,5.8,3.0,0.02012301063363049,8.325297755296742,540.2761423749154,544.0,3.7238576250846034,0.021908678303412477,380,544,188150,1387
6,6,selection,H50a_corridor,blur185,5.8,3.0,0.01610664765547125,6.049886814589893,352.0214983674153,355.0,2.978501632584673,0.01592075477523656,380,355,188150,1387
6,6,selection,H50b_kth_ridge,disk,1.5,2.0,0.05934265195006557,34.69098727814884,1368.2477539277406,1387.0,18.75224607225917,0.0912920717846022,380,1387,188150,1387
6,6,selection,H50b_kth_ridge,blur185,1.5,2.0,0.05062439413509256,24.491343325860203,874.4357119297883,884.0,9.564288070211578,0.0644509034891058,380,884,188150,1387
6,6,selection,H50b_kth_ridge,disk,1.5,3.0,0.05928843789744501,34.669488910733506,1369.1289902044919,1387.0,17.871009795508044,0.09123549713350923,380,1387,188150,1387
6,6,selection,H50b_kth_ridge,blur185,1.5,3.0,0.06302382425826623,31.567110314278423,952.8120419979523,966.0,13.187958002047592,0.08307134293231164,380,966,188150,1387
6,6,selection,H50b_kth_ridge,disk,2.8,2.0,0.0730640532868374,42.83010387053569,1368.166873698701,1387.0,18.833126301298933,0.11271079965930444,380,1387,188150,1387
6,6,selection,H50b_kth_ridge,blur185,2.8,2.0,0.0489138366219134,21.636718657145945,670.0808802290397,678.0,7.919119770960238,0.056938733308278804,380,678,188150,1387
6,6,selection,H50b_kth_ridge,disk,2.8,3.0,0.07094624695083276,41.59476732724444,1369.8335403653678,1387.0,17.166459634632268,0.10945991401906431,380,1387,188150,1387
6,6,selection,H50b_kth_ridge,blur185,2.8,3.0,0.04510696815202385,19.87497753785223,663.2189514164975,670.0,6.781048583502541,0.05230257246803219,380,670,188150,1387
6,6,selection,H50b_kth_ridge,disk,3.6,2.0,0.06762376356894662,39.63995496528159,1371.2790647123304,1387.0,15.720935287669558,0.10431567096126734,380,1387,188150,1387
6,6,selection,H50b_kth_ridge,blur185,3.6,2.0,0.031275302572343025,13.156233153389175,570.1380711874576,575.0,4.861928812542303,0.03462166619312941,380,575,188150,1387
6,6,selection,H50b_kth_ridge,disk,3.6,3.0,0.07081452963589432,41.52119124203272,1370.1646827954946,1387.0,16.83531720450543,0.10926629274219136,380,1387,188150,1387
6,6,selection,H50b_kth_ridge,blur185,3.6,3.0,0.027211758733273268,11.394492034095464,562.2761423749154,566.0,3.7238576250846034,0.0299855053528828,380,566,188150,1387
6,6,selection,H50b_kth_ridge,disk,4.6,2.0,0.04400496666734001,21.719789789392205,926.159569554873,934.0,7.840430445126975,0.057157341551032116,380,934,188150,1387
6,6,selection,H50b_kth_ridge,blur185,4.6,2.0,0.031627948751335414,12.57044671576227,454.66666666666663,459.0,4.333333333333334,0.0330801229362165,380,459,188150,1387
6,6,selection,H50b_kth_ridge,disk,4.6,3.0,0.048356910407399305,23.855670073643406,922.7690452631218,932.0,9.230954736878246,0.06277807914116686,380,932,188150,1387
6,6,selection,H50b_kth_ridge,blur185,4.6,3.0,0.026375282083355003,10.473181359928727,454.94280904158205,458.0,3.0571909584179364,0.027561003578759808,380,458,188150,1387
6,6,selection,H50b_kth_ridge,disk,5.8,2.0,0.0342486728711088,14.493948293135505,581.4929028882063,587.0,5.507097111793642,0.03814196919246186,380,587,188150,1387
6,6,selection,H50b_kth_ridge,blur185,5.8,2.0,0.021969590953000565,8.204343128841373,339.0,342.0,3.0000000000000004,0.021590376654845717,380,342,188150,1387
6,6,selection,H50b_kth_ridge,disk,5.8,3.0,0.03667682111969845,15.708517903219969,605.7690452631218,612.0,6.230954736878245,0.0413382050084736,380,612,188150,1387
6,6,selection,H50b_kth_ridge,blur185,5.8,3.0,0.018590538361787402,7.085579405592503,378.60947570824874,381.0,2.3905242917512703,0.01864626159366448,380,381,188150,1387
6,6,selection,H50c_both,disk,1.5,2.0,0.14973008722159944,88.45993244792238,1345.519928560312,1387.0,41.48007143968796,0.23278929591558523,380,1387,188150,1387
6,6,selection,H50c_both,blur185,1.5,2.0,0.046558084967561884,22.217391854151302,843.7690452631218,852.0,8.230954736878246,0.05846682066881922,380,852,188150,1387
6,6,selection,H50c_both,disk,1.5,3.0,0.15216911992427054,89.93133696871342,1345.048524039521,1387.0,41.951475960479,0.23666141307556166,380,1387,188150,1387
6,6,selection,H50c_both,blur185,1.5,3.0,0.06182395325509892,30.743796430153775,935.6546633462858,949.0,13.345336653714117,0.08090472744777309,380,949,188150,1387
6,6,selection,H50c_both,disk,2.8,2.0,0.07018104860846103,41.137557030040696,1369.6790840511162,1387.0,17.320915948883744,0.10825672902642289,380,1387,188150,1387
6,6,selection,H50c_both,blur185,2.8,2.0,0.04102912030731362,18.08443390731515,665.7690452631218,672.0,6.230954736878246,0.047590615545566185,380,672,188150,1387
6,6,selection,H50c_both,disk,2.8,3.0,0.07256473492372288,42.54957968920729,1369.2863688561583,1387.0,17.713631143841514,0.11197257812949288,380,1387,188150,1387
6,6,selection,H50c_both,blur185,2.8,3.0,0.05131612323117699,22.47495819906642,647.3785209713706,656.0,8.621479028629516,0.059144626839648475,380,656,188150,1387
6,6,selection,H50c_both,disk,3.6,2.0,0.05003327040420368,29.2716604751542,1375.9479222822035,1387.0,11.05207771779639,0.0770306854609321,380,1387,188150,1387
6,6,selection,H50c_both,blur185,3.6,2.0,0.03198969984191082,13.332187835055983,550.4929028882063,555.0,4.507097111793642,0.03508470482909469,380,555,188150,1387
6,6,selection,H50c_both,disk,3.6,3.0,0.056737272419267716,33.21227861352976,1373.6360873162857,1387.0,13.3639126837144,0.08740073319349938,380,1387,188150,1387
6,6,selection,H50c_both,blur185,3.6,3.0,0.0384743517295513,15.998854501722647,543.159569554873,549.0,5.840430445126975,0.04210224868874381,380,549,188150,1387
6,6,selection,H50c_both,disk,4.6,2.0,0.03164841839785825,15.115427321765019,852.9071164505795,859.0,6.092883549420547,0.03977744032043426,380,859,188150,1387
6,6,selection,H50c_both,blur185,4.6,2.0,0.020865780784137082,8.201420791426328,437.07868932583324,440.0,2.921310674166737,0.02158268629322718,380,440,188150,1387
6,6,selection,H50c_both,disk,4.6,3.0,0.036902382029683475,17.722712126807252,863.5737831172462,871.0,7.42621688275388,0.04663871612317698,380,871,188150,1387
6,6,selection,H50c_both,blur185,4.6,3.0,0.026771370278761183,10.556252492174988,441.0,445.0,4.0,0.027779611821513124,380,445,188150,1387
6,6,selection,H50c_both,disk,5.8,2.0,0.022424948010720713,9.28230102046609,540.3548317007487,544.0,3.64516829925134,0.024427107948594973,380,544,188150,1387
6,6,selection,H50c_both,blur185,5.8,2.0,0.021263174748524124,7.88958582550832,327.3333333333333,330.0,2.666666666666667,0.020762067961864,380,330,188150,1387
6,6,selection,H50c_both,disk,5.8,3.0,0.02503871759792812,10.496870630550553,565.6309740756641,570.0,4.3690259243359435,0.02762334376460672,380,570,188150,1387
6,6,selection,H50c_both,blur185,5.8,3.0,0.027742287457590886,10.556252492174988,372.0,376.0,4.0,0.027779611821513124,380,376,188150,1387
6,6,selection,RANDOM_fixed_seed,disk,1.5,2.0,0.03204669669991307,18.701945193600473,1379.2189514164975,1387.0,7.78104858350254,0.04921564524631703,380,1387,188150,1387
6,6,selection,RANDOM_fixed_seed,disk,1.5,3.0,0.031141095908777137,18.175540617598003,1380.0808802290398,1387.0,6.919119770960239,0.047830370046310536,380,1387,188150,1387
6,6,selection,RANDOM_fixed_seed,disk,2.8,2.0,0.03461898360730419,20.21123320860061,1378.885618083164,1387.0,8.114381916835873,0.05318745581210687,380,1387,188150,1387
6,6,selection,RANDOM_fixed_seed,disk,2.8,3.0,0.0310062734077948,18.09685129176474,1380.159569554873,1387.0,6.840430445126975,0.047623292873065104,380,1387,188150,1387
6,6,selection,RANDOM_fixed_seed,disk,3.6,2.0,0.03515242408841623,20.52306817451862,1378.6309740756642,1387.0,8.369025924335944,0.05400807414347005,380,1387,188150,1387
6,6,selection,RANDOM_fixed_seed,disk,3.6,3.0,0.0310062734077948,18.09685129176474,1380.159569554873,1387.0,6.840430445126975,0.047623292873065104,380,1387,188150,1387
6,6,selection,RANDOM_fixed_seed,disk,4.6,2.0,0.03402042822236051,19.858592411058453,1378.7690452631218,1387.0,8.230954736878246,0.05225945371331172,380,1387,188150,1387
6,6,selection,RANDOM_fixed_seed,disk,4.6,3.0,0.0327825410350753,19.136925689180348,1379.630974075664,1387.0,7.3690259243359435,0.05036033076100092,380,1387,188150,1387
6,6,selection,RANDOM_fixed_seed,disk,5.8,2.0,0.03619308647849298,21.136925689180345,1378.8856180831642,1387.0,8.114381916835875,0.05562348865573775,380,1387,188150,1387
6,6,selection,RANDOM_fixed_seed,disk,5.8,3.0,0.03305120149228996,19.29649524405337,1379.885618083164,1387.0,7.114381916835874,0.050780250642245714,380,1387,188150,1387
7,7,calibration,R2_scarp9_topo,disk,1.5,2.0,0.03855553995414371,23.83198080302158,1398.7719676005368,1412.0,13.2280323994632,0.05715103310077117,417,1412,191652,1412
7,7,calibration,R2_scarp9_topo,blur185,1.5,2.0,0.02970842623200908,15.658217024561273,951.6575856837009,961.0,9.342414316299072,0.03754968111405581,417,961,191652,1412
7,7,calibration,R2_scarp9_topo,disk,1.5,3.0,0.03873455788730533,23.94855362306395,1399.4193268029946,1412.0,12.58067319700536,0.05743058422797111,417,1412,191652,1412
7,7,calibration,R2_scarp9_topo,blur185,1.5,3.0,0.037310896891869776,20.074621490140867,1002.1074918370766,1014.0,11.892508162923367,0.048140579113047643,417,1014,191652,1412
7,7,calibration,R2_scarp9_topo,disk,2.8,2.0,0.04683727564509349,29.002090809858295,1399.0459190722456,1412.0,12.954080927754301,0.06954937844090718,417,1412,191652,1412
7,7,calibration,R2_scarp9_topo,blur185,2.8,2.0,0.026967984191012415,13.034547092725258,735.6360873162855,743.0,7.363912683714399,0.031257906697182876,417,743,191652,1412
7,7,calibration,R2_scarp9_topo,disk,2.8,3.0,0.052587084778474256,32.5900681506917,1398.0859934696614,1412.0,13.914006530338694,0.07815364064914077,417,1412,191652,1412
7,7,calibration,R2_scarp9_topo,blur185,2.8,3.0,0.030685766599386252,14.881550247471731,741.9479222822035,750.0,8.052077717796394,0.035687170857246354,417,750,191652,1412
7,7,calibration,R2_scarp9_topo,disk,3.6,2.0,0.07758728330304533,48.24901660946151,1393.0889158070763,1412.0,18.91108419292365,0.11570507580206597,417,1412,191652,1412
7,7,calibration,R2_scarp9_topo,blur185,3.6,2.0,0.02321551510588415,10.629828577386705,610.7504692331215,617.0,6.249530766878526,0.025491195629224712,417,617,191652,1412
7,7,calibration,R2_scarp9_topo,disk,3.6,3.0,0.07859722641764245,48.899298149334406,1393.8528478295766,1412.0,18.14715217042344,0.11726450395523838,417,1412,191652,1412
7,7,calibration,R2_scarp9_topo,blur185,3.6,3.0,0.027463011855589487,12.59340455217555,612.2003753864972,619.0,6.79962461350282,0.030200010916488128,417,619,191652,1412
7,7,calibration,R2_scarp9_topo,disk,4.6,2.0,0.04608786525181536,24.23669931836013,937.1646827954946,947.0,9.835317204505431,0.058121581099184964,417,947,191652,1412
7,7,calibration,R2_scarp9_topo,blur185,4.6,2.0,0.022250242894550954,9.532563221553163,464.59309058145493,470.0,5.406909418545052,0.022859863840655067,417,470,191652,1412
7,7,calibration,R2_scarp9_topo,disk,4.6,3.0,0.05540003995047337,29.29608117998457,946.752660136328,959.0,12.247339863672027,0.07025439131890784,417,959,191652,1412
7,7,calibration,R2_scarp9_topo,blur185,4.6,3.0,0.024898844736368397,10.712899709632966,472.57159221403964,478.0,5.4284077859603785,0.02569040697753709,417,478,191652,1412
7,7,calibration,R2_scarp9_topo,disk,5.8,2.0,0.04711490210298676,21.65821702456127,608.7883527273307,617.0,8.211647272669417,0.0519381703226889,417,617,191652,1412
7,7,calibration,R2_scarp9_topo,blur185,5.8,2.0,0.021610151897674193,8.830203963883886,366.2382588807063,371.0,4.761741119293712,0.021175549074062074,417,371,191652,1412
7,7,calibration,R2_scarp9_topo,disk,5.8,3.0,0.058614785360088205,27.284077859603784,632.1216860606639,643.0,10.878313939336085,0.06542944330840236,417,643,191652,1412
7,7,calibration,R2_scarp9_topo,blur185,5.8,3.0,0.02357113222347247,9.79158903546623,399.2382588807063,404.0,4.761741119293712,0.023481028862029327,417,404,191652,1412
7,7,calibration,R7_scarp9_polarity,disk,1.5,2.0,0.034618683577215606,21.38718789026742,1399.5788963578675,1412.0,12.421103642132335,0.05128822036035353,417,1412,191652,1412
7,7,calibration,R7_scarp9_polarity,blur185,1.5,2.0,0.03945787760923049,19.62252443355866,798.8929222269921,809.0,10.107077773007829,0.047056413509733,417,809,191652,1412
7,7,calibration,R7_scarp9_polarity,disk,1.5,3.0,0.03492809901672846,21.58245003614305,1399.9716115528254,1412.0,12.028388447174567,0.05175647490681787,417,1412,191652,1412
7,7,calibration,R7_scarp9_polarity,blur185,1.5,3.0,0.052658406899705745,26.919433741680837,861.1238769638704,875.0,13.876123036129584,0.06455499698244806,417,875,191652,1412
7,7,calibration,R7_scarp9_polarity,disk,2.8,2.0,0.049176320617982536,30.469113524236327,1399.4765177614127,1412.0,12.523482238587423,0.07306741852334851,417,1412,191652,1412
7,7,calibration,R7_scarp9_polarity,blur185,2.8,2.0,0.027731759919000464,12.611252547386425,593.1810679222883,600.0,6.818932077711649,0.03024281186423603,417,600,191652,1412
7,7,calibration,R7_scarp9_polarity,disk,2.8,3.0,0.057831106865825155,35.8596378159876,1396.5165921588282,1412.0,15.483407841171818,0.08599433529013813,417,1412,191652,1412
7,7,calibration,R7_scarp9_polarity,blur185,2.8,3.0,0.03285701318989027,15.02692557875747,603.688165034082,611.0,7.311834965918007,0.036035792754814076,417,611,191652,1412
7,7,calibration,R7_scarp9_polarity,disk,3.6,2.0,0.057734674195377866,35.811527840535405,1397.5767054546611,1412.0,14.423294545338834,0.08587896364636788,417,1412,191652,1412
7,7,calibration,R7_scarp9_polarity,blur185,3.6,2.0,0.0286518751039739,12.554061588968487,510.2382588807063,517.0,6.761741119293712,0.03010566328289805,417,517,191652,1412
7,7,calibration,R7_scarp9_polarity,disk,3.6,3.0,0.07155616647926982,44.454505236580246,1393.8120419979523,1412.0,18.187958002047594,0.10660552814527637,417,1412,191652,1412
7,7,calibration,R7_scarp9_polarity,blur185,3.6,3.0,0.03217554416585462,14.184304230423997,522.0214983674152,529.0,6.978501632584673,0.034015118058570736,417,529,191652,1412
7,7,calibration,R7_scarp9_polarity,disk,4.6,2.0,0.050880223922736424,25.65091288073323,827.064495102246,837.0,9.93550489775402,0.061512980529336285,417,837,191652,1412
7,7,calibration,R7_scarp9_polarity,blur185,4.6,2.0,0.028020025895870115,11.63275091480175,396.15956955487303,402.0,5.840430445126975,0.02789628516739029,417,402,191652,1412
7,7,calibration,R7_scarp9_polarity,disk,4.6,3.0,0.06714446380598768,34.019938805069174,831.3191391097461,845.0,13.68086089025395,0.081582587062516,417,845,191652,1412
7,7,calibration,R7_scarp9_polarity,blur185,4.6,3.0,0.030251254544605557,12.596326889590593,401.35483170074866,407.0,5.64516829925134,0.030207018919881517,417,407,191652,1412
7,7,calibration,R7_scarp9_polarity,disk,5.8,2.0,0.038469308561149856,17.120540562386566,540.1001876932486,547.0,6.899812306751411,0.04105645218797738,417,547,191652,1412
7,7,calibration,R7_scarp9_polarity,blur185,5.8,2.0,0.02322270991801209,9.202152225634874,304.08088022903974,309.0,4.919119770960238,0.022067511332457733,417,309,191652,1412
7,7,calibration,R7_scarp9_polarity,disk,5.8,3.0,0.054292198981787596,24.47025902251368,561.1001876932486,571.0,9.89981230675141,0.05868167631298245,417,571,191652,1412
7,7,calibration,R7_scarp9_polarity,blur185,5.8,3.0,0.023005366060505423,9.244417526256981,331.94280904158205,336.0,4.057190958417936,0.022168866969441203,417,336,191652,1412
7,7,calibration,H50a_corridor,disk,1.5,2.0,0.0536099546855771,33.18096782894015,1393.4838219052408,1412.0,18.516178094759383,0.07957066625645119,417,1412,191652,1412
7,7,calibration,H50a_corridor,blur185,1.5,2.0,0.03042368456489124,15.015239628516431,784.6739708104947,792.0,7.326029189505291,0.03600776889332478,417,792,191652,1412
7,7,calibration,H50a_corridor,disk,1.5,3.0,0.06327439920046814,39.216660419942755,1391.7191584485317,1412.0,20.28084155146814,0.09404474920849581,417,1412,191652,1412
7,7,calibration,H50a_corridor,blur185,1.5,3.0,0.04306434780676375,21.822168385847295,843.8477345889551,855.0,11.152265411044983,0.05233133905478968,417,855,191652,1412
7,7,calibration,H50a_corridor,disk,2.8,2.0,0.07555930244752745,46.97725604095912,1393.657585683701,1412.0,18.34241431629907,0.11265529026608902,417,1412,191652,1412
7,7,calibration,H50a_corridor,blur185,2.8,2.0,0.02303462185102016,10.375184569886635,573.7096634014972,579.0,5.29033659850268,0.024880538536898405,417,579,191652,1412
7,7,calibration,H50a_corridor,disk,2.8,3.0,0.08543661820352465,53.17251818683475,1390.638278219492,1412.0,21.361721780507903,0.12751203402118647,417,1412,191652,1412
7,7,calibration,H50a_corridor,blur185,2.8,3.0,0.02963515804954511,13.41744987050874,582.3548317007487,589.0,6.64516829925134,0.032176138778198415,417,589,191652,1412
7,7,calibration,H50a_corridor,disk,3.6,2.0,0.04415493131385519,27.34523656036591,1401.1646827954946,1412.0,10.83531720450543,0.06557610685939068,417,1412,191652,1412
7,7,calibration,H50a_corridor,blur185,3.6,2.0,0.023707700600662327,10.3179936114687,497.7668543599152,503.0,5.233145640084744,0.02474338995556043,417,503,191652,1412
7,7,calibration,H50a_corridor,disk,3.6,3.0,0.06015464230590034,37.32154728974409,1396.8120419979523,1412.0,15.187958002047592,0.08950011340466209,417,1412,191652,1412
7,7,calibration,H50a_corridor,blur185,3.6,3.0,0.028719319148012866,12.574828522175267,508.688165034082,515.0,6.311834965918007,0.030155464081955075,417,515,191652,1412
7,7,calibration,H50a_corridor,disk,4.6,2.0,0.03296029879928246,16.308498564434156,789.6524724430794,796.0,6.3475275569206175,0.039109109267228194,417,796,191652,1412
7,7,calibration,H50a_corridor,blur185,4.6,2.0,0.025079163899447005,10.3179936114687,378.76685435991527,384.0,5.233145640084743,0.02474338995556043,417,384,191652,1412
7,7,calibration,H50a_corridor,disk,4.6,3.0,0.05491914678288538,27.439265608063813,802.7118543047038,814.0,11.288145695296182,0.06580159618240723,417,814,191652,1412
7,7,calibration,H50a_corridor,blur185,4.6,3.0,0.02813488861729513,11.65351784800853,391.35483170074866,397.0,5.64516829925134,0.027946085966447314,417,397,191652,1412
7,7,calibration,H50a_corridor,disk,5.8,2.0,0.02798989044580333,12.199229888219827,499.02149836741535,504.0,4.978501632584673,0.02925474793338088,417,504,191652,1412
7,7,calibration,H50a_corridor,blur185,5.8,2.0,0.02320514456374303,9.142038929801892,292.688165034082,297.0,4.311834965918007,0.02192335474772636,417,297,191652,1412
7,7,calibration,H50a_corridor,disk,5.8,3.0,0.05026884373237074,22.310689467640657,528.8262362215396,538.0,9.173763778460309,0.053502852440385266,417,538,191652,1412
7,7,calibration,H50a_corridor,blur185,5.8,3.0,0.02439915712318352,9.810896499675057,332.688165034082,337.0,4.311834965918006,0.02352732973543179,417,337,191652,1412
7,7,calibration,H50b_kth_ridge,disk,1.5,2.0,0.03169717591366572,19.57263761896877,1399.8692329563703,1412.0,12.130767043629653,0.04693678086083638,417,1412,191652,1412
7,7,calibration,H50b_kth_ridge,blur185,1.5,2.0,0.04401601235887089,22.483721811892416,863.5552070872458,874.0,10.44479291275416,0.053917798110053754,417,874,191652,1412
7,7,calibration,H50b_kth_ridge,disk,1.5,3.0,0.03232079486674021,19.96316191072004,1400.3213300129523,1412.0,11.678669987047451,0.04787328995376508,417,1412,191652,1412
7,7,calibration,H50b_kth_ridge,blur185,1.5,3.0,0.05386131387610996,28.188271972768188,920.5573979904523,934.0,13.442602009547661,0.06759777451503163,417,934,191652,1412
7,7,calibration,H50b_kth_ridge,disk,2.8,2.0,0.057791671443132485,35.837408014363724,1396.7311617689127,1412.0,15.268838231087354,0.08594102641334227,417,1412,191652,1412
7,7,calibration,H50b_kth_ridge,blur185,2.8,2.0,0.03680551763272669,17.291382003431828,663.7289708657062,671.0,7.271029134293852,0.041466143893121886,417,671,191652,1412
7,7,calibration,H50b_kth_ridge,disk,2.8,3.0,0.061551292689104524,38.19004881190588,1396.1045694996615,1412.0,15.895430500338412,0.09158285086787982,417,1412,191652,1412
7,7,calibration,H50b_kth_ridge,blur185,2.8,3.0,0.04082952540551724,19.23200014180739,667.9264239147883,676.0,8.07357608521172,0.046119904416804296,417,676,191652,1412
7,7,calibration,H50b_kth_ridge,disk,3.6,2.0,0.046863781237218766,29.018475936652077,1399.026611608037,1412.0,12.973388391963127,0.06958867131091626,417,1412,191652,1412
7,7,calibration,H50b_kth_ridge,blur185,3.6,2.0,0.03796931806438169,17.291382003431828,591.7289708657061,599.0,7.271029134293852,0.041466143893121886,417,599,191652,1412
7,7,calibration,H50b_kth_ridge,disk,3.6,3.0,0.0535954184910526,33.211547179321215,1397.1453753312858,1412.0,14.854624668714258,0.07964399803194536,417,1412,191652,1412
7,7,calibration,H50b_kth_ridge,blur185,3.6,3.0,0.03868812028413174,17.64621370418049,594.9264239147883,602.0,7.073576085211719,0.042317059242639066,417,602,191652,1412
7,7,calibration,H50b_kth_ridge,disk,4.6,2.0,0.040457344990331545,20.91724283847434,896.1810679222883,905.0,8.818932077711649,0.050161253809290984,417,905,191652,1412
7,7,calibration,H50b_kth_ridge,blur185,4.6,2.0,0.03932338294852281,16.97954703751382,473.9836148732062,481.0,7.016385126793782,0.040718338219457605,417,481,191652,1412
7,7,calibration,H50b_kth_ridge,disk,4.6,3.0,0.04848426939769777,25.150388478559083,900.5144012556217,911.0,10.485598744378315,0.06031268220277958,417,911,191652,1412
7,7,calibration,H50b_kth_ridge,blur185,4.6,3.0,0.03998674787985751,17.33437873826248,482.1810679222883,489.0,6.818932077711649,0.04156925356897477,417,489,191652,1412
7,7,calibration,H50b_kth_ridge,disk,5.8,2.0,0.04109636570678801,19.096119857556197,636.2382588807063,644.0,7.761741119293712,0.04579405241620191,417,644,191652,1412
7,7,calibration,H50b_kth_ridge,blur185,5.8,2.0,0.03454862768059604,14.217805918220108,375.43352102658196,381.0,5.566478973418077,0.03409545783745829,417,381,191652,1412
7,7,calibration,H50b_kth_ridge,disk,5.8,3.0,0.051100820729914787,23.995932164307604,655.904925547373,666.0,10.095074452627046,0.05754420183287195,417,666,191652,1412
7,7,calibration,H50b_kth_ridge,blur185,5.8,3.0,0.036833524875463576,15.413068064095745,408.847734588955,415.0,6.152265411044981,0.03696179391869483,417,415,191652,1412
7,7,calibration,H50c_both,disk,1.5,2.0,0.07839822778073134,48.630873982315855,1384.8980354676137,1412.0,27.101964532386283,0.11662080091682459,417,1412,191652,1412
7,7,calibration,H50c_both,blur185,1.5,2.0,0.03449431058809623,17.210501774392064,809.4765177614127,818.0,8.523482238587423,0.04127218650933349,417,818,191652,1412
7,7,calibration,H50c_both,disk,1.5,3.0,0.08175764691232608,50.72887077235794,1383.6641583933206,1412.0,28.33584160667958,0.12165196827903584,417,1412,191652,1412
7,7,calibration,H50c_both,blur185,1.5,3.0,0.045592719492989355,23.46076397547914,881.4022102419924,893.0,11.59778975800769,0.05626082488124494,417,893,191652,1412
7,7,calibration,H50c_both,disk,2.8,2.0,0.05878995994375273,36.46107794619974,1396.5002070320343,1412.0,15.499792967965599,0.08743663776067083,417,1412,191652,1412
7,7,calibration,H50c_both,blur185,2.8,2.0,0.02957034648993004,13.684828632598142,632.2597572481216,639.0,6.740242751878386,0.032817334850355255,417,639,191652,1412
7,7,calibration,H50c_both,disk,2.8,3.0,0.06287237736081157,39.00898088961753,1395.2262555603256,1412.0,16.7737444396745,0.09354671676167274,417,1412,191652,1412
7,7,calibration,H50c_both,blur185,2.8,3.0,0.0365672106981466,17.01597106272498,641.6546633462858,650.0,8.345336653714117,0.04080568600173856,417,650,191652,1412
7,7,calibration,H50c_both,disk,3.6,2.0,0.04090856033045099,25.32122991960435,1401.535899623037,1412.0,10.464100376962989,0.0607223739079241,417,1412,191652,1412
7,7,calibration,H50c_both,blur185,3.6,2.0,0.03050639039132702,13.684828632598142,561.2597572481216,568.0,6.740242751878386,0.032817334850355255,417,568,191652,1412
7,7,calibration,H50c_both,disk,3.6,3.0,0.04922638546148747,30.494993698064654,1398.9286148179947,1412.0,13.07138518200522,0.07312948129032291,417,1412,191652,1412
7,7,calibration,H50c_both,blur185,3.6,3.0,0.03434906886762148,15.430184625098072,562.6546633462858,570.0,7.345336653714118,0.03700284082757331,417,570,191652,1412
7,7,calibration,H50c_both,disk,4.6,2.0,0.038005739578516155,19.312148936638607,853.376330068164,861.0,7.623669931836014,0.04631210776172328,417,861,191652,1412
7,7,calibration,H50c_both,blur185,4.6,2.0,0.0319001915543172,13.684828632598142,463.2597572481216,470.0,6.740242751878386,0.032817334850355255,417,470,191652,1412
7,7,calibration,H50c_both,disk,4.6,3.0,0.04721750168728699,24.07389005593232,857.1810679222883,867.0,9.818932077711647,0.057731151213266954,417,867,191652,1412
7,7,calibration,H50c_both,blur185,4.6,3.0,0.035866052981707634,15.430184625098072,467.6546633462859,475.0,7.345336653714118,0.03700284082757331,417,475,191652,1412
7,7,calibration,H50c_both,disk,5.8,2.0,0.03485881061802578,15.865165120677947,591.7668543599152,598.0,6.233145640084744,0.03804595952200947,417,598,191652,1412
7,7,calibration,H50c_both,blur185,5.8,2.0,0.028334085974790577,11.532563221553161,355.57159221403964,361.0,5.4284077859603785,0.027656026910199426,417,361,191652,1412
7,7,calibration,H50c_both,disk,5.8,3.0,0.04784782651347238,22.076812393347367,616.9049255473728,626.0,9.095074452627046,0.05294199614711599,417,626,191652,1412
7,7,calibration,H50c_both,blur185,5.8,3.0,0.03260474551157757,13.532563221553161,393.7118543047038,400.0,6.288145695296182,0.03245218997974379,417,400,191652,1412
7,7,calibration,RANDOM_fixed_seed,disk,1.5,2.0,0.039156172478931536,24.23962165577518,1403.0094950470343,1412.0,8.990504952965459,0.05812858910257837,417,1412,191652,1412
7,7,calibration,RANDOM_fixed_seed,disk,1.5,3.0,0.03906378741352707,24.18243069735724,1403.0666860054525,1412.0,8.933313994547522,0.05799144052124038,417,1412,191652,1412
7,7,calibration,RANDOM_fixed_seed,disk,2.8,2.0,0.03997557681063238,24.74890967077532,1402.7548510395345,1412.0,9.245148960465528,0.059349903287230985,417,1412,191652,1412
7,7,calibration,RANDOM_fixed_seed,disk,2.8,3.0,0.04038614336570671,25.003553678275388,1402.5573979904525,1412.0,9.442602009547663,0.059960560379557284,417,1412,191652,1412
7,7,calibration,RANDOM_fixed_seed,disk,3.6,2.0,0.042653086358927735,26.415576337441983,1402.1453753312858,1412.0,9.854624668714258,0.0633467058451846,417,1412,191652,1412
7,7,calibration,RANDOM_fixed_seed,disk,3.6,3.0,0.04608266980401805,28.553647524899688,1401.535899623037,1412.0,10.464100376962989,0.06847397487985536,417,1412,191652,1412
7,7,calibration,RANDOM_fixed_seed,disk,4.6,2.0,0.05295828083950439,32.843984123402365,1400.0859934696614,1412.0,11.914006530338696,0.07876255185468194,417,1412,191652,1412
7,7,calibration,RANDOM_fixed_seed,disk,4.6,3.0,0.05286606502226378,32.78679316498443,1400.1431844280792,1412.0,11.856815571920759,0.07862540327334396,417,1412,191652,1412
7,7,calibration,RANDOM_fixed_seed,disk,5.8,2.0,0.04853809858391058,30.077129763487108,1400.224064657119,1412.0,11.775935342880995,0.07212740950476525,417,1412,191652,1412
7,7,calibration,RANDOM_fixed_seed,disk,5.8,3.0,0.0484458045252811,30.019938805069174,1400.2812556155368,1412.0,11.718744384463058,0.07199026092342728,417,1412,191652,1412
8,8,selection,R2_scarp9_topo,disk,1.5,2.0,0.15430853111242934,57.0957057934874,744.954494991823,770.0,25.045505008176896,0.21792254119651677,266,770,104490,770
8,8,selection,R2_scarp9_topo,blur185,1.5,2.0,0.04893199977385166,15.28845966601678,498.9264239147883,505.0,6.073576085211718,0.05835289948861367,266,505,104490,770
8,8,selection,R2_scarp9_topo,disk,1.5,3.0,0.15430853111242931,57.0957057934874,744.9544949918231,770.0,25.045505008176896,0.21792254119651677,266,770,104490,770
8,8,selection,R2_scarp9_topo,blur185,1.5,3.0,0.048374622416454884,15.28845966601678,516.9264239147883,523.0,6.0735760852117195,0.05835289948861367,266,523,104490,770
8,8,selection,R2_scarp9_topo,disk,2.8,2.0,0.125642093426869,46.4082687941948,752.4357119297883,770.0,17.56428807021158,0.1771307969244076,266,770,104490,770
8,8,selection,R2_scarp9_topo,blur185,2.8,2.0,0.03846107238550055,11.212692677598564,398.45501939399725,403.0,4.544980606002751,0.0427965369373991,266,403,104490,770
8,8,selection,R2_scarp9_topo,disk,2.8,3.0,0.125642093426869,46.4082687941948,752.4357119297883,770.0,17.564288070211582,0.1771307969244076,266,770,104490,770
8,8,selection,R2_scarp9_topo,blur185,2.8,3.0,0.0384347051244258,11.212692677598564,399.45501939399725,404.0,4.544980606002751,0.0427965369373991,266,404,104490,770
8,8,selection,R2_scarp9_topo,disk,3.6,2.0,0.08734715651685478,32.12158596731571,758.6094757082487,770.0,11.39052429175127,0.12260147315769356,266,770,104490,770
8,8,selection,R2_scarp9_topo,blur185,3.6,2.0,0.03705185573285623,10.429453190889525,348.9836148732062,353.0,4.016385126793782,0.039807073247669945,266,353,104490,770
8,8,selection,R2_scarp9_topo,disk,3.6,3.0,0.08825357872367165,32.454919300649046,758.2761423749154,770.0,11.723857625084603,0.12387373778873681,266,770,104490,770
8,8,selection,R2_scarp9_topo,blur185,3.6,3.0,0.036894568992397805,10.429453190889525,354.9836148732062,359.0,4.016385126793782,0.039807073247669945,266,359,104490,770
8,8,selection,R2_scarp9_topo,disk,4.6,2.0,0.05006852126719823,15.158424056595672,450.60947570824874,457.0,6.39052429175127,0.057856580368685774,266,457,104490,770
8,8,selection,R2_scarp9_topo,blur185,4.6,2.0,0.03614596830812509,9.60833020997138,271.49290288820634,275.0,3.507097111793642,0.03667301606859305,266,275,104490,770
8,8,selection,R2_scarp9_topo,disk,4.6,3.0,0.05137315031161324,15.491757389929006,444.27614237491537,451.0,6.723857625084604,0.05912884499972903,266,451,104490,770
8,8,selection,R2_scarp9_topo,blur185,4.6,3.0,0.03598352683591891,9.60833020997138,277.49290288820634,281.0,3.507097111793642,0.03667301606859305,266,281,104490,770
8,8,selection,R2_scarp9_topo,disk,5.8,2.0,0.047369830815544224,13.063349603968629,317.80473785412437,323.0,5.195262145875635,0.04986011299224667,266,323,104490,770
8,8,selection,R2_scarp9_topo,blur185,5.8,2.0,0.0377063060625378,9.60833020997138,216.49290288820634,220.0,3.507097111793642,0.03667301606859305,266,220,104490,770
8,8,selection,R2_scarp9_topo,disk,5.8,3.0,0.04706264853994285,13.063349603968629,326.80473785412437,332.0,5.195262145875635,0.04986011299224667,266,332,104490,770
8,8,selection,R2_scarp9_topo,blur185,5.8,3.0,0.03732546424045899,9.60833020997138,229.49290288820634,233.0,3.507097111793642,0.03667301606859305,266,233,104490,770
8,8,selection,R7_scarp9_polarity,disk,1.5,2.0,0.15969518102324992,59.12158596731572,743.9544949918231,770.0,26.045505008176896,0.2256549082721974,266,770,104490,770
8,8,selection,R7_scarp9_polarity,blur185,1.5,2.0,0.04783433260647488,14.291382003431828,431.5500938466243,437.0,5.449906153375705,0.05454725955508331,266,437,104490,770
8,8,selection,R7_scarp9_polarity,disk,1.5,3.0,0.15971715257602231,59.12158596731572,743.699850984323,770.0,26.30014901567697,0.2256549082721974,266,770,104490,770
8,8,selection,R7_scarp9_polarity,blur185,1.5,3.0,0.04754786926328377,14.291382003431828,440.5500938466243,446.0,5.449906153375705,0.05454725955508331,266,446,104490,770
8,8,selection,R7_scarp9_polarity,disk,2.8,2.0,0.12674292614093693,46.8224823565679,752.3213300129526,770.0,17.67866998704745,0.17871176471972483,266,770,104490,770
8,8,selection,R7_scarp9_polarity,blur185,2.8,2.0,0.05111946615670741,14.291382003431828,335.5500938466243,341.0,5.449906153375705,0.05454725955508331,266,341,104490,770
8,8,selection,R7_scarp9_polarity,disk,2.8,3.0,0.12689773530640353,46.87967331498584,752.2641390545346,770.0,17.735860945465387,0.17893005082055663,266,770,104490,770
8,8,selection,R7_scarp9_polarity,blur185,2.8,3.0,0.05115606262598507,14.291382003431828,334.55009384662424,340.0,5.449906153375705,0.05454725955508331,266,340,104490,770
8,8,selection,R7_scarp9_polarity,disk,3.6,2.0,0.06692902864946088,24.48153090868592,756.4357119297885,766.0,9.564288070211578,0.09344095766674015,266,766,104490,770
8,8,selection,R7_scarp9_polarity,blur185,3.6,2.0,0.05289807227172422,14.291382003431828,288.55009384662424,294.0,5.449906153375705,0.05454725955508331,266,294,104490,770
8,8,selection,R7_scarp9_polarity,disk,3.6,3.0,0.06737106768396242,24.48153090868592,744.4357119297883,754.0,9.564288070211578,0.09344095766674015,266,754,104490,770
8,8,selection,R7_scarp9_polarity,blur185,3.6,3.0,0.0528589418905244,14.291382003431828,289.5500938466243,295.0,5.449906153375705,0.05454725955508331,266,295,104490,770
8,8,selection,R7_scarp9_polarity,disk,4.6,2.0,0.041260792452715085,12.07973473076241,403.7475468957064,409.0,5.252453104293572,0.04610585775100157,266,409,104490,770
8,8,selection,R7_scarp9_polarity,blur185,4.6,2.0,0.045994485067958175,11.862974217471448,229.74535599249992,234.0,4.254644007500071,0.04527852754760095,266,234,104490,770
8,8,selection,R7_scarp9_polarity,disk,4.6,3.0,0.041260792452715085,12.07973473076241,403.7475468957064,409.0,5.252453104293572,0.04610585775100157,266,409,104490,770
8,8,selection,R7_scarp9_polarity,blur185,4.6,3.0,0.04574617461986506,11.862974217471448,236.74535599249992,241.0,4.254644007500071,0.04527852754760095,266,241,104490,770
8,8,selection,R7_scarp9_polarity,disk,5.8,2.0,0.038273549008820275,10.317993611468697,289.60947570824874,294.0,4.3905242917512695,0.03938165500560572,266,294,104490,770
8,8,selection,R7_scarp9_polarity,blur185,5.8,2.0,0.032559347618239885,8.027657012966017,176.74535599249992,180.0,3.25464400750007,0.030639912263229072,266,180,104490,770
8,8,selection,R7_scarp9_polarity,disk,5.8,3.0,0.03790794823410494,10.317993611468697,302.60947570824874,307.0,4.3905242917512695,0.03938165500560572,266,307,104490,770
8,8,selection,R7_scarp9_polarity,blur185,5.8,3.0,0.03209078277790962,8.027657012966017,194.74535599249992,198.0,3.25464400750007,0.030639912263229072,266,198,104490,770
8,8,selection,H50a_corridor,disk,1.5,2.0,0.057267420197834,20.966084248135086,761.5759740204526,770.0,8.424025979547382,0.08002322232112628,266,770,104490,770
8,8,selection,H50a_corridor,blur185,1.5,2.0,0.043516454006729495,12.725634464222297,401.43790283299495,406.0,4.56209716700508,0.04857112390924541,266,406,104490,770
8,8,selection,H50a_corridor,disk,1.5,3.0,0.057267420197834,20.966084248135086,761.5759740204526,770.0,8.424025979547382,0.08002322232112628,266,770,104490,770
8,8,selection,H50a_corridor,blur185,1.5,3.0,0.04307456196592318,12.725634464222297,416.4379028329949,421.0,4.56209716700508,0.04857112390924541,266,421,104490,770
8,8,selection,H50a_corridor,disk,2.8,2.0,0.044629886934595804,16.3179936114687,763.8284271247462,770.0,6.17157287525381,0.062282418364384355,266,770,104490,770
8,8,selection,H50a_corridor,blur185,2.8,2.0,0.04660846161118821,12.725634464222297,304.4379028329949,309.0,4.5620971670050805,0.04857112390924541,266,309,104490,770
8,8,selection,H50a_corridor,disk,2.8,3.0,0.044629886934595804,16.3179936114687,763.8284271247462,770.0,6.17157287525381,0.062282418364384355,266,770,104490,770
8,8,selection,H50a_corridor,blur185,2.8,3.0,0.04664262794120428,12.725634464222297,303.43790283299495,308.0,4.56209716700508,0.04857112390924541,266,308,104490,770
8,8,selection,H50a_corridor,disk,3.6,2.0,0.03371241301009046,11.456064798926397,639.630974075664,645.0,5.3690259243359435,0.04372543816384121,266,645,104490,770
8,8,selection,H50a_corridor,blur185,3.6,2.0,0.0483436674227989,12.725634464222297,255.43790283299492,260.0,4.56209716700508,0.04857112390924541,266,260,104490,770
8,8,selection,H50a_corridor,disk,3.6,3.0,0.03317785319557346,11.201420791426328,628.8856180831641,634.0,5.114381916835873,0.04275351447109285,266,634,104490,770
8,8,selection,H50a_corridor,blur185,3.6,3.0,0.04823372578314022,12.725634464222297,258.4379028329949,263.0,4.56209716700508,0.04857112390924541,266,263,104490,770
8,8,selection,H50a_corridor,disk,4.6,2.0,0.03266792876591629,8.98977351875691,318.94280904158205,323.0,4.057190958417937,0.03431211266701111,266,323,104490,770
8,8,selection,H50a_corridor,blur185,4.6,2.0,0.03330255252245304,8.354417636679855,197.9664983122039,201.0,3.0335016877961114,0.031887090216335325,266,201,104490,770
8,8,selection,H50a_corridor,disk,4.6,3.0,0.03254964663839437,8.98977351875691,323.94280904158205,328.0,4.057190958417936,0.03431211266701111,266,328,104490,770
8,8,selection,H50a_corridor,blur185,4.6,3.0,0.03298696851429506,8.354417636679855,209.9664983122039,213.0,3.033501687796111,0.031887090216335325,266,213,104490,770
8,8,selection,H50a_corridor,disk,5.8,2.0,0.02179011552032662,5.582864100211859,227.47140452079105,230.0,2.5285954792089687,0.021308641603862057,266,230,104490,770
8,8,selection,H50a_corridor,blur185,5.8,2.0,0.02846775007319107,6.868818892301542,151.5522847498308,154.0,2.4477152501692063,0.026216866001150925,266,154,104490,770
8,8,selection,H50a_corridor,disk,5.8,3.0,0.021521320407616423,5.582864100211859,243.47140452079105,246.0,2.5285954792089687,0.021308641603862057,266,246,104490,770
8,8,selection,H50a_corridor,blur185,5.8,3.0,0.028164261188304517,6.868818892301542,164.5522847498308,167.0,2.4477152501692063,0.026216866001150925,266,167,104490,770
8,8,selection,H50b_kth_ridge,disk,1.5,2.0,0.12595024801769342,46.434152367442266,748.9188024008206,770.0,21.081197599179504,0.17722958918871093,266,770,104490,770
8,8,selection,H50b_kth_ridge,blur185,1.5,2.0,0.053147375771195125,15.939472640098213,435.6145889488703,442.0,6.385411051129725,0.06083768183243593,266,442,104490,770
8,8,selection,H50b_kth_ridge,disk,1.5,3.0,0.12595024801769342,46.434152367442266,748.9188024008205,770.0,21.081197599179504,0.17722958918871093,266,770,104490,770
8,8,selection,H50b_kth_ridge,blur185,1.5,3.0,0.052257720880328054,15.86078331426495,453.6932782747035,460.0,6.3067217252964625,0.06053734089414103,266,460,104490,770
8,8,selection,H50b_kth_ridge,disk,2.8,2.0,0.11274341276832095,41.56711031427842,753.8714238595769,770.0,16.128576140423156,0.1586530928025894,266,770,104490,770
8,8,selection,H50b_kth_ridge,blur185,2.8,2.0,0.05590623698385561,15.939472640098213,361.6145889488703,368.0,6.385411051129726,0.06083768183243593,266,368,104490,770
8,8,selection,H50b_kth_ridge,disk,2.8,3.0,0.11289853309741718,41.62430127269636,753.8142329011589,770.0,16.185767098841094,0.1588713789034212,266,770,104490,770
8,8,selection,H50b_kth_ridge,blur185,2.8,3.0,0.05516275316206171,15.60613930676488,350.94792228220365,357.0,6.052077717796392,0.059565417201392676,266,357,104490,770
8,8,selection,H50b_kth_ridge,disk,3.6,2.0,0.077780543393656,28.552916090691138,758.9264239147883,770.0,11.07357608521172,0.10898059576599671,266,770,104490,770
8,8,selection,H50b_kth_ridge,blur185,3.6,2.0,0.04796240360825694,13.294304340846873,324.6145889488703,330.0,5.385411051129725,0.05074161962155295,266,330,104490,770
8,8,selection,H50b_kth_ridge,disk,3.6,3.0,0.07793633637146682,28.610107049109075,758.8692329563704,770.0,11.130767043629657,0.10919888186682854,266,770,104490,770
8,8,selection,H50b_kth_ridge,blur185,3.6,3.0,0.048275904112595316,13.294304340846873,315.6145889488703,321.0,5.385411051129725,0.05074161962155295,266,321,104490,770
8,8,selection,H50b_kth_ridge,disk,4.6,2.0,0.056216372696912424,16.796288212018972,429.1001876932486,436.0,6.89981230675141,0.06410797027488158,266,436,104490,770
8,8,selection,H50b_kth_ridge,blur185,4.6,2.0,0.040796704301694055,10.78720722905323,263.28125561553696,268.0,4.718744384463058,0.04117254667577569,266,268,104490,770
8,8,selection,H50b_kth_ridge,disk,4.6,3.0,0.05651903912682053,16.796288212018972,421.1001876932486,428.0,6.899812306751411,0.06410797027488158,266,428,104490,770
8,8,selection,H50b_kth_ridge,blur185,4.6,3.0,0.04082758589901403,10.78720722905323,262.28125561553696,267.0,4.718744384463058,0.04117254667577569,266,267,104490,770
8,8,selection,H50b_kth_ridge,disk,5.8,2.0,0.05139700550453882,13.977356134307323,297.76685435991527,304.0,6.233145640084743,0.05334868753552413,266,304,104490,770
8,8,selection,H50b_kth_ridge,blur185,5.8,2.0,0.03578226873971994,9.046964477174846,207.12168606066393,211.0,3.878313939336083,0.034530398767842925,266,211,104490,770
8,8,selection,H50b_kth_ridge,disk,5.8,3.0,0.05098455287025333,13.977356134307323,308.76685435991527,315.0,6.233145640084743,0.05334868753552413,266,315,104490,770
8,8,selection,H50b_kth_ridge,blur185,5.8,3.0,0.03533504930531574,9.046964477174846,223.1216860606639,227.0,3.878313939336083,0.034530398767842925,266,227,104490,770
8,8,selection,H50c_both,disk,1.5,2.0,0.05600268117529489,20.494679727344053,761.2998316455372,770.0,8.700168354462777,0.07822396842497731,266,770,104490,770
8,8,selection,H50c_both,blur185,1.5,2.0,0.03724058038289187,10.730016270635296,381.90492554737295,386.0,4.095074452627045,0.040954260574943877,266,386,104490,770
8,8,selection,H50c_both,disk,1.5,3.0,0.05760337030728762,21.080466164970957,760.7140452079103,770.0,9.285954792089683,0.08045979452278991,266,770,104490,770
8,8,selection,H50c_both,blur185,1.5,3.0,0.03668043188308558,10.730016270635296,403.90492554737295,408.0,4.0950744526270455,0.040954260574943877,266,408,104490,770
8,8,selection,H50c_both,disk,2.8,2.0,0.07505734014529719,27.544566541933946,759.3570226039551,770.0,10.642977396044841,0.1051319333661601,266,770,104490,770
8,8,selection,H50c_both,blur185,2.8,2.0,0.03891536455795022,10.730016270635296,319.90492554737295,324.0,4.0950744526270455,0.040954260574943877,266,324,104490,770
8,8,selection,H50c_both,disk,2.8,3.0,0.07521318217725204,27.601757500351884,759.2998316455373,770.0,10.700168354462779,0.10535021946699193,266,770,104490,770
8,8,selection,H50c_both,blur185,2.8,3.0,0.039000231618334394,10.730016270635296,316.90492554737295,321.0,4.0950744526270455,0.040954260574943877,266,321,104490,770
8,8,selection,H50c_both,disk,3.6,2.0,0.044350902950691565,15.29868614725987,661.433521026582,668.0,6.566478973418077,0.0583919318597705,266,668,104490,770
8,8,selection,H50c_both,blur185,3.6,2.0,0.040018411932798405,10.730016270635296,281.90492554737295,286.0,4.0950744526270455,0.040954260574943877,266,286,104490,770
8,8,selection,H50c_both,disk,3.6,3.0,0.044854788153548576,15.355877105677807,648.376330068164,655.0,6.623669931836013,0.05861021796060232,266,655,104490,770
8,8,selection,H50c_both,blur185,3.6,3.0,0.04022846108099162,10.730016270635296,274.90492554737295,279.0,4.095074452627045,0.040954260574943877,266,279,104490,770
8,8,selection,H50c_both,disk,4.6,2.0,0.0376397215173394,10.658631088630075,357.216760513291,362.0,4.783239486709038,0.040681798048206395,266,362,104490,770
8,8,selection,H50c_both,blur185,4.6,2.0,0.041697982550799526,10.730016270635296,227.90492554737295,232.0,4.0950744526270455,0.040954260574943877,266,232,104490,770
8,8,selection,H50c_both,disk,4.6,3.0,0.03766632436995862,10.658631088630075,356.216760513291,361.0,4.783239486709039,0.040681798048206395,266,361,104490,770
8,8,selection,H50c_both,blur185,4.6,3.0,0.041600983048385255,10.730016270635296,230.90492554737295,235.0,4.095074452627045,0.040954260574943877,266,235,104490,770
8,8,selection,H50c_both,disk,5.8,2.0,0.03545821199283546,9.230223302669698,244.33333333333331,248.0,3.666666666666667,0.03522985993385381,266,248,104490,770
8,8,selection,H50c_both,blur185,5.8,2.0,0.02105774137352989,5.1850356646325455,177.9621165057909,180.0,2.0378834942091086,0.019790212460429564,266,180,104490,770
8,8,selection,H50c_both,disk,5.8,3.0,0.03502762070254972,9.230223302669698,260.3333333333333,264.0,3.666666666666667,0.03522985993385381,266,264,104490,770
8,8,selection,H50c_both,blur185,5.8,3.0,0.02075430286825455,5.1850356646325455,195.9621165057909,198.0,2.0378834942091086,0.019790212460429564,266,198,104490,770
8,8,selection,RANDOM_fixed_seed,disk,1.5,2.0,0.0844164190978949,31.043628075690997,759.6761617137012,770.0,10.323838286298791,0.1184871300598893,266,770,104490,770
8,8,selection,RANDOM_fixed_seed,disk,1.5,3.0,0.08510886829247619,31.298272083191065,759.4215177062011,770.0,10.578482293798862,0.11945905375263766,266,770,104490,770
8,8,selection,RANDOM_fixed_seed,disk,2.8,2.0,0.08135991681826378,29.9055568882333,759.9501131854101,770.0,10.049886814589893,0.11414334690165381,266,770,104490,770
8,8,selection,RANDOM_fixed_seed,disk,2.8,3.0,0.08135991681826378,29.9055568882333,759.9501131854101,770.0,10.049886814589893,0.11414334690165381,266,770,104490,770
8,8,selection,RANDOM_fixed_seed,disk,3.6,2.0,0.0845810203460743,31.100819034108937,759.4215177062013,770.0,10.57848229379886,0.11870541616072114,266,770,104490,770
8,8,selection,RANDOM_fixed_seed,disk,3.6,3.0,0.0845810203460743,31.100819034108937,759.4215177062013,770.0,10.578482293798862,0.11870541616072114,266,770,104490,770
8,8,selection,RANDOM_fixed_seed,disk,4.6,2.0,0.08116069463079754,29.824676659193535,759.5595888936589,770.0,10.440411106341163,0.1138346437373799,266,770,104490,770
8,8,selection,RANDOM_fixed_seed,disk,4.6,3.0,0.0871633522395853,32.05782229927828,758.8929222269921,770.0,11.107077773007829,0.12235810037892472,266,770,104490,770
8,8,selection,RANDOM_fixed_seed,disk,5.8,2.0,0.0698841393557821,25.64653107432023,761.28563742195,770.0,8.71436257805006,0.09788752318442835,266,770,104490,770
8,8,selection,RANDOM_fixed_seed,disk,5.8,3.0,0.07464015661769983,27.408272193613943,760.6189707552833,770.0,9.381029244716728,0.1046117259298242,266,770,104490,770
9,9,calibration,R2_scarp9_topo,disk,1.5,2.0,0.06638901531000575,39.67460215135506,1376.3650581819916,1398.0,21.63494181800825,0.10095318613576351,393,1398,189673,1398
9,9,calibration,R2_scarp9_topo,blur185,1.5,2.0,0.03887164289352152,19.681906295183097,939.9716115528254,951.0,11.028388447174567,0.05008118650173816,393,951,189673,1398
9,9,calibration,R2_scarp9_topo,disk,1.5,3.0,0.06611293364850535,39.51503259648203,1376.9344594928248,1398.0,21.06554050717513,0.10054715673405097,393,1398,189673,1398
9,9,calibration,R2_scarp9_topo,blur185,1.5,3.0,0.055366099728823615,28.344191155436764,959.3621358445768,975.0,15.637864155423296,0.07212262380518261,393,975,189673,1398
9,9,calibration,R2_scarp9_topo,disk,2.8,2.0,0.046053748945251397,27.474958199066425,1383.448129314238,1398.0,14.55187068576199,0.06991083511212831,393,1398,189673,1398
9,9,calibration,R2_scarp9_topo,blur185,2.8,2.0,0.021641208411128907,10.082657068177458,747.421517706201,753.0,5.578482293798862,0.02565561594956096,393,753,189673,1398
9,9,calibration,R2_scarp9_topo,disk,2.8,3.0,0.053770458368871905,32.09862813090244,1380.6841972917377,1398.0,17.3158027082622,0.08167589855191461,393,1398,189673,1398
9,9,calibration,R2_scarp9_topo,blur185,2.8,3.0,0.02798429379397148,12.982469374928868,734.6167798520768,741.0,6.383220147923227,0.03303427321864852,393,741,189673,1398
9,9,calibration,R2_scarp9_topo,disk,3.6,2.0,0.036161145769142866,21.56314257193423,1387.9716115528254,1398.0,10.028388447174567,0.0548680472568301,393,1398,189673,1398
9,9,calibration,R2_scarp9_topo,blur185,3.6,2.0,0.020973147628056424,9.301608484674917,636.2025662897037,641.0,4.797433710296322,0.023668214973727526,393,641,189673,1398
9,9,calibration,R2_scarp9_topo,disk,3.6,3.0,0.04113766262026102,24.5416442045189,1386.326443253574,1398.0,11.673556746425906,0.06244693181811425,393,1398,189673,1398
9,9,calibration,R2_scarp9_topo,blur185,3.6,3.0,0.02355829410019716,10.418181304717288,628.7311617689127,634.0,5.268838231087354,0.026509367187575798,393,634,189673,1398
9,9,calibration,R2_scarp9_topo,disk,4.6,2.0,0.03058139026901973,14.765708861637908,827.4000193387858,834.0,6.599980661214188,0.03757177827388781,393,834,189673,1398
9,9,calibration,R2_scarp9_topo,blur185,4.6,2.0,0.021910743963895186,9.046964477174846,483.4572102972037,488.0,4.542789702796252,0.023020265845228618,393,488,189673,1398
9,9,calibration,R2_scarp9_topo,disk,4.6,3.0,0.03539558447885573,17.156233153389174,834.3428283803679,842.0,7.657171619632125,0.04365453728597754,393,842,189673,1398
9,9,calibration,R2_scarp9_topo,blur185,4.6,3.0,0.022918346198744607,9.51836899796588,495.064495102246,500.0,4.93550489775402,0.02421976844266127,393,500,189673,1398
9,9,calibration,R2_scarp9_topo,disk,5.8,2.0,0.017772432481584284,7.614174884801471,562.5165921588282,566.0,3.483407841171816,0.019374490801021556,393,566,189673,1398
9,9,calibration,R2_scarp9_topo,blur185,5.8,2.0,0.019256747040592045,7.5398673653812045,378.1810679222883,382.0,3.8189320777116484,0.019185413143463625,393,382,189673,1398
9,9,calibration,R2_scarp9_topo,disk,5.8,3.0,0.024380947901729892,10.671365843219409,605.7927345337437,611.0,5.20726546625642,0.027153602654502312,393,611,189673,1398
9,9,calibration,R2_scarp9_topo,blur185,5.8,3.0,0.023729682698092336,9.51836899796588,424.064495102246,429.0,4.93550489775402,0.02421976844266127,393,429,189673,1398
9,9,calibration,R7_scarp9_polarity,disk,1.5,2.0,0.07055272105259919,42.1838901663552,1375.3457507177827,1398.0,22.654249282217076,0.10733814291693435,393,1398,189673,1398
9,9,calibration,R7_scarp9_polarity,blur185,1.5,2.0,0.04408951592660677,21.30557622701911,822.8670420531639,834.0,11.132957946836155,0.05421266215526491,393,834,189673,1398
9,9,calibration,R7_scarp9_polarity,disk,1.5,3.0,0.07643817459159884,45.75256004297977,1375.029533945452,1398.0,22.970466054548083,0.11641872784473224,393,1398,189673,1398
9,9,calibration,R7_scarp9_polarity,blur185,1.5,3.0,0.061553158435403516,30.575145892315014,881.0623041990394,898.0,16.93769580096052,0.07779935341555984,393,898,189673,1398
9,9,calibration,R7_scarp9_polarity,disk,2.8,2.0,0.051599763309882515,30.811941904604208,1382.855038732783,1398.0,15.144961267216939,0.07840188779797508,393,1398,189673,1398
9,9,calibration,R7_scarp9_polarity,blur185,2.8,2.0,0.03239936204431609,14.410877160889246,637.5337087198304,645.0,7.466291280169488,0.036668898628216914,393,645,189673,1398
9,9,calibration,R7_scarp9_polarity,disk,2.8,3.0,0.05823628475914242,34.79263444039538,1380.402941676201,1398.0,17.59705832379914,0.0885308764386651,393,1398,189673,1398
9,9,calibration,R7_scarp9_polarity,blur185,2.8,3.0,0.0395597117768296,17.568255812555773,630.904925547373,640.0,9.095074452627046,0.04470294099886965,393,640,189673,1398
9,9,calibration,R7_scarp9_polarity,disk,3.6,2.0,0.03933231952538791,23.46076397547914,1386.916611497614,1398.0,11.083388502386004,0.0596966004465118,393,1398,189673,1398
9,9,calibration,R7_scarp9_polarity,blur185,3.6,2.0,0.032158556157781716,13.744210494222578,551.2003753864972,558.0,6.799624613502821,0.0349725457868259,393,558,189673,1398
9,9,calibration,R7_scarp9_polarity,disk,3.6,3.0,0.044404874478350814,26.500838372894744,1385.5002070320343,1398.0,12.499792967965599,0.06743215870965584,393,1398,189673,1398
9,9,calibration,R7_scarp9_polarity,blur185,3.6,3.0,0.03542217611876027,15.118349659180067,546.9049255473731,555.0,8.095074452627046,0.03846908310223936,393,555,189673,1398
9,9,calibration,R7_scarp9_polarity,disk,4.6,2.0,0.030994141416029478,14.41599040151079,739.1832588254948,746.0,6.816741174505149,0.03668190941860252,393,746,189673,1398
9,9,calibration,R7_scarp9_polarity,blur185,4.6,2.0,0.033498121651088036,13.432375528304572,419.5122103524152,426.0,6.487789647584814,0.03417907259110578,393,426,189673,1398
9,9,calibration,R7_scarp9_polarity,disk,4.6,3.0,0.03481989694789021,16.39668293730196,766.1023785964551,773.0,6.897621403544912,0.041721839535119494,393,773,189673,1398
9,9,calibration,R7_scarp9_polarity,blur185,4.6,3.0,0.037458313402338246,15.118349659180067,430.90492554737295,439.0,8.095074452627046,0.03846908310223936,393,439,189673,1398
9,9,calibration,R7_scarp9_polarity,disk,5.8,2.0,0.018498949059344644,7.673556746425906,494.37852097137045,498.0,3.621479028629514,0.0195255896855621,393,498,189673,1398
9,9,calibration,R7_scarp9_polarity,blur185,5.8,2.0,0.02682512521000006,10.220728255635155,322.8455436857485,328.0,5.1544563142514805,0.026006942126298106,393,328,189673,1398
9,9,calibration,R7_scarp9_polarity,disk,5.8,3.0,0.02377637334604033,10.087770308799001,539.2976407423307,544.0,4.7023592576692765,0.02566862673994657,393,544,189673,1398
9,9,calibration,R7_scarp9_polarity,blur185,5.8,3.0,0.03414391319358738,13.356608539886356,370.57159221403964,378.0,7.4284077859603785,0.03398628127197546,393,378,189673,1398
9,9,calibration,H50a_corridor,disk,1.5,2.0,0.05968033733481301,35.66040792776777,1379.957417329238,1398.0,18.042582670761853,0.090738951470147,393,1398,189673,1398
9,9,calibration,H50a_corridor,blur185,1.5,2.0,0.05338891635580296,25.560951668727725,796.2834465187434,810.0,13.716553481256561,0.0650405894878568,393,810,189673,1398
9,9,calibration,H50a_corridor,disk,1.5,3.0,0.06413078490446185,38.32488369122794,1377.7005824185317,1398.0,20.29941758146842,0.0975187880183917,393,1398,189673,1398
9,9,calibration,H50a_corridor,blur185,1.5,3.0,0.072064240993835,35.365689522852094,846.3956375323728,865.0,18.604362467627183,0.08998903186476359,393,865,189673,1398
9,9,calibration,H50a_corridor,disk,2.8,2.0,0.02939721983772269,17.51033341992929,1388.7191584485317,1398.0,9.28084155146814,0.0445555557759015,393,1398,189673,1398
9,9,calibration,H50a_corridor,blur185,2.8,2.0,0.035690177525061414,15.747132831637627,618.3406374771614,626.0,7.659362522838624,0.04006904028406521,393,626,189673,1398
9,9,calibration,H50a_corridor,disk,2.8,3.0,0.035043857137257724,20.883741150678226,1386.7741585037434,1398.0,11.225841496256699,0.053139290459741036,393,1398,189673,1398
9,9,calibration,H50a_corridor,blur185,2.8,3.0,0.042121241978477456,18.554061588968487,611.904925547373,621.0,9.095074452627046,0.04721135264368572,393,621,189673,1398
9,9,calibration,H50a_corridor,disk,3.6,2.0,0.03840929556361997,22.71321707977271,1362.0211809972757,1373.0,10.978819002724418,0.05779444549560486,393,1373,189673,1398
9,9,calibration,H50a_corridor,blur185,3.6,2.0,0.0332674459883259,14.042582670761849,524.5165921588282,531.0,6.483407841171816,0.03573176252102252,393,531,189673,1398
9,9,calibration,H50a_corridor,disk,3.6,3.0,0.04267713291163394,25.029433852103715,1335.388016018405,1347.0,11.611983981594971,0.06368812685013668,393,1347,189673,1398
9,9,calibration,H50a_corridor,blur185,3.6,3.0,0.043374670218903906,18.29941758146842,519.1595695548731,528.0,8.840430445126975,0.04656340351518681,393,528,189673,1398
9,9,calibration,H50a_corridor,disk,4.6,2.0,0.021713100962470346,9.711440240635014,654.5974723878679,659.0,4.4025276121320545,0.02471104386930029,393,659,189673,1398
9,9,calibration,H50a_corridor,blur185,4.6,2.0,0.0260799691662157,10.283032454674636,389.15956955487303,394.0,4.840430445126975,0.026165476983904926,393,394,189673,1398
9,9,calibration,H50a_corridor,disk,4.6,3.0,0.029577207147402557,13.337301075677528,669.3213300129526,675.0,5.678669987047451,0.03393715286431941,393,675,189673,1398
9,9,calibration,H50a_corridor,blur185,4.6,3.0,0.03470623411255809,13.792320469674777,401.216760513291,408.0,6.783239486709039,0.035094963027162286,393,408,189673,1398
9,9,calibration,H50a_corridor,disk,5.8,2.0,0.012745313442154543,5.087770308799002,418.8499254921615,421.0,2.150074507838483,0.012945980429514,393,421,189673,1398
9,9,calibration,H50a_corridor,blur185,5.8,2.0,0.023546723029223147,8.83312630129893,294.82623622153966,299.0,4.173763778460309,0.022476148349361146,393,299,189673,1398
9,9,calibration,H50a_corridor,disk,5.8,3.0,0.02380456566056745,9.713631143841514,458.57378311724614,463.0,4.42621688275388,0.02471661868661963,393,463,189673,1398
9,9,calibration,H50a_corridor,blur185,5.8,3.0,0.03574975516094145,13.792320469674777,343.216760513291,350.0,6.783239486709039,0.035094963027162286,393,350,189673,1398
9,9,calibration,H50b_kth_ridge,disk,1.5,2.0,0.06368546111903708,38.04070573827595,1376.5676244716956,1398.0,21.432375528304576,0.09679568890146553,393,1398,189673,1398
9,9,calibration,H50b_kth_ridge,blur185,1.5,2.0,0.04569842259736295,21.912861032061343,803.6382782194921,815.0,11.3617217805079,0.05575791611211538,393,815,189673,1398
9,9,calibration,H50b_kth_ridge,disk,1.5,3.0,0.07354978511051158,43.981323876651516,1373.9202652692375,1398.0,24.07973473076241,0.11191176558944406,393,1398,189673,1398
9,9,calibration,H50b_kth_ridge,blur185,1.5,3.0,0.06153681328573517,30.186812503770238,850.5573979904523,866.0,15.442602009547661,0.07681122774496243,393,866,189673,1398
9,9,calibration,H50b_kth_ridge,disk,2.8,2.0,0.04861407009561435,29.007935484688385,1382.4838219052408,1398.0,15.51617809475938,0.07381154067350734,393,1398,189673,1398
9,9,calibration,H50b_kth_ridge,blur185,2.8,2.0,0.03367195004029161,14.96097100751354,634.6167798520767,642.0,7.383220147923226,0.03806862851784616,393,642,189673,1398
9,9,calibration,H50b_kth_ridge,disk,2.8,3.0,0.05864103255852627,35.02432061148217,1379.3078672235738,1398.0,18.692132776426185,0.0891204086806162,393,1398,189673,1398
9,9,calibration,H50b_kth_ridge,blur185,2.8,3.0,0.041601032277408086,18.511064854137835,634.3213300129526,643.0,8.678669987047451,0.04710194619373495,393,643,189673,1398
9,9,calibration,H50b_kth_ridge,disk,3.6,2.0,0.0421748466870054,25.15800999252687,1385.4266309468226,1398.0,12.573369053177316,0.06401529260184954,393,1398,189673,1398
9,9,calibration,H50b_kth_ridge,blur185,3.6,2.0,0.03153974260147405,13.511064854137835,556.4000193387858,563.0,6.599980661214188,0.03437929988330238,393,563,189673,1398
9,9,calibration,H50b_kth_ridge,disk,3.6,3.0,0.046043234053588296,27.47641766806437,1384.2863688561586,1398.0,13.713631143841512,0.0699145487737007,393,1398,189673,1398
9,9,calibration,H50b_kth_ridge,blur185,3.6,3.0,0.03470557671997227,14.865896554886497,554.8499254921614,562.0,7.150074507838483,0.03782670879105979,393,562,189673,1398
9,9,calibration,H50b_kth_ridge,disk,4.6,2.0,0.031572168760210295,14.742019591016081,747.912229691201,755.0,7.087770308799001,0.03751150023159308,393,755,189673,1398
9,9,calibration,H50b_kth_ridge,blur185,4.6,2.0,0.03251184249153382,13.19922988821983,444.7118543047038,451.0,6.288145695296182,0.03358582668758226,393,451,189673,1398
9,9,calibration,H50b_kth_ridge,disk,4.6,3.0,0.04155268821042325,19.565333475140726,762.7147766421189,772.0,9.285223357881137,0.0497845635499764,393,772,189673,1398
9,9,calibration,H50b_kth_ridge,blur185,4.6,3.0,0.03419966470152168,14.023275206553022,464.1832588254948,471.0,6.816741174505149,0.03568263411336647,393,471,189673,1398
9,9,calibration,H50b_kth_ridge,disk,5.8,2.0,0.02970463715298539,12.56825581255577,530.9694206496189,537.0,6.030579350381065,0.03198029468843708,393,537,189673,1398
9,9,calibration,H50b_kth_ridge,blur185,5.8,2.0,0.024480389975500966,9.458987136341444,350.49290288820634,355.0,4.507097111793642,0.02406866955812072,393,355,189673,1398
9,9,calibration,H50b_kth_ridge,disk,5.8,3.0,0.035432178046513406,15.234922479222437,562.6360873162856,570.0,7.363912683714398,0.03876570605400111,393,570,189673,1398
9,9,calibration,H50b_kth_ridge,blur185,5.8,3.0,0.03152122727298569,12.458987136341444,391.8262362215397,398.0,6.173763778460309,0.031702257344380265,393,398,189673,1398
9,9,calibration,H50c_both,disk,1.5,2.0,0.0643959025175486,38.49864746968825,1378.7169675453251,1398.0,19.28303245467464,0.09796093503737469,393,1398,189673,1398
9,9,calibration,H50c_both,blur185,1.5,2.0,0.050136531973521616,23.641100463558942,762.0309934144499,774.0,11.969006585550131,0.060155471917452775,393,774,189673,1398
9,9,calibration,H50c_both,disk,1.5,3.0,0.06570171945333944,39.28188695639729,1378.1289902044919,1398.0,19.87100979550804,0.09995391083052745,393,1398,189673,1398
9,9,calibration,H50c_both,blur185,1.5,3.0,0.07232253392545301,35.06731734631282,817.3027539829523,835.0,17.697246017047732,0.08922981513056696,393,835,189673,1398
9,9,calibration,H50c_both,disk,2.8,2.0,0.02960565393260747,17.627637674180207,1387.4452069768229,1398.0,10.554793023177037,0.0448540398834102,393,1398,189673,1398
9,9,calibration,H50c_both,blur185,2.8,2.0,0.03150626188154397,13.708517903219969,589.8142329011589,596.0,6.185767098841092,0.03488172494458007,393,596,189673,1398
9,9,calibration,H50c_both,disk,2.8,3.0,0.037668976819456225,22.45095155830485,1385.5810872610741,1398.0,12.418912738925837,0.05712710320179351,393,1398,189673,1398
9,9,calibration,H50c_both,blur185,2.8,3.0,0.03723384726772979,16.239304285635434,592.478708664619,600.0,7.5212913353809245,0.0413213849507263,393,600,189673,1398
9,9,calibration,H50c_both,disk,3.6,2.0,0.03019923054961684,17.46587721610068,1302.3093266925716,1311.0,8.690673307428236,0.04444243566437832,393,1311,189673,1398
9,9,calibration,H50c_both,blur185,3.6,2.0,0.03263489947587669,13.651326944802033,505.87142385957685,512.0,6.128576140423156,0.03473620087735886,393,512,189673,1398
9,9,calibration,H50c_both,disk,3.6,3.0,0.041740060647610266,24.15331081597413,1297.1475662344924,1309.0,11.852433765507758,0.06145880614751687,393,1309,189673,1398
9,9,calibration,H50c_both,blur185,3.6,3.0,0.03677770581091516,15.396682937301962,505.8120419979524,513.0,7.187958002047591,0.039177310273032985,393,513,189673,1398
9,9,calibration,H50c_both,disk,4.6,2.0,0.03188502630715733,14.41599040151079,674.2047571929102,681.0,6.7952428070898225,0.03668190941860252,393,681,189673,1398
9,9,calibration,H50c_both,blur185,4.6,2.0,0.028503299429979343,11.242226623050481,388.84992549216156,394.0,5.150074507838482,0.028606174613360003,393,394,189673,1398
9,9,calibration,H50c_both,disk,4.6,3.0,0.035652494658125526,16.201420791426326,683.9286148179948,691.0,7.071385182005221,0.041224989291161133,393,691,189673,1398
9,9,calibration,H50c_both,blur185,4.6,3.0,0.0277473756249253,11.066271941383675,411.0451876380372,416.0,4.954812361962848,0.0281584527770577,393,416,189673,1398
9,9,calibration,H50c_both,disk,5.8,2.0,0.024873320615019325,10.10634633879928,449.45721029720374,454.0,4.542789702796252,0.025715893991855674,393,454,189673,1398
9,9,calibration,H50c_both,blur185,5.8,2.0,0.02608073824132676,9.792320469674777,295.5165921588282,300.0,4.483407841171816,0.024916845978816226,393,300,189673,1398
9,9,calibration,H50c_both,disk,5.8,3.0,0.03405760289112695,14.106346338799282,484.847734588955,491.0,6.152265411044981,0.035894011040201734,393,491,189673,1398
9,9,calibration,H50c_both,blur185,5.8,3.0,0.02866744271803617,11.066271941383675,347.0451876380372,352.0,4.954812361962848,0.0281584527770577,393,352,189673,1398
9,9,calibration,RANDOM_fixed_seed,disk,1.5,2.0,0.0454330849613255,27.11250498434997,1384.671779907288,1398.0,13.328220092711788,0.06898856230114496,393,1398,189673,1398
9,9,calibration,RANDOM_fixed_seed,disk,1.5,3.0,0.04296344513620315,25.643291366765443,1386.6717799072883,1398.0,11.32822009271179,0.06525010525894515,393,1398,189673,1398
9,9,calibration,RANDOM_fixed_seed,disk,2.8,2.0,0.043068060004609325,25.70048232518338,1386.0051132406215,1398.0,11.994886759378456,0.06539562932616635,393,1398,189673,1398
9,9,calibration,RANDOM_fixed_seed,disk,2.8,3.0,0.04059877571055502,24.231268707598844,1388.0051132406215,1398.0,9.994886759378456,0.06165717228396652,393,1398,189673,1398
9,9,calibration,RANDOM_fixed_seed,disk,3.6,2.0,0.043068060004609325,25.70048232518338,1386.0051132406215,1398.0,11.994886759378456,0.06539562932616635,393,1398,189673,1398
9,9,calibration,RANDOM_fixed_seed,disk,3.6,3.0,0.04059877571055502,24.231268707598844,1388.0051132406215,1398.0,9.994886759378456,0.06165717228396652,393,1398,189673,1398
9,9,calibration,RANDOM_fixed_seed,disk,4.6,2.0,0.037081753600832774,22.116886790762972,1388.0623041990395,1398.0,9.937695800960519,0.05627706562535108,393,1398,189673,1398
9,9,calibration,RANDOM_fixed_seed,disk,4.6,3.0,0.04523775001881832,27.016699097514383,1387.0623041990395,1398.0,10.937695800960519,0.06874478141861166,393,1398,189673,1398
9,9,calibration,RANDOM_fixed_seed,disk,5.8,2.0,0.03835761827866941,22.88374115067823,1388.0623041990395,1398.0,9.937695800960519,0.05822834898391407,393,1398,189673,1398
9,9,calibration,RANDOM_fixed_seed,disk,5.8,3.0,0.043834208404875105,26.176268652387407,1387.6502815398728,1398.0,10.349718460127116,0.06660628155823768,393,1398,189673,1398
10,10,selection,R2_scarp9_topo,disk,1.5,2.0,0.09321681278708735,55.1838901663552,1368.7912750647456,1395.0,26.208724935254374,0.14370804730821665,384,1395,189278,1395
10,10,selection,R2_scarp9_topo,blur185,1.5,2.0,0.05085604416252412,25.56241113772568,951.6502815398728,960.0,8.349718460127116,0.06656877900449396,384,960,189278,1395
10,10,selection,R2_scarp9_topo,disk,1.5,3.0,0.09346853301045743,55.336155577400184,1368.812773432161,1395.0,26.187226567839048,0.1441045718161463,384,1395,189278,1395
10,10,selection,R2_scarp9_topo,blur185,1.5,3.0,0.058708382366528825,30.093197520141146,996.8455436857485,1007.0,10.15445631425148,0.07836770187536757,384,1007,189278,1395
10,10,selection,R2_scarp9_topo,disk,2.8,2.0,0.13454405486760587,80.26247939884026,1366.4958252256213,1395.0,28.504174774378598,0.20901687343447983,384,1395,189278,1395
10,10,selection,R2_scarp9_topo,blur185,2.8,2.0,0.04859488675961336,22.193385213389735,725.3169482065396,732.0,6.68305179346045,0.05779527399320244,384,732,189278,1395
10,10,selection,R2_scarp9_topo,disk,2.8,3.0,0.13183699042906707,78.6315053231762,1367.5173235930367,1395.0,27.48267640696327,0.20476954511243803,384,1395,189278,1395
10,10,selection,R2_scarp9_topo,blur185,2.8,3.0,0.062179226277535984,28.34784152764122,715.1788770190818,724.0,8.821122980918148,0.07382250397823234,384,724,189278,1395
10,10,selection,R2_scarp9_topo,disk,3.6,2.0,0.0846082458106291,50.16124630066251,1378.162491892288,1395.0,16.837508107711926,0.13062824557464195,384,1395,189278,1395
10,10,selection,R2_scarp9_topo,blur185,3.6,2.0,0.032975928648534554,14.26299355625726,612.3741391649576,617.0,4.625860835042512,0.037143212386086616,384,617,189278,1395
10,10,selection,R2_scarp9_topo,disk,3.6,3.0,0.08677388686258086,51.4515828991652,1377.2411812181215,1395.0,17.758818781878666,0.1339884971332427,384,1395,189278,1395
10,10,selection,R2_scarp9_topo,blur185,3.6,3.0,0.0418815549822018,18.024734675550974,597.8455436857485,604.0,6.15445631425148,0.04693941321758066,384,604,189278,1395
10,10,selection,R2_scarp9_topo,disk,4.6,2.0,0.054197134779519894,26.65018144652468,895.9836148732062,905.0,9.016385126793782,0.06940151418365802,384,905,189278,1395
10,10,selection,R2_scarp9_topo,blur185,4.6,2.0,0.02993504319487627,12.029847916172518,461.2954498391242,465.0,3.704550160875775,0.031327728948365934,384,465,189278,1395
10,10,selection,R2_scarp9_topo,disk,4.6,3.0,0.05683700627739965,27.919019677612035,892.1409935248728,902.0,9.859006475127256,0.072705780410448,384,902,189278,1395
10,10,selection,R2_scarp9_topo,blur185,4.6,3.0,0.038764198982766986,15.734398077048294,477.76685435991527,483.0,5.233145640084743,0.04097499499231327,384,483,189278,1395
10,10,selection,R2_scarp9_topo,disk,5.8,2.0,0.03514096254816426,15.053123122725538,590.7668543599152,596.0,5.233145640084744,0.03920084146543109,384,596,189278,1395
10,10,selection,R2_scarp9_topo,blur185,5.8,2.0,0.026034464072223464,9.913275096130146,357.96211650579085,361.0,3.0378834942091086,0.02581582056283892,384,361,189278,1395
10,10,selection,R2_scarp9_topo,disk,5.8,3.0,0.03637009410506297,15.698291421976878,606.433521026582,612.0,5.566478973418077,0.040880967244731455,384,612,189278,1395
10,10,selection,R2_scarp9_topo,blur185,5.8,3.0,0.035096558869672556,13.617825257005922,390.4335210265819,395.0,4.566478973418077,0.03546308660678626,384,395,189278,1395
10,10,selection,R7_scarp9_polarity,disk,1.5,2.0,0.0852677920017663,50.45053749423605,1371.907847884788,1395.0,23.092152115212002,0.13138160805790638,384,1395,189278,1395
10,10,selection,R7_scarp9_polarity,blur185,1.5,2.0,0.06133032496298591,29.01231729110139,800.2382588807063,810.0,9.761741119293713,0.0755529096122432,384,810,189278,1395
10,10,selection,R7_scarp9_polarity,disk,1.5,3.0,0.09402325777023726,55.685874037527284,1369.59601291887,1395.0,25.403987081130005,0.1450152969727273,384,1395,189278,1395
10,10,selection,R7_scarp9_polarity,blur185,1.5,3.0,0.07014280802062497,33.933627965268116,848.9621165057908,861.0,12.03788349420911,0.08836882282621905,384,861,189278,1395
10,10,selection,R7_scarp9_polarity,disk,2.8,2.0,0.12426491112637648,74.02276104913601,1368.402941676201,1395.0,26.597058323799146,0.1927676068987917,384,1395,189278,1395
10,10,selection,R7_scarp9_polarity,blur185,2.8,2.0,0.05351991574832488,23.229077804392347,610.904925547373,618.0,7.0950744526270455,0.06049239011560507,384,618,189278,1395
10,10,selection,R7_scarp9_polarity,disk,2.8,3.0,0.13126936823467206,78.25590668922075,1366.4816310020342,1395.0,28.51836899796588,0.2037914236698457,384,1395,189278,1395
10,10,selection,R7_scarp9_polarity,blur185,2.8,3.0,0.06448317138884317,27.79774768101692,591.6287831724576,600.0,8.371216827542444,0.07238996791931489,384,600,189278,1395
10,10,selection,R7_scarp9_polarity,disk,3.6,2.0,0.07648986849373063,45.27855055491344,1378.4958252256215,1395.0,16.504174774378594,0.11791289207008708,384,1395,189278,1395
10,10,selection,R7_scarp9_polarity,blur185,3.6,2.0,0.03761746391793679,15.572637618968768,518.2954498391242,523.0,4.704550160875776,0.040553743799397836,384,523,189278,1395
10,10,selection,R7_scarp9_polarity,disk,3.6,3.0,0.08330511411065242,49.354317543331646,1376.9078478847878,1395.0,18.092152115212,0.12852686860242615,384,1395,189278,1395
10,10,selection,R7_scarp9_polarity,blur185,3.6,3.0,0.050381688656832305,20.862974217471447,513.6287831724576,520.0,6.371216827542442,0.05433066202466522,384,520,189278,1395
10,10,selection,R7_scarp9_polarity,disk,4.6,2.0,0.051149034651893736,23.774789844603646,764.2954498391242,772.0,7.704550160875775,0.06191351522032199,384,772,189278,1395
10,10,selection,R7_scarp9_polarity,blur185,4.6,2.0,0.035310627112344624,13.63494181800825,381.07868932583324,385.0,3.921310674166737,0.035507660984396484,384,385,189278,1395
10,10,selection,R7_scarp9_polarity,disk,4.6,3.0,0.054308360310549454,25.362767185437047,773.7074724982908,782.0,8.292527501709179,0.06604887287874231,384,782,189278,1395
10,10,selection,R7_scarp9_polarity,blur185,4.6,3.0,0.04295135267512312,16.730016270635293,394.8240453183332,400.0,5.175954681666807,0.04356775070477941,384,400,189278,1395
10,10,selection,R7_scarp9_polarity,disk,5.8,2.0,0.0417925826354741,17.194116647598285,503.8834271799576,509.0,5.1165728200423715,0.04477634543645387,384,509,189278,1395
10,10,selection,R7_scarp9_polarity,blur185,5.8,2.0,0.03138069161702001,11.518368997965878,287.7453559924999,291.0,3.2546440075000707,0.029995752598869472,384,291,189278,1395
10,10,selection,R7_scarp9_polarity,disk,5.8,3.0,0.05206770958014239,21.760595621016364,531.8834271799576,539.0,7.116572820042372,0.056668217763063446,384,539,189278,1395
10,10,selection,R7_scarp9_polarity,blur185,5.8,3.0,0.0380554843892743,14.301608484674915,328.7453559924999,333.0,4.254644007500071,0.03724377209550759,384,333,189278,1395
10,10,selection,H50a_corridor,disk,1.5,2.0,0.044405433314229505,26.156233153389174,1383.0051132406215,1395.0,11.994886759378454,0.06811519050361764,384,1395,189278,1395
10,10,selection,H50a_corridor,blur185,1.5,2.0,0.04433426153553684,20.79847911522547,788.8455436857485,796.0,7.154456314251481,0.05416270602923299,384,796,189278,1395
10,10,selection,H50a_corridor,disk,1.5,3.0,0.05500489421909994,32.42726228768303,1379.2433721213279,1395.0,15.756627878672168,0.08444599554084121,384,1395,189278,1395
10,10,selection,H50a_corridor,blur185,1.5,3.0,0.057323945551539454,27.641100463558942,847.314757303333,858.0,10.685242696666949,0.07198203245718475,384,858,189278,1395
10,10,selection,H50a_corridor,disk,2.8,2.0,0.07800776944939422,46.16928187869911,1377.10530093387,1395.0,17.894699066129867,0.1202325048924456,384,1395,189278,1395
10,10,selection,H50a_corridor,blur185,2.8,2.0,0.04007918723001407,17.23200014180739,596.5122103524152,602.0,5.487789647584814,0.044875000369290076,384,602,189278,1395
10,10,selection,H50a_corridor,disk,2.8,3.0,0.0825869301064436,48.909524630577494,1376.1839902597033,1395.0,18.816009740296604,0.1273685537254622,384,1395,189278,1395
10,10,selection,H50a_corridor,blur185,2.8,3.0,0.04520671004284036,19.350763865056265,584.9027346441665,591.0,6.097265355833544,0.050392614231917356,384,591,189278,1395
10,10,selection,H50a_corridor,disk,3.6,2.0,0.05917169552823144,34.93613623861436,1381.162491892288,1395.0,13.83750810771193,0.09097952145472489,384,1395,189278,1395
10,10,selection,H50a_corridor,blur185,3.6,2.0,0.027533229973717523,11.28230102046609,501.56940131083314,505.0,3.430598689166877,0.02938099224079711,384,505,189278,1395
10,10,selection,H50a_corridor,disk,3.6,3.0,0.06592372130727092,38.95471226861464,1379.5745145514547,1395.0,15.425485448545334,0.1014445631995173,384,1395,189278,1395
10,10,selection,H50a_corridor,blur185,3.6,3.0,0.03642620597585015,14.96535281392654,503.23606797749983,508.0,4.76393202250021,0.0389722729529337,384,508,189278,1395
10,10,selection,H50a_corridor,disk,4.6,2.0,0.03278778194091841,15.02546610975952,740.2954498391242,746.0,5.704550160875775,0.03912881799416542,384,746,189278,1395
10,10,selection,H50a_corridor,blur185,4.6,2.0,0.02864547175143352,11.02765701296602,377.8240453183332,381.0,3.1759546816668074,0.028717856804599012,384,381,189278,1395
10,10,selection,H50a_corridor,disk,4.6,3.0,0.03603282158170741,16.613443450592925,752.7074724982908,759.0,6.292527501709179,0.043264175652585744,384,759,189278,1395
10,10,selection,H50a_corridor,blur185,4.6,3.0,0.03623643578185814,14.122731465593066,398.5694013108331,403.0,4.430598689166877,0.036777946524981946,384,403,189278,1395
10,10,selection,H50a_corridor,disk,5.8,2.0,0.017326556570660245,6.994886759378456,475.5500938466243,478.0,2.4499061533757054,0.018215850935881395,384,478,189278,1395
10,10,selection,H50a_corridor,blur185,5.8,2.0,0.024515999190888958,8.911084192923648,272.49071198499985,275.0,2.5092880150001404,0.023205948419072,384,275,189278,1395
10,10,selection,H50a_corridor,disk,5.8,3.0,0.02812831800169744,11.561365732796533,507.5500938466243,512.0,4.449906153375705,0.030107723262490973,384,512,189278,1395
10,10,selection,H50a_corridor,blur185,5.8,3.0,0.03138261486589568,11.694323679632685,315.49071198499985,319.0,3.5092880150001404,0.030453967915710117,384,319,189278,1395
10,10,selection,H50b_kth_ridge,disk,1.5,2.0,0.08970653015874912,53.104786776453125,1370.812773432161,1395.0,24.187226567839044,0.13829371556368,384,1395,189278,1395
10,10,selection,H50b_kth_ridge,blur185,1.5,2.0,0.05551178374634184,26.358385379024053,811.7668543599152,821.0,9.233145640084743,0.06864162859120847,384,821,189278,1395
10,10,selection,H50b_kth_ridge,disk,1.5,3.0,0.0948763243304627,56.18347610228639,1368.6962006121184,1395.0,26.30379938788142,0.14631113568303747,384,1395,189278,1395
10,10,selection,H50b_kth_ridge,blur185,1.5,3.0,0.06314497080694396,30.65091288073323,860.376330068164,872.0,11.623669931836012,0.07982008562690945,384,872,189278,1395
10,10,selection,H50b_kth_ridge,disk,2.8,2.0,0.09034942115558448,53.57253752562056,1375.1690646019076,1395.0,19.830935398092436,0.1395118164729702,384,1395,189278,1395
10,10,selection,H50b_kth_ridge,blur185,2.8,2.0,0.05473164563458682,23.87278663464574,621.0214983674152,629.0,7.978501632584673,0.06216871519438994,384,629,189278,1395
10,10,selection,H50b_kth_ridge,disk,2.8,3.0,0.10105994150274897,60.00094531158094,1372.5810872610741,1395.0,22.418912738925837,0.1562524617489087,384,1395,189278,1395
10,10,selection,H50b_kth_ridge,blur185,2.8,3.0,0.06466608142659416,28.10374137152398,608.8856180831641,619.0,10.114381916835873,0.0731868264883437,384,619,189278,1395
10,10,selection,H50b_kth_ridge,disk,3.6,2.0,0.07962596916543205,47.16343720386901,1378.3978284355794,1395.0,16.602171564420686,0.1228214510517422,384,1395,189278,1395
10,10,selection,H50b_kth_ridge,blur185,3.6,2.0,0.05510488648972192,23.227618335394396,548.3548317007486,556.0,7.64516829925134,0.060488589415089576,384,556,189278,1395
10,10,selection,H50b_kth_ridge,disk,3.6,3.0,0.0812636176338802,48.13974793324719,1377.809851094746,1395.0,17.19014890525409,0.1253639269094979,384,1395,189278,1395
10,10,selection,H50b_kth_ridge,blur185,3.6,3.0,0.0582095432247217,24.34200025223027,530.5522847498307,539.0,8.447715250169207,0.06339062565684966,384,539,189278,1395
10,10,selection,H50b_kth_ridge,disk,4.6,2.0,0.05404614819050185,25.945631285648904,838.376330068164,847.0,8.623669931836012,0.06756674813971068,384,847,189278,1395
10,10,selection,H50b_kth_ridge,blur185,4.6,2.0,0.04866979186929293,19.351495299264812,432.688165034082,439.0,6.311834965918007,0.050394519008502114,384,439,189278,1395
10,10,selection,H50b_kth_ridge,disk,4.6,3.0,0.05637606470581473,26.92194201502708,824.7883527273306,834.0,9.211647272669417,0.07010922399746636,384,834,189278,1395
10,10,selection,H50b_kth_ridge,blur185,4.6,3.0,0.05037287967138216,20.13254388276735,442.2189514164975,449.0,6.78104858350254,0.05242849969470664,384,449,189278,1395
10,10,selection,H50b_kth_ridge,disk,5.8,2.0,0.045294155440418676,19.248385268601176,569.5715922140396,576.0,6.428407785960378,0.05012600330364889,384,576,189278,1395
10,10,selection,H50b_kth_ridge,blur185,5.8,2.0,0.03718615535427062,13.985391712343912,330.471404520791,335.0,4.528595479208969,0.03642029091756227,384,335,189278,1395
10,10,selection,H50b_kth_ridge,disk,5.8,3.0,0.04480912150552129,19.248385268601176,592.5715922140396,599.0,6.428407785960378,0.05012600330364889,384,599,189278,1395
10,10,selection,H50b_kth_ridge,blur185,5.8,3.0,0.039061081140010126,15.021084303346523,371.7475468957064,377.0,5.252453104293571,0.039117407039964906,384,377,189278,1395
10,10,selection,H50c_both,disk,1.5,2.0,0.03388463638184343,19.939472640098213,1386.3191391097462,1395.0,8.68086089025395,0.05192571000025576,384,1395,189278,1395
10,10,selection,H50c_both,blur185,1.5,2.0,0.054131773617249586,25.400650679646155,784.7861618241241,794.0,9.213838175875914,0.06614752781157852,384,794,189278,1395
10,10,selection,H50c_both,disk,1.5,3.0,0.044889672298157594,26.445838317683307,1383.2025662897036,1395.0,11.797433710296321,0.06886937061896695,384,1395,189278,1395
10,10,selection,H50c_both,blur185,1.5,3.0,0.061484643849738424,29.6359872229374,844.3956375323728,856.0,11.604362467627185,0.07717705005973281,384,856,189278,1395
10,10,selection,H50c_both,disk,2.8,2.0,0.08346946728539995,49.441770481990915,1376.2262555603256,1395.0,18.7737444396745,0.12875461063018467,384,1395,189278,1395
10,10,selection,H50c_both,blur185,2.8,2.0,0.05344396554546852,23.226886901185846,613.7861618241241,622.0,8.213838175875916,0.06048668463850481,384,622,189278,1395
10,10,selection,H50c_both,disk,2.8,3.0,0.08291385026921606,49.10843714865758,1376.3049448861589,1395.0,18.695055113841235,0.12788655507462912,384,1395,189278,1395
10,10,selection,H50c_both,blur185,2.8,3.0,0.06358607367390551,27.457841638064096,595.6502815398728,606.0,10.349718460127114,0.07150479593245858,384,606,189278,1395
10,10,selection,H50c_both,disk,3.6,2.0,0.07396924675540728,43.77291291211775,1379.0859934696612,1395.0,15.914006530338693,0.11399196070863997,384,1395,189278,1395
10,10,selection,H50c_both,blur185,3.6,2.0,0.05349109500012162,22.269883636016502,523.3741391649575,531.0,7.625860835042512,0.05799448863545964,384,531,189278,1395
10,10,selection,H50c_both,disk,3.6,3.0,0.07817118682561765,46.27781912070489,1377.752660136328,1395.0,17.247339863672025,0.12051515396016899,384,1395,189278,1395
10,10,selection,H50c_both,blur185,3.6,3.0,0.05643041444438725,23.384265552852376,512.5715922140396,521.0,8.428407785960378,0.06089652487721973,384,521,189278,1395
10,10,selection,H50c_both,disk,4.6,2.0,0.048348609894381826,22.872055200437188,806.4550193939972,814.0,7.544980606002751,0.05956264375113851,384,814,189278,1395
10,10,selection,H50c_both,blur185,4.6,2.0,0.03347360973808849,13.142038929801892,413.90273464416646,419.0,5.097265355833544,0.03422405971302576,384,419,189278,1395
10,10,selection,H50c_both,disk,4.6,3.0,0.050236522273954066,23.615220289730615,790.7883527273306,799.0,8.211647272669417,0.06149796950450681,384,799,189278,1395
10,10,selection,H50c_both,blur185,4.6,3.0,0.035259809329989934,13.92308751330443,424.4335210265819,430.0,5.566478973418077,0.036258040399230286,384,430,189278,1395
10,10,selection,H50c_both,disk,5.8,2.0,0.04236600502307332,17.681906295183097,533.1216860606639,539.0,5.878313939336083,0.046046630977039316,384,539,189278,1395
10,10,selection,H50c_both,blur185,5.8,2.0,0.013171421948181036,4.9140065303386935,324.49071198499985,327.0,2.5092880150001404,0.012796892006090348,384,327,189278,1395
10,10,selection,H50c_both,disk,5.8,3.0,0.04607271568562125,19.522336740310074,563.1216860606639,570.0,6.878313939336083,0.050839418594557484,384,570,189278,1395
10,10,selection,H50c_both,blur185,5.8,3.0,0.015601949619827893,5.949699121341303,364.76685435991527,368.0,3.2331456400847434,0.015494008128492977,384,368,189278,1395
10,10,selection,RANDOM_fixed_seed,disk,1.5,2.0,0.05802898995509768,34.264356331326155,1382.0838025664548,1395.0,12.916197433545193,0.08923009461282853,384,1395,189278,1395
10,10,selection,RANDOM_fixed_seed,disk,1.5,3.0,0.059123036723897564,34.91244696799254,1381.6123980456637,1395.0,13.387601954336224,0.0909178306458139,384,1395,189278,1395
10,10,selection,RANDOM_fixed_seed,disk,2.8,2.0,0.053657214227269795,31.66218476690547,1382.7504692331213,1395.0,12.249530766878525,0.08245360616381632,384,1395,189278,1395
10,10,selection,RANDOM_fixed_seed,disk,2.8,3.0,0.05187571273468509,30.60280290528103,1383.0244207048304,1395.0,11.975579295169627,0.07969479923250268,384,1395,189278,1395
10,10,selection,RANDOM_fixed_seed,disk,3.6,2.0,0.052069051861268305,30.7215666285299,1383.3577540381636,1395.0,11.642245961836295,0.08000407976179662,384,1395,189278,1395
10,10,selection,RANDOM_fixed_seed,disk,3.6,3.0,0.04975923059646414,29.35034980098746,1383.8863495173725,1395.0,11.113650482627326,0.07643320260673818,384,1395,189278,1395
10,10,selection,RANDOM_fixed_seed,disk,4.6,2.0,0.06056216612669556,35.77364434632629,1381.691087371497,1395.0,13.30891262850296,0.09316053215189139,384,1395,189278,1395
10,10,selection,RANDOM_fixed_seed,disk,4.6,3.0,0.06273776360928306,37.069094185450524,1381.219682850706,1395.0,13.780317149293992,0.0965340994412774,384,1395,189278,1395
10,10,selection,RANDOM_fixed_seed,disk,5.8,2.0,0.06339440355237025,37.46180938040829,1381.2003753864972,1395.0,13.79962461350282,0.09755679526147992,384,1395,189278,1395
10,10,selection,RANDOM_fixed_seed,disk,5.8,3.0,0.059537005006329184,35.16928187869911,1382.3956375323728,1395.0,12.604362467627187,0.09158667155911226,384,1395,189278,1395
11,11,selection,R2_scarp9_topo,disk,1.5,2.0,0.06258270937292522,40.82175432177849,1388.6025856284896,1406.0,17.39741437151051,0.08913046795148143,458,1406,190726,1406
11,11,selection,R2_scarp9_topo,blur185,1.5,2.0,0.03801981941800616,19.754022911396863,746.1045694996616,752.0,5.895430500338413,0.043131054391696205,458,752,190726,1406
11,11,selection,R2_scarp9_topo,disk,1.5,3.0,0.06258270937292522,40.82175432177849,1388.6025856284896,1406.0,17.397414371510507,0.08913046795148143,458,1406,190726,1406
11,11,selection,R2_scarp9_topo,blur185,1.5,3.0,0.04174215265070031,22.049472750521087,787.1023785964551,794.0,6.897621403544912,0.04814295360375783,458,794,190726,1406
11,11,selection,R2_scarp9_topo,disk,2.8,2.0,0.10553655137644274,69.29013641180629,1381.4652458752403,1406.0,24.534754124759665,0.1512885074493587,458,1406,190726,1406
11,11,selection,R2_scarp9_topo,blur185,2.8,2.0,0.032345726159294354,15.899398242682606,609.8284271247462,615.0,5.171572875253809,0.03471484332463451,458,615,190726,1406
11,11,selection,R2_scarp9_topo,disk,2.8,3.0,0.11101036887161075,72.93530471105761,1380.131912541907,1406.0,25.868087458092994,0.15924739019881576,458,1406,190726,1406
11,11,selection,R2_scarp9_topo,blur185,2.8,3.0,0.034543820933081386,16.978087568515868,608.4929028882063,614.0,5.507097111793642,0.037070060193266086,458,614,190726,1406
11,11,selection,R2_scarp9_topo,disk,3.6,2.0,0.05888981580865266,38.42319445199063,1391.8721552937855,1406.0,14.12784470621461,0.08389343766810181,458,1406,190726,1406
11,11,selection,R2_scarp9_topo,blur185,3.6,2.0,0.03344808369091361,15.899398242682606,528.8284271247462,534.0,5.171572875253809,0.03471484332463451,458,534,190726,1406
11,11,selection,R2_scarp9_topo,disk,3.6,3.0,0.059543027025672005,38.85452457536606,1391.8721552937852,1406.0,14.12784470621461,0.08483520649643243,458,1406,190726,1406
11,11,selection,R2_scarp9_topo,blur185,3.6,3.0,0.03570619291816105,16.978087568515868,528.4929028882063,534.0,5.507097111793642,0.037070060193266086,458,534,190726,1406
11,11,selection,R2_scarp9_topo,disk,4.6,2.0,0.05307822260993814,28.747446802358226,847.2790647123304,857.0,9.720935287669557,0.06276735109685203,458,857,190726,1406
11,11,selection,R2_scarp9_topo,blur185,4.6,2.0,0.024247059871982578,10.94239497751326,413.49509379141284,417.0,3.5049062085871427,0.023891692090640307,458,417,190726,1406
11,11,selection,R2_scarp9_topo,disk,4.6,3.0,0.05445834813380944,29.43342093323372,840.9457313789972,851.0,10.05426862100289,0.06426511120793389,458,851,190726,1406
11,11,selection,R2_scarp9_topo,blur185,4.6,3.0,0.022436442231458957,10.15915549080422,421.82623622153966,425.0,3.1737637784603083,0.022181562206996113,458,425,190726,1406
11,11,selection,R2_scarp9_topo,disk,5.8,2.0,0.04080180701577778,19.638909560352445,554.9836148732062,561.0,6.016385126793782,0.04287971519727608,458,561,190726,1406
11,11,selection,R2_scarp9_topo,blur185,5.8,2.0,0.005621934447041954,2.4284077859603785,325.3333333333333,326.0,0.6666666666666667,0.005302200406027027,458,326,190726,1406
11,11,selection,R2_scarp9_topo,disk,5.8,3.0,0.04379814033383648,21.167505039561412,563.3169482065396,570.0,6.683051793460448,0.04621725991170614,458,570,190726,1406
11,11,selection,R2_scarp9_topo,blur185,5.8,3.0,0.006294144890734883,2.740242751878385,342.07868932583324,343.0,0.9213106741667368,0.005983062777027042,458,343,190726,1406
11,11,selection,R7_scarp9_polarity,disk,1.5,2.0,0.057692039569627346,37.60791614590258,1389.759964280156,1406.0,16.240035719843984,0.08211335403035497,458,1406,190726,1406
11,11,selection,R7_scarp9_polarity,blur185,1.5,2.0,0.02859667774724373,14.101233098177737,619.4357119297883,624.0,4.564288070211578,0.030788718554973223,458,624,190726,1406
11,11,selection,R7_scarp9_polarity,disk,1.5,3.0,0.057692039569627346,37.60791614590258,1389.759964280156,1406.0,16.240035719843984,0.08211335403035497,458,1406,190726,1406
11,11,selection,R7_scarp9_polarity,blur185,1.5,3.0,0.030465065964864785,15.258611749844263,657.0214983674152,662.0,4.978501632584674,0.033315746178699264,458,662,190726,1406
11,11,selection,R7_scarp9_polarity,disk,2.8,2.0,0.119887355133827,78.88688076488482,1379.15487037832,1406.0,26.845129621679718,0.1722420977399232,458,1406,190726,1406
11,11,selection,R7_scarp9_polarity,blur185,2.8,2.0,0.024406606380478764,11.39668293730196,491.35702260395516,495.0,3.6429773960448415,0.024883587199349258,458,495,190726,1406
11,11,selection,R7_scarp9_polarity,disk,2.8,3.0,0.12574877447156912,82.80380963263858,1377.6262748991112,1406.0,28.373725100888688,0.18079434417606677,458,1406,190726,1406
11,11,selection,R7_scarp9_polarity,blur185,2.8,3.0,0.026673912674023265,12.475372263135224,494.02149836741535,498.0,3.9785016325846736,0.027238804067980838,458,498,190726,1406
11,11,selection,R7_scarp9_polarity,disk,3.6,2.0,0.0762320551710515,49.86798736474479,1388.9337280586165,1406.0,17.066271941383675,0.10888206848197553,458,1406,190726,1406
11,11,selection,R7_scarp9_polarity,blur185,3.6,2.0,0.025094493756612456,11.39668293730196,427.35702260395516,431.0,3.6429773960448415,0.024883587199349258,458,431,190726,1406
11,11,selection,R7_scarp9_polarity,disk,3.6,3.0,0.07688447476014355,50.29931748812021,1388.797847774365,1406.0,17.202152225634876,0.10982383731030614,458,1406,190726,1406
11,11,selection,R7_scarp9_polarity,blur185,3.6,3.0,0.02746068556033741,12.475372263135224,427.0214983674153,431.0,3.978501632584673,0.027238804067980838,458,431,190726,1406
11,11,selection,R7_scarp9_polarity,disk,4.6,2.0,0.05505777867128711,28.181699263148694,699.1023785964551,708.0,8.897621403544912,0.06153209446102335,458,708,190726,1406
11,11,selection,R7_scarp9_polarity,blur185,4.6,2.0,0.020986604322578133,9.163537297217218,342.02368927062184,345.0,2.9763107293781745,0.02000772335636947,458,345,190726,1406
11,11,selection,R7_scarp9_polarity,disk,4.6,3.0,0.057930532321498696,29.72960220656649,704.2404497839128,714.0,9.759550216087213,0.06491179521084386,458,714,190726,1406
11,11,selection,R7_scarp9_polarity,blur185,4.6,3.0,0.023384822326019475,10.242226623050481,347.688165034082,351.0,3.311834965918007,0.02236294022500105,458,351,190726,1406
11,11,selection,R7_scarp9_polarity,disk,5.8,2.0,0.04270138201791404,19.89647590526756,477.82623622153966,484.0,6.17376377846031,0.04344208712940516,458,484,190726,1406
11,11,selection,R7_scarp9_polarity,blur185,5.8,2.0,0.014264929879587005,6.030579350381064,275.7475468957064,278.0,2.2524531042935716,0.013167203821792716,458,278,190726,1406
11,11,selection,R7_scarp9_polarity,disk,5.8,3.0,0.045612729920406915,21.425071384476528,495.159569554873,502.0,6.840430445126976,0.04677963184383521,458,502,190726,1406
11,11,selection,R7_scarp9_polarity,blur185,5.8,3.0,0.01681066866130743,7.166459634632264,292.35483170074866,295.0,2.64516829925134,0.015647291778673064,458,295,190726,1406
11,11,selection,H50a_corridor,disk,1.5,2.0,0.10440395503026542,68.51973177303478,1380.9523040886165,1406.0,25.047695911383396,0.14960640125116764,458,1406,190726,1406
11,11,selection,H50a_corridor,blur185,1.5,2.0,0.039667246366085,19.522336740310074,609.2404497839127,615.0,5.759550216087213,0.042625189389323304,458,615,190726,1406
11,11,selection,H50a_corridor,disk,1.5,3.0,0.10440395503026542,68.51973177303478,1380.9523040886165,1406.0,25.047695911383393,0.14960640125116764,458,1406,190726,1406
11,11,selection,H50a_corridor,blur185,1.5,3.0,0.03770629977834327,18.817786579434298,644.4929028882063,650.0,5.507097111793642,0.041086870260773574,458,650,190726,1406
11,11,selection,H50a_corridor,disk,2.8,2.0,0.10430411391087288,68.49927881054859,1383.133372010905,1406.0,22.866627989095047,0.14956174412783535,458,1406,190726,1406
11,11,selection,H50a_corridor,blur185,2.8,2.0,0.04126263456831497,19.26769273281,483.49509379141284,489.0,5.504906208587143,0.04206919810657206,458,489,190726,1406
11,11,selection,H50a_corridor,disk,2.8,3.0,0.10709959704451025,70.35901671988441,1382.3880160184049,1406.0,23.611983981594975,0.15362230724865591,458,1406,190726,1406
11,11,selection,H50a_corridor,blur185,2.8,3.0,0.03945773148117695,18.484453246100962,491.82623622153966,497.0,5.173763778460308,0.04035906822292786,458,497,190726,1406
11,11,selection,H50a_corridor,disk,3.6,2.0,0.0704439961759955,46.04467348062015,1390.1311811076985,1406.0,15.868818892301542,0.10053422157340644,458,1406,190726,1406
11,11,selection,H50a_corridor,blur185,3.6,2.0,0.04040099916810206,18.36788042605859,422.82842712474616,428.0,5.171572875253809,0.04010454241497509,458,428,190726,1406
11,11,selection,H50a_corridor,disk,3.6,3.0,0.07109746311836898,46.476003603995565,1389.995300823447,1406.0,16.004699176552744,0.10147599040173705,458,1406,190726,1406
11,11,selection,H50a_corridor,blur185,3.6,3.0,0.03866890756266578,17.584640939349555,424.15956955487303,429.0,4.840430445126975,0.038394412531330906,458,429,190726,1406
11,11,selection,H50a_corridor,disk,4.6,2.0,0.057446854060259143,29.219582757357806,681.9643074089975,691.0,9.035692591002611,0.06379821562741879,458,691,190726,1406
11,11,selection,H50a_corridor,blur185,4.6,2.0,0.011555728083038402,4.992695856171956,323.27614237491537,325.0,1.7238576250846034,0.010901082655397283,458,325,190726,1406
11,11,selection,H50a_corridor,disk,4.6,3.0,0.06023698805272147,30.7674857007756,691.1023785964551,701.0,9.897621403544912,0.0671779163772393,458,701,190726,1406
11,11,selection,H50a_corridor,blur185,4.6,3.0,0.012111149921499163,5.2473398636720265,329.07868932583324,331.0,1.9213106741667367,0.01145707393814853,458,331,190726,1406
11,11,selection,H50a_corridor,disk,5.8,2.0,0.046064025586305894,21.15111991276763,442.688165034082,449.0,6.311834965918007,0.04618148452569352,458,449,190726,1406
11,11,selection,H50a_corridor,blur185,5.8,2.0,0.011800264049094556,4.93550489775402,254.33333333333334,256.0,1.6666666666666667,0.010776211567148516,458,256,190726,1406
11,11,selection,H50a_corridor,disk,5.8,3.0,0.04899058949198369,22.6797153919766,460.0214983674153,467.0,6.978501632584674,0.04951902924012358,458,467,190726,1406
11,11,selection,H50a_corridor,blur185,5.8,3.0,0.012420762209907071,5.2473398636720265,275.07868932583324,277.0,1.9213106741667367,0.01145707393814853,458,277,190726,1406
11,11,selection,H50b_kth_ridge,disk,1.5,2.0,0.07160233958706824,46.75036913977327,1385.8335403653678,1406.0,20.166459634632268,0.10207504178989797,458,1406,190726,1406
11,11,selection,H50b_kth_ridge,blur185,1.5,2.0,0.02623070672077095,13.289922534433877,687.9858057764127,693.0,5.014194223587283,0.029017298110117638,458,693,190726,1406
11,11,selection,H50b_kth_ridge,disk,1.5,3.0,0.07160792514698451,46.75036913977327,1385.5788963578675,1406.0,20.421103642132337,0.10207504178989797,458,1406,190726,1406
11,11,selection,H50b_kth_ridge,blur185,1.5,3.0,0.025864738775170194,13.311420901849203,727.9643074089975,733.0,5.03569259100261,0.029064237776963327,458,733,190726,1406
11,11,selection,H50b_kth_ridge,disk,2.8,2.0,0.09489277627803686,62.19798429659428,1383.0791033899022,1406.0,22.920896610097934,0.1358034591628696,458,1406,190726,1406
11,11,selection,H50b_kth_ridge,blur185,2.8,2.0,0.020329437793331132,9.845129621679716,579.5522847498307,583.0,3.4477152501692068,0.021495916204540864,458,583,190726,1406
11,11,selection,H50b_kth_ridge,disk,2.8,3.0,0.09657486596801904,63.31528855084519,1382.72646259236,1406.0,23.27353740764009,0.13824298810228208,458,1406,190726,1406
11,11,selection,H50b_kth_ridge,blur185,2.8,3.0,0.02081179183611078,10.099773629179785,584.3548317007487,588.0,3.64516829925134,0.022051907487292105,458,588,190726,1406
11,11,selection,H50b_kth_ridge,disk,3.6,2.0,0.06618454649286337,43.23920419228723,1391.3242523503677,1406.0,14.675747649632404,0.09440874277791972,458,1406,190726,1406
11,11,selection,H50b_kth_ridge,blur185,3.6,2.0,0.014763674049589351,6.945317314928307,513.2189514164975,516.0,2.78104858350254,0.015164448285869665,458,516,190726,1406
11,11,selection,H50b_kth_ridge,disk,3.6,3.0,0.06421779027225256,41.944485787371555,1391.855038732783,1406.0,14.144961267216939,0.09158184669731781,458,1406,190726,1406
11,11,selection,H50b_kth_ridge,blur185,3.6,3.0,0.015278617578196811,7.199961322428376,517.0214983674153,520.0,2.978501632584673,0.015720439568620907,458,520,190726,1406
11,11,selection,H50b_kth_ridge,disk,4.6,2.0,0.0403827854333959,21.540912770310353,813.5500938466243,820.0,6.449906153375706,0.0470325606338654,458,820,190726,1406
11,11,selection,H50b_kth_ridge,blur185,4.6,2.0,0.015378237560259463,6.945317314928307,419.2189514164975,422.0,2.78104858350254,0.015164448285869665,458,422,190726,1406
11,11,selection,H50b_kth_ridge,disk,4.6,3.0,0.040468174338367156,21.61741119293712,817.2976407423307,824.0,6.7023592576692765,0.04719958775750463,458,824,190726,1406
11,11,selection,H50b_kth_ridge,blur185,4.6,3.0,0.015871380838211626,7.199961322428376,429.02149836741535,432.0,2.9785016325846736,0.015720439568620907,458,432,190726,1406
11,11,selection,H50b_kth_ridge,disk,5.8,2.0,0.016107821623107754,7.708517903219969,553.0786893258332,556.0,2.9213106741667367,0.016830825116200807,458,556,190726,1406
11,11,selection,H50b_kth_ridge,blur185,5.8,2.0,0.015680487225306447,6.830935398092433,339.3333333333333,342.0,2.666666666666667,0.014914706109372124,458,342,190726,1406
11,11,selection,H50b_kth_ridge,disk,5.8,3.0,0.016153070534454146,7.765708861637905,564.0214983674153,567.0,2.978501632584673,0.016955696204449575,458,567,190726,1406
11,11,selection,H50b_kth_ridge,blur185,5.8,3.0,0.0162540974932465,7.142770364010438,358.07868932583324,361.0,2.9213106741667367,0.015595568480372137,458,361,190726,1406
11,11,selection,H50c_both,disk,1.5,2.0,0.06366478010937524,41.586417778487245,1392.4594012004104,1406.0,13.540598799589754,0.09080003881765775,458,1406,190726,1406
11,11,selection,H50c_both,blur185,1.5,2.0,0.027411266687521273,13.937281736891714,696.3169482065396,702.0,5.683051793460448,0.03043074615041859,458,702,190726,1406
11,11,selection,H50c_both,disk,1.5,3.0,0.06414104609825107,41.898252744405255,1392.2047571929102,1406.0,13.795242807089824,0.09148090118865776,458,1406,190726,1406
11,11,selection,H50c_both,blur185,1.5,3.0,0.02707021662602543,13.95878010430704,732.2954498391242,738.0,5.704550160875775,0.03047768581726428,458,738,190726,1406
11,11,selection,H50c_both,disk,2.8,2.0,0.09227297283928121,60.45847297892444,1383.6076988691111,1406.0,22.392301130888963,0.13200539951730228,458,1406,190726,1406
11,11,selection,H50c_both,blur185,2.8,2.0,0.026913056574578074,13.058967797555631,581.0808802290397,586.0,4.919119770960238,0.02851303012566732,458,586,190726,1406
11,11,selection,H50c_both,disk,2.8,3.0,0.09472603879286828,62.085065248175496,1383.0004140640688,1406.0,22.999585935931194,0.13555691102221723,458,1406,190726,1406
11,11,selection,H50c_both,blur185,2.8,3.0,0.02726861370147968,13.3136118050557,595.8834271799576,601.0,5.1165728200423715,0.02906902140841856,458,601,190726,1406
11,11,selection,H50c_both,disk,3.6,2.0,0.05915815781886051,38.61188388824677,1392.8335403653678,1406.0,13.166459634632265,0.08430542333678334,458,1406,190726,1406
11,11,selection,H50c_both,blur185,3.6,2.0,0.019347712776929912,9.14277036401044,521.6094757082487,525.0,3.39052429175127,0.019962380707446374,458,525,190726,1406
11,11,selection,H50c_both,disk,3.6,3.0,0.05796382754511407,37.82645349833123,1393.1096827402832,1406.0,12.890317259716868,0.08259050982168392,458,1406,190726,1406
11,11,selection,H50c_both,blur185,3.6,3.0,0.019793952759884163,9.397414371510509,532.4120226591665,536.0,3.5879773408334037,0.02051837199019762,458,536,190726,1406
11,11,selection,H50c_both,disk,4.6,2.0,0.04074973967837439,21.59810372872829,796.4929028882063,803.0,6.507097111793642,0.047157431722114174,458,803,190726,1406
11,11,selection,H50c_both,blur185,4.6,2.0,0.009508091909143292,4.264456424674356,406.27614237491537,408.0,1.7238576250846034,0.00931104022854663,458,408,190726,1406
11,11,selection,H50c_both,disk,4.6,3.0,0.039290223127037914,20.81267333881275,795.7690452631218,802.0,6.230954736878245,0.04544251820701474,458,802,190726,1406
11,11,selection,H50c_both,blur185,4.6,3.0,0.010039777993073396,4.519100432174425,414.07868932583324,416.0,1.921310674166737,0.00986703151129787,458,416,190726,1406
11,11,selection,H50c_both,disk,5.8,2.0,0.016291655225088086,7.708517903219969,526.0786893258332,529.0,2.9213106741667367,0.016830825116200807,458,529,190726,1406
11,11,selection,H50c_both,blur185,5.8,2.0,0.009696212803264194,4.20726546625642,333.3333333333333,335.0,1.6666666666666667,0.00918616914029786,458,335,190726,1406
11,11,selection,H50c_both,disk,5.8,3.0,0.016364107236372667,7.765708861637905,533.0214983674153,536.0,2.9785016325846736,0.016955696204449575,458,536,190726,1406
11,11,selection,H50c_both,blur185,5.8,3.0,0.01032419125460711,4.519100432174425,352.07868932583324,354.0,1.9213106741667367,0.00986703151129787,458,354,190726,1406
11,11,selection,RANDOM_fixed_seed,disk,1.5,2.0,0.06015627098921769,39.25162157673682,1391.219682850706,1406.0,14.780317149293994,0.08570223051689262,458,1406,190726,1406
11,11,selection,RANDOM_fixed_seed,disk,1.5,3.0,0.06015627098921769,39.25162157673682,1391.219682850706,1406.0,14.780317149293994,0.08570223051689262,458,1406,190726,1406
11,11,selection,RANDOM_fixed_seed,disk,2.8,2.0,0.06015627098921769,39.25162157673682,1391.2196828507058,1406.0,14.780317149293992,0.08570223051689262,458,1406,190726,1406
11,11,selection,RANDOM_fixed_seed,disk,2.8,3.0,0.06015627098921769,39.25162157673682,1391.2196828507058,1406.0,14.780317149293994,0.08570223051689262,458,1406,190726,1406
11,11,selection,RANDOM_fixed_seed,disk,3.6,2.0,0.0582488561886636,37.99697756923675,1391.610207142457,1406.0,14.389792857542723,0.08296283312060425,458,1406,190726,1406
11,11,selection,RANDOM_fixed_seed,disk,3.6,3.0,0.0582488561886636,37.99697756923675,1391.610207142457,1406.0,14.389792857542723,0.08296283312060425,458,1406,190726,1406
11,11,selection,RANDOM_fixed_seed,disk,4.6,2.0,0.05693618521253403,37.13285785348795,1391.786161824124,1406.0,14.213838175875917,0.08107610885041036,458,1406,190726,1406
11,11,selection,RANDOM_fixed_seed,disk,4.6,3.0,0.05552786642120929,36.211547179321215,1392.4528284907908,1406.0,13.547171509209251,0.07906451349196772,458,1406,190726,1406
11,11,selection,RANDOM_fixed_seed,disk,5.8,2.0,0.048913568053671336,31.866210525607098,1393.5337087198304,1406.0,12.466291280169488,0.06957687887687139,458,1406,190726,1406
11,11,selection,RANDOM_fixed_seed,disk,5.8,3.0,0.04750310047067176,30.94489985144036,1394.200375386497,1406.0,11.79962461350282,0.06756528351842873,458,1406,190726,1406
12,12,selection,R2_scarp9_topo,disk,1.5,2.0,0.14048285515447134,121.94365765923396,1034.2179060115682,1091.0,56.78209398843168,0.15319554982315825,796,1091,147980,1091
12,12,selection,R2_scarp9_topo,blur185,1.5,2.0,0.06527094835158193,52.816227017088146,809.10530093387,829.0,19.894699066129863,0.06635204399131676,796,829,147980,1091
12,12,selection,R2_scarp9_topo,disk,1.5,3.0,0.14861973707057968,129.06461228568932,1029.044142233108,1091.0,61.95585776689199,0.16214147272071522,796,1091,147980,1091
12,12,selection,R2_scarp9_topo,blur185,1.5,3.0,0.07082999673485207,58.706226906665265,901.4579417314123,925.0,23.542058268587706,0.07375154134003174,796,925,147980,1091
12,12,selection,R2_scarp9_topo,disk,2.8,2.0,0.17856206240932437,156.23535363338638,1034.584009598489,1091.0,56.41599040151079,0.1962755698911889,796,1091,147980,1091
12,12,selection,R2_scarp9_topo,blur185,2.8,2.0,0.06202900277398973,47.3951233749558,589.0051132406215,606.0,16.994886759378456,0.059541612280095225,796,606,147980,1091
12,12,selection,R2_scarp9_topo,disk,2.8,3.0,0.18504424868415237,162.05866751751103,1032.8579610701981,1091.0,58.142038929801885,0.2035912908511445,796,1091,147980,1091
12,12,selection,R2_scarp9_topo,blur185,2.8,3.0,0.06509511152462535,49.80860550312036,592.0244207048304,610.0,17.97557929516963,0.06257362500392005,796,610,147980,1091
12,12,selection,R2_scarp9_topo,disk,3.6,2.0,0.12924012087496506,112.40880344112608,1052.4266309468228,1091.0,38.573369053177316,0.1412170897501584,796,1091,147980,1091
12,12,selection,R2_scarp9_topo,blur185,3.6,2.0,0.06296074422296664,46.80933693732891,486.53370871983054,503.0,16.466291280169486,0.05880569967001119,796,503,147980,1091
12,12,selection,R2_scarp9_topo,disk,3.6,3.0,0.12843371400503506,111.70644418345681,1053.0911067102827,1091.0,37.90889328971715,0.14033472887368945,796,1091,147980,1091
12,12,selection,R2_scarp9_topo,blur185,3.6,3.0,0.06555670027471343,48.90879319636895,497.3577540381637,515.0,17.6422459618363,0.06144320753312682,796,515,147980,1091
12,12,selection,R2_scarp9_topo,disk,4.6,2.0,0.07194581781914454,56.153942156834475,662.3621358445766,681.0,18.637864155423298,0.07054515346335989,796,681,147980,1091
12,12,selection,R2_scarp9_topo,blur185,4.6,2.0,0.05346947973783826,38.352540704193956,364.0429967348307,377.0,12.957003265169348,0.04818158379923864,796,377,147980,1091
12,12,selection,R2_scarp9_topo,disk,4.6,3.0,0.07397147975635324,57.74191949766788,661.2433721213279,681.0,19.75662787867217,0.07254009987144205,796,681,147980,1091
12,12,selection,R2_scarp9_topo,blur185,4.6,3.0,0.05429778368670418,39.23304554673654,389.53370871983054,403.0,13.466291280169486,0.049287745661729325,796,403,147980,1091
12,12,selection,R2_scarp9_topo,disk,5.8,2.0,0.04435488912583235,32.321961353812895,427.2404497839128,438.0,10.759550216087213,0.04060547908770464,796,438,147980,1091
12,12,selection,R2_scarp9_topo,blur185,5.8,2.0,0.04187838381982012,29.167505039561412,269.2382588807063,279.0,9.761741119293712,0.036642594270805795,796,279,147980,1091
12,12,selection,R2_scarp9_topo,disk,5.8,3.0,0.04597294999727134,33.9099386946463,470.12168606066393,482.0,11.878313939336083,0.04260042549578681,796,482,147980,1091
12,12,selection,R2_scarp9_topo,blur185,5.8,3.0,0.04128241211963107,29.205388533770524,324.06230419903943,334.0,9.937695800960519,0.036690186600214225,796,334,147980,1091
12,12,selection,R7_scarp9_polarity,disk,1.5,2.0,0.1415065856634282,122.88541789646773,1035.1534109093222,1091.0,55.84658909067767,0.15437866569908007,796,1091,147980,1091
12,12,selection,R7_scarp9_polarity,blur185,1.5,2.0,0.06586950957652743,51.68911034566294,687.9100387879945,707.0,19.0899612120055,0.0649360682734459,796,707,147980,1091
12,12,selection,R7_scarp9_polarity,disk,1.5,3.0,0.15618715071730258,135.84168972742853,1028.8415759434042,1091.0,62.15842405659568,0.1706553891048097,796,1091,147980,1091
12,12,selection,R7_scarp9_polarity,blur185,1.5,3.0,0.0701319833222653,56.555420964618236,791.5151326898302,813.0,21.484867310169772,0.07104952382489728,796,813,147980,1091
12,12,selection,R7_scarp9_polarity,disk,2.8,2.0,0.18914162883639357,165.71479033279485,1030.9916504512428,1091.0,60.008349548757195,0.2081844099658227,796,1091,147980,1091
12,12,selection,R7_scarp9_polarity,blur185,2.8,2.0,0.06420851900029297,47.77510381532424,488.53370871983054,505.0,16.466291280169486,0.06001897464236714,796,505,147980,1091
12,12,selection,R7_scarp9_polarity,disk,2.8,3.0,0.19640692925484787,172.2426543777953,1028.598935256285,1091.0,62.40106474371497,0.21638524419321017,796,1091,147980,1091
12,12,selection,R7_scarp9_polarity,blur185,2.8,3.0,0.06994533183317561,52.243585998700226,498.3577540381637,517.0,18.642245961836295,0.06563264572701033,796,517,147980,1091
12,12,selection,R7_scarp9_polarity,disk,3.6,2.0,0.13207182365332765,114.91923355498443,1051.7147766421187,1091.0,39.28522335788113,0.14437089642585985,796,1091,147980,1091
12,12,selection,R7_scarp9_polarity,blur185,3.6,2.0,0.0535578973319038,38.89752131019671,408.45501939399725,422.0,13.544980606002753,0.04886623280175466,796,422,147980,1091
12,12,selection,R7_scarp9_polarity,disk,3.6,3.0,0.13619917802343284,118.56659275744227,1050.124608398079,1091.0,40.87539160192104,0.14895300597668626,796,1091,147980,1091
12,12,selection,R7_scarp9_polarity,blur185,3.6,3.0,0.05619695927345368,40.85671547857255,410.2790647123304,425.0,14.720935287669558,0.051327532008256974,796,425,147980,1091
12,12,selection,R7_scarp9_polarity,disk,4.6,2.0,0.08794543450065177,67.4012820205065,580.593090581455,602.0,21.40690941854505,0.08467497741269661,796,602,147980,1091
12,12,selection,R7_scarp9_polarity,blur185,4.6,2.0,0.0391748726488151,27.574414458106467,307.8262362215397,317.0,9.173763778460309,0.03464122419360109,796,317,147980,1091
12,12,selection,R7_scarp9_polarity,disk,4.6,3.0,0.09171242417325981,70.47704900892472,587.8076601915394,611.0,23.19233980846059,0.088539006292619,796,611,147980,1091
12,12,selection,R7_scarp9_polarity,blur185,4.6,3.0,0.04065658780809138,28.80756009819121,329.9836148732062,340.0,10.016385126793782,0.03619040213340604,796,340,147980,1091
12,12,selection,R7_scarp9_polarity,disk,5.8,2.0,0.047979997082389744,34.391155632611614,365.5144012556217,377.0,11.485598744378315,0.04320496938770303,796,377,147980,1091
12,12,selection,R7_scarp9_polarity,blur185,5.8,2.0,0.03832779416741832,26.419958143854984,236.15956955487303,245.0,8.840430445126977,0.03319090219077259,796,245,147980,1091
12,12,selection,R7_scarp9_polarity,disk,5.8,3.0,0.05032626500125333,36.62430127269636,418.0623041990395,431.0,12.937695800960519,0.04601042873454316,796,431,147980,1091
12,12,selection,R7_scarp9_polarity,blur185,5.8,3.0,0.039606618464361296,27.653103783939727,279.31694820653956,289.0,9.683051793460448,0.03474008013057755,796,289,147980,1091
12,12,selection,H50a_corridor,disk,1.5,2.0,0.18003237167110295,157.00888079626935,1019.5647021342804,1091.0,71.43529786571962,0.19724733768375546,796,1091,147980,1091
12,12,selection,H50a_corridor,blur185,1.5,2.0,0.05841948835088308,45.77291291211775,687.8335403653678,706.0,18.16645963463226,0.057503659437333855,796,706,147980,1091
12,12,selection,H50a_corridor,disk,1.5,3.0,0.18741107279377756,163.5374762754783,1015.5312004464843,1091.0,75.46879955351572,0.20544909079833956,796,1091,147980,1091
12,12,selection,H50a_corridor,blur185,1.5,3.0,0.06213382646729813,50.16781901028202,802.9100387879945,823.0,20.0899612120055,0.06302489825412314,796,823,147980,1091
12,12,selection,H50a_corridor,disk,2.8,2.0,0.1674469937594733,146.28784541525158,1037.895844564407,1091.0,53.10415543559279,0.18377870027041657,796,1091,147980,1091
12,12,selection,H50a_corridor,blur185,2.8,2.0,0.05280182190657163,39.154356220903274,484.5165921588282,499.0,14.483407841171818,0.049188889724752854,796,499,147980,1091
12,12,selection,H50a_corridor,disk,2.8,3.0,0.1708233741412929,149.28784541525158,1036.3672490851982,1091.0,54.63275091480175,0.18754754449152208,796,1091,147980,1091
12,12,selection,H50a_corridor,blur185,2.8,3.0,0.05896964918451065,44.05124619023964,507.0266116080369,524.0,16.97338839196313,0.05534076154552718,796,524,147980,1091
12,12,selection,H50a_corridor,disk,3.6,2.0,0.10278645052382815,89.08506184875635,1060.417135899788,1091.0,30.582864100211857,0.1119159068451713,796,1091,147980,1091
12,12,selection,H50a_corridor,blur185,3.6,2.0,0.048337350666432986,35.026511514688664,404.1045694996616,417.0,12.895430500338414,0.044003155169206866,796,417,147980,1091
12,12,selection,H50a_corridor,disk,3.6,3.0,0.10786267990519592,93.53496800213206,1058.3005630797456,1091.0,32.69943692025423,0.11750624120870862,796,1091,147980,1091
12,12,selection,H50a_corridor,blur185,3.6,3.0,0.049044862244304155,35.747446802358226,424.6145889488703,438.0,13.385411051129728,0.04490885276678169,796,438,147980,1091
12,12,selection,H50a_corridor,disk,4.6,2.0,0.06661237294717613,50.128476047074955,528.5715922140396,545.0,16.42840778596038,0.06297547242094843,796,545,147980,1091
12,12,selection,H50a_corridor,blur185,4.6,2.0,0.040198735755966136,28.22688690118585,298.6903559372885,309.0,10.309644062711508,0.035460913192444536,796,309,147980,1091
12,12,selection,H50a_corridor,disk,4.6,3.0,0.06839754724404794,51.754336882117464,547.5930905814549,565.0,17.40690941854505,0.06501801115843903,796,565,147980,1091
12,12,selection,H50a_corridor,blur185,4.6,3.0,0.04075839781710647,28.947822188855405,338.20037538649717,349.0,10.799624613502822,0.03636661079001935,796,349,147980,1091
12,12,selection,H50a_corridor,disk,5.8,2.0,0.050797145637943984,36.08881571372815,332.15956955487303,344.0,11.840430445126977,0.045337708183075566,796,344,147980,1091
12,12,selection,H50a_corridor,blur185,5.8,2.0,0.03862461395133631,26.560220234519182,227.6903559372885,237.0,9.30964406271151,0.03336711084738591,796,237,147980,1091
12,12,selection,H50a_corridor,disk,5.8,3.0,0.05113467813472733,36.87205520043719,384.5144012556217,397.0,12.485598744378317,0.046321677387483905,796,397,147980,1091
12,12,selection,H50a_corridor,blur185,5.8,3.0,0.04142328909939014,28.947822188855405,281.20037538649717,292.0,10.79962461350282,0.03636661079001935,796,292,147980,1091
12,12,selection,H50b_kth_ridge,disk,1.5,2.0,0.14731144718819186,127.95388074105789,1031.0175306250712,1091.0,59.98246937492887,0.1607460813329873,796,1091,147980,1091
12,12,selection,H50b_kth_ridge,blur185,1.5,2.0,0.05491979002708644,43.82499062991414,762.0838025664548,779.0,16.916197433545193,0.05505652089185194,796,779,147980,1091
12,12,selection,H50b_kth_ridge,disk,1.5,3.0,0.15198073181862493,132.07045356110027,1028.9031487082352,1091.0,62.09685129176474,0.1659176552275129,796,1091,147980,1091
12,12,selection,H50b_kth_ridge,blur185,1.5,3.0,0.059116224081078916,48.06251807641188,833.0244207048303,852.0,18.97557929516963,0.06038004783468829,796,852,147980,1091
12,12,selection,H50b_kth_ridge,disk,2.8,2.0,0.1621618704569601,141.58475472337375,1039.9530355228253,1091.0,51.046964477174846,0.17787029487861022,796,1091,147980,1091
12,12,selection,H50b_kth_ridge,blur185,2.8,2.0,0.04903041421814815,37.04905528703314,557.1216860606639,571.0,13.878313939336085,0.046544039305318016,796,571,147980,1091
12,12,selection,H50b_kth_ridge,disk,2.8,3.0,0.16793567594778944,146.73921103762524,1038.1719869393226,1091.0,52.828013060677385,0.18434574250957944,796,1091,147980,1091
12,12,selection,H50b_kth_ridge,blur185,2.8,3.0,0.051584231020692796,39.05124619023964,562.1409935248728,577.0,14.859006475127257,0.0490593545103513,796,577,147980,1091
12,12,selection,H50b_kth_ridge,disk,3.6,2.0,0.11013923835781783,95.51743737706093,1056.6954691779101,1091.0,34.304530822089966,0.11999678062444841,796,1091,147980,1091
12,12,selection,H50b_kth_ridge,blur185,3.6,2.0,0.04505452003143615,33.235236449943045,471.1001876932486,483.0,11.89981230675141,0.04175280961048121,796,483,147980,1091
12,12,selection,H50b_kth_ridge,disk,3.6,3.0,0.11344238236986387,98.41944058701883,1055.4408251704099,1091.0,35.559174829590035,0.12364251330027491,796,1091,147980,1091
12,12,selection,H50b_kth_ridge,blur185,3.6,3.0,0.048352064177335584,35.82321379077645,484.59089967824843,498.0,13.409100321751552,0.04500403742559855,796,498,147980,1091
12,12,selection,H50b_kth_ridge,disk,4.6,2.0,0.0774986530004752,60.23628185487219,642.0429967348307,662.0,19.957003265169348,0.07567372092320626,796,662,147980,1091
12,12,selection,H50b_kth_ridge,blur185,4.6,2.0,0.037613095078165355,26.872055200437188,361.2954498391242,371.0,9.704550160875776,0.03375886331713215,796,371,147980,1091
12,12,selection,H50b_kth_ridge,disk,4.6,3.0,0.08194508375354646,63.781262460874935,643.9264239147883,666.0,22.07357608521172,0.0801272141468278,796,666,147980,1091
12,12,selection,H50b_kth_ridge,blur185,4.6,3.0,0.038163255686903964,27.48153090868592,389.04080583162414,399.0,9.959194168375847,0.03452453631744462,796,399,147980,1091
12,12,selection,H50b_kth_ridge,disk,5.8,2.0,0.045233477526825105,32.893553567852514,419.08088022903974,430.0,10.919119770960238,0.041323559758608686,796,430,147980,1091
12,12,selection,H50b_kth_ridge,blur185,5.8,2.0,0.03463996968196854,24.167505039561412,280.216760513291,289.0,8.78323948670904,0.030361187235629916,796,289,147980,1091
12,12,selection,H50b_kth_ridge,disk,5.8,3.0,0.04640160386242286,34.1838901663552,465.2976407423307,477.0,11.702359257669277,0.04294458563612462,796,477,147980,1091
12,12,selection,H50b_kth_ridge,blur185,5.8,3.0,0.03502800187756326,24.776980747810143,327.96211650579085,337.0,9.037883494209108,0.03112686023594239,796,337,147980,1091
12,12,selection,H50c_both,disk,1.5,2.0,0.16621659457036114,144.64966728910767,1022.5905823081087,1091.0,68.40941769189129,0.18172068754913023,796,1091,147980,1091
12,12,selection,H50c_both,blur185,1.5,2.0,0.05518798795891451,43.58422687528075,721.1216860606639,738.0,16.87831393933608,0.05475405386341803,796,738,147980,1091
12,12,selection,H50c_both,disk,1.5,3.0,0.17359291881881164,151.15676440090132,1018.6142715787305,1091.0,72.38572842126948,0.1898954326644489,796,1091,147980,1091
12,12,selection,H50c_both,blur185,1.5,3.0,0.06259010043948968,50.62211036948986,809.3169482065396,830.0,20.683051793460447,0.06359561604207269,796,830,147980,1091
12,12,selection,H50c_both,disk,2.8,2.0,0.1277276402073654,110.97391963947528,1049.1883720661162,1091.0,41.81162793388361,0.13941447190888856,796,1091,147980,1091
12,12,selection,H50c_both,blur185,2.8,2.0,0.054661460189760404,41.0370553660715,528.7096634014972,544.0,15.29033659850268,0.05155408965586872,796,544,147980,1091
12,12,selection,H50c_both,disk,2.8,3.0,0.13776665430919172,119.85442448201785,1046.0524917818652,1091.0,44.94750821813481,0.1505708850276606,796,1091,147980,1091
12,12,selection,H50c_both,blur185,2.8,3.0,0.061039418859603886,46.01774790186268,539.4929028882063,557.0,17.507097111793644,0.057811241082742056,796,557,147980,1091
12,12,selection,H50c_both,disk,3.6,2.0,0.08124928927785892,70.19693889166513,1065.6524724430792,1091.0,25.347527556920614,0.08818710916038333,796,1091,147980,1091
12,12,selection,H50c_both,blur185,3.6,2.0,0.04855034837907118,35.59664425973034,446.35483170074866,459.0,12.645168299251342,0.044719402336344645,796,459,147980,1091
12,12,selection,H50c_both,disk,3.6,3.0,0.08556387728742683,73.96087091416534,1064.0073041438282,1091.0,26.99269585617196,0.09291566697759465,796,1091,147980,1091
12,12,selection,H50c_both,blur185,3.6,3.0,0.05562111081663218,40.94417181665095,455.688165034082,471.0,15.311834965918006,0.05143740177971225,796,471,147980,1091
12,12,selection,H50c_both,disk,4.6,2.0,0.06540140246264589,49.63671865714595,561.1380711874576,578.0,16.861928812542303,0.062357686755208475,796,578,147980,1091
12,12,selection,H50c_both,blur185,4.6,2.0,0.04031494200496126,28.601757500351887,334.688165034082,345.0,10.311834965918008,0.035931856156220965,796,345,147980,1091
12,12,selection,H50c_both,disk,4.6,3.0,0.06365831695519313,48.457841638064096,573.630974075664,590.0,16.369025924335944,0.060876685474954895,796,590,147980,1091
12,12,selection,H50c_both,blur185,4.6,3.0,0.04234039900135696,30.361307716439097,371.02149836741535,382.0,10.978501632584674,0.03814234637743605,796,382,147980,1091
12,12,selection,H50c_both,disk,5.8,2.0,0.060284833901019505,43.403573017061206,372.471404520791,387.0,14.528595479208969,0.05452710178022765,796,387,147980,1091
12,12,selection,H50c_both,blur185,5.8,2.0,0.03697229012180916,25.601757500351887,252.688165034082,262.0,9.311834965918008,0.032163011935115435,796,262,147980,1091
12,12,selection,H50c_both,disk,5.8,3.0,0.05808881534340505,42.30338532381261,414.9643074089974,429.0,14.035692591002611,0.05314495643695052,796,429,147980,1091
12,12,selection,H50c_both,blur185,5.8,3.0,0.03887230975434153,27.361307716439097,308.0214983674153,318.0,9.978501632584674,0.034373502156330525,796,318,147980,1091
12,12,selection,RANDOM_fixed_seed,disk,1.5,2.0,0.05854861489054881,50.45085146495665,1074.007304143828,1091.0,16.992695856171956,0.06338046666451841,796,1091,147980,1091
12,12,selection,RANDOM_fixed_seed,disk,1.5,3.0,0.061304749315590504,52.84356665991442,1073.064495102246,1091.0,17.935504897754022,0.0663863902762744,796,1091,147980,1091
12,12,selection,RANDOM_fixed_seed,disk,2.8,2.0,0.05701198994355114,49.11532722841682,1074.3406374771612,1091.0,16.659362522838624,0.06170267239750856,796,1091,147980,1091
12,12,selection,RANDOM_fixed_seed,disk,2.8,3.0,0.058484256270208826,50.39146960333221,1073.7311617689124,1091.0,17.268838231087354,0.0633058663358445,796,1091,147980,1091
12,12,selection,RANDOM_fixed_seed,disk,3.6,2.0,0.05417186589772861,46.65122685145383,1075.2025662897036,1091.0,15.797433710296321,0.058607068908861595,796,1091,147980,1091
12,12,selection,RANDOM_fixed_seed,disk,3.6,3.0,0.05410545519132117,46.594035893035894,1075.2597572481216,1091.0,15.740242751878384,0.05853522097115062,796,1091,147980,1091
12,12,selection,RANDOM_fixed_seed,disk,4.6,2.0,0.058259430660911535,50.19109421683504,1073.3599449413703,1091.0,17.640055058629795,0.06305413846336061,796,1091,147980,1091
12,12,selection,RANDOM_fixed_seed,disk,4.6,3.0,0.060764187767849406,52.36704889850184,1072.671779907288,1091.0,18.32822009271179,0.06578774987248975,796,1091,147980,1091
12,12,selection,RANDOM_fixed_seed,disk,5.8,2.0,0.053662894637059144,46.19839836066308,1074.3027539829523,1091.0,16.697246017047735,0.058038188895305376,796,1091,147980,1091
12,12,selection,RANDOM_fixed_seed,disk,5.8,3.0,0.05773786407610541,49.74337896666583,1073.9479222822035,1091.0,17.052077717796394,0.062491682118926924,796,1091,147980,1091
13,13,selection,R2_scarp9_topo,disk,1.5,2.0,0.0639629189588975,27.74421049422258,909.0288025112434,922.0,12.97119748875663,0.09007860550072265,308,922,125125,922
13,13,selection,R2_scarp9_topo,blur185,1.5,2.0,0.04094839281013716,15.477880536481468,642.4473978800295,650.0,7.552602119970537,0.05025285888468009,308,650,125125,922
13,13,selection,R2_scarp9_topo,disk,1.5,3.0,0.07265937142388162,31.551139251553444,907.6167798520768,922.0,14.383220147923225,0.10243876380374495,308,922,125125,922
13,13,selection,R2_scarp9_topo,blur185,1.5,3.0,0.050262344997610335,19.601757500351884,698.3428283803679,708.0,9.657171619632125,0.06364206980633728,308,708,125125,922
13,13,selection,R2_scarp9_topo,disk,2.8,2.0,0.06111620607647276,26.512841693275526,910.538821960452,922.0,11.461178039547942,0.08608065484829716,308,922,125125,922
13,13,selection,R2_scarp9_topo,blur185,2.8,2.0,0.03173797920296807,11.13035297956085,510.3450192835744,516.0,5.6549807164256265,0.036137509673898865,308,516,125125,922
13,13,selection,R2_scarp9_topo,disk,2.8,3.0,0.06752825234499188,29.315388644193398,909.2863688561586,922.0,12.713631143841514,0.09517983326036818,308,922,125125,922
13,13,selection,R2_scarp9_topo,blur185,2.8,3.0,0.037630188824962295,13.349304396058312,528.4000193387858,535.0,6.599980661214188,0.04334189738979971,308,535,125125,922
13,13,selection,R2_scarp9_topo,disk,3.6,2.0,0.06147951577932742,26.672411248148556,910.538821960452,922.0,11.461178039547942,0.08659873781866415,308,922,125125,922
13,13,selection,R2_scarp9_topo,blur185,3.6,2.0,0.022679304676033935,7.5875632767646,433.20694809611666,437.0,3.7930519038833244,0.024634945703781167,308,437,125125,922
13,13,selection,R2_scarp9_topo,disk,3.6,3.0,0.07189754780022357,31.236699318360134,909.0696083428675,922.0,12.930391657132477,0.1014178549297407,308,922,125125,922
13,13,selection,R2_scarp9_topo,blur185,3.6,3.0,0.03131084676752149,10.568255812555773,445.0666860054524,450.0,4.933313994547522,0.034312518871934324,308,450,125125,922
13,13,selection,R2_scarp9_topo,disk,4.6,2.0,0.06101777523993353,22.537262398105902,592.2411812181213,602.0,9.758818781878666,0.0731729298639802,308,602,125125,922
13,13,selection,R2_scarp9_topo,blur185,4.6,2.0,0.023940311506334237,7.473181359928727,321.32133001295256,325.0,3.678669987047451,0.02426357584392444,308,325,125125,922
13,13,selection,R2_scarp9_topo,disk,4.6,3.0,0.06440399181325898,23.6753335855636,582.3577540381638,592.0,9.642245961836293,0.0768679661868948,308,592,125125,922
13,13,selection,R2_scarp9_topo,blur185,4.6,3.0,0.032629781171617016,10.256420846637765,329.37852097137045,334.0,4.6214790286295155,0.033300067683888844,308,334,125125,922
13,13,selection,R2_scarp9_topo,disk,5.8,2.0,0.03270652765521902,10.689941873219688,391.53151781662405,397.0,5.468482183375986,0.03470760348447951,308,397,125125,922
13,13,selection,R2_scarp9_topo,blur185,5.8,2.0,0.025047623191250444,7.473181359928727,252.32133001295256,256.0,3.678669987047451,0.02426357584392444,308,256,125125,922
13,13,selection,R2_scarp9_topo,disk,5.8,3.0,0.04045983665353864,13.473181359928727,419.53370871983054,426.0,6.466291280169487,0.04374409532444392,308,426,125125,922
13,13,selection,R2_scarp9_topo,blur185,5.8,3.0,0.03376855281085337,10.256420846637765,276.3785209713705,281.0,4.6214790286295155,0.033300067683888844,308,281,125125,922
13,13,selection,R7_scarp9_polarity,disk,1.5,2.0,0.058603913218445935,25.393760599886914,909.1646827954946,922.0,12.83531720450543,0.08244727467495751,308,922,125125,922
13,13,selection,R7_scarp9_polarity,blur185,1.5,2.0,0.027212857442310768,9.825822157470888,563.5380905262434,569.0,5.4619094737564895,0.0319020199917886,308,569,125125,922
13,13,selection,R7_scarp9_polarity,disk,1.5,3.0,0.058017543998932344,25.14130749559334,909.5573979904523,922.0,12.442602009547661,0.08162762173893942,308,922,125125,922
13,13,selection,R7_scarp9_polarity,blur185,1.5,3.0,0.03876914316550978,14.571178149970818,632.6524724430794,641.0,8.347527556920616,0.04730901996743772,308,641,125125,922
13,13,selection,R7_scarp9_polarity,disk,2.8,2.0,0.06382123455490209,27.68587403752729,909.3315564941956,922.0,12.668443505804362,0.08988920142054316,308,922,125125,922
13,13,selection,R7_scarp9_polarity,blur185,2.8,2.0,0.023410433620870336,7.847320524886214,436.1832588254949,440.0,3.81674117450515,0.025478313392487708,308,440,125125,922
13,13,selection,R7_scarp9_polarity,disk,2.8,3.0,0.06851404105417092,29.74306499594523,908.8386536059893,922.0,13.161346394010721,0.09656839284397802,308,922,125125,922
13,13,selection,R7_scarp9_polarity,blur185,2.8,3.0,0.03075326301262225,10.435297865719617,454.1810679222883,459.0,4.818932077711648,0.03388083722636239,308,459,125125,922
13,13,selection,R7_scarp9_polarity,disk,3.6,2.0,0.07006583770802555,30.430498595818676,909.1341034451134,922.0,12.865896554886495,0.0988003201162944,308,922,125125,922
13,13,selection,R7_scarp9_polarity,blur185,3.6,2.0,0.02437009776563512,7.847320524886214,370.1832588254949,374.0,3.8167411745051494,0.025478313392487708,308,374,125125,922
13,13,selection,R7_scarp9_polarity,disk,3.6,3.0,0.08308307301271696,36.15435622090328,907.6412005569072,922.0,14.358799443092854,0.11738427344449118,308,922,125125,922
13,13,selection,R7_scarp9_polarity,blur185,3.6,3.0,0.03135178381032893,10.180653858219546,381.43571192978845,386.0,4.564288070211578,0.03305407096824528,308,386,125125,922
13,13,selection,R7_scarp9_polarity,disk,4.6,2.0,0.043630326203664145,15.33656964146898,510.2218737539125,516.0,5.778126246087494,0.04979405727749669,308,516,125125,922
13,13,selection,R7_scarp9_polarity,blur185,4.6,2.0,0.02464873364877369,7.478294600550271,277.49509379141284,281.0,3.504906208587143,0.024280177274513867,308,281,125125,922
13,13,selection,R7_scarp9_polarity,disk,4.6,3.0,0.05443018406848111,19.23419104501389,515.6338964130791,524.0,8.366103586920897,0.06244867222407107,308,524,125125,922
13,13,selection,R7_scarp9_polarity,blur185,4.6,3.0,0.03228144207567798,9.86881889230154,286.6903559372885,291.0,4.3096440627115085,0.03204161978019981,308,291,125125,922
13,13,selection,R7_scarp9_polarity,disk,5.8,2.0,0.021273427159058503,6.6994369202542305,335.90273464416646,339.0,3.0972653558335437,0.021751418572253996,308,339,125125,922
13,13,selection,R7_scarp9_polarity,blur185,5.8,2.0,0.01645897945347853,4.778126246087494,214.74754689570642,217.0,2.252453104293571,0.015513396902881473,308,217,125125,922
13,13,selection,R7_scarp9_polarity,disk,5.8,3.0,0.03129077882553676,10.068462844590174,366.7861618241241,372.0,5.213838175875916,0.03268981443048758,308,372,125125,922
13,13,selection,R7_scarp9_polarity,blur185,5.8,3.0,0.027158874612286367,8.030579350381064,238.4142135623731,242.0,3.585786437626905,0.0260733095791593,308,242,125125,922
13,13,selection,H50a_corridor,disk,1.5,2.0,0.12197550332684307,53.140161997316,893.1727183735311,922.0,28.82728162646884,0.17253299349777923,308,922,125125,922
13,13,selection,H50a_corridor,blur185,1.5,2.0,0.031410918251081985,11.0440421397598,514.9501131854101,521.0,6.049886814589893,0.0358572796745448,308,521,125125,922
13,13,selection,H50a_corridor,disk,1.5,3.0,0.12766804508494148,55.673870717146514,892.7413882501558,922.0,29.258611749844263,0.18075932051021595,308,922,125125,922
13,13,selection,H50a_corridor,blur185,1.5,3.0,0.039762567352257895,14.513255757344334,578.4765177614127,587.0,8.523482238587423,0.04712096025111797,308,587,125125,922
13,13,selection,H50a_corridor,disk,2.8,2.0,0.0997023473880128,43.45815560878469,903.9366503960314,922.0,18.06334960396863,0.14109790782072953,308,922,125125,922
13,13,selection,H50a_corridor,blur185,2.8,2.0,0.02814230154292859,9.065540507175127,369.5952814846614,374.0,4.404718515338553,0.02943357307524392,308,374,125125,922
13,13,selection,H50a_corridor,disk,2.8,3.0,0.10513193001324682,45.84867990053596,902.6820063885312,922.0,19.3179936114687,0.14885935032641545,308,922,125125,922
13,13,selection,H50a_corridor,blur185,2.8,3.0,0.03591851322293599,11.651326944802033,378.2597572481216,384.0,5.740242751878385,0.03782898358701959,308,384,125125,922
13,13,selection,H50a_corridor,disk,3.6,2.0,0.07722009161000666,33.584223475861606,908.9938413544493,922.0,13.006158645550693,0.10903968660994028,308,922,125125,922
13,13,selection,H50a_corridor,blur185,3.6,2.0,0.029325775675327872,9.065540507175127,304.5952814846614,309.0,4.404718515338553,0.02943357307524392,308,309,125125,922
13,13,selection,H50a_corridor,disk,3.6,3.0,0.08648045198387326,37.50553415002834,898.934459492825,914.0,15.065540507175129,0.12177121477281928,308,914,125125,922
13,13,selection,H50a_corridor,blur185,3.6,3.0,0.037346125246716315,11.651326944802033,316.2597572481216,322.0,5.740242751878385,0.03782898358701959,308,322,125125,922
13,13,selection,H50a_corridor,disk,4.6,2.0,0.05265156962290351,17.550407817344897,417.1053009338702,424.0,6.894699066129865,0.05698184356280811,308,424,125125,922
13,13,selection,H50a_corridor,blur185,4.6,2.0,0.03031765196809726,9.008349548757192,244.65247244307938,249.0,4.347527556920616,0.029247888145315558,308,249,125125,922
13,13,selection,H50a_corridor,disk,4.6,3.0,0.06224907106637331,20.91943374168084,427.38144330878555,436.0,8.618556691214469,0.0679202394210417,308,436,125125,922
13,13,selection,H50a_corridor,blur185,4.6,3.0,0.037864971083703285,11.39668293730196,261.5144012556217,267.0,5.485598744378315,0.03700221732890247,308,267,125125,922
13,13,selection,H50a_corridor,disk,5.8,2.0,0.036544124545746855,10.99415532516991,261.23606797749983,265.0,3.76393202250021,0.0356953094973049,308,265,125125,922
13,13,selection,H50a_corridor,blur185,5.8,2.0,0.014610614203976387,4.149343073629936,183.82623622153972,186.0,2.173763778460308,0.013471893096201091,308,186,125125,922
13,13,selection,H50a_corridor,disk,5.8,3.0,0.047396675545227335,14.617825257005922,295.45501939399725,301.0,5.54498060600275,0.04746047161365559,308,301,125125,922
13,13,selection,H50a_corridor,blur185,5.8,3.0,0.02555890426927825,7.399605274717008,208.15956955487303,212.0,3.840430445126975,0.024024692450379893,308,212,125125,922
13,13,selection,H50b_kth_ridge,disk,1.5,2.0,0.04625314582317808,20.00615864555069,910.6747022447032,922.0,11.325297755296745,0.06495506053750225,308,922,125125,922
13,13,selection,H50b_kth_ridge,blur185,1.5,2.0,0.05073247977964447,18.461495409687686,569.0331843176564,578.0,8.966815682343633,0.059939920161323657,308,578,125125,922
13,13,selection,H50b_kth_ridge,disk,1.5,3.0,0.04718637524389814,20.420372207923787,911.3792524055791,922.0,10.620747594420969,0.06629990976598632,308,922,125125,922
13,13,selection,H50b_kth_ridge,blur185,1.5,3.0,0.056540663710247664,21.347113492851815,634.4193268029946,645.0,10.58067319700536,0.06930881004172668,308,645,125125,922
13,13,selection,H50b_kth_ridge,disk,2.8,2.0,0.05848921841110671,25.359113413813454,910.4860128084471,922.0,11.51398719155288,0.08233478381108264,308,922,125125,922
13,13,selection,H50b_kth_ridge,blur185,2.8,2.0,0.0355964606635641,12.035278526933805,446.4808995678256,452.0,5.519100432174426,0.039075579632901966,308,452,125125,922
13,13,selection,H50b_kth_ridge,disk,2.8,3.0,0.057769475938359995,25.047278447895444,910.8171552385741,922.0,11.182844761426047,0.08132233262303716,308,922,125125,922
13,13,selection,H50b_kth_ridge,blur185,2.8,3.0,0.04102317070521894,13.920896610097934,450.79054363053706,457.0,6.209456369462918,0.04519771626655173,308,457,125125,922
13,13,selection,H50b_kth_ridge,disk,3.6,2.0,0.053135244402747285,23.030893321101665,912.1646827954945,922.0,9.835317204505431,0.0747756276659145,308,922,125125,922
13,13,selection,H50b_kth_ridge,blur185,3.6,2.0,0.0361732189894337,11.723443561015799,376.73554357532566,382.0,5.264456424674355,0.03806312844485649,308,382,125125,922
13,13,selection,H50b_kth_ridge,disk,3.6,3.0,0.05650553328148528,24.500106938686198,911.4386342672034,922.0,10.561365732796531,0.07954580174898117,308,922,125125,922
13,13,selection,H50b_kth_ridge,blur185,3.6,3.0,0.04270969776110303,13.920896610097934,383.79054363053706,390.0,6.209456369462918,0.04519771626655173,308,390,125125,922
13,13,selection,H50b_kth_ridge,disk,4.6,2.0,0.03990159465865214,14.395951503093414,557.535899623037,564.0,6.464100376962987,0.046740102282770826,308,564,125125,922
13,13,selection,H50b_kth_ridge,blur185,4.6,2.0,0.03800244822969642,11.723443561015799,298.73554357532566,304.0,5.264456424674355,0.03806312844485649,308,304,125125,922
13,13,selection,H50b_kth_ridge,disk,4.6,3.0,0.04197201257610119,15.139116592386847,556.3384465739549,563.0,6.6615534260451215,0.049152975949307946,308,563,125125,922
13,13,selection,H50b_kth_ridge,blur185,4.6,3.0,0.04468381065477502,13.920896610097934,311.7905436305371,318.0,6.209456369462918,0.04519771626655173,308,318,125125,922
13,13,selection,H50b_kth_ridge,disk,5.8,2.0,0.03759736504717377,12.279378683051043,388.73116176891267,394.0,5.268838231087353,0.03986811260730858,308,394,125125,922
13,13,selection,H50b_kth_ridge,blur185,5.8,2.0,0.02984427294195616,8.766440295846452,227.9308057212013,232.0,4.0691942787987205,0.028462468493007962,308,232,125125,922
13,13,selection,H50b_kth_ridge,disk,5.8,3.0,0.042207780793973915,13.94385444651121,405.86704205316386,412.0,6.132957946836154,0.04527225469646497,308,412,125125,922
13,13,selection,H50b_kth_ridge,blur185,5.8,3.0,0.036523187123948364,10.963893344928586,257.9858057764127,263.0,5.014194223587284,0.0355970563147032,308,263,125125,922
13,13,selection,H50c_both,disk,1.5,2.0,0.09070991668562796,39.44218454605972,902.641200556907,922.0,19.358799443092852,0.12805904073396013,308,922,125125,922
13,13,selection,H50c_both,blur185,1.5,2.0,0.05466749464324187,19.422880481270028,525.0331843176564,534.0,8.966815682343633,0.06306130026386372,308,534,125125,922
13,13,selection,H50c_both,disk,1.5,3.0,0.0895266278016667,38.93508743426607,903.5625112310738,922.0,18.437488768926116,0.1264126215398249,308,922,125125,922
13,13,selection,H50c_both,blur185,1.5,3.0,0.05157164409087049,19.111045515352025,601.752660136328,611.0,9.247339863672028,0.062048849075818265,308,611,125125,922
13,13,selection,H50c_both,disk,2.8,2.0,0.0676726805325269,29.391883667401018,910.2291778977406,922.0,11.77082210225945,0.09542819372532799,308,922,125125,922
13,13,selection,H50c_both,blur185,2.8,2.0,0.03927871296370083,12.917974272682885,399.48089956782553,405.0,5.519100432174426,0.04194147491130807,308,405,125125,922
13,13,selection,H50c_both,disk,2.8,3.0,0.07498172929623445,32.58933671648315,908.5625112310738,922.0,13.437488768926116,0.10580953479377647,308,922,125125,922
13,13,selection,H50c_both,blur185,2.8,3.0,0.044904825228131266,14.858592411058451,407.5952814846614,414.0,6.404718515338553,0.04824218315278718,308,414,125125,922
13,13,selection,H50c_both,disk,3.6,2.0,0.0604030491363036,25.63525578872885,864.3814433087856,875.0,10.618556691214469,0.08323134996340535,308,875,125125,922
13,13,selection,H50c_both,blur185,3.6,2.0,0.03904203918289608,12.408686257682746,344.73554357532566,350.0,5.264456424674356,0.04028794239507385,308,350,125125,922
13,13,selection,H50c_both,disk,3.6,3.0,0.06431442253492589,27.085161942104556,846.5982038220766,858.0,11.401796177923508,0.08793883747436544,308,858,125125,922
13,13,selection,H50c_both,blur185,3.6,3.0,0.0450895906889871,14.349304396058312,344.84992549216156,351.0,6.150074507838484,0.04658865063655296,308,351,125125,922
13,13,selection,H50c_both,disk,4.6,2.0,0.04821154841166313,16.669171540593766,480.0838025664548,487.0,6.916197433545192,0.05412068682010963,308,487,125125,922
13,13,selection,H50c_both,blur185,4.6,2.0,0.04092185299234172,12.408686257682746,271.7355435753256,277.0,5.264456424674356,0.04028794239507385,308,277,125125,922
13,13,selection,H50c_both,disk,4.6,3.0,0.05343315295342128,18.450220124096305,476.0266116080369,484.0,7.9733883919631285,0.059903312091221766,308,484,125125,922
13,13,selection,H50c_both,blur185,4.6,3.0,0.04716444800301625,14.349304396058312,274.8499254921615,281.0,6.150074507838484,0.04658865063655296,308,281,125125,922
13,13,selection,H50c_both,disk,5.8,2.0,0.051350176916206844,16.159883525593624,325.3384465739549,332.0,6.661553426045122,0.052467154303875406,308,332,125125,922
13,13,selection,H50c_both,blur185,5.8,2.0,0.04241164798861045,12.35149529926481,211.79273453374358,217.0,5.20726546625642,0.04010225746514549,308,217,125125,922
13,13,selection,H50c_both,disk,5.8,3.0,0.05564447890989479,17.686288101596098,339.53589962303704,347.0,7.464100376962989,0.05742301331687045,308,347,125125,922
13,13,selection,H50c_both,blur185,5.8,3.0,0.04824507449520782,14.292113437640374,234.90711645057945,241.0,6.092883549420546,0.04640296570662459,308,241,125125,922
13,13,selection,RANDOM_fixed_seed,disk,1.5,2.0,0.06995412536672109,30.38864735926537,909.6524724430794,922.0,12.347527556920618,0.09866443947813432,308,922,125125,922
13,13,selection,RANDOM_fixed_seed,disk,1.5,3.0,0.06995596734327619,30.38864735926537,909.5952814846614,922.0,12.404718515338555,0.09866443947813432,308,922,125125,922
13,13,selection,RANDOM_fixed_seed,disk,2.8,2.0,0.07719466392707759,33.56241113772568,908.3191391097461,922.0,13.68086089025395,0.10896886733027819,308,922,125125,922
13,13,selection,RANDOM_fixed_seed,disk,2.8,3.0,0.07719466392707759,33.56241113772568,908.3191391097461,922.0,13.68086089025395,0.10896886733027819,308,922,125125,922
13,13,selection,RANDOM_fixed_seed,disk,3.6,2.0,0.07338377974502074,31.89574447105901,909.3191391097461,922.0,12.68086089025395,0.10355761191902277,308,922,125125,922
13,13,selection,RANDOM_fixed_seed,disk,3.6,3.0,0.07896768915045721,34.34565062443472,908.3191391097461,922.0,13.68086089025395,0.11151185267673609,308,922,125125,922
13,13,selection,RANDOM_fixed_seed,disk,4.6,2.0,0.07700465568893779,33.483721811892416,908.6524724430794,922.0,13.347527556920618,0.10871338250614421,308,922,125125,922
13,13,selection,RANDOM_fixed_seed,disk,4.6,3.0,0.08088610546788996,35.18827197276819,907.9858057764128,922.0,14.014194223587285,0.1142476362752214,308,922,125125,922
13,13,selection,RANDOM_fixed_seed,disk,5.8,2.0,0.08238365567562013,35.85493863943486,908.2404497839127,922.0,13.759550216087215,0.11641213843972358,308,922,125125,922
13,13,selection,RANDOM_fixed_seed,disk,5.8,3.0,0.08238365567562013,35.85493863943486,908.2404497839127,922.0,13.759550216087215,0.11641213843972358,308,922,125125,922
14,14,calibration,R2_scarp9_topo,disk,1.5,2.0,0.009790125952512826,3.8976214035449113,918.6903559372885,921.0,2.3096440627115085,0.014597832972078319,267,921,124908,921
14,14,calibration,R2_scarp9_topo,blur185,1.5,2.0,0.014990832306125109,5.283032454674636,688.8047378541244,691.0,2.1952621458756347,0.01978663840702111,267,691,124908,921
14,14,calibration,R2_scarp9_topo,disk,1.5,3.0,0.009790125952512826,3.8976214035449113,918.6903559372885,921.0,2.3096440627115085,0.014597832972078319,267,921,124908,921
14,14,calibration,R2_scarp9_topo,blur185,1.5,3.0,0.021145805682251655,7.732938608050342,752.7475468957064,756.0,3.252453104293571,0.02896231688408368,267,756,124908,921
14,14,calibration,R2_scarp9_topo,disk,2.8,2.0,0.025897131781507387,10.335110172471028,917.0808802290397,921.0,3.9191197709602386,0.03870827779951696,267,921,124908,921
14,14,calibration,R2_scarp9_topo,blur185,2.8,2.0,0.0166123925777023,5.283032454674636,516.8047378541244,519.0,2.195262145875635,0.01978663840702111,267,519,124908,921
14,14,calibration,R2_scarp9_topo,disk,2.8,3.0,0.025897131781507387,10.335110172471028,917.0808802290397,921.0,3.919119770960238,0.03870827779951696,267,921,124908,921
14,14,calibration,R2_scarp9_topo,blur185,2.8,3.0,0.016529231225058984,5.283032454674636,524.8047378541244,527.0,2.195262145875635,0.01978663840702111,267,527,124908,921
14,14,calibration,R2_scarp9_topo,disk,3.6,2.0,0.04912986904932916,19.674602151355053,914.6309740756641,921.0,6.3690259243359435,0.07368764850694777,267,921,124908,921
14,14,calibration,R2_scarp9_topo,blur185,3.6,2.0,0.008419313116281288,2.5212913353809245,426.80473785412437,428.0,1.195262145875635,0.009443038709291852,267,428,124908,921
14,14,calibration,R2_scarp9_topo,disk,3.6,3.0,0.048352560371373414,19.362767185437047,914.8856180831641,921.0,6.114381916835875,0.07251972728628107,267,921,124908,921
14,14,calibration,R2_scarp9_topo,blur185,3.6,3.0,0.008413693970012542,2.5212913353809245,427.80473785412437,429.0,1.195262145875635,0.009443038709291852,267,429,124908,921
14,14,calibration,R2_scarp9_topo,disk,4.6,2.0,0.029450282999658316,10.044773573968348,627.3333333333333,631.0,3.666666666666667,0.03762087480887022,267,631,124908,921
14,14,calibration,R2_scarp9_topo,blur185,4.6,2.0,0.009008948889635306,2.5212913353809245,328.80473785412437,330.0,1.195262145875635,0.009443038709291852,267,330,124908,921
14,14,calibration,R2_scarp9_topo,disk,4.6,3.0,0.029398566784938775,10.044773573968348,630.3333333333333,634.0,3.666666666666667,0.03762087480887022,267,634,124908,921
14,14,calibration,R2_scarp9_topo,blur185,4.6,3.0,0.008957737166394041,2.5212913353809245,336.80473785412437,338.0,1.195262145875635,0.009443038709291852,267,338,124908,921
14,14,calibration,R2_scarp9_topo,disk,5.8,2.0,0.03378942924175739,10.044773573968348,408.3333333333333,412.0,3.666666666666667,0.03762087480887022,267,412,124908,921
14,14,calibration,R2_scarp9_topo,blur185,5.8,2.0,0.009540761627648636,2.5212913353809245,250.80473785412437,252.0,1.195262145875635,0.009443038709291852,267,252,124908,921
14,14,calibration,R2_scarp9_topo,disk,5.8,3.0,0.033099111975595286,10.044773573968348,439.3333333333333,443.0,3.666666666666667,0.03762087480887022,267,443,124908,921
14,14,calibration,R2_scarp9_topo,blur185,5.8,3.0,0.009342780324542355,2.5212913353809245,278.80473785412437,280.0,1.195262145875635,0.009443038709291852,267,280,124908,921
14,14,calibration,R7_scarp9_polarity,disk,1.5,2.0,0.013424885515531186,5.347527556920617,918.2998316455372,921.0,2.700168354462778,0.02002819309708096,267,921,124908,921
14,14,calibration,R7_scarp9_polarity,blur185,1.5,2.0,0.009283723161208759,3.1092686762143282,603.471404520791,605.0,1.5285954792089682,0.011645201034510593,267,605,124908,921
14,14,calibration,R7_scarp9_polarity,disk,1.5,3.0,0.013424885515531186,5.347527556920617,918.2998316455372,921.0,2.700168354462778,0.02002819309708096,267,921,124908,921
14,14,calibration,R7_scarp9_polarity,blur185,1.5,3.0,0.014262764731185774,4.971197488756631,669.7475468957064,672.0,2.252453104293571,0.01861871718635442,267,672,124908,921
14,14,calibration,R7_scarp9_polarity,disk,2.8,2.0,0.01792858632893002,7.147152170423437,918.0808802290397,921.0,2.919119770960238,0.026768360188851825,267,921,124908,921
14,14,calibration,R7_scarp9_polarity,blur185,2.8,2.0,0.008281049154507544,2.5212913353809245,451.80473785412437,453.0,1.195262145875635,0.009443038709291852,267,453,124908,921
14,14,calibration,R7_scarp9_polarity,disk,2.8,3.0,0.01792858632893002,7.147152170423437,918.0808802290397,921.0,2.919119770960238,0.026768360188851825,267,921,124908,921
14,14,calibration,R7_scarp9_polarity,blur185,2.8,3.0,0.008519255745504542,2.578482293798862,442.7475468957064,444.0,1.2524531042935716,0.009657237055426449,267,444,124908,921
14,14,calibration,R7_scarp9_polarity,disk,3.6,2.0,0.045920733571312204,18.384265552852376,915.3548317007487,921.0,5.64516829925134,0.06885492716424112,267,921,124908,921
14,14,calibration,R7_scarp9_polarity,blur185,3.6,2.0,0.008728262471305587,2.5212913353809245,373.80473785412437,375.0,1.195262145875635,0.009443038709291852,267,375,124908,921
14,14,calibration,R7_scarp9_polarity,disk,3.6,3.0,0.049318763003323815,19.755482380394817,915.0808802290397,921.0,5.919119770960238,0.0739905707130892,267,921,124908,921
14,14,calibration,R7_scarp9_polarity,blur185,3.6,3.0,0.008938624976655917,2.578482293798862,371.7475468957064,373.0,1.2524531042935716,0.009657237055426449,267,373,124908,921
14,14,calibration,R7_scarp9_polarity,disk,4.6,2.0,0.01731149568867493,5.718744384463059,578.0,580.0,2.0,0.021418518293869135,267,580,124908,921
14,14,calibration,R7_scarp9_polarity,blur185,4.6,2.0,0.00931516604646588,2.5212913353809245,282.80473785412437,284.0,1.195262145875635,0.009443038709291852,267,284,124908,921
14,14,calibration,R7_scarp9_polarity,disk,4.6,3.0,0.017374610345712454,5.718744384463059,572.0,574.0,2.0,0.021418518293869135,267,574,124908,921
14,14,calibration,R7_scarp9_polarity,blur185,4.6,3.0,0.009422031879807745,2.578482293798862,297.7475468957064,299.0,1.2524531042935716,0.009657237055426449,267,299,124908,921
14,14,calibration,R7_scarp9_polarity,disk,5.8,2.0,0.013565073094815893,3.9355048977540203,378.66666666666663,380.0,1.3333333333333335,0.014739718718179851,267,380,124908,921
14,14,calibration,R7_scarp9_polarity,blur185,5.8,2.0,0.00626369179010621,1.6021715644206864,209.33333333333331,210.0,0.6666666666666667,0.006000642563373357,267,210,124908,921
14,14,calibration,R7_scarp9_polarity,disk,5.8,3.0,0.013362417133926666,3.9355048977540203,400.66666666666663,402.0,1.3333333333333335,0.014739718718179851,267,402,124908,921
14,14,calibration,R7_scarp9_polarity,blur185,5.8,3.0,0.006353156479073344,1.6593625228386233,236.2761423749154,237.0,0.7238576250846033,0.006214840909507953,267,237,124908,921
14,14,calibration,H50a_corridor,disk,1.5,2.0,0.0,0.0,921.0,921.0,0.0,0.0,267,921,124908,921
14,14,calibration,H50a_corridor,blur185,1.5,2.0,0.00548391469459326,1.7996246135028202,571.0214983674153,572.0,0.9785016325846734,0.006740167091770863,267,572,124908,921
14,14,calibration,H50a_corridor,disk,1.5,3.0,0.0,0.0,921.0,921.0,0.0,0.0,267,921,124908,921
14,14,calibration,H50a_corridor,blur185,1.5,3.0,0.010725368944244171,3.6615534260451215,635.2976407423307,637.0,1.7023592576692768,0.013713683243614687,267,637,124908,921
14,14,calibration,H50a_corridor,disk,2.8,2.0,0.04614981943583083,18.465145781892137,914.1001876932486,921.0,6.899812306751411,0.06915784937038254,267,921,124908,921
14,14,calibration,H50a_corridor,blur185,2.8,2.0,0.0023868470332991773,0.7023592576692765,402.60947570824874,403.0,0.3905242917512699,0.002630559017487927,267,403,124908,921
14,14,calibration,H50a_corridor,disk,2.8,3.0,0.04954971587374292,19.836362609434577,913.8262362215397,921.0,7.173763778460309,0.07429349291923062,267,921,124908,921
14,14,calibration,H50a_corridor,blur185,2.8,3.0,0.0023803755959346034,0.7023592576692765,406.60947570824874,407.0,0.3905242917512699,0.002630559017487927,267,407,124908,921
14,14,calibration,H50a_corridor,disk,3.6,2.0,0.04271382461595567,17.091006616934646,915.5500938466243,921.0,5.449906153375705,0.06401126073758294,267,921,124908,921
14,14,calibration,H50a_corridor,blur185,3.6,2.0,0.0025222771222312666,0.7023592576692765,323.60947570824874,324.0,0.3905242917512699,0.002630559017487927,267,324,124908,921
14,14,calibration,H50a_corridor,disk,3.6,3.0,0.04611547582773063,18.46222344447709,915.2761423749154,921.0,5.723857625084603,0.06914690428643104,267,921,124908,921
14,14,calibration,H50a_corridor,blur185,3.6,3.0,0.002513251659699874,0.7023592576692765,328.60947570824874,329.0,0.3905242917512699,0.002630559017487927,267,329,124908,921
14,14,calibration,H50a_corridor,disk,4.6,2.0,0.01454629838993741,4.523482238587423,482.3333333333333,484.0,1.666666666666667,0.01694188104339859,267,484,124908,921
14,14,calibration,H50a_corridor,blur185,4.6,2.0,0.00268216951421491,0.7023592576692765,240.60947570824874,241.0,0.3905242917512699,0.002630559017487927,267,241,124908,921
14,14,calibration,H50a_corridor,disk,4.6,3.0,0.01453694900878334,4.523482238587423,483.3333333333333,485.0,1.6666666666666667,0.01694188104339859,267,485,124908,921
14,14,calibration,H50a_corridor,blur185,4.6,3.0,0.002659823380616005,0.7023592576692765,251.60947570824874,252.0,0.3905242917512699,0.002630559017487927,267,252,124908,921
14,14,calibration,H50a_corridor,disk,5.8,2.0,0.01653492597723422,4.523482238587423,295.3333333333333,297.0,1.6666666666666667,0.01694188104339859,267,297,124908,921
14,14,calibration,H50a_corridor,blur185,5.8,2.0,0.0028177508949374644,0.7023592576692765,177.60947570824874,178.0,0.3905242917512699,0.002630559017487927,267,178,124908,921
14,14,calibration,H50a_corridor,disk,5.8,3.0,0.016249811719062084,4.523482238587423,319.3333333333333,321.0,1.6666666666666667,0.01694188104339859,267,321,124908,921
14,14,calibration,H50a_corridor,blur185,5.8,3.0,0.002760169474050708,0.7023592576692765,203.60947570824874,204.0,0.3905242917512699,0.002630559017487927,267,204,124908,921
14,14,calibration,H50b_kth_ridge,disk,1.5,2.0,0.012976480454733406,5.170841441045262,919.2189514164975,921.0,1.7810485835025398,0.01936644734473881,267,921,124908,921
14,14,calibration,H50b_kth_ridge,blur185,1.5,2.0,0.013194888682544977,4.438220203134664,609.3570226039551,611.0,1.6429773960448415,0.016622547577283386,267,611,124908,921
14,14,calibration,H50b_kth_ridge,disk,1.5,3.0,0.012976480454733406,5.170841441045262,919.2189514164975,921.0,1.7810485835025398,0.01936644734473881,267,921,124908,921
14,14,calibration,H50b_kth_ridge,blur185,1.5,3.0,0.013069611572523813,4.495411161552601,647.2998316455372,649.0,1.700168354462778,0.01683674592341798,267,649,124908,921
14,14,calibration,H50b_kth_ridge,disk,2.8,2.0,0.034349101754866614,13.727825367428796,916.5522847498307,921.0,4.447715250169207,0.05141507628250486,267,921,124908,921
14,14,calibration,H50b_kth_ridge,blur185,2.8,2.0,0.0061958568264668295,1.8761230361295844,444.13807118745774,445.0,0.8619288125423016,0.007026678037938518,267,445,124908,921
14,14,calibration,H50b_kth_ridge,disk,2.8,3.0,0.039074286671412856,15.625446770973706,915.8284271247462,921.0,5.17157287525381,0.05852227255046332,267,921,124908,921
14,14,calibration,H50b_kth_ridge,blur185,2.8,3.0,0.006380514459596523,1.9333139945475213,445.08088022903974,446.0,0.9191197709602381,0.007240876384073114,267,446,124908,921
14,14,calibration,H50b_kth_ridge,disk,3.6,2.0,0.062439734751006275,25.062935539899826,913.9071164505795,921.0,7.092883549420547,0.09386867243408174,267,921,124908,921
14,14,calibration,H50b_kth_ridge,blur185,3.6,2.0,0.006478261896926841,1.8761230361295844,378.1380711874577,379.0,0.8619288125423016,0.007026678037938518,267,379,124908,921
14,14,calibration,H50b_kth_ridge,disk,3.6,3.0,0.06581988596471774,26.434152367442266,913.6331649788706,921.0,7.366835021129445,0.09900431598292983,267,921,124908,921
14,14,calibration,H50b_kth_ridge,blur185,3.6,3.0,0.006666534721691848,1.9333139945475213,380.08088022903974,381.0,0.9191197709602381,0.007240876384073114,267,381,124908,921
14,14,calibration,H50b_kth_ridge,disk,4.6,2.0,0.0138424044988313,4.5212913353809245,560.6094757082487,562.0,1.39052429175127,0.016933675413411703,267,562,124908,921
14,14,calibration,H50b_kth_ridge,blur185,4.6,2.0,0.006842099243152023,1.8761230361295844,301.1380711874577,302.0,0.8619288125423016,0.007026678037938518,267,302,124908,921
14,14,calibration,H50b_kth_ridge,disk,4.6,3.0,0.013791734699531037,4.5212913353809245,566.6094757082487,568.0,1.39052429175127,0.016933675413411703,267,568,124908,921
14,14,calibration,H50b_kth_ridge,blur185,4.6,3.0,0.006989494405127421,1.9333139945475213,313.08088022903974,314.0,0.9191197709602381,0.007240876384073114,267,314,124908,921
14,14,calibration,H50b_kth_ridge,disk,5.8,2.0,0.015589253873284926,4.5212913353809245,377.60947570824874,379.0,1.39052429175127,0.016933675413411703,267,379,124908,921
14,14,calibration,H50b_kth_ridge,blur185,5.8,2.0,0.0071716463185753435,1.8761230361295844,238.13807118745768,239.0,0.8619288125423016,0.007026678037938518,267,239,124908,921
14,14,calibration,H50b_kth_ridge,disk,5.8,3.0,0.015304302896723037,4.5212913353809245,404.60947570824874,406.0,1.39052429175127,0.016933675413411703,267,406,124908,921
14,14,calibration,H50b_kth_ridge,blur185,5.8,3.0,0.007251663196555722,1.9333139945475213,263.08088022903974,264.0,0.9191197709602381,0.007240876384073114,267,264,124908,921
14,14,calibration,H50c_both,disk,1.5,2.0,0.0,0.0,921.0,921.0,0.0,0.0,267,921,124908,921
14,14,calibration,H50c_both,blur185,1.5,2.0,0.002829121929780339,0.9191197709602381,555.471404520791,556.0,0.5285954792089682,0.0034423961459184946,267,556,124908,921
14,14,calibration,H50c_both,disk,1.5,3.0,0.0,0.0,921.0,921.0,0.0,0.0,267,921,124908,921
14,14,calibration,H50c_both,blur185,1.5,3.0,0.002929417549926128,0.9763107293781746,597.4142135623731,598.0,0.5857864376269047,0.0036565944920530884,267,598,124908,921
14,14,calibration,H50c_both,disk,2.8,2.0,0.07628199536423638,30.657485590352728,910.8262362215396,921.0,10.173763778460309,0.11482204340956077,267,921,124908,921
14,14,calibration,H50c_both,blur185,2.8,2.0,0.0030834863613917905,0.9191197709602381,421.471404520791,422.0,0.5285954792089682,0.0034423961459184946,267,422,124908,921
14,14,calibration,H50c_both,disk,2.8,3.0,0.07888711672573352,31.716867451977162,910.5522847498307,921.0,10.447715250169205,0.11878976573774218,267,921,124908,921
14,14,calibration,H50c_both,blur185,2.8,3.0,0.0030938657407905586,0.9191197709602381,416.471404520791,417.0,0.5285954792089682,0.0034423961459184946,267,417,124908,921
14,14,calibration,H50c_both,disk,3.6,2.0,0.048575429648911046,19.46076397547914,915.688165034082,921.0,5.311834965918007,0.07288675646246869,267,921,124908,921
14,14,calibration,H50c_both,blur185,3.6,2.0,0.0032150757799924885,0.9191197709602381,360.471404520791,361.0,0.5285954792089682,0.0034423961459184946,267,361,124908,921
14,14,calibration,H50c_both,disk,3.6,3.0,0.051969615463377646,20.83198080302158,915.4142135623731,921.0,5.585786437626905,0.07802240001131677,267,921,124908,921
14,14,calibration,H50c_both,blur185,3.6,3.0,0.003212828089081935,0.9191197709602381,361.471404520791,362.0,0.5285954792089682,0.0034423961459184946,267,362,124908,921
14,14,calibration,H50c_both,disk,4.6,2.0,0.021128529722558798,6.614174884801471,490.60947570824874,492.0,1.39052429175127,0.024772190579780792,267,492,124908,921
14,14,calibration,H50c_both,blur185,4.6,2.0,0.0034388143070953827,0.9191197709602381,267.471404520791,268.0,0.5285954792089682,0.0034423961459184946,267,268,124908,921
14,14,calibration,H50c_both,disk,4.6,3.0,0.02110156671735585,6.614174884801471,492.60947570824874,494.0,1.39052429175127,0.024772190579780792,267,494,124908,921
14,14,calibration,H50c_both,blur185,4.6,3.0,0.003383120518451249,0.9191197709602381,289.471404520791,290.0,0.5285954792089682,0.0034423961459184946,267,290,124908,921
14,14,calibration,H50c_both,disk,5.8,2.0,0.008203801412635102,2.2881456952961816,324.27614237491537,325.0,0.7238576250846033,0.008569834064779706,267,325,124908,921
14,14,calibration,H50c_both,blur185,5.8,2.0,0.003614624119808684,0.9191197709602381,202.47140452079103,203.0,0.5285954792089682,0.0034423961459184946,267,203,124908,921
14,14,calibration,H50c_both,disk,5.8,3.0,0.008031036979018384,2.2881456952961816,354.27614237491537,355.0,0.7238576250846033,0.008569834064779706,267,355,124908,921
14,14,calibration,H50c_both,blur185,5.8,3.0,0.003528587446764703,0.9191197709602381,233.47140452079103,234.0,0.5285954792089682,0.0034423961459184946,267,234,124908,921
14,14,calibration,RANDOM_fixed_seed,disk,1.5,2.0,0.039555318250049966,15.820708916849345,916.0,921.0,5.0,0.05925359144887395,267,921,124908,921
14,14,calibration,RANDOM_fixed_seed,disk,1.5,3.0,0.046366592409395016,18.56314257193423,915.216760513291,921.0,5.783239486709038,0.06952487854657015,267,921,124908,921
14,14,calibration,RANDOM_fixed_seed,disk,2.8,2.0,0.046366592409395016,18.56314257193423,915.216760513291,921.0,5.783239486709039,0.06952487854657015,267,921,124908,921
14,14,calibration,RANDOM_fixed_seed,disk,2.8,3.0,0.046366592409395016,18.56314257193423,915.216760513291,921.0,5.783239486709038,0.06952487854657015,267,921,124908,921
14,14,calibration,RANDOM_fixed_seed,disk,3.6,2.0,0.04699665799164327,18.817786579434298,915.216760513291,921.0,5.783239486709038,0.07047860142110224,267,921,124908,921
14,14,calibration,RANDOM_fixed_seed,disk,3.6,3.0,0.04699665799164327,18.817786579434298,915.216760513291,921.0,5.783239486709038,0.07047860142110224,267,921,124908,921
14,14,calibration,RANDOM_fixed_seed,disk,4.6,2.0,0.04573054843895751,18.30849856443416,915.471404520791,921.0,5.528595479208969,0.06857115567203806,267,921,124908,921
14,14,calibration,RANDOM_fixed_seed,disk,4.6,3.0,0.04573054843895751,18.30849856443416,915.471404520791,921.0,5.528595479208969,0.06857115567203806,267,921,124908,921
14,14,calibration,RANDOM_fixed_seed,disk,5.8,2.0,0.04573054843895751,18.30849856443416,915.471404520791,921.0,5.528595479208969,0.06857115567203806,267,921,124908,921
14,14,calibration,RANDOM_fixed_seed,disk,5.8,3.0,0.04573054843895751,18.30849856443416,915.471404520791,921.0,5.528595479208969,0.06857115567203806,267,921,124908,921
15,15,calibration,R2_scarp9_topo,disk,1.5,2.0,0.16726442536100264,70.70006826111458,894.7220807859469,929.0,34.2779192140531,0.24634170125823895,287,929,126064,929
15,15,calibration,R2_scarp9_topo,blur185,1.5,2.0,0.040632937846800075,15.281569586257541,717.1595695548731,722.0,4.840430445126975,0.05324588706013081,287,722,126064,929
15,15,calibration,R2_scarp9_topo,disk,1.5,3.0,0.17248486735684668,72.95471226861466,893.8601519734045,929.0,35.139848026595395,0.254197603723396,287,929,126064,929
15,15,calibration,R2_scarp9_topo,blur185,1.5,3.0,0.04888288724411514,18.59340455217555,735.2382588807063,742.0,6.761741119293713,0.06478538171489738,287,742,126064,929
15,15,calibration,R2_scarp9_topo,disk,2.8,2.0,0.12198134516187789,51.46034991141033,909.8929222269921,929.0,19.10707777300783,0.17930435509202206,287,929,126064,929
15,15,calibration,R2_scarp9_topo,blur185,2.8,2.0,0.02416413461226657,8.305990291087914,562.3548317007486,565.0,2.64516829925134,0.028940732721560676,287,565,126064,929
15,15,calibration,R2_scarp9_topo,disk,2.8,3.0,0.12329607733816399,52.029019788034915,909.8929222269921,929.0,19.10707777300783,0.18128578323357114,287,929,126064,929
15,15,calibration,R2_scarp9_topo,blur185,2.8,3.0,0.027627585713881696,9.50125243696355,562.0214983674153,565.0,2.978501632584673,0.03310540918802631,287,565,126064,929
15,15,calibration,R2_scarp9_topo,disk,3.6,2.0,0.0770409545632897,32.31465720998485,916.9242330115818,929.0,12.075766988418218,0.11259462442503433,287,929,126064,929
15,15,calibration,R2_scarp9_topo,blur185,3.6,2.0,0.02294795038105203,7.463368942754441,470.688165034082,473.0,2.311834965918007,0.026004769835381327,287,473,126064,929
15,15,calibration,R2_scarp9_topo,disk,3.6,3.0,0.07323025257658966,30.70737240494262,917.9242330115817,929.0,11.075766988418218,0.1069943289370823,287,929,126064,929
15,15,calibration,R2_scarp9_topo,blur185,3.6,3.0,0.02674045425697757,8.658631088630075,462.35483170074866,465.0,2.64516829925134,0.030169446301846953,287,465,126064,929
15,15,calibration,R2_scarp9_topo,disk,4.6,2.0,0.04829536405762091,17.785016325846733,675.490711985,682.0,6.50928801500014,0.06196869799946597,287,682,126064,929
15,15,calibration,R2_scarp9_topo,blur185,4.6,2.0,0.015463874083836912,4.642245961836294,348.35483170074866,350.0,1.6451682992513401,0.016175073037757122,287,350,126064,929
15,15,calibration,R2_scarp9_topo,disk,4.6,3.0,0.04575866313392651,16.846589090677668,675.9621165057908,682.0,6.037883494209108,0.05869891669225668,287,682,126064,929
15,15,calibration,R2_scarp9_topo,blur185,4.6,3.0,0.01940842885728482,5.837508107711929,350.02149836741535,352.0,1.9785016325846734,0.020339749504222748,287,352,126064,929
15,15,calibration,R2_scarp9_topo,disk,5.8,2.0,0.04456604605283931,14.378106907301682,450.74535599249987,456.0,5.25464400750007,0.050097933474918754,287,456,126064,929
15,15,calibration,R2_scarp9_topo,blur185,5.8,2.0,0.01624302118738274,4.642245961836294,276.35483170074866,278.0,1.6451682992513401,0.016175073037757122,287,278,126064,929
15,15,calibration,R2_scarp9_topo,disk,5.8,3.0,0.0420095317115436,13.751514638050622,474.96211650579085,480.0,5.037883494209109,0.04791468515000217,287,480,126064,929
15,15,calibration,R2_scarp9_topo,blur185,5.8,3.0,0.010832030884242375,3.1329579468361537,295.02149836741535,296.0,0.9785016325846734,0.010916229779916912,287,296,126064,929
15,15,calibration,R7_scarp9_polarity,disk,1.5,2.0,0.165661710735143,70.07201652286557,896.8408445091957,929.0,32.15915549080422,0.24415336767548979,287,929,126064,929
15,15,calibration,R7_scarp9_polarity,blur185,1.5,2.0,0.01325010699428043,4.618556691214468,590.2189514164975,592.0,1.7810485835025398,0.016092532025137517,287,592,126064,929
15,15,calibration,R7_scarp9_polarity,disk,1.5,3.0,0.1751161149568293,74.15070584869883,895.0361066550714,929.0,33.96389334492859,0.25836482874111094,287,929,126064,929
15,15,calibration,R7_scarp9_polarity,blur185,1.5,3.0,0.011972538567580496,4.228032399463198,613.4929028882063,616.0,2.507097111793642,0.014731820207188844,287,616,126064,929
15,15,calibration,R7_scarp9_polarity,disk,2.8,2.0,0.10428936820043783,43.92486435244213,913.9879966796192,929.0,15.012003320380785,0.15304830784823042,287,929,126064,929
15,15,calibration,R7_scarp9_polarity,blur185,2.8,2.0,0.01432699223086269,4.618556691214468,459.2189514164975,461.0,1.7810485835025398,0.016092532025137517,287,461,126064,929
15,15,calibration,R7_scarp9_polarity,disk,2.8,3.0,0.10687573006302843,45.02212970827567,913.2619481513282,929.0,15.738051848671887,0.1568715320845842,287,929,126064,929
15,15,calibration,R7_scarp9_polarity,blur185,2.8,3.0,0.010031328135127025,3.2280323994631983,457.7475468957064,459.0,1.2524531042935716,0.011247499649697556,287,459,126064,929
15,15,calibration,R7_scarp9_polarity,disk,3.6,2.0,0.06802861200704781,28.522336740310074,919.8262362215396,929.0,9.173763778460309,0.09938096425195148,287,929,126064,929
15,15,calibration,R7_scarp9_polarity,blur185,3.6,2.0,0.01500664191924276,4.618556691214468,386.2189514164975,388.0,1.7810485835025398,0.016092532025137517,287,388,126064,929
15,15,calibration,R7_scarp9_polarity,disk,3.6,3.0,0.07543840482362431,31.655294687146224,918.433521026582,929.0,10.566478973418077,0.11029719403186837,287,929,126064,929
15,15,calibration,R7_scarp9_polarity,blur185,3.6,3.0,0.010521785493307534,3.2280323994631983,382.7475468957064,384.0,1.2524531042935716,0.011247499649697556,287,384,126064,929
15,15,calibration,R7_scarp9_polarity,disk,4.6,2.0,0.04783680144203295,16.944585880719757,606.1380711874576,612.0,5.861928812542303,0.05904036892236849,287,612,126064,929
15,15,calibration,R7_scarp9_polarity,blur185,4.6,2.0,0.015971907857263785,4.618556691214468,293.2189514164975,295.0,1.7810485835025398,0.016092532025137517,287,295,126064,929
15,15,calibration,R7_scarp9_polarity,disk,4.6,3.0,0.05699048890197269,20.332187835055983,615.4907119849998,623.0,7.50928801500014,0.07084386005245986,287,623,126064,929
15,15,calibration,R7_scarp9_polarity,blur185,4.6,3.0,0.011100710512029405,3.2280323994631983,302.7475468957064,304.0,1.2524531042935716,0.011247499649697556,287,304,126064,929
15,15,calibration,R7_scarp9_polarity,disk,5.8,2.0,0.0468251878313046,14.575559956383815,393.80473785412437,399.0,5.195262145875636,0.050785923192974966,287,399,126064,929
15,15,calibration,R7_scarp9_polarity,blur185,5.8,2.0,0.016699563991197083,4.618556691214468,230.21895141649748,232.0,1.7810485835025398,0.016092532025137517,287,232,126064,929
15,15,calibration,R7_scarp9_polarity,disk,5.8,3.0,0.04355671969997602,13.751514638050624,416.82404531833316,422.0,5.1759546816668065,0.047914685150002176,287,422,126064,929
15,15,calibration,R7_scarp9_polarity,blur185,5.8,3.0,0.01147968871934971,3.2280323994631983,254.74754689570642,256.0,1.2524531042935716,0.011247499649697556,287,256,126064,929
15,15,calibration,H50a_corridor,disk,1.5,2.0,0.1687024888580926,71.43812010978647,897.8430354124023,929.0,31.156964587597724,0.24891331048706086,287,929,126064,929
15,15,calibration,H50a_corridor,blur185,1.5,2.0,0.013844830849131635,4.756627878672167,565.0786893258332,567.0,1.9213106741667372,0.016573616301993613,287,567,126064,929
15,15,calibration,H50a_corridor,disk,1.5,3.0,0.1724596145657848,73.06909418545052,897.3716308916113,929.0,31.628369108388757,0.2545961469876325,287,929,126064,929
15,15,calibration,H50a_corridor,blur185,1.5,3.0,0.010199453370661488,3.58067319700536,603.7453559925,605.0,1.2546440075000702,0.012476213229983832,287,605,126064,929
15,15,calibration,H50a_corridor,disk,2.8,2.0,0.10419121298121332,43.878945280196426,913.8142329011589,929.0,15.185767098841092,0.1528883110808238,287,929,126064,929
15,15,calibration,H50a_corridor,blur185,2.8,2.0,0.0112789468929507,3.58067319700536,435.7453559924999,437.0,1.2546440075000702,0.012476213229983832,287,437,126064,929
15,15,calibration,H50a_corridor,disk,2.8,3.0,0.10677786192724617,44.976210636029975,913.0881843728678,929.0,15.911815627132196,0.1567115353171776,287,929,126064,929
15,15,calibration,H50a_corridor,blur185,2.8,3.0,0.011236473676472758,3.58067319700536,441.7453559924999,443.0,1.2546440075000702,0.012476213229983832,287,443,126064,929
15,15,calibration,H50a_corridor,disk,3.6,2.0,0.06152086746123068,25.772598941397142,920.8499254921614,929.0,8.150074507838482,0.0897999963114883,287,929,126064,929
15,15,calibration,H50a_corridor,blur185,3.6,2.0,0.011861828152954262,3.58067319700536,357.7453559924999,359.0,1.2546440075000702,0.012476213229983832,287,359,126064,929
15,15,calibration,H50a_corridor,disk,3.6,3.0,0.06036535935223387,25.281886956397287,920.7905436305371,929.0,8.209456369462918,0.08809019845434594,287,929,126064,929
15,15,calibration,H50a_corridor,blur185,3.6,3.0,0.011830475151884672,3.58067319700536,361.7453559924999,363.0,1.2546440075000702,0.012476213229983832,287,363,126064,929
15,15,calibration,H50a_corridor,disk,4.6,2.0,0.03563223127727987,12.356608539886356,573.5522847498307,578.0,4.447715250169207,0.04305438515639845,287,578,126064,929
15,15,calibration,H50a_corridor,blur185,4.6,2.0,0.012649640871283348,3.58067319700536,263.7453559924999,265.0,1.2546440075000702,0.012476213229983832,287,265,126064,929
15,15,calibration,H50a_corridor,disk,4.6,3.0,0.03213180539790058,11.220728255635155,586.8262362215396,591.0,4.173763778460308,0.03909661413113295,287,591,126064,929
15,15,calibration,H50a_corridor,blur185,4.6,3.0,0.012534509362113838,3.58067319700536,276.7453559924999,278.0,1.2546440075000702,0.012476213229983832,287,278,126064,929
15,15,calibration,H50a_corridor,disk,5.8,2.0,0.02823112246496897,8.58067319700536,363.1380711874577,366.0,2.8619288125423017,0.02989781601744028,287,366,126064,929
15,15,calibration,H50a_corridor,blur185,5.8,2.0,0.013180463011306223,3.58067319700536,206.74535599249992,208.0,1.2546440075000702,0.012476213229983832,287,208,126064,929
15,15,calibration,H50a_corridor,disk,5.8,3.0,0.026608794432263612,8.2280323994632,389.8834271799576,393.0,3.116572820042372,0.028669102437154006,287,393,126064,929
15,15,calibration,H50a_corridor,blur185,5.8,3.0,0.01297038931848526,3.58067319700536,228.74535599249992,230.0,1.2546440075000702,0.012476213229983832,287,230,126064,929
15,15,calibration,H50b_kth_ridge,disk,1.5,2.0,0.13821053649674986,58.30735306615681,903.0597959256933,929.0,25.940204074306763,0.2031615089413129,287,929,126064,929
15,15,calibration,H50b_kth_ridge,blur185,1.5,2.0,0.0294901109503254,10.594867420592642,637.7475468957064,641.0,3.252453104293572,0.036915914357465655,287,641,126064,929
15,15,calibration,H50b_kth_ridge,disk,1.5,3.0,0.15152128977814672,64.02901978803492,900.8430354124023,929.0,28.156964587597724,0.2230976299234666,287,929,126064,929
15,15,calibration,H50b_kth_ridge,blur185,1.5,3.0,0.02931414430390011,10.73293860805034,671.942809041582,676.0,4.057190958417937,0.03739699863432174,287,676,126064,929
15,15,calibration,H50b_kth_ridge,disk,2.8,2.0,0.11649101062565419,49.14267027066224,912.1475662344923,929.0,16.85243376550776,0.17122881627408446,287,929,126064,929
15,15,calibration,H50b_kth_ridge,blur185,2.8,2.0,0.025765538717861074,8.559174829590033,504.4142135623731,507.0,2.585786437626905,0.02982290881390255,287,507,126064,929
15,15,calibration,H50b_kth_ridge,disk,2.8,3.0,0.11793959761822723,49.76853110570475,912.1475662344922,929.0,16.85243376550776,0.17340951604775176,287,929,126064,929
15,15,calibration,H50b_kth_ridge,blur185,2.8,3.0,0.029410458572398532,9.813818837090103,510.60947570824874,514.0,3.3905242917512703,0.034194490721568306,287,514,126064,929
15,15,calibration,H50b_kth_ridge,disk,3.6,2.0,0.08509004274423108,35.7696766039821,918.1023785964551,929.0,10.897621403544912,0.12463301952607003,287,929,126064,929
15,15,calibration,H50b_kth_ridge,blur185,3.6,2.0,0.01881878005115584,5.93550489775402,423.08088022903974,425.0,1.9191197709602381,0.020681201734334565,287,425,126064,929
15,15,calibration,H50b_kth_ridge,disk,3.6,3.0,0.08694545959342201,36.55510699389764,917.630974075664,929.0,11.369025924335945,0.12736971078013115,287,929,126064,929
15,15,calibration,H50b_kth_ridge,blur185,3.6,3.0,0.01639892405245294,5.19014890525409,429.27614237491537,431.0,1.7238576250846034,0.018084142527017736,287,431,126064,929
15,15,calibration,H50b_kth_ridge,disk,4.6,2.0,0.04457455671871046,16.123462899801613,644.471404520791,650.0,5.528595479208969,0.05617931323972687,287,650,126064,929
15,15,calibration,H50b_kth_ridge,blur185,4.6,2.0,0.01985096938335764,5.93550489775402,341.08088022903974,343.0,1.9191197709602381,0.020681201734334565,287,343,126064,929
15,15,calibration,H50b_kth_ridge,disk,4.6,3.0,0.04637887650874977,16.90889328971715,658.0,664.0,6.0,0.05891600449378798,287,664,126064,929
15,15,calibration,H50b_kth_ridge,blur185,4.6,3.0,0.017249136572005573,5.19014890525409,351.27614237491537,353.0,1.7238576250846034,0.018084142527017736,287,353,126064,929
15,15,calibration,H50b_kth_ridge,disk,5.8,2.0,0.04161506935873945,13.340223413092573,441.471404520791,446.0,4.528595479208969,0.04648161467976506,287,446,126064,929
15,15,calibration,H50b_kth_ridge,blur185,5.8,2.0,0.009206506693227012,2.6236699318360133,274.27614237491537,275.0,0.7238576250846033,0.00914170707956799,287,275,126064,929
15,15,calibration,H50b_kth_ridge,disk,5.8,3.0,0.0367920851483479,11.949699121341304,464.0,468.0,4.0,0.0416365823043251,287,468,126064,929
15,15,calibration,H50b_kth_ridge,blur185,5.8,3.0,0.01125468948423046,3.2688382310873534,300.94280904158205,302.0,1.0571909584179366,0.011389680247691127,287,302,126064,929
15,15,calibration,H50c_both,disk,1.5,2.0,0.1521434376021021,64.3007803565373,900.8623428766111,929.0,28.1376571233889,0.224044530859015,287,929,126064,929
15,15,calibration,H50c_both,blur185,1.5,2.0,0.024670978141723737,8.597058323799141,585.7453559925,589.0,3.2546440075000707,0.02995490705156495,287,589,126064,929
15,15,calibration,H50c_both,disk,1.5,3.0,0.15743969286052323,66.59403929245505,900.3122490299868,929.0,28.68775097001319,0.2320349801130838,287,929,126064,929
15,15,calibration,H50c_both,blur185,1.5,3.0,0.021842404373381103,7.7544369754656675,619.3333333333333,622.0,2.666666666666667,0.0270189441653856,287,622,126064,929
15,15,calibration,H50c_both,disk,2.8,2.0,0.12745178225778114,53.82791296732918,909.8692329563703,929.0,19.130767043629653,0.18755370371891703,287,929,126064,929
15,15,calibration,H50c_both,blur185,2.8,2.0,0.02313552301805421,7.4211036421323335,448.4120226591666,451.0,2.5879773408334037,0.02585750397955517,287,451,126064,929
15,15,calibration,H50c_both,disk,2.8,3.0,0.13061001620842422,55.199129794871624,909.9286148179947,929.0,19.07138518200522,0.19233146269990112,287,929,126064,929
15,15,calibration,H50c_both,blur185,2.8,3.0,0.023976549442288022,7.7544369754656675,461.33333333333337,464.0,2.666666666666667,0.0270189441653856,287,464,126064,929
15,15,calibration,H50c_both,disk,3.6,2.0,0.07207608687773312,30.24327202797963,919.7668543599152,929.0,9.233145640084743,0.10537725445289069,287,929,126064,929
15,15,calibration,H50c_both,blur185,3.6,2.0,0.016055423604541454,4.914006530338693,377.4120226591666,379.0,1.5879773408334037,0.01712197397330555,287,379,126064,929
15,15,calibration,H50c_both,disk,3.6,3.0,0.0719345673948728,30.183890166355198,919.8262362215396,929.0,9.173763778460309,0.10517034901169059,287,929,126064,929
15,15,calibration,H50c_both,blur185,3.6,3.0,0.017019348889441573,5.2473398636720265,388.3333333333333,390.0,1.6666666666666667,0.01828341415913598,287,390,126064,929
15,15,calibration,H50c_both,disk,4.6,2.0,0.035622950634896206,12.378106907301682,577.0,581.0,4.0,0.04312929235993617,287,581,126064,929
15,15,calibration,H50c_both,blur185,4.6,2.0,0.009952972089890795,2.878313939336083,295.07868932583324,296.0,0.9213106741667368,0.01002896842974245,287,296,126064,929
15,15,calibration,H50c_both,disk,4.6,3.0,0.03533819127486902,12.378106907301682,591.0,595.0,4.0,0.04312929235993617,287,595,126064,929
15,15,calibration,H50c_both,blur185,4.6,3.0,0.011034983394644399,3.2116472726694165,304.0,305.0,1.0,0.01119040861557288,287,305,126064,929
15,15,calibration,H50c_both,disk,5.8,2.0,0.017341875566990142,5.385411051129725,399.3333333333333,401.0,1.666666666666667,0.018764498435992073,287,401,126064,929
15,15,calibration,H50c_both,blur185,5.8,2.0,0.01040637537009595,2.878313939336083,232.07868932583327,233.0,0.9213106741667368,0.01002896842974245,287,233,126064,929
15,15,calibration,H50c_both,disk,5.8,3.0,0.01717594775982663,5.385411051129725,414.3333333333333,416.0,1.666666666666667,0.018764498435992073,287,416,126064,929
15,15,calibration,H50c_both,blur185,5.8,3.0,0.01141138676223271,3.2116472726694165,256.0,257.0,1.0,0.01119040861557288,287,257,126064,929
15,15,calibration,RANDOM_fixed_seed,disk,1.5,2.0,0.08525530923599796,35.794097308812475,915.4357119297885,929.0,13.564288070211578,0.12471810908993894,287,929,126064,929
15,15,calibration,RANDOM_fixed_seed,disk,1.5,3.0,0.09074086010286815,38.12743064214581,914.7690452631217,929.0,14.230954736878246,0.13284819039075196,287,929,126064,929
15,15,calibration,RANDOM_fixed_seed,disk,2.8,2.0,0.09332762845755382,39.24619436539468,915.3570226039552,929.0,13.642977396044841,0.13674632183064347,287,929,126064,929
15,15,calibration,RANDOM_fixed_seed,disk,2.8,3.0,0.09266844004754263,38.97005199047928,915.6903559372886,929.0,13.309644062711508,0.13578415327693127,287,929,126064,929
15,15,calibration,RANDOM_fixed_seed,disk,3.6,2.0,0.0889505187868024,37.384265552852376,916.0236892706218,929.0,12.976310729378175,0.13025876499251698,287,929,126064,929
15,15,calibration,RANDOM_fixed_seed,disk,3.6,3.0,0.08829107456866733,37.108123177936974,916.3570226039551,929.0,12.642977396044841,0.12929659643880478,287,929,126064,929
15,15,calibration,RANDOM_fixed_seed,disk,4.6,2.0,0.08214528255762996,34.49864746968825,917.3570226039551,929.0,11.642977396044841,0.12020434658427961,287,929,126064,929
15,15,calibration,RANDOM_fixed_seed,disk,4.6,3.0,0.08214528255762996,34.49864746968825,917.3570226039551,929.0,11.642977396044841,0.12020434658427961,287,929,126064,929
15,15,calibration,RANDOM_fixed_seed,disk,5.8,2.0,0.07922079204728115,33.26769273281,918.4142135623731,929.0,10.585786437626906,0.11591530568923344,287,929,126064,929
15,15,calibration,RANDOM_fixed_seed,disk,5.8,3.0,0.08851899351030912,37.224695997979346,917.4142135623731,929.0,11.585786437626904,0.12970277351212314,287,929,126064,929
16,16,calibration,R2_scarp9_topo,disk,1.5,2.0,0.07174638489802704,19.360990346299353,617.904925547373,627.0,9.095074452627046,0.10876960868707501,178,627,85091,627
16,16,calibration,R2_scarp9_topo,blur185,1.5,2.0,0.03177779356902841,8.204343128841375,570.688165034082,574.0,3.311834965918007,0.04609181533056952,178,574,85091,627
16,16,calibration,R2_scarp9_topo,disk,1.5,3.0,0.08628477685230666,23.3179936114687,615.904925547373,627.0,11.095074452627046,0.13099996410937473,178,627,85091,627
16,16,calibration,R2_scarp9_topo,blur185,1.5,3.0,0.04258303513054714,11.456064798926398,621.688165034082,627.0,5.311834965918007,0.0643599146007101,178,627,85091,627
16,16,calibration,R2_scarp9_topo,disk,2.8,2.0,0.07982693106664125,21.58902274576255,618.6502815398728,627.0,8.349718460127114,0.12128664463911544,178,627,85091,627
16,16,calibration,R2_scarp9_topo,blur185,2.8,2.0,0.03409276183559783,7.949699121341304,445.94280904158205,449.0,3.0571909584179364,0.04466123101877137,178,449,85091,627
16,16,calibration,R2_scarp9_topo,disk,2.8,3.0,0.08528430974973936,23.074621490140867,617.7311617689127,627.0,9.268838231087354,0.12963270500079138,178,627,85091,627
16,16,calibration,R2_scarp9_topo,blur185,2.8,3.0,0.03841427023792632,8.949699121341304,443.94280904158205,448.0,4.057190958417937,0.050279208546861257,178,448,85091,627
16,16,calibration,R2_scarp9_topo,disk,3.6,2.0,0.06631473962016007,17.90085771168056,619.7883527273306,627.0,7.211647272669417,0.10056661635775595,178,627,85091,627
16,16,calibration,R2_scarp9_topo,blur185,3.6,2.0,0.036040226325333366,7.949699121341304,382.94280904158205,386.0,3.057190958417937,0.04466123101877137,178,386,85091,627
16,16,calibration,R2_scarp9_topo,disk,3.6,3.0,0.0740712746776004,20.015239628516433,619.0644951022459,627.0,7.93550489775402,0.11244516645233951,178,627,85091,627
16,16,calibration,R2_scarp9_topo,blur185,3.6,3.0,0.04087021810185553,8.949699121341304,373.94280904158205,378.0,4.057190958417937,0.050279208546861257,178,378,85091,627
16,16,calibration,R2_scarp9_topo,disk,4.6,2.0,0.03661010850133172,9.070653747796673,517.7475468957064,521.0,3.252453104293571,0.050958728920206024,178,521,85091,627
16,16,calibration,R2_scarp9_topo,blur185,4.6,2.0,0.03016271156276243,6.109268676214328,294.60947570824874,297.0,2.39052429175127,0.03432173413603555,178,297,85091,627
16,16,calibration,R2_scarp9_topo,disk,4.6,3.0,0.04200441739573451,10.325297755296742,506.7475468957065,511.0,4.252453104293571,0.05800729076009405,178,511,85091,627
16,16,calibration,R2_scarp9_topo,blur185,4.6,3.0,0.034893186737767846,7.109268676214328,299.60947570824874,303.0,3.3905242917512703,0.03993971166412544,178,303,85091,627
16,16,calibration,R2_scarp9_topo,disk,5.8,2.0,0.018380201077166928,3.9161974335451917,349.4142135623731,351.0,1.5857864376269046,0.022001109177220177,178,351,85091,627
16,16,calibration,R2_scarp9_topo,blur185,5.8,2.0,0.013676099509600751,2.5642880702115782,222.94280904158205,224.0,1.0571909584179364,0.01440611275399763,178,224,85091,627
16,16,calibration,R2_scarp9_topo,disk,5.8,3.0,0.019559108001876938,4.249530766878525,370.08088022903974,372.0,1.9191197709602381,0.02387376835325014,178,372,85091,627
16,16,calibration,R2_scarp9_topo,blur185,5.8,3.0,0.018554199552138818,3.5642880702115782,244.94280904158205,247.0,2.0571909584179364,0.020024090282087518,178,247,85091,627
16,16,calibration,R7_scarp9_polarity,disk,1.5,2.0,0.07588718311553225,20.477563166341724,616.7333526721192,627.0,10.266647327880856,0.11504248969854901,178,627,85091,627
16,16,calibration,R7_scarp9_polarity,blur185,1.5,2.0,0.023256734955357246,5.69943692025423,507.6309740756641,510.0,2.3690259243359435,0.0320193085407541,178,510,85091,627
16,16,calibration,R7_scarp9_polarity,disk,1.5,3.0,0.07588718311553225,20.477563166341724,616.7333526721192,627.0,10.266647327880856,0.11504248969854901,178,627,85091,627
16,16,calibration,R7_scarp9_polarity,blur185,1.5,3.0,0.03478658051853631,8.951158590339254,565.6309740756641,570.0,4.3690259243359435,0.050287407810894684,178,570,85091,627
16,16,calibration,R7_scarp9_polarity,disk,2.8,2.0,0.06371569997488961,17.196307550804782,620.2597572481216,627.0,6.740242751878386,0.09660846938654372,178,627,85091,627
16,16,calibration,R7_scarp9_polarity,blur185,2.8,2.0,0.01233648003576144,2.740242751878385,395.8856180831641,397.0,1.1143819168358733,0.015394622201563962,178,397,85091,627
16,16,calibration,R7_scarp9_polarity,disk,2.8,3.0,0.07382900286950957,19.955857766891995,619.535899623037,627.0,7.464100376962988,0.11211156048815728,178,627,85091,627
16,16,calibration,R7_scarp9_polarity,blur185,2.8,3.0,0.0169606159474883,3.740242751878385,386.8856180831641,389.0,2.1143819168358733,0.021012599729653848,178,389,85091,627
16,16,calibration,R7_scarp9_polarity,disk,3.6,2.0,0.04926717384076469,13.272805973431547,621.7504692331215,627.0,5.249530766878525,0.07456632569343566,178,627,85091,627
16,16,calibration,R7_scarp9_polarity,blur185,3.6,2.0,0.013028601016441745,2.740242751878385,336.8856180831641,338.0,1.1143819168358733,0.015394622201563962,178,338,85091,627
16,16,calibration,R7_scarp9_polarity,disk,3.6,3.0,0.05425418238652921,14.620333530352163,620.7719676005368,627.0,6.228032399463198,0.08213670522669754,178,627,85091,627
16,16,calibration,R7_scarp9_polarity,blur185,3.6,3.0,0.017868098294906657,3.740242751878385,330.8856180831641,333.0,2.1143819168358733,0.021012599729653848,178,333,85091,627
16,16,calibration,R7_scarp9_polarity,disk,4.6,2.0,0.03166833561041551,7.654249282217078,488.847734588955,492.0,3.1522654110449815,0.0430014004618937,178,492,85091,627
16,16,calibration,R7_scarp9_polarity,blur185,4.6,2.0,0.013750413458515742,2.6830517934604488,260.94280904158205,262.0,1.0571909584179364,0.015073324682362072,178,262,85091,627
16,16,calibration,R7_scarp9_polarity,disk,4.6,3.0,0.04001120613465318,9.63275091480175,482.12387696387043,487.0,4.876123036129585,0.05411657817304354,178,487,85091,627
16,16,calibration,R7_scarp9_polarity,blur185,4.6,3.0,0.0188946956030125,3.6830517934604488,258.94280904158205,261.0,2.0571909584179364,0.02069130221045196,178,261,85091,627
16,16,calibration,R7_scarp9_polarity,disk,5.8,2.0,0.034514444477036374,7.285223357881136,336.1023785964551,339.0,2.8976214035449113,0.040928221111691775,178,339,85091,627
16,16,calibration,R7_scarp9_polarity,blur185,5.8,2.0,0.0049521359804554285,0.8998123067514101,195.60947570824874,196.0,0.3905242917512699,0.005055125318828147,178,196,85091,627
16,16,calibration,R7_scarp9_polarity,disk,5.8,3.0,0.04295525893431274,9.206534032047871,350.4357119297884,355.0,4.564288070211578,0.051722101303639724,178,355,85091,627
16,16,calibration,R7_scarp9_polarity,blur185,5.8,3.0,0.010197495243444139,1.89981230675141,217.60947570824874,219.0,1.39052429175127,0.010673102846918034,178,219,85091,627
16,16,calibration,H50a_corridor,disk,1.5,2.0,0.12212911767101423,33.136925689180345,611.4980161288279,627.0,15.501983871172097,0.1861625038717997,178,627,85091,627
16,16,calibration,H50a_corridor,blur185,1.5,2.0,0.03887706550343053,9.63275091480175,517.2404497839128,521.0,3.7595502160872134,0.05411657817304354,178,521,85091,627
16,16,calibration,H50a_corridor,disk,1.5,3.0,0.13553566434309824,36.82070891684934,609.5195144962432,627.0,17.48048550375677,0.20685791526319855,178,627,85091,627
16,16,calibration,H50a_corridor,blur185,1.5,3.0,0.05020739742588925,12.884472584886774,558.2404497839128,564.0,5.759550216087213,0.07238467744318412,178,564,85091,627
16,16,calibration,H50a_corridor,disk,2.8,2.0,0.08588195570575907,23.248385268601176,618.2597572481216,627.0,8.740242751878386,0.13060890600337738,178,627,85091,627
16,16,calibration,H50a_corridor,blur185,2.8,2.0,0.01263947377926542,2.7974337102963216,391.8284271247462,393.0,1.1715728752538097,0.01571591972076585,178,393,85091,627
16,16,calibration,H50a_corridor,disk,2.8,3.0,0.10637294518157787,28.866941959815644,616.007304143828,627.0,10.992695856171958,0.16217383123491935,178,627,85091,627
16,16,calibration,H50a_corridor,blur185,2.8,3.0,0.018508962115627428,4.052077717796392,378.5737831172461,381.0,2.42621688275388,0.022764481560653888,178,381,85091,627
16,16,calibration,H50a_corridor,disk,3.6,2.0,0.06951321574762902,18.772598941397145,619.5173235930367,627.0,7.482676406963268,0.10546403899661318,178,627,85091,627
16,16,calibration,H50a_corridor,blur185,3.6,2.0,0.013351301332264398,2.7974337102963216,332.8284271247462,334.0,1.1715728752538097,0.01571591972076585,178,334,85091,627
16,16,calibration,H50a_corridor,disk,3.6,3.0,0.07588219254016473,20.496456566481747,618.0481099754522,627.0,8.951890024547803,0.11514863239596487,178,627,85091,627
16,16,calibration,H50a_corridor,blur185,3.6,3.0,0.019525716690095847,4.052077717796392,321.5737831172461,324.0,2.42621688275388,0.022764481560653888,178,324,85091,627
16,16,calibration,H50a_corridor,disk,4.6,2.0,0.032201247394159714,7.654249282217078,468.847734588955,472.0,3.1522654110449815,0.0430014004618937,178,472,85091,627
16,16,calibration,H50a_corridor,blur185,4.6,2.0,0.01410132676750354,2.740242751878385,256.8856180831641,258.0,1.114381916835873,0.015394622201563962,178,258,85091,627
16,16,calibration,H50a_corridor,disk,4.6,3.0,0.04072161037929877,9.63275091480175,461.12387696387043,466.0,4.876123036129584,0.05411657817304354,178,466,85091,627
16,16,calibration,H50a_corridor,blur185,4.6,3.0,0.019148800486812594,3.740242751878385,260.8856180831641,263.0,2.114381916835873,0.021012599729653848,178,263,85091,627
16,16,calibration,H50a_corridor,disk,5.8,2.0,0.023333417442215457,4.778126246087494,307.1023785964551,309.0,1.8976214035449115,0.026843405876896032,178,309,85091,627
16,16,calibration,H50a_corridor,blur185,5.8,2.0,0.0053255056900055366,0.9570032651693466,185.5522847498308,186.0,0.44771525016920644,0.005376422838030037,178,186,85091,627
16,16,calibration,H50a_corridor,disk,5.8,3.0,0.03205057703602045,6.6994369202542305,326.4357119297884,330.0,3.5642880702115782,0.03763728606884399,178,330,85091,627
16,16,calibration,H50a_corridor,blur185,5.8,3.0,0.010572574962303447,1.9570032651693468,211.5522847498308,213.0,1.4477152501692063,0.010994400366119926,178,213,85091,627
16,16,calibration,H50b_kth_ridge,disk,1.5,2.0,0.05689989002535824,15.320915948883744,618.9836148732062,627.0,8.016385126793782,0.08607256151058283,178,627,85091,627
16,16,calibration,H50b_kth_ridge,blur185,1.5,2.0,0.04827321576884209,11.891776728714818,507.8240453183332,512.0,4.175954681666807,0.06680773443098213,178,512,85091,627
16,16,calibration,H50b_kth_ridge,disk,1.5,3.0,0.059282230090795196,15.966084248135084,618.6502815398728,627.0,8.349718460127114,0.08969710251761283,178,627,85091,627
16,16,calibration,H50b_kth_ridge,blur185,1.5,3.0,0.05957468573316347,15.143498398799842,543.8240453183332,550.0,6.175954681666807,0.0850758337011227,178,550,85091,627
16,16,calibration,H50b_kth_ridge,disk,2.8,2.0,0.07789347862705143,21.053854556934084,618.3978284355793,627.0,8.602171564420686,0.11828008178052857,178,627,85091,627
16,16,calibration,H50b_kth_ridge,blur185,2.8,2.0,0.04420012349643608,9.894699066129867,397.4120226591666,401.0,3.5879773408334037,0.05558819700072959,178,401,85091,627
16,16,calibration,H50b_kth_ridge,disk,2.8,3.0,0.07810506946354845,21.11104551535202,618.3406374771614,627.0,8.659362522838624,0.11860137929973046,178,627,85091,627
16,16,calibration,H50b_kth_ridge,blur185,2.8,3.0,0.04699458993104293,10.48267640696327,392.8240453183332,397.0,4.175954681666807,0.0588914404885577,178,397,85091,627
16,16,calibration,H50b_kth_ridge,disk,3.6,2.0,0.08368423000003802,22.63964099456099,618.0429967348307,627.0,8.957003265169346,0.12718899435146624,178,627,85091,627
16,16,calibration,H50b_kth_ridge,blur185,3.6,2.0,0.023181313780316376,4.937695800960519,348.07868932583324,350.0,1.9213106741667367,0.027739864050339996,178,350,85091,627
16,16,calibration,H50b_kth_ridge,disk,3.6,3.0,0.08880738823111743,24.03016528631226,616.9071164505795,627.0,10.092883549420547,0.135000928574788,178,627,85091,627
16,16,calibration,H50b_kth_ridge,blur185,3.6,3.0,0.02608870466688917,5.525673141793923,341.49071198499985,344.0,2.5092880150001404,0.031043107538168104,178,344,85091,627
16,16,calibration,H50b_kth_ridge,disk,4.6,2.0,0.05399085888211856,13.161346394010717,493.688165034082,499.0,5.311834965918006,0.07394014828095909,178,499,85091,627
16,16,calibration,H50b_kth_ridge,blur185,4.6,2.0,0.01140160651771583,2.2331456400847434,265.07868932583324,266.0,0.9213106741667368,0.012545762022947996,178,266,85091,627
16,16,calibration,H50b_kth_ridge,disk,4.6,3.0,0.06082681842443818,14.80651469326206,490.2976407423307,497.0,6.7023592576692765,0.08318266681607898,178,497,85091,627
16,16,calibration,H50b_kth_ridge,blur185,4.6,3.0,0.013023688959885671,2.566478973418077,270.7453559924999,272.0,1.2546440075000702,0.01441842119897796,178,272,85091,627
16,16,calibration,H50b_kth_ridge,disk,5.8,2.0,0.06039483074299438,12.849511428092711,338.9428090415821,344.0,5.057190958417936,0.07218826644995906,178,344,85091,627
16,16,calibration,H50b_kth_ridge,blur185,5.8,2.0,0.0017095143210828648,0.31183496591800663,199.74535599249992,200.0,0.2546440075000701,0.0017518818310000373,178,200,85091,627
16,16,calibration,H50b_kth_ridge,disk,5.8,3.0,0.06598203385092094,14.437488768926116,367.60947570824874,374.0,6.39052429175127,0.08110948746587705,178,374,85091,627
16,16,calibration,H50b_kth_ridge,blur185,5.8,3.0,0.003438853757904487,0.64516829925134,225.4120226591666,226.0,0.5879773408334035,0.00362454100703,178,226,85091,627
16,16,calibration,H50c_both,disk,1.5,2.0,0.1139105929740429,30.84220728426467,610.9479222822035,627.0,16.052077717796394,0.17327082743968916,178,627,85091,627
16,16,calibration,H50c_both,blur185,1.5,2.0,0.04857209713185363,12.006158645550691,511.90492554737295,516.0,4.0950744526270455,0.06745032946938591,178,516,85091,627
16,16,calibration,H50c_both,disk,1.5,3.0,0.11190819221365705,30.289922534433877,611.0481099754522,627.0,15.9518900245478,0.17016810412603303,178,627,85091,627
16,16,calibration,H50c_both,blur185,1.5,3.0,0.05945418713011151,15.257880315635715,555.904925547373,562.0,6.0950744526270455,0.0857184287395265,178,562,85091,627
16,16,calibration,H50c_both,disk,2.8,2.0,0.10818589285791246,29.346382058643265,614.9479222822036,627.0,12.052077717796392,0.1648673149361981,178,627,85091,627
16,16,calibration,H50c_both,blur185,2.8,2.0,0.036375048201925504,8.12784470621461,397.1001876932486,400.0,2.8998123067514103,0.04566204891131803,178,400,85091,627
16,16,calibration,H50c_both,disk,2.8,3.0,0.12369883378096012,33.63233685073295,613.8120419979524,627.0,13.187958002047592,0.1889457126445671,178,627,85091,627
16,16,calibration,H50c_both,blur185,2.8,3.0,0.042901760967105365,9.558443395381486,392.43352102658196,396.0,3.566478973418077,0.0536991201987724,178,396,85091,627
16,16,calibration,H50c_both,disk,3.6,2.0,0.06970328469264121,18.820708916849345,619.2382588807063,627.0,7.7617411192937125,0.10573431975758059,178,627,85091,627
16,16,calibration,H50c_both,blur185,3.6,2.0,0.036990195987241466,7.873200698714539,344.35483170074866,347.0,2.64516829925134,0.04423146459951988,178,347,85091,627
16,16,calibration,H50c_both,disk,3.6,3.0,0.07483903380631263,20.21123320860061,618.1023785964551,627.0,8.897621403544912,0.1135462539809023,178,627,85091,627
16,16,calibration,H50c_both,blur185,3.6,3.0,0.045172570855033484,9.558443395381486,336.43352102658196,340.0,3.566478973418077,0.0536991201987724,178,340,85091,627
16,16,calibration,H50c_both,disk,4.6,2.0,0.044715310871943616,10.654249282217076,468.688165034082,473.0,4.311834965918007,0.05985533304616335,178,473,85091,627
16,16,calibration,H50c_both,blur185,4.6,2.0,0.011705555001194776,2.2903365985026802,264.02149836741535,265.0,0.9785016325846734,0.01286705954214989,178,265,85091,627
16,16,calibration,H50c_both,disk,4.6,3.0,0.05169572963974395,12.299417581468418,465.2976407423307,471.0,5.7023592576692765,0.06909785158128325,178,471,85091,627
16,16,calibration,H50c_both,blur185,4.6,3.0,0.01462094550268072,2.878313939336084,269.43352102658196,271.0,1.5664789734180768,0.016170303029978,178,271,85091,627
16,16,calibration,H50c_both,disk,5.8,2.0,0.04956657146456695,10.34241431629907,320.94280904158205,325.0,4.057190958417936,0.05810345121516332,178,325,85091,627
16,16,calibration,H50c_both,blur185,5.8,2.0,0.012663422670947274,2.2903365985026802,190.02149836741532,191.0,0.9785016325846734,0.01286705954214989,178,191,85091,627
16,16,calibration,H50c_both,disk,5.8,3.0,0.05566937834271131,11.930391657132475,347.60947570824874,353.0,5.39052429175127,0.06702467223108131,178,353,85091,627
16,16,calibration,H50c_both,blur185,5.8,3.0,0.015486265379594725,2.878313939336084,214.4335210265819,216.0,1.5664789734180768,0.016170303029978,178,216,85091,627
16,16,calibration,RANDOM_fixed_seed,disk,1.5,2.0,0.03634409075752469,9.775935342880995,623.1380711874576,627.0,3.8619288125423017,0.05492098507236514,178,627,85091,627
16,16,calibration,RANDOM_fixed_seed,disk,1.5,3.0,0.03386561754871874,9.10926867621433,623.8047378541244,627.0,3.195262145875635,0.05117566672030522,178,627,85091,627
16,16,calibration,RANDOM_fixed_seed,disk,2.8,2.0,0.03634409075752469,9.775935342880995,623.1380711874576,627.0,3.8619288125423017,0.05492098507236514,178,627,85091,627
16,16,calibration,RANDOM_fixed_seed,disk,2.8,3.0,0.03386561754871874,9.10926867621433,623.8047378541244,627.0,3.195262145875635,0.05117566672030522,178,627,85091,627
16,16,calibration,RANDOM_fixed_seed,disk,3.6,2.0,0.03634409075752469,9.775935342880995,623.1380711874576,627.0,3.8619288125423017,0.05492098507236514,178,627,85091,627
16,16,calibration,RANDOM_fixed_seed,disk,3.6,3.0,0.03386561754871874,9.10926867621433,623.8047378541244,627.0,3.195262145875635,0.05117566672030522,178,627,85091,627
16,16,calibration,RANDOM_fixed_seed,disk,4.6,2.0,0.03634409075752469,9.775935342880995,623.1380711874576,627.0,3.8619288125423017,0.05492098507236514,178,627,85091,627
16,16,calibration,RANDOM_fixed_seed,disk,4.6,3.0,0.03386561754871874,9.10926867621433,623.8047378541244,627.0,3.195262145875635,0.05117566672030522,178,627,85091,627
16,16,calibration,RANDOM_fixed_seed,disk,5.8,2.0,0.043867551061486106,11.811627933883605,622.471404520791,627.0,4.528595479208969,0.06635746030271689,178,627,85091,627
16,16,calibration,RANDOM_fixed_seed,disk,5.8,3.0,0.04139159819498102,11.144961267216939,623.1380711874576,627.0,3.861928812542302,0.06261214195065695,178,627,85091,627
17,17,selection,R2_scarp9_topo,disk,1.5,2.0,0.08239025924414467,49.207165372908214,1361.0175306250712,1385.0,23.98246937492887,0.12489128267235587,394,1385,187879,1385
17,17,selection,R2_scarp9_topo,blur185,1.5,2.0,0.03549152474232979,18.64183189776749,1031.5952814846614,1040.0,8.404718515338553,0.04731429415677028,394,1040,187879,1385
17,17,selection,R2_scarp9_topo,disk,1.5,3.0,0.08318280491603434,49.67856989369925,1360.4295532842377,1385.0,24.57044671576227,0.1260877408469524,394,1385,187879,1385
17,17,selection,R2_scarp9_topo,blur185,1.5,3.0,0.04844572157458086,26.167505039561412,1098.535899623037,1109.0,10.464100376962989,0.06641498741005435,394,1109,187879,1385
17,17,selection,R2_scarp9_topo,disk,2.8,2.0,0.06681577519638957,39.88259565240088,1368.636818750494,1385.0,16.36318124950585,0.10122486206193117,394,1385,187879,1385
17,17,selection,R2_scarp9_topo,blur185,2.8,2.0,0.029309927482865924,14.120540562386566,818.7118543047038,825.0,6.288145695296182,0.035838935437529355,394,825,187879,1385
17,17,selection,R2_scarp9_topo,disk,2.8,3.0,0.06838130981416825,40.82540469398294,1368.3034854171608,1385.0,16.696514582839185,0.10361777841112421,394,1385,187879,1385
17,17,selection,R2_scarp9_topo,blur185,2.8,3.0,0.034047413470441025,16.3179936114687,804.0451876380371,811.0,6.954812361962848,0.04141622744027589,394,811,187879,1385
17,17,selection,R2_scarp9_topo,disk,3.6,2.0,0.06579824388625394,39.280424087980194,1369.6338964130791,1385.0,15.366103586920898,0.09969650783751319,394,1385,187879,1385
17,17,selection,R2_scarp9_topo,blur185,3.6,2.0,0.029050419991470445,13.277919214053092,696.0451876380371,702.0,5.954812361962848,0.033700302573738815,394,702,187879,1385
17,17,selection,R2_scarp9_topo,disk,3.6,3.0,0.062007954622445766,37.00428171306479,1370.8291585589548,1385.0,14.170841441045264,0.09391949673366698,394,1385,187879,1385
17,17,selection,R2_scarp9_topo,blur185,3.6,3.0,0.03408805827440048,15.475372263135226,678.4357119297885,685.0,6.564288070211578,0.039277594576485345,394,685,187879,1385
17,17,selection,R2_scarp9_topo,disk,4.6,2.0,0.03932087452960452,20.136925689180348,964.4528284907908,972.0,7.5471715092092495,0.051108948449696316,394,972,187879,1385
17,17,selection,R2_scarp9_topo,blur185,4.6,2.0,0.02636339453260077,11.320915948883744,559.7690452631217,565.0,5.230954736878244,0.028733289210364832,394,565,187879,1385
17,17,selection,R2_scarp9_topo,disk,4.6,3.0,0.03781711270455046,19.29430434084687,955.7074724982908,963.0,7.292527501709179,0.04897031558590576,394,963,187879,1385
17,17,selection,R2_scarp9_topo,blur185,4.6,3.0,0.029184729261524572,12.518368997965878,556.1595695548731,561.0,4.840430445126975,0.03177251014712152,394,561,187879,1385
17,17,selection,R2_scarp9_topo,disk,5.8,2.0,0.03298722109831482,14.903780049095605,668.1194951574573,674.0,5.8805048425425825,0.037826852916486305,394,674,187879,1385
17,17,selection,R2_scarp9_topo,blur185,5.8,2.0,0.017283024321021755,6.954812361962848,429.0808802290398,432.0,2.919119770960238,0.017651808025286417,394,432,187879,1385
17,17,selection,R2_scarp9_topo,disk,5.8,3.0,0.03576446802305867,16.29430434084687,685.7074724982908,692.0,6.292527501709179,0.041356102387936224,394,692,187879,1385
17,17,selection,R2_scarp9_topo,blur185,5.8,3.0,0.019004465443850174,7.759550216087213,457.7475468957064,461.0,3.252453104293571,0.019694289888546226,394,461,187879,1385
17,17,selection,R7_scarp9_polarity,disk,1.5,2.0,0.08445082014201834,50.45053749423605,1360.5268186400713,1385.0,24.473181359928727,0.12804704947775647,394,1385,187879,1385
17,17,selection,R7_scarp9_polarity,blur185,1.5,2.0,0.03726702257979876,18.703404662598423,914.6739708104947,923.0,8.32602918950529,0.04747057020964067,394,923,187879,1385
17,17,selection,R7_scarp9_polarity,disk,1.5,3.0,0.09434334189003477,56.405349856198896,1356.9603396666532,1385.0,28.039660333346806,0.14316078643705304,394,1385,187879,1385
17,17,selection,R7_scarp9_polarity,blur185,1.5,3.0,0.051998435571355785,26.838553512641077,977.8692329563703,989.0,11.130767043629655,0.06811815612345451,394,989,187879,1385
17,17,selection,R7_scarp9_polarity,disk,2.8,2.0,0.06704433367644348,40.01847593665208,1368.460132634619,1385.0,16.539867365381205,0.10156973587982762,394,1385,187879,1385
17,17,selection,R7_scarp9_polarity,blur185,2.8,2.0,0.03366121821107631,15.551139251553442,718.3978284355793,725.0,6.602171564420686,0.039469896577546806,394,725,187879,1385
17,17,selection,R7_scarp9_polarity,disk,2.8,3.0,0.07716697697892107,46.113550389279126,1365.7934659679522,1385.0,19.206534032047873,0.11703946799309423,394,1385,187879,1385
17,17,selection,R7_scarp9_polarity,blur185,2.8,3.0,0.040992789730651284,18.805783259053513,698.9858057764127,707.0,8.014194223587284,0.04773041436307998,394,707,187879,1385
17,17,selection,R7_scarp9_polarity,disk,3.6,2.0,0.06497105148622166,38.79044353718888,1370.4193268029946,1385.0,14.58067319700536,0.09845290237865198,394,1385,187879,1385
17,17,selection,R7_scarp9_polarity,blur185,3.6,2.0,0.03328675068036069,14.710708806426467,618.9836148732062,625.0,6.016385126793782,0.03733682438179307,394,625,187879,1385
17,17,selection,R7_scarp9_polarity,disk,3.6,3.0,0.06405490436443398,38.23815878735809,1370.5573979904523,1385.0,14.442602009547663,0.09705116443491901,394,1385,187879,1385
17,17,selection,R7_scarp9_polarity,blur185,3.6,3.0,0.04048887631804993,17.805783259053513,605.0429967348307,612.0,6.957003265169346,0.04519234329709013,394,612,187879,1385
17,17,selection,R7_scarp9_polarity,disk,4.6,2.0,0.03278496057326652,16.48956648672251,922.3169482065396,929.0,6.683051793460448,0.04185169159066627,394,929,187879,1385
17,17,selection,R7_scarp9_polarity,blur185,4.6,2.0,0.020981276465326746,8.73732041446334,497.43352102658196,501.0,3.566478973418077,0.02217594013823183,394,501,187879,1385
17,17,selection,R7_scarp9_polarity,disk,4.6,3.0,0.03730997292862491,18.60613930676488,898.847734588955,906.0,7.152265411044981,0.04722370382427635,394,906,187879,1385
17,17,selection,R7_scarp9_polarity,blur185,4.6,3.0,0.02490974239606631,10.325297755296742,486.216760513291,490.0,3.7832394867090384,0.026206339480448582,394,490,187879,1385
17,17,selection,R7_scarp9_polarity,disk,5.8,2.0,0.030210521594157838,13.299417581468418,611.8240453183332,617.0,5.175954681666807,0.03375486695804167,394,617,187879,1385
17,17,selection,R7_scarp9_polarity,blur185,5.8,2.0,0.011694939515906722,4.585786437626904,380.0,382.0,2.0,0.011639051872149503,394,382,187879,1385
17,17,selection,R7_scarp9_polarity,disk,5.8,3.0,0.031196380683468517,13.865896554886495,632.490711985,638.0,5.50928801500014,0.035192630849965725,394,638,187879,1385
17,17,selection,R7_scarp9_polarity,blur185,5.8,3.0,0.019939100735231464,7.93550489775402,406.0,409.0,3.0,0.020140875375010203,394,409,187879,1385
17,17,selection,H50a_corridor,disk,1.5,2.0,0.06964726018393527,41.51284169327553,1362.7078865623596,1385.0,22.292113437640374,0.10536254236871963,394,1385,187879,1385
17,17,selection,H50a_corridor,blur185,1.5,2.0,0.030760097173331304,15.364230053854142,906.0644951022459,913.0,6.9355048977540195,0.038995507750898835,394,913,187879,1385
17,17,selection,H50a_corridor,disk,1.5,3.0,0.07376885213025211,43.984246214066566,1361.2364820415685,1385.0,23.763517958431407,0.11163514267529585,394,1385,187879,1385
17,17,selection,H50a_corridor,blur185,1.5,3.0,0.05060901763305951,26.022861142484217,968.9479222822035,980.0,11.05207771779639,0.0660478709200107,394,980,187879,1385
17,17,selection,H50a_corridor,disk,2.8,2.0,0.07663750234991859,45.80682866398266,1366.7318932031212,1385.0,18.268106796878804,0.11626098645680877,394,1385,187879,1385
17,17,selection,H50a_corridor,blur185,2.8,2.0,0.0185563808060783,8.452414426721948,693.0429967348307,697.0,3.957003265169347,0.021452828494218142,394,697,187879,1385
17,17,selection,H50a_corridor,disk,2.8,3.0,0.08980108352547632,53.763831929152005,1363.7318932031212,1385.0,21.268106796878804,0.13645642621612183,394,1385,187879,1385
17,17,selection,H50a_corridor,blur185,2.8,3.0,0.03130667602031064,14.173349714391504,673.4572102972038,680.0,6.542789702796252,0.03597296881825255,394,680,187879,1385
17,17,selection,H50a_corridor,disk,3.6,2.0,0.05627284800120935,33.55510699389764,1371.9100387879944,1385.0,13.089961212005502,0.08516524617740517,394,1385,187879,1385
17,17,selection,H50a_corridor,blur185,3.6,2.0,0.019426412906587028,8.452414426721948,591.0429967348307,595.0,3.957003265169347,0.021452828494218142,394,595,187879,1385
17,17,selection,H50a_corridor,disk,3.6,3.0,0.054470271824072186,32.474226764857875,1372.4386342672035,1385.0,12.561365732796531,0.08242189534227887,394,1385,187879,1385
17,17,selection,H50a_corridor,blur185,3.6,3.0,0.030531719826463626,13.23054067280944,577.4572102972038,583.0,5.542789702796252,0.03358005246905949,394,583,187879,1385
17,17,selection,H50a_corridor,disk,4.6,2.0,0.030690816998273248,14.801401452640514,820.5715922140397,826.0,5.4284077859603785,0.03756700876304699,394,826,187879,1385
17,17,selection,H50a_corridor,blur185,4.6,2.0,0.020491194226165414,8.39522346830401,464.1001876932486,468.0,3.89981230675141,0.021307673777421345,394,468,187879,1385
17,17,selection,H50a_corridor,disk,4.6,3.0,0.03855252771869276,18.425071384476528,795.1810679222883,802.0,6.818932077711648,0.04676414056973738,394,802,187879,1385
17,17,selection,H50a_corridor,blur185,4.6,3.0,0.028011501699686393,11.433106962513119,453.3548317007486,458.0,4.64516829925134,0.02901803797592162,394,458,187879,1385
17,17,selection,H50a_corridor,disk,5.8,2.0,0.029529126754020345,12.609061644179926,546.4120226591665,551.0,4.587977340833404,0.032002694528375446,394,551,187879,1385
17,17,selection,H50a_corridor,blur185,5.8,2.0,0.01023873836307865,3.9526214587563495,350.27614237491537,352.0,1.7238576250846032,0.010032034159280076,394,352,187879,1385
17,17,selection,H50a_corridor,disk,5.8,3.0,0.030651424187134794,13.175540617598003,560.0786893258332,565.0,4.921310674166737,0.0334404584202995,394,565,187879,1385
17,17,selection,H50a_corridor,blur185,5.8,3.0,0.01863242525080098,7.302339918883465,376.27614237491537,379.0,2.7238576250846034,0.018533857662140774,394,379,187879,1385
17,17,selection,H50b_kth_ridge,disk,1.5,2.0,0.06731190263692405,40.15508765511183,1366.6076988691111,1385.0,18.392301130888967,0.10191646612972545,394,1385,187879,1385
17,17,selection,H50b_kth_ridge,blur185,1.5,2.0,0.035835711660041174,18.244003462188175,951.2619481513282,960.0,8.738051848671887,0.046304577315198416,394,960,187879,1385
17,17,selection,H50b_kth_ridge,disk,1.5,3.0,0.06852268304759077,40.88113618340293,1366.1556018125289,1385.0,18.844398187471167,0.1037592288918856,394,1385,187879,1385
17,17,selection,H50b_kth_ridge,blur185,1.5,3.0,0.048837405336538395,25.498647469688247,1009.0666860054525,1021.0,11.933313994547522,0.06471737936469098,394,1021,187879,1385
17,17,selection,H50b_kth_ridge,disk,2.8,2.0,0.05787649888835418,34.50261521203244,1370.207679530325,1385.0,14.792320469674777,0.0875700893706407,394,1385,187879,1385
17,17,selection,H50b_kth_ridge,blur185,2.8,2.0,0.03137862925993433,14.582450036143054,733.0451876380371,740.0,6.954812361962847,0.03701129450797729,394,740,187879,1385
17,17,selection,H50b_kth_ridge,disk,2.8,3.0,0.06655251008996732,39.7193757253234,1368.3435598145763,1385.0,16.656440185423577,0.10081059828762284,394,1385,187879,1385
17,17,selection,H50b_kth_ridge,blur185,2.8,3.0,0.037763128227460856,17.408686257682746,711.5759740204526,720.0,8.42402597954738,0.04418448288751966,394,720,187879,1385
17,17,selection,H50b_kth_ridge,disk,3.6,2.0,0.04589323157807936,27.319770450606395,1373.1289902044919,1385.0,11.87100979550804,0.06933951891016851,394,1385,187879,1385
17,17,selection,H50b_kth_ridge,blur185,3.6,2.0,0.028544174889026972,12.742019591016081,643.2404497839127,649.0,5.759550216087213,0.03234015124623371,394,649,187879,1385
17,17,selection,H50b_kth_ridge,disk,3.6,3.0,0.04578929797846178,27.260388588981957,1373.4601326346187,1385.0,11.539867365381205,0.06918880352533492,394,1385,187879,1385
17,17,selection,H50b_kth_ridge,blur185,3.6,3.0,0.0351841420045126,15.56825581255577,620.8284271247462,628.0,7.171572875253809,0.03951333962577607,394,628,187879,1385
17,17,selection,H50b_kth_ridge,disk,4.6,2.0,0.028135328885471236,14.292113437640374,949.5952814846614,956.0,6.404718515338553,0.03627439958791973,394,956,187879,1385
17,17,selection,H50b_kth_ridge,blur185,4.6,2.0,0.028534454945189785,12.039660333346804,521.6309740756641,527.0,5.3690259243359435,0.030557513536413207,394,527,187879,1385
17,17,selection,H50b_kth_ridge,disk,4.6,3.0,0.03873619660027151,19.50376071030979,922.007304143828,930.0,7.992695856171957,0.049501930736826884,394,930,187879,1385
17,17,selection,H50b_kth_ridge,blur185,4.6,3.0,0.034417681525843166,14.432375528304572,506.2189514164975,512.0,5.78104858350254,0.036630394741889775,394,512,187879,1385
17,17,selection,H50b_kth_ridge,disk,5.8,2.0,0.020030044439686662,8.944585880719758,647.8477345889551,652.0,4.152265411044981,0.022701994621116137,394,652,187879,1385
17,17,selection,H50b_kth_ridge,blur185,5.8,2.0,0.022369742677150084,8.90670238651065,405.8856180831641,410.0,4.114381916835873,0.022605843620585406,394,410,187879,1385
17,17,selection,H50b_kth_ridge,disk,5.8,3.0,0.025854436005531892,11.57044671576227,650.0429967348307,655.0,4.957003265169346,0.029366616029853475,394,655,187879,1385
17,17,selection,H50b_kth_ridge,blur185,5.8,3.0,0.030209800000422504,12.19922988821983,430.8856180831641,436.0,5.114381916835873,0.030962512406649313,394,436,187879,1385
17,17,selection,H50c_both,disk,1.5,2.0,0.06441585900029076,38.38134321543733,1364.8029610149867,1385.0,20.19703898501333,0.09741457668892724,394,1385,187879,1385
17,17,selection,H50c_both,blur185,1.5,2.0,0.040335493266841015,20.25349850922272,914.376330068164,923.0,8.623669931836012,0.0514048185513267,394,923,187879,1385
17,17,selection,H50c_both,disk,1.5,3.0,0.06822929959456252,40.669488910733506,1363.6841972917377,1385.0,21.3158027082622,0.10322205307292769,394,1385,187879,1385
17,17,selection,H50c_both,blur185,1.5,3.0,0.05321157655469915,27.28919110022533,960.9264239147883,973.0,12.07357608521172,0.06926190634574957,394,973,187879,1385
17,17,selection,H50c_both,disk,2.8,2.0,0.08073287665183171,48.26654723453265,1365.0080355780365,1385.0,19.99196442196341,0.12250392699119962,394,1385,187879,1385
17,17,selection,H50c_both,blur185,2.8,2.0,0.038596733352366866,17.687019535804644,697.5715922140396,705.0,7.428407785960378,0.04489091252742296,394,705,187879,1385
17,17,selection,H50c_both,disk,2.8,3.0,0.08313601211282202,49.7215666285299,1364.653203877288,1385.0,20.34679612271207,0.12619686961555812,394,1385,187879,1385
17,17,selection,H50c_both,blur185,2.8,3.0,0.04637355849205382,21.136925689180348,681.8477345889551,691.0,9.152265411044981,0.053647019515686165,394,691,187879,1385
17,17,selection,H50c_both,disk,3.6,2.0,0.04487910599314031,26.71978978939221,1374.1431844280794,1385.0,10.856815571920757,0.06781672535378733,394,1385,187879,1385
17,17,selection,H50c_both,blur185,3.6,2.0,0.03158303230679539,13.787207229053234,592.904925547373,599.0,6.0950744526270455,0.034992911748866075,394,599,187879,1385
17,17,selection,H50c_both,disk,3.6,3.0,0.043535214317119035,25.91505193526784,1374.4171358997883,1385.0,10.582864100211857,0.06577424349052752,394,1385,187879,1385
17,17,selection,H50c_both,blur185,3.6,3.0,0.04001189675878146,17.434566431511072,585.2382588807063,593.0,7.761741119293712,0.04425016860789612,394,593,187879,1385
17,17,selection,H50c_both,disk,4.6,2.0,0.018970147172117733,9.299417581468418,865.7668543599153,870.0,4.233145640084744,0.02360258269408228,394,870,187879,1385
17,17,selection,H50c_both,blur185,4.6,2.0,0.032112021007124895,13.277919214053092,478.15956955487303,484.0,5.840430445126975,0.033700302573738815,394,484,187879,1385
17,17,selection,H50c_both,disk,4.6,3.0,0.02534907572663524,12.299417581468418,837.7096634014973,843.0,5.29033659850268,0.031216795892051823,394,843,187879,1385
17,17,selection,H50c_both,blur185,4.6,3.0,0.03791738417418619,15.67063440901086,474.7475468957064,481.0,6.252453104293572,0.03977318377921538,394,481,187879,1385
17,17,selection,H50c_both,disk,5.8,2.0,0.018790940732342425,8.104155435592782,572.2954498391242,576.0,3.704550160875775,0.02056892242536239,394,576,187879,1385
17,17,selection,H50c_both,blur185,5.8,2.0,0.021167339226665645,8.304530822089962,377.33333333333337,381.0,3.6666666666666674,0.021077489396167416,394,381,187879,1385
17,17,selection,H50c_both,disk,5.8,3.0,0.02542638859411036,11.046964477174846,585.2954498391242,590.0,4.704550160875775,0.028037980906535143,394,590,187879,1385
17,17,selection,H50c_both,blur185,5.8,3.0,0.03467430378896504,13.830203963883884,404.471404520791,410.0,5.528595479208969,0.03510204051747179,394,410,187879,1385
17,17,selection,RANDOM_fixed_seed,disk,1.5,2.0,0.04714256045521233,28.057822299278282,1371.790543630537,1385.0,13.209456369462918,0.07121274695248295,394,1385,187879,1385
17,17,selection,RANDOM_fixed_seed,disk,1.5,3.0,0.05428853097361579,32.345967994574465,1370.733352672119,1385.0,14.266647327880856,0.0820963654684631,394,1385,187879,1385
17,17,selection,RANDOM_fixed_seed,disk,2.8,2.0,0.05233328380483784,31.172204216114157,1371.0666860054525,1385.0,13.933313994547522,0.07911726958404608,394,1385,187879,1385
17,17,selection,RANDOM_fixed_seed,disk,2.8,3.0,0.051208322746391796,30.50553754944749,1372.0666860054525,1385.0,12.933313994547522,0.07742522220671952,394,1385,187879,1385
17,17,selection,RANDOM_fixed_seed,disk,3.6,2.0,0.04977027276806522,29.64360873690519,1372.4000193387858,1385.0,12.599980661214188,0.07523758562666291,394,1385,187879,1385
17,17,selection,RANDOM_fixed_seed,disk,3.6,3.0,0.048650969712224074,28.976942070238522,1373.0666860054525,1385.0,11.933313994547522,0.07354553824933635,394,1385,187879,1385
17,17,selection,RANDOM_fixed_seed,disk,4.6,2.0,0.047374173032585475,28.20789680711676,1372.930805721201,1385.0,12.069194278798722,0.07159364671857046,394,1385,187879,1385
17,17,selection,RANDOM_fixed_seed,disk,4.6,3.0,0.045366772193550724,27.012634661241126,1374.126067867077,1385.0,10.873932132923086,0.06855998644985058,394,1385,187879,1385
17,17,selection,RANDOM_fixed_seed,disk,5.8,2.0,0.04432592914877862,26.38385148878357,1373.7355435753257,1385.0,11.264456424674357,0.06696409007305475,394,1385,187879,1385
17,17,selection,RANDOM_fixed_seed,disk,5.8,3.0,0.04432592914877862,26.38385148878357,1373.7355435753257,1385.0,11.264456424674357,0.06696409007305475,394,1385,187879,1385
18,18,selection,R2_scarp9_topo,disk,1.5,2.0,0.22969475353308333,128.23325942410895,1231.150902635976,1291.0,59.84909736402392,0.3581934620785166,358,1291,175182,1291
18,18,selection,R2_scarp9_topo,blur185,1.5,2.0,0.022049233762569415,9.85389323450571,792.6666666666667,796.0,3.333333333333334,0.027524841437166787,358,796,175182,1291
18,18,selection,R2_scarp9_topo,disk,1.5,3.0,0.2318272460014876,129.42633066677809,1230.0128314485182,1291.0,60.98716855148161,0.36152606331502257,358,1291,175182,1291
18,18,selection,R2_scarp9_topo,blur185,1.5,3.0,0.02433200966928632,11.084847971383955,834.7475468957064,839.0,4.252453104293572,0.030963262489899314,358,839,175182,1291
18,18,selection,R2_scarp9_topo,disk,2.8,2.0,0.12133353002077513,67.08944705458849,1265.5810872610741,1291.0,25.418912738925837,0.1874006900966159,358,1291,175182,1291
18,18,selection,R2_scarp9_topo,blur185,2.8,2.0,0.01942485380307847,8.070653747796673,637.3333333333333,640.0,2.666666666666667,0.02254372555250467,358,640,175182,1291
18,18,selection,R2_scarp9_topo,disk,2.8,3.0,0.12243159025080023,67.715307889631,1265.7191584485317,1291.0,25.28084155146814,0.1891489047196397,358,1291,175182,1291
18,18,selection,R2_scarp9_topo,blur185,2.8,3.0,0.02130700340356503,8.773013005465948,617.942809041582,621.0,3.0571909584179364,0.024505622920295945,358,621,175182,1291
18,18,selection,R2_scarp9_topo,disk,3.6,2.0,0.05280064068013738,28.95293542947695,1280.7690452631216,1291.0,10.230954736878246,0.08087412131138812,358,1291,175182,1291
18,18,selection,R2_scarp9_topo,blur185,3.6,2.0,0.02028409966051687,8.070653747796673,549.3333333333333,552.0,2.666666666666667,0.02254372555250467,358,552,175182,1291
18,18,selection,R2_scarp9_topo,disk,3.6,3.0,0.05269744240662725,28.89574447105901,1280.7690452631218,1291.0,10.230954736878246,0.08071437003089109,358,1291,175182,1291
18,18,selection,R2_scarp9_topo,blur185,3.6,3.0,0.02221335573331145,8.773013005465948,533.9428090415821,537.0,3.057190958417937,0.024505622920295945,358,537,175182,1291
18,18,selection,R2_scarp9_topo,disk,4.6,2.0,0.042489218582126266,19.198498454011283,808.0214983674152,815.0,6.978501632584673,0.0536270906536628,358,815,175182,1291
18,18,selection,R2_scarp9_topo,blur185,4.6,2.0,0.01894283559894872,6.9733883919631285,401.66666666666663,404.0,2.3333333333333335,0.019478738525036673,358,404,175182,1291
18,18,selection,R2_scarp9_topo,disk,4.6,3.0,0.04283155691274833,19.198498454011283,789.9643074089973,797.0,7.03569259100261,0.0536270906536628,358,797,175182,1291
18,18,selection,R2_scarp9_topo,blur185,4.6,3.0,0.020623175942316094,7.675747649632405,421.27614237491537,424.0,2.7238576250846034,0.021440635892827947,358,424,175182,1291
18,18,selection,R2_scarp9_topo,disk,5.8,2.0,0.038571993935775616,15.57482852217527,571.3548317007487,577.0,5.64516829925134,0.04350510760384154,358,577,175182,1291
18,18,selection,R2_scarp9_topo,blur185,5.8,2.0,0.0198260820112238,6.9733883919631285,319.66666666666663,322.0,2.3333333333333335,0.019478738525036673,358,322,175182,1291
18,18,selection,R2_scarp9_topo,disk,5.8,3.0,0.03859891972462945,15.632019480593206,577.2976407423307,583.0,5.7023592576692765,0.04366485888433856,358,583,175182,1291
18,18,selection,R2_scarp9_topo,blur185,5.8,3.0,0.02138148574424301,7.675747649632405,355.27614237491537,358.0,2.7238576250846034,0.021440635892827947,358,358,175182,1291
18,18,selection,R7_scarp9_polarity,disk,1.5,2.0,0.2320055063833906,129.52035971447594,1229.8004527416404,1291.0,61.199547258359566,0.36178871428624565,358,1291,175182,1291
18,18,selection,R7_scarp9_polarity,blur185,1.5,2.0,0.014436898839868957,6.166459634632265,697.4929028882063,700.0,2.507097111793642,0.01722474758277169,358,700,175182,1291
18,18,selection,R7_scarp9_polarity,disk,1.5,3.0,0.23546807157609265,131.49667044385413,1228.7432617832226,1291.0,62.25673821677751,0.3673091353180283,358,1291,175182,1291
18,18,selection,R7_scarp9_polarity,blur185,1.5,3.0,0.01692020091575003,7.397414371510509,746.5737831172461,750.0,3.4262168827538795,0.020663168635504214,358,750,175182,1291
18,18,selection,R7_scarp9_polarity,disk,2.8,2.0,0.12432339534985949,68.76925914049416,1264.9716115528254,1291.0,26.028388447174564,0.19209290262707865,358,1291,175182,1291
18,18,selection,R7_scarp9_polarity,blur185,2.8,2.0,0.015492708305346393,6.109268676214327,533.5500938466243,536.0,2.4499061533757054,0.01706499630227466,358,536,175182,1291
18,18,selection,R7_scarp9_polarity,disk,2.8,3.0,0.1219703146997085,67.45523327136965,1265.7763494069497,1291.0,25.223650593050202,0.18842243930550182,358,1291,175182,1291
18,18,selection,R7_scarp9_polarity,blur185,2.8,3.0,0.015709449516256777,6.166459634632265,524.4929028882063,527.0,2.5070971117936414,0.01722474758277169,358,527,175182,1291
18,18,selection,R7_scarp9_polarity,disk,3.6,2.0,0.06761166524221135,37.14308433473104,1277.6524724430792,1291.0,13.347527556920618,0.10375163221991912,358,1291,175182,1291
18,18,selection,R7_scarp9_polarity,blur185,3.6,2.0,0.01524355040446457,5.797433710296321,463.80473785412437,466.0,2.1952621458756347,0.016193948911442237,358,466,175182,1291
18,18,selection,R7_scarp9_polarity,disk,3.6,3.0,0.06761166524221135,37.14308433473104,1277.6524724430794,1291.0,13.34752755692062,0.10375163221991912,358,1291,175182,1291
18,18,selection,R7_scarp9_polarity,blur185,3.6,3.0,0.015458961646303402,5.854624668714258,455.7475468957064,458.0,2.252453104293571,0.016353700191939265,358,458,175182,1291
18,18,selection,R7_scarp9_polarity,disk,4.6,2.0,0.04159840280788042,18.024734675550974,716.4929028882063,723.0,6.507097111793642,0.050348420881427304,358,723,175182,1291
18,18,selection,R7_scarp9_polarity,blur185,4.6,2.0,0.009580662515431665,3.4284077859603785,353.80473785412437,355.0,1.195262145875635,0.00957655806134184,358,355,175182,1291
18,18,selection,R7_scarp9_polarity,disk,4.6,3.0,0.042006681372454606,18.024734675550974,695.4357119297883,702.0,6.564288070211577,0.050348420881427304,358,702,175182,1291
18,18,selection,R7_scarp9_polarity,blur185,4.6,3.0,0.009697124585182598,3.485598744378315,361.7475468957064,363.0,1.2524531042935716,0.009736309341838868,358,363,175182,1291
18,18,selection,R7_scarp9_polarity,disk,5.8,2.0,0.027275101226881895,10.520559901172376,486.08088022903974,490.0,3.919119770960238,0.029387038830090438,358,490,175182,1291
18,18,selection,R7_scarp9_polarity,blur185,5.8,2.0,0.010011509807207724,3.4284077859603785,276.80473785412437,278.0,1.195262145875635,0.00957655806134184,358,278,175182,1291
18,18,selection,R7_scarp9_polarity,disk,5.8,3.0,0.03649011522854586,14.203611694632826,500.02368927062184,505.0,4.9763107293781745,0.03967489300176767,358,505,175182,1291
18,18,selection,R7_scarp9_polarity,blur185,5.8,3.0,0.009968918485131782,3.485598744378315,312.7475468957064,314.0,1.2524531042935716,0.009736309341838868,358,314,175182,1291
18,18,selection,H50a_corridor,disk,1.5,2.0,0.23593468385603342,131.79431118618487,1229.2310514308074,1291.0,61.76894856919269,0.36814053403962255,358,1291,175182,1291
18,18,selection,H50a_corridor,blur185,1.5,2.0,0.01395271672609419,5.97119748875663,701.8262362215397,704.0,2.1737637784603083,0.01667932259429226,358,704,175182,1291
18,18,selection,H50a_corridor,disk,1.5,3.0,0.24550256336454468,137.27552812415018,1226.5308830763445,1291.0,64.46911692365548,0.3834511958775145,358,1291,175182,1291
18,18,selection,H50a_corridor,blur185,1.5,3.0,0.016449960558593088,7.202152225634874,749.9071164505795,753.0,3.0928835494205464,0.02011774364702479,358,753,175182,1291
18,18,selection,H50a_corridor,disk,2.8,2.0,0.1251252305471593,69.21916529386985,1264.7763494069497,1291.0,26.2236505930502,0.19334962372589343,358,1291,175182,1291
18,18,selection,H50a_corridor,blur185,2.8,2.0,0.015080324348047364,5.97119748875663,541.8262362215397,544.0,2.1737637784603083,0.01667932259429226,358,544,175182,1291
18,18,selection,H50a_corridor,disk,2.8,3.0,0.12427308794915869,68.74776077307882,1265.2477539277409,1291.0,25.752246072259172,0.19203285132144923,358,1291,175182,1291
18,18,selection,H50a_corridor,blur185,2.8,3.0,0.015302051733866666,6.028388447174566,531.7690452631218,534.0,2.2309547368782447,0.016839073874789293,358,534,175182,1291
18,18,selection,H50a_corridor,disk,3.6,2.0,0.0676053978265718,37.14308433473104,1277.9071164505795,1291.0,13.092883549420547,0.10375163221991912,358,1291,175182,1291
18,18,selection,H50a_corridor,blur185,3.6,2.0,0.01468274201822059,5.602171564420686,470.1380711874577,472.0,1.8619288125423017,0.01564852392296281,358,472,175182,1291
18,18,selection,H50a_corridor,disk,3.6,3.0,0.0676053978265718,37.14308433473104,1277.9071164505795,1291.0,13.092883549420547,0.10375163221991912,358,1291,175182,1291
18,18,selection,H50a_corridor,blur185,3.6,3.0,0.014934402075661506,5.659362522838623,457.08088022903974,459.0,1.9191197709602381,0.01580827520345984,358,459,175182,1291
18,18,selection,H50a_corridor,disk,4.6,2.0,0.04033927704935659,17.43675733471757,711.8262362215396,718.0,6.173763778460308,0.04870602607463008,358,718,175182,1291
18,18,selection,H50a_corridor,blur185,4.6,2.0,0.009559291814050809,3.4284077859603785,357.80473785412437,359.0,1.195262145875635,0.00957655806134184,358,359,175182,1291
18,18,selection,H50a_corridor,disk,4.6,3.0,0.040736169656096444,17.43675733471757,690.7690452631218,697.0,6.230954736878245,0.04870602607463008,358,697,175182,1291
18,18,selection,H50a_corridor,blur185,4.6,3.0,0.009648806281713688,3.485598744378315,370.7475468957064,372.0,1.2524531042935716,0.009736309341838868,358,372,175182,1291
18,18,selection,H50a_corridor,disk,5.8,2.0,0.025767502196077402,9.932582560338973,485.4142135623731,489.0,3.585786437626905,0.02774464402329322,358,489,175182,1291
18,18,selection,H50a_corridor,blur185,5.8,2.0,0.009982359689087112,3.4284077859603785,281.80473785412437,283.0,1.195262145875635,0.00957655806134184,358,283,175182,1291
18,18,selection,H50a_corridor,disk,5.8,3.0,0.03500212279358311,13.615634353799422,499.35702260395516,504.0,4.6429773960448415,0.038032498194970454,358,504,175182,1291
18,18,selection,H50a_corridor,blur185,5.8,3.0,0.009951840944354385,3.485598744378315,315.7475468957064,317.0,1.2524531042935716,0.009736309341838868,358,317,175182,1291
18,18,selection,H50b_kth_ridge,disk,1.5,2.0,0.19860406844739997,110.45878694964503,1238.420472301272,1291.0,52.579527698728015,0.3085440976247068,358,1291,175182,1291
18,18,selection,H50b_kth_ridge,blur185,1.5,2.0,0.036579413270014606,16.120540562386566,755.3785209713704,761.0,5.621479028629515,0.04502944291169432,358,761,175182,1291
18,18,selection,H50b_kth_ridge,disk,1.5,3.0,0.20080951733863392,111.72616571173444,1238.1680191969785,1291.0,52.83198080302158,0.31208426176462134,358,1291,175182,1291
18,18,selection,H50b_kth_ridge,blur185,1.5,3.0,0.04621607635733403,20.663330265182815,782.8499254921614,791.0,8.150074507838482,0.05771879962341568,358,791,175182,1291
18,18,selection,H50b_kth_ridge,disk,2.8,2.0,0.09539382416352744,52.53246312820496,1268.9195338350291,1291.0,22.080466164970957,0.14673872382180156,358,1291,175182,1291
18,18,selection,H50b_kth_ridge,blur185,2.8,2.0,0.02321619451874109,9.399605274717008,582.9643074089975,586.0,3.03569259100261,0.026255880655634098,358,586,175182,1291
18,18,selection,H50b_kth_ridge,disk,2.8,3.0,0.09302488768218581,51.21843725908045,1269.7242716891533,1291.0,21.275728310846592,0.14306826050022473,358,1291,175182,1291
18,18,selection,H50b_kth_ridge,blur185,2.8,3.0,0.029913029427123476,11.983200809137415,559.0236892706218,563.0,3.976310729378175,0.0334726279584844,358,563,175182,1291
18,18,selection,H50b_kth_ridge,disk,3.6,2.0,0.049190830413661554,26.947822188855405,1280.162491892288,1291.0,10.837508107711928,0.07527324633758493,358,1291,175182,1291
18,18,selection,H50b_kth_ridge,blur185,3.6,2.0,0.02410941644491722,9.399605274717008,507.9643074089974,511.0,3.0356925910026096,0.026255880655634098,358,511,175182,1291
18,18,selection,H50b_kth_ridge,disk,3.6,3.0,0.058263775650495994,31.962016412442686,1278.9100387879944,1291.0,12.0899612120055,0.08927937545375052,358,1291,175182,1291
18,18,selection,H50b_kth_ridge,blur185,3.6,3.0,0.030964232919717012,11.983200809137415,491.02368927062184,495.0,3.976310729378175,0.0334726279584844,358,495,175182,1291
18,18,selection,H50b_kth_ridge,disk,4.6,2.0,0.03198342552929201,14.165728200423718,768.376330068164,774.0,5.623669931836014,0.03956907318554111,358,774,175182,1291
18,18,selection,H50b_kth_ridge,blur185,4.6,2.0,0.025231166742243554,9.342414316299072,410.02149836741535,413.0,2.978501632584673,0.026096129375137073,358,413,175182,1291
18,18,selection,H50b_kth_ridge,disk,4.6,3.0,0.03565962765199441,15.730016270635296,757.8477345889551,764.0,6.152265411044981,0.04393859293473547,358,764,175182,1291
18,18,selection,H50b_kth_ridge,blur185,4.6,3.0,0.032076292762443094,11.926009850719478,415.08088022903974,419.0,3.919119770960238,0.033312876677987366,358,419,175182,1291
18,18,selection,H50b_kth_ridge,disk,5.8,2.0,0.03156618248142095,12.403987081130005,520.3548317007487,525.0,4.64516829925134,0.03464800860650839,358,525,175182,1291
18,18,selection,H50b_kth_ridge,blur185,5.8,2.0,0.014647083172930694,5.132957946836154,315.07868932583324,317.0,1.9213106741667367,0.014337871359877524,358,317,175182,1291
18,18,selection,H50b_kth_ridge,disk,5.8,3.0,0.03518821487892895,13.968275151341583,538.8262362215396,544.0,5.173763778460308,0.03901752835570275,358,544,175182,1291
18,18,selection,H50b_kth_ridge,blur185,5.8,3.0,0.02150830222009104,7.71655348125656,354.1380711874577,357.0,2.8619288125423017,0.02155461866272782,358,357,175182,1291
18,18,selection,H50c_both,disk,1.5,2.0,0.19667184376207186,109.3994050880206,1239.8681875514412,1291.0,51.131812448558804,0.30558493041346535,358,1291,175182,1291
18,18,selection,H50c_both,blur185,1.5,2.0,0.03248800256214428,14.33437873826248,759.7690452631217,765.0,5.230954736878244,0.040040164073358885,358,765,175182,1291
18,18,selection,H50c_both,disk,1.5,3.0,0.20047126237513235,111.57097796327442,1239.146520829563,1291.0,51.8534791704369,0.3116507764337274,358,1291,175182,1291
18,18,selection,H50c_both,blur185,1.5,3.0,0.04224748125852207,18.87716844105873,783.2404497839127,791.0,7.759550216087213,0.052729520785080246,358,791,175182,1291
18,18,selection,H50c_both,disk,2.8,2.0,0.09394655681880644,51.7277252740806,1269.3122490299868,1291.0,21.68775097001319,0.1444908527208955,358,1291,175182,1291
18,18,selection,H50c_both,blur185,2.8,2.0,0.025884378933225774,10.513255757344334,588.2976407423307,592.0,3.702359257669277,0.029366636193699256,358,592,175182,1291
18,18,selection,H50c_both,disk,2.8,3.0,0.09157699795333293,50.41369940495609,1270.1169868841112,1291.0,20.883013115888826,0.14082038939931868,358,1291,175182,1291
18,18,selection,H50c_both,blur185,2.8,3.0,0.03257187708163262,13.09685129176474,565.3570226039551,570.0,4.6429773960448415,0.03658338349654955,358,570,175182,1291
18,18,selection,H50c_both,disk,3.6,2.0,0.051851611160883805,28.417035806439934,1279.809851094746,1291.0,11.19014890525409,0.07937719499005567,358,1291,175182,1291
18,18,selection,H50c_both,blur185,3.6,2.0,0.021281773611344496,8.339491978884027,518.9643074089975,522.0,3.03569259100261,0.02329467033207829,358,522,175182,1291
18,18,selection,H50c_both,disk,3.6,3.0,0.0609172168001012,33.43123003002722,1278.5573979904523,1291.0,12.442602009547661,0.0933833241062213,358,1291,175182,1291
18,18,selection,H50c_both,blur185,3.6,3.0,0.02809513008215072,10.92308751330443,501.02368927062184,505.0,3.9763107293781745,0.030511417634928577,358,505,175182,1291
18,18,selection,H50c_both,disk,4.6,2.0,0.03143688080625607,13.911084192923646,766.6309740756641,772.0,5.3690259243359435,0.03885777707520571,358,772,175182,1291
18,18,selection,H50c_both,blur185,4.6,2.0,0.022380922049681846,8.28230102046609,410.02149836741535,413.0,2.9785016325846736,0.023134919051581257,358,413,175182,1291
18,18,selection,H50c_both,disk,4.6,3.0,0.03513013844141411,15.475372263135224,755.1023785964551,761.0,5.897621403544911,0.04322729682440007,358,761,175182,1291
18,18,selection,H50c_both,blur185,4.6,3.0,0.02924167874629633,10.865896554886493,415.08088022903974,419.0,3.919119770960238,0.030351666354431546,358,419,175182,1291
18,18,selection,H50c_both,disk,5.8,2.0,0.031095348840728742,12.206534032047873,518.5522847498307,523.0,4.447715250169207,0.034096463776670034,358,523,175182,1291
18,18,selection,H50c_both,blur185,5.8,2.0,0.023402641207835456,8.225110062048152,317.07868932583324,320.0,2.9213106741667367,0.022975167771084225,358,320,175182,1291
18,18,selection,H50c_both,disk,5.8,3.0,0.0346908005422036,13.770822102259451,539.0236892706218,544.0,4.976310729378175,0.03846598352586439,358,544,175182,1291
18,18,selection,H50c_both,blur185,5.8,3.0,0.030091942969000748,10.808705596468558,353.1380711874577,357.0,3.8619288125423017,0.030191915073934518,358,357,175182,1291
18,18,selection,RANDOM_fixed_seed,disk,1.5,2.0,0.02974825631640286,16.257880315635717,1284.3191391097462,1291.0,6.68086089025395,0.04541307350736234,358,1291,175182,1291
18,18,selection,RANDOM_fixed_seed,disk,1.5,3.0,0.04064423576741086,22.250576171807673,1282.9858057764127,1291.0,8.014194223587284,0.062152447407284005,358,1291,175182,1291
18,18,selection,RANDOM_fixed_seed,disk,2.8,2.0,0.04064423576741086,22.250576171807673,1282.9858057764127,1291.0,8.014194223587284,0.062152447407284005,358,1291,175182,1291
18,18,selection,RANDOM_fixed_seed,disk,2.8,3.0,0.04131745736012632,22.619602096143616,1282.6739708104947,1291.0,8.32602918950529,0.06318324607861345,358,1291,175182,1291
18,18,selection,RANDOM_fixed_seed,disk,3.6,2.0,0.04089247556766815,22.386456456058873,1282.847734588955,1291.0,8.152265411044981,0.06253200127390747,358,1291,175182,1291
18,18,selection,RANDOM_fixed_seed,disk,3.6,3.0,0.04089247556766815,22.386456456058873,1282.847734588955,1291.0,8.152265411044981,0.06253200127390747,358,1291,175182,1291
18,18,selection,RANDOM_fixed_seed,disk,4.6,2.0,0.04650054846599628,25.48153090868592,1282.4357119297883,1291.0,8.564288070211578,0.07117746063878748,358,1291,175182,1291
18,18,selection,RANDOM_fixed_seed,disk,4.6,3.0,0.05030224333074601,27.576605361312964,1281.5144012556216,1291.0,9.485598744378315,0.07702962391428202,358,1291,175182,1291
18,18,selection,RANDOM_fixed_seed,disk,5.8,2.0,0.04419421533280744,24.20538853377052,1282.319139109746,1291.0,8.68086089025395,0.06761281713343721,358,1291,175182,1291
18,18,selection,RANDOM_fixed_seed,disk,5.8,3.0,0.04419421533280744,24.20538853377052,1282.319139109746,1291.0,8.68086089025395,0.06761281713343721,358,1291,175182,1291
19,19,calibration,R2_scarp9_topo,disk,1.5,2.0,0.14957837260772064,93.75100048063362,1348.091106710283,1384.0,35.90889328971715,0.22163357087620242,423,1384,187740,1384
19,19,calibration,R2_scarp9_topo,blur185,1.5,2.0,0.060662364327599784,33.13578019090299,1006.0288025112434,1020.0,13.97119748875663,0.07833517775627184,423,1020,187740,1384
19,19,calibration,R2_scarp9_topo,disk,1.5,3.0,0.15269364901805296,95.73169301642479,1347.0317248486583,1384.0,36.96827515134159,0.22631605914048414,423,1384,187740,1384
19,19,calibration,R2_scarp9_topo,blur185,1.5,3.0,0.06681917176880962,37.46911352423633,1074.3005630797456,1091.0,16.699436920254232,0.08857946459630338,423,1091,187740,1384
19,19,calibration,R2_scarp9_topo,disk,2.8,2.0,0.12675615964077153,79.28648603960183,1356.2335597041535,1384.0,27.76644029584645,0.18743850127565442,423,1384,187740,1384
19,19,calibration,R2_scarp9_topo,blur185,2.8,2.0,0.04599389993827797,22.912129597852797,775.8670420531638,785.0,9.132957946836154,0.054165791011472335,423,785,187740,1384
19,19,calibration,R2_scarp9_topo,disk,2.8,3.0,0.1361654373291729,85.24568020797767,1352.9789156966535,1384.0,31.02108430334652,0.20152643075172025,423,1384,187740,1384
19,19,calibration,R2_scarp9_topo,blur185,2.8,3.0,0.05251039495473947,26.026511514688668,760.1981844832908,770.0,9.80181551670932,0.061528396015812455,423,770,187740,1384
19,19,calibration,R2_scarp9_topo,disk,3.6,2.0,0.09972449960081924,62.14444710979993,1361.661967490114,1384.0,22.338032509886073,0.14691358654799036,423,1384,187740,1384
19,19,calibration,R2_scarp9_topo,blur185,3.6,2.0,0.042885296974911356,20.30776713022561,655.376330068164,663.0,7.623669931836012,0.04800890574521421,423,663,187740,1384
19,19,calibration,R2_scarp9_topo,disk,3.6,3.0,0.10477371080841522,65.32259269467323,1359.9953008234472,1384.0,24.00469917655274,0.1544269330843339,423,1384,187740,1384
19,19,calibration,R2_scarp9_topo,blur185,3.6,3.0,0.049683625442086814,23.42214904706148,641.7074724982908,650.0,8.292527501709179,0.05537151074955433,423,650,187740,1384
19,19,calibration,R2_scarp9_topo,disk,4.6,2.0,0.06305102934852393,34.33177377098718,996.2069480961167,1008.0,11.793051903883324,0.08116258574701461,423,1008,187740,1384
19,19,calibration,R2_scarp9_topo,blur185,4.6,2.0,0.0368582303080679,16.312880370847154,504.60947570824874,510.0,5.3905242917512695,0.038564729009094925,423,510,187740,1384
19,19,calibration,R2_scarp9_topo,disk,4.6,3.0,0.06776949381255135,36.45272839744254,961.011685950241,974.0,12.988314049758959,0.08617666287811475,423,974,187740,1384
19,19,calibration,R2_scarp9_topo,blur185,4.6,3.0,0.044464880829641146,19.701213759391926,503.66666666666663,510.0,6.333333333333334,0.04657497342645846,423,510,187740,1384
19,19,calibration,R2_scarp9_topo,disk,5.8,2.0,0.04136289149837218,19.779903085225186,679.2404497839127,686.0,6.759550216087213,0.046761000201477984,423,686,187740,1384
19,19,calibration,R2_scarp9_topo,blur185,5.8,2.0,0.023306236018715745,9.715822047048013,382.66666666666663,386.0,3.333333333333334,0.022968846446922014,423,386,187740,1384
19,19,calibration,R2_scarp9_topo,disk,5.8,3.0,0.044984827789506895,21.64621370418049,692.2998316455373,700.0,7.700168354462777,0.05117308204297988,423,700,187740,1384
19,19,calibration,R2_scarp9_topo,blur185,5.8,3.0,0.033988118509563334,14.475372263135226,423.0,428.0,5.0,0.03422073821072157,423,428,187740,1384
19,19,calibration,R7_scarp9_polarity,disk,1.5,2.0,0.1234103715832926,77.14006530338693,1356.207679530325,1384.0,27.792320469674777,0.18236422057538282,423,1384,187740,1384
19,19,calibration,R7_scarp9_polarity,blur185,1.5,2.0,0.05373913913446304,27.774058410395096,864.3814433087855,877.0,12.618556691214469,0.06565971255412552,423,877,187740,1384
19,19,calibration,R7_scarp9_polarity,disk,1.5,3.0,0.12856099571357554,80.3969002140935,1354.402941676201,1384.0,29.597058323799143,0.19006359388674587,423,1384,187740,1384
19,19,calibration,R7_scarp9_polarity,blur185,1.5,3.0,0.05819141667714652,30.933627965268123,934.9865372106212,950.0,15.013462789378735,0.07312914412592937,423,950,187740,1384
19,19,calibration,R7_scarp9_polarity,disk,2.8,2.0,0.15418715495197863,96.83397491895082,1351.3100581267804,1384.0,32.68994187321969,0.22892192652234236,423,1384,187740,1384
19,19,calibration,R7_scarp9_polarity,blur185,2.8,2.0,0.04332067040530005,20.64548226997194,670.2218737539125,679.0,8.778126246087496,0.048807286690240995,423,679,187740,1384
19,19,calibration,R7_scarp9_polarity,disk,2.8,3.0,0.16452937881563606,103.42341172878218,1347.5840095984893,1384.0,36.41599040151079,0.24449979132099808,423,1384,187740,1384
19,19,calibration,R7_scarp9_polarity,blur185,2.8,3.0,0.04921780417834655,23.2742654424295,649.1409935248728,659.0,9.859006475127256,0.05502190411921867,423,659,187740,1384
19,19,calibration,R7_scarp9_polarity,disk,3.6,2.0,0.0814964199263048,50.659579799630166,1365.4266309468226,1384.0,18.573369053177316,0.11976259999912568,423,1384,187740,1384
19,19,calibration,R7_scarp9_polarity,blur185,3.6,2.0,0.03460904149336637,15.691401342217638,559.2597572481216,566.0,6.740242751878385,0.037095511447323024,423,566,187740,1384
19,19,calibration,R7_scarp9_polarity,disk,3.6,3.0,0.08728742062872612,54.289822441085676,1363.5410128636586,1384.0,20.45898713634144,0.12834473390327583,423,1384,187740,1384
19,19,calibration,R7_scarp9_polarity,blur185,3.6,3.0,0.0407386972671861,18.320184514675198,538.1788770190818,546.0,7.8211229809181475,0.0433101288763007,423,546,187740,1384
19,19,calibration,R7_scarp9_polarity,disk,4.6,2.0,0.047788447071112086,25.008666918896935,899.5930905814549,908.0,8.406909418545052,0.05912214401630481,423,908,187740,1384
19,19,calibration,R7_scarp9_polarity,blur185,4.6,2.0,0.023314262863251674,9.932582560338973,428.2189514164975,432.0,3.78104858350254,0.023481282648555493,423,432,187740,1384
19,19,calibration,R7_scarp9_polarity,disk,4.6,3.0,0.05321136289948697,27.601026066143334,873.9264239147883,884.0,10.07357608521172,0.06525065263863672,423,884,187740,1384
19,19,calibration,R7_scarp9_polarity,blur185,4.6,3.0,0.031316169332794276,13.401796177923506,434.35483170074866,440.0,5.64516829925134,0.031682733281143044,423,440,187740,1384
19,19,calibration,R7_scarp9_polarity,disk,5.8,2.0,0.03671962362517809,16.82582215747089,582.2954498391242,588.0,5.704550160875776,0.039777357346266876,423,588,187740,1384
19,19,calibration,R7_scarp9_polarity,blur185,5.8,2.0,0.01832139636760705,7.44479291275416,332.27614237491537,335.0,2.7238576250846034,0.0175999832452817,423,335,187740,1384
19,19,calibration,R7_scarp9_polarity,disk,5.8,3.0,0.0414607266571766,19.163537297217218,599.8834271799576,607.0,7.116572820042372,0.04530387067900051,423,607,187740,1384
19,19,calibration,R7_scarp9_polarity,blur185,5.8,3.0,0.03218867181314085,13.401796177923506,376.35483170074866,382.0,5.64516829925134,0.031682733281143044,423,382,187740,1384
19,19,calibration,H50a_corridor,disk,1.5,2.0,0.09052509264667911,56.314243145916045,1362.1074918370766,1384.0,21.89250816292337,0.13313059845370223,423,1384,187740,1384
19,19,calibration,H50a_corridor,blur185,1.5,2.0,0.04229634793299099,21.582450036143054,837.7548510395345,848.0,10.245148960465528,0.05102234051097649,423,848,187740,1384
19,19,calibration,H50a_corridor,disk,1.5,3.0,0.10143341371231228,63.159055397456015,1358.1668736987012,1384.0,25.833126301298933,0.14931218770084165,423,1384,187740,1384
19,19,calibration,H50a_corridor,blur185,1.5,3.0,0.04894530028399978,25.627637674180207,900.3599449413703,913.0,12.640055058629796,0.06058543185385391,423,913,187740,1384
19,19,calibration,H50a_corridor,disk,2.8,2.0,0.14284126729530522,89.54509778944609,1352.88165034082,1384.0,31.11834965918007,0.2116905385093288,423,1384,187740,1384
19,19,calibration,H50a_corridor,blur185,2.8,2.0,0.036364684058701364,17.09685129176474,641.6524724430794,649.0,7.347527556920616,0.04041808816020033,423,649,187740,1384
19,19,calibration,H50a_corridor,disk,2.8,3.0,0.1482830381780075,92.9971948460283,1350.8029610149867,1384.0,33.197038985013336,0.21985152445869574,423,1384,187740,1384
19,19,calibration,H50a_corridor,blur185,2.8,3.0,0.044962650948410336,20.865896554886497,607.4929028882063,616.0,8.507097111793641,0.04932836064984988,423,616,187740,1384
19,19,calibration,H50a_corridor,disk,3.6,2.0,0.07698987539387915,47.84502952833151,1367.383634211992,1384.0,16.61636578800797,0.11310881685184754,423,1384,187740,1384
19,19,calibration,H50a_corridor,blur185,3.6,2.0,0.029690495879951758,13.240035719843984,524.4357119297883,530.0,5.564288070211578,0.031300320850695,423,530,187740,1384
19,19,calibration,H50a_corridor,disk,3.6,3.0,0.0802905717352531,49.90441138995595,1365.8335403653678,1384.0,18.166459634632265,0.11797733189114883,423,1384,187740,1384
19,19,calibration,H50a_corridor,blur185,3.6,3.0,0.03911074420310852,17.320915948883744,505.0214983674153,512.0,6.978501632584674,0.04094779184133273,423,512,187740,1384
19,19,calibration,H50a_corridor,disk,4.6,2.0,0.05587552618195124,28.67679305456155,845.4550193939972,854.0,8.54498060600275,0.06779383700841975,423,854,187740,1384
19,19,calibration,H50a_corridor,blur185,4.6,2.0,0.022948860331694302,9.637864155423298,398.2189514164975,402.0,3.78104858350254,0.022784548830787937,423,402,187740,1384
19,19,calibration,H50a_corridor,disk,4.6,3.0,0.060463035561770025,30.795556777810422,823.8477345889551,834.0,10.152265411044983,0.07280273469931542,423,834,187740,1384
19,19,calibration,H50a_corridor,blur185,4.6,3.0,0.03380114144336515,14.247339863672027,401.27614237491537,407.0,5.723857625084603,0.033681654524047346,423,407,187740,1384
19,19,calibration,H50a_corridor,disk,5.8,2.0,0.03437377378057837,15.439679672132616,538.4120226591666,543.0,4.587977340833405,0.0365004247568147,423,543,187740,1384
19,19,calibration,H50a_corridor,blur185,5.8,2.0,0.021300365162206396,8.521291335380926,299.7475468957064,303.0,3.252453104293571,0.02014489677395018,423,303,187740,1384
19,19,calibration,H50a_corridor,disk,5.8,3.0,0.03863476476882223,17.558443395381484,562.8047378541244,569.0,6.195262145875635,0.04150932244771036,423,569,187740,1384
19,19,calibration,H50a_corridor,blur185,5.8,3.0,0.034859741000051236,14.247339863672027,337.27614237491537,343.0,5.723857625084603,0.033681654524047346,423,343,187740,1384
19,19,calibration,H50b_kth_ridge,disk,1.5,2.0,0.11645158687198051,72.7277252740806,1357.9315371554098,1384.0,26.068462844590172,0.17193315667631348,423,1384,187740,1384
19,19,calibration,H50b_kth_ridge,blur185,1.5,2.0,0.052499648831725504,27.668029441735555,915.4000193387858,927.0,11.599980661214188,0.06540905305374836,423,927,187740,1384
19,19,calibration,H50b_kth_ridge,disk,1.5,3.0,0.13388376687508927,83.78418479828997,1353.2054886271187,1384.0,30.79451137288128,0.1980713588612056,423,1384,187740,1384
19,19,calibration,H50b_kth_ridge,blur185,1.5,3.0,0.05967282257692243,32.28480929381233,980.8670420531638,996.0,15.132957946836154,0.07632342622650669,423,996,187740,1384
19,19,calibration,H50b_kth_ridge,disk,2.8,2.0,0.1386982484172906,86.90504273081629,1353.976724793447,1384.0,30.023275206553027,0.20544927359531037,423,1384,187740,1384
19,19,calibration,H50b_kth_ridge,blur185,2.8,2.0,0.04549712122756873,22.06585787731487,710.9071164505795,719.0,8.092883549420547,0.05216514864613444,423,719,187740,1384
19,19,calibration,H50b_kth_ridge,disk,2.8,3.0,0.14614822696263408,91.63328216231389,1351.3100581267804,1384.0,32.689941873219695,0.2166271445917586,423,1384,187740,1384
19,19,calibration,H50b_kth_ridge,blur185,2.8,3.0,0.048518590760048386,23.40649535447625,696.7096634014973,705.0,8.29033659850268,0.05533450438410461,423,705,187740,1384
19,19,calibration,H50b_kth_ridge,disk,3.6,2.0,0.07894603717541074,49.07013959037967,1366.7577733769494,1384.0,17.242226623050485,0.11600505813328527,423,1384,187740,1384
19,19,calibration,H50b_kth_ridge,blur185,3.6,2.0,0.046291760737206596,21.42068957806353,600.2404497839127,608.0,7.759550216087213,0.05063992808052844,423,608,187740,1384
19,19,calibration,H50b_kth_ridge,disk,3.6,3.0,0.0811272384639314,50.42497129112833,1365.345750717783,1384.0,18.65424928221708,0.11920796995538613,423,1384,187740,1384
19,19,calibration,H50b_kth_ridge,blur185,3.6,3.0,0.050792785045858345,23.40649535447625,588.7096634014972,597.0,8.29033659850268,0.05533450438410461,423,597,187740,1384
19,19,calibration,H50b_kth_ridge,disk,4.6,2.0,0.04449322739002545,23.726679869151443,950.5982038220765,960.0,9.401796177923506,0.0560914417710436,423,960,187740,1384
19,19,calibration,H50b_kth_ridge,blur185,4.6,2.0,0.042310256587296736,18.325615125436485,455.2976407423307,462.0,6.7023592576692765,0.04332296719961344,423,462,187740,1384
19,19,calibration,H50b_kth_ridge,disk,4.6,3.0,0.044069157871050785,23.300462986397562,928.3242523503675,938.0,9.675747649632406,0.05508383684727556,423,938,187740,1384
19,19,calibration,H50b_kth_ridge,blur185,4.6,3.0,0.04680756990983693,20.390110227682467,465.688165034082,473.0,7.311834965918007,0.048203570278209144,423,473,187740,1384
19,19,calibration,H50b_kth_ridge,disk,5.8,2.0,0.03388585548956317,15.85859241105845,632.1431844280792,638.0,5.856815571920757,0.037490762201083806,423,638,187740,1384
19,19,calibration,H50b_kth_ridge,blur185,5.8,2.0,0.03549062976223143,14.626178205182256,353.94280904158205,359.0,5.057190958417937,0.03457725344014718,423,359,187740,1384
19,19,calibration,H50b_kth_ridge,disk,5.8,3.0,0.03585482804166263,16.97735613430732,658.535899623037,665.0,6.464100376962989,0.040135593698126054,423,665,187740,1384
19,19,calibration,H50b_kth_ridge,blur185,5.8,3.0,0.047803223784927254,20.135466220182398,393.94280904158205,401.0,7.057190958417937,0.04760157498861087,423,401,187740,1384
19,19,calibration,H50c_both,disk,1.5,2.0,0.09811844402140046,61.09456029521004,1360.212061336738,1384.0,23.78793866326178,0.14443158462224595,423,1384,187740,1384
19,19,calibration,H50c_both,blur185,1.5,2.0,0.043508761527770404,22.64402280097399,887.5930905814548,898.0,10.406909418545052,0.05353196879662882,423,898,187740,1384
19,19,calibration,H50c_both,disk,1.5,3.0,0.11240327422816719,70.09675119841654,1355.9953008234472,1384.0,28.00469917655274,0.1657133598071313,423,1384,187740,1384
19,19,calibration,H50c_both,blur185,1.5,3.0,0.04832247640680897,25.825090723262342,954.3362556707484,967.0,12.663744329251621,0.06105222393206228,423,967,187740,1384
19,19,calibration,H50c_both,disk,2.8,2.0,0.11262439153666778,70.31821088826024,1359.4838219052406,1384.0,24.516178094759383,0.16623690517319206,423,1384,187740,1384
19,19,calibration,H50c_both,blur185,2.8,2.0,0.0395381130830434,18.97954703751382,689.1788770190818,697.0,7.8211229809181475,0.0448689055260374,423,697,187740,1384
19,19,calibration,H50c_both,disk,2.8,3.0,0.11827163321499383,73.89199400550636,1357.9337280586165,1384.0,26.066271941383675,0.17468556502483773,423,1384,187740,1384
19,19,calibration,H50c_both,blur185,2.8,3.0,0.04252751760519623,20.296495244053375,673.9814239699997,682.0,8.01857603000028,0.047982258260173466,423,682,187740,1384
19,19,calibration,H50c_both,disk,3.6,2.0,0.04632301260635264,28.664375670111966,1373.3027539829523,1384.0,10.697246017047732,0.0677644814896264,423,1384,187740,1384
19,19,calibration,H50c_both,blur185,3.6,2.0,0.036290005768298696,16.687019535804644,590.433521026582,597.0,6.566478973418077,0.03944921876076748,423,597,187740,1384
19,19,calibration,H50c_both,disk,3.6,3.0,0.051272991169433395,31.743064995945225,1371.752660136328,1384.0,12.247339863672027,0.0750427068462062,423,1384,187740,1384
19,19,calibration,H50c_both,blur185,3.6,3.0,0.03717678496590962,17.003967742344194,577.9027346441665,584.0,6.097265355833544,0.040198505301050104,423,584,187740,1384
19,19,calibration,H50c_both,disk,4.6,2.0,0.031547017671612235,16.32488369122794,879.0644951022459,885.0,5.93550489775402,0.03859310565302113,423,885,187740,1384
19,19,calibration,H50c_both,blur185,4.6,2.0,0.029297184994738053,12.556252492174988,438.35483170074866,443.0,4.64516829925134,0.029683812038238742,423,443,187740,1384
19,19,calibration,H50c_both,disk,4.6,3.0,0.0320094132772613,16.505951613516288,869.7905436305371,876.0,6.209456369462918,0.0390211622068943,423,876,187740,1384
19,19,calibration,H50c_both,blur185,4.6,3.0,0.03807001989233741,16.437488768926116,450.4120226591666,456.0,5.587977340833404,0.03885931151046363,423,456,187740,1384
19,19,calibration,H50c_both,disk,5.8,2.0,0.02395367521550811,10.865896554886495,565.2404497839128,569.0,3.7595502160872134,0.02568769871131559,423,569,187740,1384
19,19,calibration,H50c_both,blur185,5.8,2.0,0.02804773709888213,11.439679672132616,335.8834271799576,340.0,4.1165728200423715,0.027044159981400983,423,340,187740,1384
19,19,calibration,H50c_both,disk,5.8,3.0,0.026020494450686948,12.003967742344193,602.6331649788706,607.0,4.366835021129445,0.02837817433178296,423,607,187740,1384
19,19,calibration,H50c_both,blur185,5.8,3.0,0.03949706280692298,16.437488768926116,372.4120226591666,378.0,5.587977340833404,0.03885931151046363,423,378,187740,1384
19,19,calibration,RANDOM_fixed_seed,disk,1.5,2.0,0.033621257589656124,20.772598941397145,1376.4335210265817,1384.0,7.566478973418078,0.049107798915832494,423,1384,187740,1384
19,19,calibration,RANDOM_fixed_seed,disk,1.5,3.0,0.03724781988391342,23.025052045690718,1375.7668543599152,1384.0,8.233145640084745,0.054432747152933135,423,1384,187740,1384
19,19,calibration,RANDOM_fixed_seed,disk,2.8,2.0,0.03724781988391342,23.025052045690718,1375.7668543599152,1384.0,8.233145640084745,0.054432747152933135,423,1384,187740,1384
19,19,calibration,RANDOM_fixed_seed,disk,2.8,3.0,0.04295073742670302,26.570032651693467,1374.512210352415,1384.0,9.487789647584815,0.06281331596145028,423,1384,187740,1384
19,19,calibration,RANDOM_fixed_seed,disk,3.6,2.0,0.03699416896341879,22.86767339402419,1375.8455436857485,1384.0,8.154456314251481,0.05406069360289407,423,1384,187740,1384
19,19,calibration,RANDOM_fixed_seed,disk,3.6,3.0,0.03699416896341879,22.86767339402419,1375.8455436857485,1384.0,8.154456314251481,0.05406069360289407,423,1384,187740,1384
19,19,calibration,RANDOM_fixed_seed,disk,4.6,2.0,0.0381227176350853,23.570032651693467,1375.7668543599152,1384.0,8.233145640084743,0.055721117379889995,423,1384,187740,1384
19,19,calibration,RANDOM_fixed_seed,disk,4.6,3.0,0.045639307821576915,28.250893541947416,1374.7668543599152,1384.0,9.233145640084745,0.06678698236867002,423,1384,187740,1384
19,19,calibration,RANDOM_fixed_seed,disk,5.8,2.0,0.039406296249980106,24.37257960261133,1376.1001876932487,1384.0,7.89981230675141,0.05761839149553506,423,1384,187740,1384
19,19,calibration,RANDOM_fixed_seed,disk,5.8,3.0,0.039406296249980106,24.37257960261133,1376.1001876932487,1384.0,7.89981230675141,0.05761839149553506,423,1384,187740,1384
20,20,calibration,R2_scarp9_topo,disk,1.5,2.0,0.04706245121082724,6.111459579420826,259.1810679222883,263.0,3.8189320777116484,0.0636610372856336,96,263,35652,263
20,20,calibration,R2_scarp9_topo,blur185,1.5,2.0,0.030872615678878904,3.954812361962848,252.5500938466243,255.0,2.449906153375705,0.04119596210377967,96,255,35652,263
20,20,calibration,R2_scarp9_topo,disk,1.5,3.0,0.049459438902745914,6.423294545338833,258.9264239147883,263.0,4.073576085211719,0.06690931818061284,96,263,35652,263
20,20,calibration,R2_scarp9_topo,blur185,1.5,3.0,0.03049176902210497,3.954812361962848,260.5500938466243,263.0,2.449906153375705,0.04119596210377967,96,263,35652,263
20,20,calibration,R2_scarp9_topo,disk,2.8,2.0,0.04263797561621406,5.539867365381205,260.1001876932486,263.0,2.89981230675141,0.05770695172272089,96,263,35652,263
20,20,calibration,R2_scarp9_topo,blur185,2.8,2.0,0.017105837309219656,1.9785016325846734,192.33333333333334,193.0,0.6666666666666667,0.020609392006090348,96,193,35652,263
20,20,calibration,R2_scarp9_topo,disk,2.8,3.0,0.04263797561621406,5.539867365381205,260.1001876932486,263.0,2.89981230675141,0.05770695172272089,96,263,35652,263
20,20,calibration,R2_scarp9_topo,blur185,2.8,3.0,0.017165200439634046,1.9785016325846734,190.33333333333334,191.0,0.6666666666666667,0.020609392006090348,96,191,35652,263
20,20,calibration,R2_scarp9_topo,disk,3.6,2.0,0.029127711716750698,3.7781262460874934,260.76685435991527,263.0,2.2331456400847434,0.03935548173007806,96,263,35652,263
20,20,calibration,R2_scarp9_topo,blur185,3.6,2.0,0.017878721432973903,1.9785016325846734,167.33333333333334,168.0,0.6666666666666667,0.020609392006090348,96,168,35652,263
20,20,calibration,R2_scarp9_topo,disk,3.6,3.0,0.029127711716750698,3.7781262460874934,260.76685435991527,263.0,2.2331456400847434,0.03935548173007806,96,263,35652,263
20,20,calibration,R2_scarp9_topo,blur185,3.6,3.0,0.018008911392810342,1.9785016325846734,163.33333333333334,164.0,0.6666666666666667,0.020609392006090348,96,164,35652,263
20,20,calibration,R2_scarp9_topo,disk,4.6,2.0,0.01939032173637227,2.3497184601271153,219.5500938466243,221.0,1.449906153375705,0.02447623395965745,96,221,35652,263
20,20,calibration,R2_scarp9_topo,blur185,4.6,2.0,0.019347309188692385,1.9785016325846734,125.33333333333333,126.0,0.6666666666666667,0.020609392006090348,96,126,35652,263
20,20,calibration,R2_scarp9_topo,disk,4.6,3.0,0.019358371946072168,2.3497184601271153,220.5500938466243,222.0,1.449906153375705,0.02447623395965745,96,222,35652,263
20,20,calibration,R2_scarp9_topo,blur185,4.6,3.0,0.019309544476132152,1.9785016325846734,126.33333333333333,127.0,0.6666666666666667,0.020609392006090348,96,127,35652,263
20,20,calibration,R2_scarp9_topo,disk,5.8,2.0,0.022087979782666193,2.3497184601271153,145.5500938466243,147.0,1.449906153375705,0.02447623395965745,96,147,35652,263
20,20,calibration,R2_scarp9_topo,blur185,5.8,2.0,0.020383818094232103,1.9785016325846734,99.33333333333333,100.0,0.6666666666666667,0.020609392006090348,96,100,35652,263
20,20,calibration,R2_scarp9_topo,disk,5.8,3.0,0.021720459192861925,2.3497184601271153,154.5500938466243,156.0,1.449906153375705,0.02447623395965745,96,156,35652,263
20,20,calibration,R2_scarp9_topo,blur185,5.8,3.0,0.02009398811955863,1.9785016325846734,106.33333333333333,107.0,0.6666666666666667,0.020609392006090348,96,107,35652,263
20,20,calibration,R7_scarp9_polarity,disk,1.5,2.0,0.03415212972615608,4.4284077859603785,259.90711645057945,263.0,3.0928835494205464,0.04612924777042061,96,263,35652,263
20,20,calibration,R7_scarp9_polarity,blur185,1.5,2.0,0.03309518666999159,3.9948867593784554,215.5500938466243,217.0,1.449906153375705,0.041613403743525575,96,217,35652,263
20,20,calibration,R7_scarp9_polarity,disk,1.5,3.0,0.05005470445179619,6.501983871172096,258.98580577641275,263.0,4.014194223587284,0.06772899865804267,96,263,35652,263
20,20,calibration,R7_scarp9_polarity,blur185,1.5,3.0,0.032397366656459065,3.9948867593784554,228.5500938466243,230.0,1.449906153375705,0.041613403743525575,96,230,35652,263
20,20,calibration,R7_scarp9_polarity,disk,2.8,2.0,0.03183577869822368,4.130767043629655,260.6309740756641,263.0,2.369025924335943,0.04302882337114224,96,263,35652,263
20,20,calibration,R7_scarp9_polarity,blur185,2.8,2.0,0.013135080357783655,1.449906153375705,166.47140452079103,167.0,0.5285954792089682,0.015103189097663594,96,167,35652,263
20,20,calibration,R7_scarp9_polarity,disk,2.8,3.0,0.03183577869822368,4.130767043629655,260.6309740756641,263.0,2.369025924335943,0.04302882337114224,96,263,35652,263
20,20,calibration,R7_scarp9_polarity,blur185,2.8,3.0,0.01335282042599586,1.449906153375705,157.47140452079103,158.0,0.5285954792089682,0.015103189097663594,96,158,35652,263
20,20,calibration,R7_scarp9_polarity,disk,3.6,2.0,0.07994494145868943,10.437488768926116,258.35483170074866,263.0,4.64516829925134,0.10872384134298037,96,263,35652,263
20,20,calibration,R7_scarp9_polarity,blur185,3.6,2.0,0.013837060297375515,1.449906153375705,138.47140452079103,139.0,0.5285954792089682,0.015103189097663594,96,139,35652,263
20,20,calibration,R7_scarp9_polarity,disk,3.6,3.0,0.07994494145868943,10.437488768926116,258.35483170074866,263.0,4.64516829925134,0.10872384134298037,96,263,35652,263
20,20,calibration,R7_scarp9_polarity,blur185,3.6,3.0,0.013997359478106626,1.449906153375705,132.47140452079103,133.0,0.5285954792089682,0.015103189097663594,96,133,35652,263
20,20,calibration,R7_scarp9_polarity,disk,4.6,2.0,0.01728860257313348,2.016385126793782,197.13807118745768,198.0,0.8619288125423016,0.021004011737435227,96,198,35652,263
20,20,calibration,R7_scarp9_polarity,blur185,4.6,2.0,0.014677501476871625,1.449906153375705,108.47140452079103,109.0,0.5285954792089682,0.015103189097663594,96,109,35652,263
20,20,calibration,R7_scarp9_polarity,disk,4.6,3.0,0.01722951184115126,2.016385126793782,199.13807118745768,200.0,0.8619288125423016,0.021004011737435227,96,200,35652,263
20,20,calibration,R7_scarp9_polarity,blur185,4.6,3.0,0.0146183086123548,1.449906153375705,110.47140452079103,111.0,0.5285954792089682,0.015103189097663594,96,111,35652,263
20,20,calibration,R7_scarp9_polarity,disk,5.8,2.0,0.02007733976507713,2.016385126793782,116.13807118745771,117.0,0.8619288125423016,0.021004011737435227,96,117,35652,263
20,20,calibration,R7_scarp9_polarity,blur185,5.8,2.0,0.015361736380419178,1.449906153375705,86.47140452079103,87.0,0.5285954792089682,0.015103189097663594,96,87,35652,263
20,20,calibration,R7_scarp9_polarity,disk,5.8,3.0,0.019646961085328127,2.016385126793782,127.13807118745771,128.0,0.8619288125423016,0.021004011737435227,96,128,35652,263
20,20,calibration,R7_scarp9_polarity,blur185,5.8,3.0,0.01504297611727727,1.449906153375705,96.47140452079103,97.0,0.5285954792089682,0.015103189097663594,96,97,35652,263
20,20,calibration,H50a_corridor,disk,1.5,2.0,0.0,0.0,263.0,263.0,0.0,0.0,96,263,35652,263
20,20,calibration,H50a_corridor,blur185,1.5,2.0,0.02508361204013357,3.0,211.0,212.0,1.0,0.03125,96,212,35652,263
20,20,calibration,H50a_corridor,disk,1.5,3.0,0.0,0.0,263.0,263.0,0.0,0.0,96,263,35652,263
20,20,calibration,H50a_corridor,blur185,1.5,3.0,0.02463054187192098,3.0,222.0,223.0,1.0,0.03125,96,223,35652,263
20,20,calibration,H50a_corridor,disk,2.8,2.0,0.031642568536360105,4.109268676214328,261.216760513291,263.0,1.7832394867090384,0.042804882043899255,96,263,35652,263
20,20,calibration,H50a_corridor,blur185,2.8,2.0,0.0,0.0,155.0,155.0,0.0,0.0,96,155,35652,263
20,20,calibration,H50a_corridor,disk,2.8,3.0,0.031642568536360105,4.109268676214328,261.216760513291,263.0,1.7832394867090384,0.042804882043899255,96,263,35652,263
20,20,calibration,H50a_corridor,blur185,2.8,3.0,0.0,0.0,145.0,145.0,0.0,0.0,96,145,35652,263
20,20,calibration,H50a_corridor,disk,3.6,2.0,0.08308890875882012,10.85389323450571,258.2954498391242,263.0,4.704550160875775,0.11306138785943448,96,263,35652,263
20,20,calibration,H50a_corridor,blur185,3.6,2.0,0.0,0.0,128.0,128.0,0.0,0.0,96,128,35652,263
20,20,calibration,H50a_corridor,disk,3.6,3.0,0.08308890875882012,10.85389323450571,258.2954498391242,263.0,4.704550160875775,0.11306138785943448,96,263,35652,263
20,20,calibration,H50a_corridor,blur185,3.6,3.0,0.0,0.0,124.0,124.0,0.0,0.0,96,124,35652,263
20,20,calibration,H50a_corridor,disk,4.6,2.0,0.014993520076459186,1.6637443292516205,169.15737865166653,170.0,0.8426213483334736,0.017330670096371046,96,170,35652,263
20,20,calibration,H50a_corridor,blur185,4.6,2.0,0.0,0.0,102.0,102.0,0.0,0.0,96,102,35652,263
20,20,calibration,H50a_corridor,disk,4.6,3.0,0.015020592933477994,1.6637443292516205,168.15737865166653,169.0,0.8426213483334736,0.017330670096371046,96,169,35652,263
20,20,calibration,H50a_corridor,blur185,4.6,3.0,0.0,0.0,103.0,103.0,0.0,0.0,96,103,35652,263
20,20,calibration,H50a_corridor,disk,5.8,2.0,0.012061608626746214,1.15445631425148,93.4120226591666,94.0,0.5879773408334035,0.012025586606786251,96,94,35652,263
20,20,calibration,H50a_corridor,blur185,5.8,2.0,0.0,0.0,79.0,79.0,0.0,0.0,96,79,35652,263
20,20,calibration,H50a_corridor,disk,5.8,3.0,0.011838963136700879,1.15445631425148,102.4120226591666,103.0,0.5879773408334035,0.012025586606786251,96,103,35652,263
20,20,calibration,H50a_corridor,blur185,5.8,3.0,0.0,0.0,93.0,93.0,0.0,0.0,96,93,35652,263
20,20,calibration,H50b_kth_ridge,disk,1.5,2.0,0.03165766512513777,4.109268676214328,260.90711645057945,263.0,2.092883549420546,0.042804882043899255,96,263,35652,263
20,20,calibration,H50b_kth_ridge,blur185,1.5,2.0,0.030039462389305348,3.58067319700536,208.4142135623731,210.0,1.5857864376269049,0.0372986791354725,96,210,35652,263
20,20,calibration,H50b_kth_ridge,disk,1.5,3.0,0.03405702993486126,4.421103642132335,260.6524724430794,263.0,2.347527556920616,0.04605316293887849,96,263,35652,263
20,20,calibration,H50b_kth_ridge,blur185,1.5,3.0,0.019537614813484736,2.385411051129725,224.08088022903976,225.0,0.9191197709602381,0.0248480317826013,96,225,35652,263
20,20,calibration,H50b_kth_ridge,disk,2.8,2.0,0.02503557934129469,3.2473398636720265,261.2976407423307,263.0,1.7023592576692765,0.03382645691325028,96,263,35652,263
20,20,calibration,H50b_kth_ridge,blur185,2.8,2.0,0.02114770813029475,2.3282200927117884,164.13807118745768,165.0,0.8619288125423016,0.024252292632414463,96,165,35652,263
20,20,calibration,H50b_kth_ridge,disk,2.8,3.0,0.031944838665384764,4.147152170423436,260.96430740899734,263.0,2.0356925910026096,0.04319950177524413,96,263,35652,263
20,20,calibration,H50b_kth_ridge,blur185,2.8,3.0,0.021499215465539314,2.3282200927117884,155.13807118745768,156.0,0.8619288125423016,0.024252292632414463,96,156,35652,263
20,20,calibration,H50b_kth_ridge,disk,3.6,2.0,0.040241458699075416,5.228032399463198,260.3548317007486,263.0,2.64516829925134,0.05445867082774165,96,263,35652,263
20,20,calibration,H50b_kth_ridge,blur185,3.6,2.0,0.022238491107211114,2.3282200927117884,137.13807118745768,138.0,0.8619288125423016,0.024252292632414463,96,138,35652,263
20,20,calibration,H50b_kth_ridge,disk,3.6,3.0,0.0310665105258121,4.032770253587564,261.02149836741535,263.0,1.9785016325846732,0.042008023474870454,96,263,35652,263
20,20,calibration,H50b_kth_ridge,blur185,3.6,3.0,0.022452955301713526,2.3282200927117884,132.13807118745768,133.0,0.8619288125423016,0.024252292632414463,96,133,35652,263
20,20,calibration,H50b_kth_ridge,disk,4.6,2.0,0.025649695314193338,2.9161974335451917,181.5500938466243,183.0,1.449906153375705,0.03037705659942908,96,183,35652,263
20,20,calibration,H50b_kth_ridge,blur185,4.6,2.0,0.009096980335375338,0.8998123067514101,109.66666666666667,110.0,0.33333333333333337,0.009373044861993855,96,110,35652,263
20,20,calibration,H50b_kth_ridge,disk,4.6,3.0,0.025923308460920565,2.9161974335451917,175.5500938466243,177.0,1.449906153375705,0.03037705659942908,96,177,35652,263
20,20,calibration,H50b_kth_ridge,blur185,4.6,3.0,0.00904213150178343,0.8998123067514101,112.66666666666667,113.0,0.33333333333333337,0.009373044861993855,96,113,35652,263
20,20,calibration,H50b_kth_ridge,disk,5.8,2.0,0.028564054898040345,2.9161974335451917,123.55009384662429,125.0,1.449906153375705,0.03037705659942908,96,125,35652,263
20,20,calibration,H50b_kth_ridge,blur185,5.8,2.0,0.0,0.0,86.0,86.0,0.0,0.0,96,86,35652,263
20,20,calibration,H50b_kth_ridge,disk,5.8,3.0,0.028232214597362776,2.9161974335451917,129.5500938466243,131.0,1.449906153375705,0.03037705659942908,96,131,35652,263
20,20,calibration,H50b_kth_ridge,blur185,5.8,3.0,0.0,0.0,99.0,99.0,0.0,0.0,96,99,35652,263
20,20,calibration,H50c_both,disk,1.5,2.0,0.0,0.0,263.0,263.0,0.0,0.0,96,263,35652,263
20,20,calibration,H50c_both,blur185,1.5,2.0,0.012662280952206756,1.485598744378315,201.13807118745768,202.0,0.8619288125423016,0.015474986920607448,96,202,35652,263
20,20,calibration,H50c_both,disk,1.5,3.0,0.0,0.0,263.0,263.0,0.0,0.0,96,263,35652,263
20,20,calibration,H50c_both,blur185,1.5,3.0,0.012244813531140597,1.485598744378315,221.13807118745768,222.0,0.8619288125423016,0.015474986920607448,96,222,35652,263
20,20,calibration,H50c_both,disk,2.8,2.0,0.01359578352879344,1.7617411192937118,262.1380711874577,263.0,0.8619288125423016,0.01835146999264283,96,263,35652,263
20,20,calibration,H50c_both,blur185,2.8,2.0,0.013663852647959367,1.485598744378315,158.13807118745768,159.0,0.8619288125423016,0.015474986920607448,96,159,35652,263
20,20,calibration,H50c_both,disk,2.8,3.0,0.020521910404863113,2.6615534260451215,261.80473785412437,263.0,1.195262145875635,0.027724514854636683,96,263,35652,263
20,20,calibration,H50c_both,blur185,2.8,3.0,0.013867934034425324,1.485598744378315,150.13807118745768,151.0,0.8619288125423016,0.015474986920607448,96,151,35652,263
20,20,calibration,H50c_both,disk,3.6,2.0,0.03424668455473277,4.44479291275416,260.49290288820634,263.0,2.507097111793642,0.0462999261745225,96,263,35652,263
20,20,calibration,H50c_both,blur185,3.6,2.0,0.014322511972636695,1.485598744378315,133.13807118745768,134.0,0.8619288125423016,0.015474986920607448,96,134,35652,263
20,20,calibration,H50c_both,disk,3.6,3.0,0.025057720236082656,3.249530766878525,261.159569554873,263.0,1.8404304451269748,0.033849278821651306,96,263,35652,263
20,20,calibration,H50c_both,blur185,3.6,3.0,0.01443383613286845,1.485598744378315,129.13807118745768,130.0,0.8619288125423016,0.015474986920607448,96,130,35652,263
20,20,calibration,H50c_both,disk,4.6,2.0,0.027230684458309923,2.9376958009605185,152.47140452079103,154.0,1.5285954792089682,0.030600997926672067,96,154,35652,263
20,20,calibration,H50c_both,blur185,4.6,2.0,0.015109105147279412,1.485598744378315,106.1380711874577,107.0,0.8619288125423016,0.015474986920607448,96,107,35652,263
20,20,calibration,H50c_both,disk,4.6,3.0,0.02718029543924622,2.9376958009605185,153.47140452079103,155.0,1.5285954792089682,0.030600997926672067,96,155,35652,263
20,20,calibration,H50c_both,blur185,4.6,3.0,0.014987165005483059,1.485598744378315,110.1380711874577,111.0,0.8619288125423016,0.015474986920607448,96,111,35652,263
20,20,calibration,H50c_both,disk,5.8,2.0,0.01905653489696033,1.821122980918147,92.0,93.0,1.0,0.0189700310512307,96,93,35652,263
20,20,calibration,H50c_both,blur185,5.8,2.0,0.0,0.0,76.0,76.0,0.0,0.0,96,76,35652,263
20,20,calibration,H50c_both,disk,5.8,3.0,0.018476511009742593,1.821122980918147,107.0,108.0,1.0,0.0189700310512307,96,108,35652,263
20,20,calibration,H50c_both,blur185,5.8,3.0,0.0,0.0,90.0,90.0,0.0,0.0,96,90,35652,263
20,20,calibration,RANDOM_fixed_seed,disk,1.5,2.0,0.03704436115134447,4.816009740296602,261.216760513291,263.0,1.7832394867090384,0.0501667681280896,96,263,35652,263
20,20,calibration,RANDOM_fixed_seed,disk,1.5,3.0,0.03704436115134447,4.816009740296602,261.216760513291,263.0,1.7832394867090384,0.0501667681280896,96,263,35652,263
20,20,calibration,RANDOM_fixed_seed,disk,2.8,2.0,0.03704436115134447,4.816009740296602,261.216760513291,263.0,1.7832394867090384,0.0501667681280896,96,263,35652,263
20,20,calibration,RANDOM_fixed_seed,disk,2.8,3.0,0.03704436115134447,4.816009740296602,261.216760513291,263.0,1.7832394867090384,0.0501667681280896,96,263,35652,263
20,20,calibration,RANDOM_fixed_seed,disk,3.6,2.0,0.03704436115134447,4.816009740296602,261.216760513291,263.0,1.7832394867090384,0.0501667681280896,96,263,35652,263
20,20,calibration,RANDOM_fixed_seed,disk,3.6,3.0,0.03704436115134447,4.816009740296602,261.216760513291,263.0,1.7832394867090384,0.0501667681280896,96,263,35652,263
20,20,calibration,RANDOM_fixed_seed,disk,4.6,2.0,0.03014935098345063,3.916197433545192,261.5500938466243,263.0,1.449906153375705,0.040793723266095754,96,263,35652,263
20,20,calibration,RANDOM_fixed_seed,disk,4.6,3.0,0.03014935098345063,3.916197433545192,261.5500938466243,263.0,1.449906153375705,0.040793723266095754,96,263,35652,263
20,20,calibration,RANDOM_fixed_seed,disk,5.8,2.0,0.04380254410894137,5.6994369202542305,260.8834271799576,263.0,2.116572820042372,0.059369134585981566,96,263,35652,263
20,20,calibration,RANDOM_fixed_seed,disk,5.8,3.0,0.04380254410894137,5.6994369202542305,260.8834271799576,263.0,2.1165728200423715,0.059369134585981566,96,263,35652,263
24,21,selection,R2_scarp9_topo,disk,1.5,2.0,0.13726350175765853,5.487789647584814,62.412022659166595,65.0,2.5879773408334037,0.1662966559874186,33,65,8770,65
24,21,selection,R2_scarp9_topo,blur185,1.5,2.0,0.06063187927975997,2.3118349659180066,56.33333333333333,57.0,0.6666666666666667,0.07005560502781838,33,57,8770,65
24,21,selection,R2_scarp9_topo,disk,1.5,3.0,0.13726350175765853,5.487789647584814,62.412022659166595,65.0,2.5879773408334037,0.1662966559874186,33,65,8770,65
24,21,selection,R2_scarp9_topo,blur185,1.5,3.0,0.05969255484715558,2.3118349659180066,59.33333333333333,60.0,0.6666666666666667,0.07005560502781838,33,60,8770,65
24,21,selection,R2_scarp9_topo,disk,2.8,2.0,0.06406539076828245,2.54498060600275,64.07868932583327,65.0,0.9213106741667368,0.07712062442432575,33,65,8770,65
24,21,selection,R2_scarp9_topo,blur185,2.8,2.0,0.061601238840082846,2.3118349659180066,53.33333333333333,54.0,0.6666666666666667,0.07005560502781838,33,54,8770,65
24,21,selection,R2_scarp9_topo,disk,2.8,3.0,0.06406539076828245,2.54498060600275,64.07868932583327,65.0,0.9213106741667368,0.07712062442432575,33,65,8770,65
24,21,selection,R2_scarp9_topo,blur185,2.8,3.0,0.061601238840082846,2.3118349659180066,53.33333333333333,54.0,0.6666666666666667,0.07005560502781838,33,54,8770,65
24,21,selection,R2_scarp9_topo,disk,3.6,2.0,0.06406539076828245,2.54498060600275,64.07868932583327,65.0,0.9213106741667368,0.07712062442432575,33,65,8770,65
24,21,selection,R2_scarp9_topo,blur185,3.6,2.0,0.06260209750441971,2.3118349659180066,50.33333333333333,51.0,0.6666666666666667,0.07005560502781838,33,51,8770,65
24,21,selection,R2_scarp9_topo,disk,3.6,3.0,0.06406539076828245,2.54498060600275,64.07868932583327,65.0,0.9213106741667368,0.07712062442432575,33,65,8770,65
24,21,selection,R2_scarp9_topo,blur185,3.6,3.0,0.06260209750441971,2.3118349659180066,50.33333333333333,51.0,0.6666666666666667,0.07005560502781838,33,51,8770,65
24,21,selection,R2_scarp9_topo,disk,4.6,2.0,0.06264374683094896,2.4877896475848136,64.07868932583327,65.0,0.9213106741667368,0.07538756507832768,33,65,8770,65
24,21,selection,R2_scarp9_topo,blur185,4.6,2.0,0.06656778845507062,2.3118349659180066,39.33333333333333,40.0,0.6666666666666667,0.07005560502781838,33,40,8770,65
24,21,selection,R2_scarp9_topo,disk,4.6,3.0,0.06264374683094896,2.4877896475848136,64.07868932583327,65.0,0.9213106741667368,0.07538756507832768,33,65,8770,65
24,21,selection,R2_scarp9_topo,blur185,4.6,3.0,0.0673434326414425,2.3118349659180066,37.33333333333333,38.0,0.6666666666666667,0.07005560502781838,33,38,8770,65
24,21,selection,R2_scarp9_topo,disk,5.8,2.0,0.06149663893662941,2.2331456400847434,47.33333333333333,48.0,0.6666666666666667,0.06767108000256798,33,48,8770,65
24,21,selection,R2_scarp9_topo,blur185,5.8,2.0,0.07106989374760839,2.3118349659180066,28.333333333333332,29.0,0.6666666666666667,0.07005560502781838,33,29,8770,65
24,21,selection,R2_scarp9_topo,disk,5.8,3.0,0.06149663893662941,2.2331456400847434,47.33333333333333,48.0,0.6666666666666667,0.06767108000256798,33,48,8770,65
24,21,selection,R2_scarp9_topo,blur185,5.8,3.0,0.07150955980441273,2.3118349659180066,27.333333333333332,28.0,0.6666666666666667,0.07005560502781838,33,28,8770,65
24,21,selection,R7_scarp9_polarity,disk,1.5,2.0,0.1152381741520525,4.602171564420686,63.07868932583327,65.0,1.9213106741667367,0.13945974437638445,33,65,8770,65
24,21,selection,R7_scarp9_polarity,blur185,1.5,2.0,0.06183721510163112,2.2331456400847434,46.33333333333333,47.0,0.6666666666666667,0.06767108000256798,33,47,8770,65
24,21,selection,R7_scarp9_polarity,disk,1.5,3.0,0.1152381741520525,4.602171564420686,63.07868932583327,65.0,1.9213106741667367,0.13945974437638445,33,65,8770,65
24,21,selection,R7_scarp9_polarity,blur185,1.5,3.0,0.060826618579094174,2.2331456400847434,49.33333333333333,50.0,0.6666666666666667,0.06767108000256798,33,50,8770,65
24,21,selection,R7_scarp9_polarity,disk,2.8,2.0,0.11504612415846849,4.602171564420686,63.412022659166595,65.0,1.5879773408334037,0.13945974437638445,33,65,8770,65
24,21,selection,R7_scarp9_polarity,blur185,2.8,2.0,0.06323809743130455,2.2331456400847434,42.33333333333333,43.0,0.6666666666666667,0.06767108000256798,33,43,8770,65
24,21,selection,R7_scarp9_polarity,disk,2.8,3.0,0.11504612415846849,4.602171564420686,63.412022659166595,65.0,1.5879773408334037,0.13945974437638445,33,65,8770,65
24,21,selection,R7_scarp9_polarity,blur185,2.8,3.0,0.06288195984386741,2.2331456400847434,43.33333333333333,44.0,0.6666666666666667,0.06767108000256798,33,44,8770,65
24,21,selection,R7_scarp9_polarity,disk,3.6,2.0,0.007912296029425302,0.31183496591800663,64.74535599249992,65.0,0.2546440075000701,0.009449544421757777,33,65,8770,65
24,21,selection,R7_scarp9_polarity,blur185,3.6,2.0,0.06546261767040118,2.2331456400847434,36.33333333333333,37.0,0.6666666666666667,0.06767108000256798,33,37,8770,65
24,21,selection,R7_scarp9_polarity,disk,3.6,3.0,0.007912296029425302,0.31183496591800663,64.74535599249992,65.0,0.2546440075000701,0.009449544421757777,33,65,8770,65
24,21,selection,R7_scarp9_polarity,blur185,3.6,3.0,0.06584867638947536,2.2331456400847434,35.33333333333333,36.0,0.6666666666666667,0.06767108000256798,33,36,8770,65
24,21,selection,R7_scarp9_polarity,disk,4.6,2.0,0.008203713954349243,0.31183496591800663,57.74535599249993,58.0,0.2546440075000701,0.009449544421757777,33,58,8770,65
24,21,selection,R7_scarp9_polarity,blur185,4.6,2.0,0.06910918818909474,2.2331456400847434,27.333333333333332,28.0,0.6666666666666667,0.06767108000256798,33,28,8770,65
24,21,selection,R7_scarp9_polarity,disk,4.6,3.0,0.008203713954349243,0.31183496591800663,57.74535599249993,58.0,0.2546440075000701,0.009449544421757777,33,58,8770,65
24,21,selection,R7_scarp9_polarity,blur185,4.6,3.0,0.06997540004804799,2.2331456400847434,25.333333333333332,26.0,0.6666666666666667,0.06767108000256798,33,26,8770,65
24,21,selection,R7_scarp9_polarity,disk,5.8,2.0,0.009114932969810112,0.31183496591800663,38.74535599249993,39.0,0.2546440075000701,0.009449544421757777,33,39,8770,65
24,21,selection,R7_scarp9_polarity,blur185,5.8,2.0,0.07041670012925731,2.2331456400847434,24.333333333333332,25.0,0.6666666666666667,0.06767108000256798,33,25,8770,65
24,21,selection,R7_scarp9_polarity,disk,5.8,3.0,0.009114932969810112,0.31183496591800663,38.74535599249993,39.0,0.2546440075000701,0.009449544421757777,33,39,8770,65
24,21,selection,R7_scarp9_polarity,blur185,5.8,3.0,0.07086360165671439,2.2331456400847434,23.333333333333332,24.0,0.6666666666666667,0.06767108000256798,33,24,8770,65
24,21,selection,H50a_corridor,disk,1.5,2.0,0.10764035707225572,4.29033659850268,63.0,65.0,2.0,0.13001019995462668,33,65,8770,65
24,21,selection,H50a_corridor,blur185,1.5,2.0,0.08152173913043256,3.0,49.0,50.0,1.0,0.09090909090909091,33,50,8770,65
24,21,selection,H50a_corridor,disk,1.5,3.0,0.10764035707225572,4.29033659850268,63.0,65.0,2.0,0.13001019995462668,33,65,8770,65
24,21,selection,H50a_corridor,blur185,1.5,3.0,0.08108108108107888,3.0,50.0,51.0,1.0,0.09090909090909091,33,51,8770,65
24,21,selection,H50a_corridor,disk,2.8,2.0,0.19996145023376824,8.07357608521172,61.80473785412437,65.0,3.1952621458756347,0.2446538207639915,33,65,8770,65
24,21,selection,H50a_corridor,blur185,2.8,2.0,0.08474576271186202,3.0,42.0,43.0,1.0,0.09090909090909091,33,43,8770,65
24,21,selection,H50a_corridor,disk,2.8,3.0,0.19996145023376824,8.07357608521172,61.80473785412437,65.0,3.1952621458756347,0.2446538207639915,33,65,8770,65
24,21,selection,H50a_corridor,blur185,2.8,3.0,0.08426966292134594,3.0,43.0,44.0,1.0,0.09090909090909091,33,44,8770,65
24,21,selection,H50a_corridor,disk,3.6,2.0,0.05623168753432034,2.2331456400847434,64.33333333333333,65.0,0.6666666666666667,0.06767108000256798,33,65,8770,65
24,21,selection,H50a_corridor,blur185,3.6,2.0,0.08771929824561146,3.0,36.0,37.0,1.0,0.09090909090909091,33,37,8770,65
24,21,selection,H50a_corridor,disk,3.6,3.0,0.05623168753432034,2.2331456400847434,64.33333333333333,65.0,0.6666666666666667,0.06767108000256798,33,65,8770,65
24,21,selection,H50a_corridor,blur185,3.6,3.0,0.08771929824561146,3.0,36.0,37.0,1.0,0.09090909090909091,33,37,8770,65
24,21,selection,H50a_corridor,disk,4.6,2.0,0.0,0.0,55.0,55.0,0.0,0.0,33,55,8770,65
24,21,selection,H50a_corridor,blur185,4.6,2.0,0.09493670886075649,3.0,23.0,24.0,1.0,0.09090909090909091,33,24,8770,65
24,21,selection,H50a_corridor,disk,4.6,3.0,0.0,0.0,55.0,55.0,0.0,0.0,33,55,8770,65
24,21,selection,H50a_corridor,blur185,4.6,3.0,0.09493670886075649,3.0,23.0,24.0,1.0,0.09090909090909091,33,24,8770,65
24,21,selection,H50a_corridor,disk,5.8,2.0,0.0,0.0,35.0,35.0,0.0,0.0,33,35,8770,65
24,21,selection,H50a_corridor,blur185,5.8,2.0,0.09740259740259424,3.0,19.0,20.0,1.0,0.09090909090909091,33,20,8770,65
24,21,selection,H50a_corridor,disk,5.8,3.0,0.0,0.0,35.0,35.0,0.0,0.0,33,35,8770,65
24,21,selection,H50a_corridor,blur185,5.8,3.0,0.09740259740259424,3.0,19.0,20.0,1.0,0.09090909090909091,33,20,8770,65
24,21,selection,H50b_kth_ridge,disk,1.5,2.0,0.0,0.0,65.0,65.0,0.0,0.0,33,65,8770,65
24,21,selection,H50b_kth_ridge,blur185,1.5,2.0,0.04633842103396273,1.7617411192937116,56.33333333333333,57.0,0.6666666666666667,0.053386094524051866,33,57,8770,65
24,21,selection,H50b_kth_ridge,disk,1.5,3.0,0.0,0.0,65.0,65.0,0.0,0.0,33,65,8770,65
24,21,selection,H50b_kth_ridge,blur185,1.5,3.0,0.04683113378754025,1.7617411192937116,54.33333333333333,55.0,0.6666666666666667,0.053386094524051866,33,55,8770,65
24,21,selection,H50b_kth_ridge,disk,2.8,2.0,0.04446706017708113,1.7617411192937116,64.33333333333333,65.0,0.6666666666666667,0.053386094524051866,33,65,8770,65
24,21,selection,H50b_kth_ridge,blur185,2.8,2.0,0.04864133175953715,1.7617411192937116,47.33333333333333,48.0,0.6666666666666667,0.053386094524051866,33,48,8770,65
24,21,selection,H50b_kth_ridge,disk,2.8,3.0,0.04446706017708113,1.7617411192937116,64.33333333333333,65.0,0.6666666666666667,0.053386094524051866,33,65,8770,65
24,21,selection,H50b_kth_ridge,blur185,2.8,3.0,0.04918452181552501,1.7617411192937116,45.33333333333333,46.0,0.6666666666666667,0.053386094524051866,33,46,8770,65
24,21,selection,H50b_kth_ridge,disk,3.6,2.0,0.04446706017708113,1.7617411192937116,64.33333333333333,65.0,0.6666666666666667,0.053386094524051866,33,65,8770,65
24,21,selection,H50b_kth_ridge,blur185,3.6,2.0,0.05030812902079407,1.7617411192937116,41.33333333333333,42.0,0.6666666666666667,0.053386094524051866,33,42,8770,65
24,21,selection,H50b_kth_ridge,disk,3.6,3.0,0.04446706017708113,1.7617411192937116,64.33333333333333,65.0,0.6666666666666667,0.053386094524051866,33,65,8770,65
24,21,selection,H50b_kth_ridge,blur185,3.6,3.0,0.05088940643934432,1.7617411192937116,39.33333333333333,40.0,0.6666666666666667,0.053386094524051866,33,40,8770,65
24,21,selection,H50b_kth_ridge,disk,4.6,2.0,0.0,0.0,54.0,54.0,0.0,0.0,33,54,8770,65
24,21,selection,H50b_kth_ridge,blur185,4.6,2.0,0.0,0.0,33.0,33.0,0.0,0.0,33,33,8770,65
24,21,selection,H50b_kth_ridge,disk,4.6,3.0,0.0,0.0,54.0,54.0,0.0,0.0,33,54,8770,65
24,21,selection,H50b_kth_ridge,blur185,4.6,3.0,0.0,0.0,32.0,32.0,0.0,0.0,33,32,8770,65
24,21,selection,H50b_kth_ridge,disk,5.8,2.0,0.0,0.0,38.0,38.0,0.0,0.0,33,38,8770,65
24,21,selection,H50b_kth_ridge,blur185,5.8,2.0,0.0,0.0,28.0,28.0,0.0,0.0,33,28,8770,65
24,21,selection,H50b_kth_ridge,disk,5.8,3.0,0.0,0.0,38.0,38.0,0.0,0.0,33,38,8770,65
24,21,selection,H50b_kth_ridge,blur185,5.8,3.0,0.0,0.0,27.0,27.0,0.0,0.0,33,27,8770,65
24,21,selection,H50c_both,disk,1.5,2.0,0.01634895087166881,0.64516829925134,64.66666666666666,65.0,0.33333333333333337,0.01955055452276788,33,65,8770,65
24,21,selection,H50c_both,blur185,1.5,2.0,0.047590167499150855,1.7617411192937116,51.33333333333333,52.0,0.6666666666666667,0.053386094524051866,33,52,8770,65
24,21,selection,H50c_both,disk,1.5,3.0,0.01634895087166881,0.64516829925134,64.66666666666666,65.0,0.33333333333333337,0.01955055452276788,33,65,8770,65
24,21,selection,H50c_both,blur185,1.5,3.0,0.047590167499150855,1.7617411192937116,51.33333333333333,52.0,0.6666666666666667,0.053386094524051866,33,52,8770,65
24,21,selection,H50c_both,disk,2.8,2.0,0.1253500402375296,5.016385126793782,63.07868932583327,65.0,1.921310674166737,0.1520116705089025,33,65,8770,65
24,21,selection,H50c_both,blur185,2.8,2.0,0.0481100085450274,1.7617411192937116,49.33333333333333,50.0,0.6666666666666667,0.053386094524051866,33,50,8770,65
24,21,selection,H50c_both,disk,2.8,3.0,0.1253500402375296,5.016385126793782,63.07868932583326,65.0,1.9213106741667367,0.1520116705089025,33,65,8770,65
24,21,selection,H50c_both,blur185,2.8,3.0,0.04864133175953715,1.7617411192937116,47.33333333333333,48.0,0.6666666666666667,0.053386094524051866,33,48,8770,65
24,21,selection,H50c_both,disk,3.6,2.0,0.1253500402375296,5.016385126793782,63.07868932583327,65.0,1.9213106741667367,0.1520116705089025,33,65,8770,65
24,21,selection,H50c_both,blur185,3.6,2.0,0.0,0.0,39.0,39.0,0.0,0.0,33,39,8770,65
24,21,selection,H50c_both,disk,3.6,3.0,0.1253500402375296,5.016385126793782,63.07868932583327,65.0,1.9213106741667367,0.1520116705089025,33,65,8770,65
24,21,selection,H50c_both,blur185,3.6,3.0,0.0,0.0,40.0,40.0,0.0,0.0,33,40,8770,65
24,21,selection,H50c_both,disk,4.6,2.0,0.07731958762886398,3.0,59.0,60.0,1.0,0.09090909090909091,33,60,8770,65
24,21,selection,H50c_both,blur185,4.6,2.0,0.0,0.0,33.0,33.0,0.0,0.0,33,33,8770,65
24,21,selection,H50c_both,disk,4.6,3.0,0.07731958762886398,3.0,59.0,60.0,1.0,0.09090909090909091,33,60,8770,65
24,21,selection,H50c_both,blur185,4.6,3.0,0.0,0.0,33.0,33.0,0.0,0.0,33,33,8770,65
24,21,selection,H50c_both,disk,5.8,2.0,0.0,0.0,36.0,36.0,0.0,0.0,33,36,8770,65
24,21,selection,H50c_both,blur185,5.8,2.0,0.0,0.0,29.0,29.0,0.0,0.0,33,29,8770,65
24,21,selection,H50c_both,disk,5.8,3.0,0.0,0.0,36.0,36.0,0.0,0.0,33,36,8770,65
24,21,selection,H50c_both,blur185,5.8,3.0,0.0,0.0,29.0,29.0,0.0,0.0,33,29,8770,65
24,21,selection,RANDOM_fixed_seed,disk,1.5,2.0,0.08646996178492262,3.4447929127541603,63.74535599249993,65.0,1.2546440075000702,0.10438766402285335,33,65,8770,65
24,21,selection,RANDOM_fixed_seed,disk,1.5,3.0,0.08646996178492262,3.4447929127541603,63.74535599249993,65.0,1.2546440075000702,0.10438766402285335,33,65,8770,65
24,21,selection,RANDOM_fixed_seed,disk,2.8,2.0,0.08646996178492262,3.4447929127541603,63.745355992499924,65.0,1.2546440075000702,0.10438766402285335,33,65,8770,65
24,21,selection,RANDOM_fixed_seed,disk,2.8,3.0,0.08646996178492262,3.4447929127541603,63.745355992499924,65.0,1.2546440075000702,0.10438766402285335,33,65,8770,65
24,21,selection,RANDOM_fixed_seed,disk,3.6,2.0,0.08646996178492262,3.4447929127541603,63.74535599249993,65.0,1.2546440075000702,0.10438766402285335,33,65,8770,65
24,21,selection,RANDOM_fixed_seed,disk,3.6,3.0,0.08646996178492262,3.4447929127541603,63.74535599249993,65.0,1.2546440075000702,0.10438766402285335,33,65,8770,65
24,21,selection,RANDOM_fixed_seed,disk,4.6,2.0,0.08646996178492262,3.4447929127541603,63.74535599249993,65.0,1.2546440075000702,0.10438766402285335,33,65,8770,65
24,21,selection,RANDOM_fixed_seed,disk,4.6,3.0,0.08646996178492262,3.4447929127541603,63.74535599249993,65.0,1.2546440075000702,0.10438766402285335,33,65,8770,65
24,21,selection,RANDOM_fixed_seed,disk,5.8,2.0,0.08646996178492262,3.4447929127541603,63.745355992499924,65.0,1.2546440075000702,0.10438766402285335,33,65,8770,65
24,21,selection,RANDOM_fixed_seed,disk,5.8,3.0,0.08646996178492262,3.4447929127541603,63.745355992499924,65.0,1.2546440075000702,0.10438766402285335,33,65,8770,65
25,22,selection,R2_scarp9_topo,disk,1.5,2.0,0.10108762423074247,42.24108112477313,899.0889158070763,919.0,19.911084192923646,0.1471814673337043,287,919,124721,919
25,22,selection,R2_scarp9_topo,blur185,1.5,2.0,0.06299200312606272,23.548948348346944,697.6524724430793,707.0,9.347527556920618,0.08205208483744579,287,707,124721,919
25,22,selection,R2_scarp9_topo,disk,1.5,3.0,0.0984649676100223,41.140893431524546,899.972342987034,919.0,19.027657012966017,0.14334806073701933,287,919,124721,919
25,22,selection,R2_scarp9_topo,blur185,1.5,3.0,0.0720227937089811,27.329996931849482,721.9858057764127,733.0,11.014194223587284,0.09522647014581702,287,733,124721,919
25,22,selection,R2_scarp9_topo,disk,2.8,2.0,0.08440708755951924,35.25308444515392,905.0244207048304,919.0,13.975579295169629,0.1228330468472262,287,919,124721,919
25,22,selection,R2_scarp9_topo,blur185,2.8,2.0,0.055991404729352656,18.865896554886497,517.8477345889551,525.0,7.152265411044981,0.06573483120169511,287,525,124721,919
25,22,selection,R2_scarp9_topo,disk,2.8,3.0,0.08408389970159645,35.11282235448972,904.85065692637,919.0,14.149343073629936,0.12234432876128823,287,919,124721,919
25,22,selection,R2_scarp9_topo,blur185,2.8,3.0,0.05672810193457646,18.94458588071976,502.82623622153966,510.0,7.173763778460309,0.06600901003735109,287,510,124721,919
25,22,selection,R2_scarp9_topo,disk,3.6,2.0,0.059663015894347915,24.83667997957432,908.5767054546611,919.0,10.423294545338834,0.08653895463266313,287,919,124721,919
25,22,selection,R2_scarp9_topo,blur185,3.6,2.0,0.049550258213175276,16.023275206553024,452.847734588955,459.0,6.152265411044981,0.05583022720053318,287,459,124721,919
25,22,selection,R2_scarp9_topo,disk,3.6,3.0,0.05779723731280217,24.053440492865285,908.7934659679521,919.0,10.206534032047871,0.08380989718768392,287,919,124721,919
25,22,selection,R2_scarp9_topo,blur185,3.6,3.0,0.050008331194042424,16.101964532386283,445.8262362215397,452.0,6.173763778460309,0.05610440603618914,287,452,124721,919
25,22,selection,R2_scarp9_topo,disk,4.6,2.0,0.03184583741157734,11.039660333346802,574.2575663449151,579.0,4.742433655084884,0.0384657154472014,287,579,124721,919
25,22,selection,R2_scarp9_topo,blur185,4.6,2.0,0.030518863687917588,9.144961267216939,341.1023785964551,345.0,3.8976214035449113,0.03186397654082557,287,345,124721,919
25,22,selection,R2_scarp9_topo,disk,4.6,3.0,0.03210342272287429,11.09685129176474,569.2003753864972,574.0,4.799624613502821,0.03866498707931965,287,574,124721,919
25,22,selection,R2_scarp9_topo,blur185,4.6,3.0,0.03236633040782521,9.732938608050342,345.8262362215397,350.0,4.173763778460309,0.03391267807683046,287,350,124721,919
25,22,selection,R2_scarp9_topo,disk,5.8,2.0,0.03506218567328688,11.039660333346802,415.2575663449151,420.0,4.742433655084884,0.0384657154472014,287,420,124721,919
25,22,selection,R2_scarp9_topo,blur185,5.8,2.0,0.032194960027507324,9.144961267216939,263.1023785964551,267.0,3.8976214035449113,0.03186397654082557,287,267,124721,919
25,22,selection,R2_scarp9_topo,disk,5.8,3.0,0.034644070636972335,11.039660333346802,434.2575663449151,439.0,4.742433655084884,0.0384657154472014,287,439,124721,919
25,22,selection,R2_scarp9_topo,blur185,5.8,3.0,0.03354891953716304,9.732938608050342,292.8262362215397,297.0,4.173763778460309,0.03391267807683046,287,297,124721,919
25,22,selection,R7_scarp9_polarity,disk,1.5,2.0,0.10589904361422221,44.284077859603784,898.5788963578676,919.0,20.421103642132337,0.1542999228557623,287,919,124721,919
25,22,selection,R7_scarp9_polarity,blur185,1.5,2.0,0.051065704390862096,18.29722667826192,625.2404497839127,632.0,6.759550216087214,0.06375340306014607,287,632,124721,919
25,22,selection,R7_scarp9_polarity,disk,1.5,3.0,0.10477174707063246,43.81267333881275,899.0503008786586,919.0,19.949699121341304,0.1526573983930758,287,919,124721,919
25,22,selection,R7_scarp9_polarity,blur185,1.5,3.0,0.05545134732248085,20.354417636679855,666.9858057764127,675.0,8.014194223587284,0.07092131580724688,287,675,124721,919
25,22,selection,R7_scarp9_polarity,disk,2.8,2.0,0.0736559982421343,30.724488965944946,906.95011318541,919.0,12.049886814589893,0.10705396852245626,287,919,124721,919
25,22,selection,R7_scarp9_polarity,blur185,2.8,2.0,0.044194779427053035,14.14277036401044,437.90711645057945,443.0,5.092883549420547,0.04927794551920014,287,443,124721,919
25,22,selection,R7_scarp9_polarity,disk,2.8,3.0,0.074671858353396,31.152896751905324,906.8335403653678,919.0,12.166459634632265,0.10854667857806734,287,919,124721,919
25,22,selection,R7_scarp9_polarity,blur185,2.8,3.0,0.045390894690273,14.418912738925837,425.8856180831641,431.0,5.114381916835873,0.050240114072912324,287,431,124721,919
25,22,selection,R7_scarp9_polarity,disk,3.6,2.0,0.045628058567270605,18.962747846651233,911.007304143828,919.0,7.992695856171957,0.06607229214861057,287,919,124721,919
25,22,selection,R7_scarp9_polarity,blur185,3.6,2.0,0.03923462643781167,12.026197543968067,372.5737831172461,377.0,4.426216882753879,0.04190312733089919,287,377,124721,919
25,22,selection,R7_scarp9_polarity,disk,3.6,3.0,0.04652127843631265,19.33396467419368,910.6360873162856,919.0,8.3639126837144,0.06736573057210342,287,919,124721,919
25,22,selection,R7_scarp9_polarity,blur185,3.6,3.0,0.047234717737355957,14.418912738925837,363.8856180831641,369.0,5.114381916835873,0.050240114072912324,287,369,124721,919
25,22,selection,R7_scarp9_polarity,disk,4.6,2.0,0.03551571912069563,11.99666359851615,528.9264239147883,534.0,5.073576085211718,0.041800221597617246,287,534,124721,919
25,22,selection,R7_scarp9_polarity,blur185,4.6,2.0,0.03368271663970097,9.735860945465387,287.49509379141284,291.0,3.5049062085871427,0.033922860437161625,287,291,124721,919
25,22,selection,R7_scarp9_polarity,disk,4.6,3.0,0.037557872957510896,12.64183189776749,522.3384465739549,528.0,5.661553426045122,0.04404819476574039,287,528,124721,919
25,22,selection,R7_scarp9_polarity,blur185,4.6,3.0,0.035659872577647266,10.323838286298791,289.2189514164975,293.0,3.78104858350254,0.03597156197316652,287,293,124721,919
25,22,selection,R7_scarp9_polarity,disk,5.8,2.0,0.028519297615237842,8.727825367428796,373.43352102658196,377.0,3.566478973418077,0.03041054134992612,287,377,124721,919
25,22,selection,R7_scarp9_polarity,blur185,5.8,2.0,0.02441896267026782,6.700168354462778,217.21895141649748,220.0,2.78104858350254,0.02334553433610724,287,220,124721,919
25,22,selection,R7_scarp9_polarity,disk,5.8,3.0,0.02809696940917388,8.727825367428796,396.43352102658196,400.0,3.566478973418077,0.03041054134992612,287,400,124721,919
25,22,selection,R7_scarp9_polarity,blur185,5.8,3.0,0.02602479851856186,7.288145695296181,244.94280904158205,248.0,3.0571909584179364,0.025394235872112127,287,248,124721,919
25,22,selection,H50a_corridor,disk,1.5,2.0,0.11943712289562056,50.007204050479835,895.4459384110315,919.0,23.55406158896849,0.17424112909574854,287,919,124721,919
25,22,selection,H50a_corridor,blur185,1.5,2.0,0.048336149468363274,17.082657068177458,601.9858057764127,609.0,7.014194223587284,0.05952145319922459,287,609,124721,919
25,22,selection,H50a_corridor,disk,1.5,3.0,0.11898510772968544,49.811941904604204,895.3887474526135,919.0,23.611252547386425,0.17356077318677424,287,919,124721,919
25,22,selection,H50a_corridor,blur185,1.5,3.0,0.05350403203213135,19.356608539886352,641.535899623037,650.0,8.464100376962989,0.06744462905883747,287,650,124721,919
25,22,selection,H50a_corridor,disk,2.8,2.0,0.07765105024245163,32.38604239199007,904.9716115528254,919.0,14.028388447174569,0.11284335328219536,287,919,124721,919
25,22,selection,H50a_corridor,blur185,2.8,2.0,0.048071308323411804,15.320915948883744,430.2404497839128,436.0,5.759550216087213,0.053382982400291795,287,436,124721,919
25,22,selection,H50a_corridor,disk,2.8,3.0,0.08106285901225517,33.83375764215927,905.0503008786587,919.0,13.949699121341304,0.11788765728975355,287,919,124721,919
25,22,selection,H50a_corridor,blur185,2.8,3.0,0.05179036458843763,16.380297810508182,417.02368927062184,423.0,5.9763107293781745,0.057074208398983216,287,423,124721,919
25,22,selection,H50a_corridor,disk,3.6,2.0,0.04351745914110331,18.08151156990011,911.4193268029946,919.0,7.5806731970053605,0.06300178247351954,287,919,124721,919
25,22,selection,H50a_corridor,blur185,3.6,2.0,0.04563912931004188,13.87100979550804,357.76904526312177,363.0,5.230954736878245,0.04833104458365171,287,363,124721,919
25,22,selection,H50a_corridor,disk,3.6,3.0,0.04942654727783287,20.545611946863094,909.8528478295766,919.0,9.147152170423437,0.07158749807269371,287,919,124721,919
25,22,selection,H50a_corridor,blur185,3.6,3.0,0.04925952598986707,14.930391657132475,352.5522847498308,358.0,5.447715250169207,0.05202227058234312,287,358,124721,919
25,22,selection,H50a_corridor,disk,4.6,2.0,0.04039206382653018,13.36788042605859,493.3978284355793,499.0,5.602171564420687,0.04657798057860136,287,499,124721,919
25,22,selection,H50a_corridor,blur185,4.6,2.0,0.03067508614630514,8.775935342880995,273.6903559372885,277.0,3.309644062711508,0.030578171926414616,287,277,124721,919
25,22,selection,H50a_corridor,disk,4.6,3.0,0.03549024937975538,11.701213759391926,488.8098510947459,494.0,5.190148905254091,0.040770779649449224,287,494,124721,919
25,22,selection,H50a_corridor,blur185,4.6,3.0,0.0353469130456198,10.147152170423436,277.2189514164975,281.0,3.78104858350254,0.03535593090739873,287,281,124721,919
25,22,selection,H50a_corridor,disk,5.8,2.0,0.02153293738933591,6.475372263135226,349.12168606066393,352.0,2.8783139393360835,0.02256227269385096,287,352,124721,919
25,22,selection,H50a_corridor,blur185,5.8,2.0,0.03222971952771985,8.775935342880995,204.6903559372885,208.0,3.309644062711508,0.030578171926414616,287,208,124721,919
25,22,selection,H50a_corridor,disk,5.8,3.0,0.021264234774838686,6.475372263135226,368.12168606066393,371.0,2.878313939336083,0.02256227269385096,287,371,124721,919
25,22,selection,H50a_corridor,blur185,5.8,3.0,0.036464709555106285,10.147152170423436,233.21895141649748,237.0,3.78104858350254,0.03535593090739873,287,237,124721,919
25,22,selection,H50b_kth_ridge,disk,1.5,2.0,0.10380086084927366,43.42214904706148,900.1861811629099,919.0,18.813818837090103,0.1512966865751271,287,919,124721,919
25,22,selection,H50b_kth_ridge,blur185,1.5,2.0,0.04508393332915211,15.951158590339256,605.1001876932485,611.0,5.899812306751411,0.05557894979212284,287,611,124721,919
25,22,selection,H50b_kth_ridge,disk,1.5,3.0,0.10458793201305307,43.75548238039481,900.0481099754522,919.0,18.9518900245478,0.15245812676095752,287,919,124721,919
25,22,selection,H50b_kth_ridge,blur185,1.5,3.0,0.05267607124603971,19.06554050717513,642.630974075664,650.0,7.3690259243359435,0.0664304547288332,287,650,124721,919
25,22,selection,H50b_kth_ridge,disk,2.8,2.0,0.06931944933363396,28.88624942402447,906.6739708104947,919.0,12.326029189505292,0.10064895269694937,287,919,124721,919
25,22,selection,H50b_kth_ridge,blur185,2.8,2.0,0.03307205696099308,10.658631088630075,452.7668543599152,457.0,4.233145640084744,0.03713808741682953,287,457,124721,919
25,22,selection,H50b_kth_ridge,disk,2.8,3.0,0.07206070040535827,30.04070573827595,906.3621358445766,919.0,12.637864155423296,0.10467144856542143,287,919,124721,919
25,22,selection,H50b_kth_ridge,blur185,2.8,3.0,0.039469889695456936,12.618556691214469,437.8856180831641,443.0,5.114381916835874,0.04396709648506784,287,443,124721,919
25,22,selection,H50b_kth_ridge,disk,3.6,2.0,0.04383503022045986,18.20611996797907,910.4572102972038,919.0,8.542789702796252,0.06343595807658213,287,919,124721,919
25,22,selection,H50b_kth_ridge,blur185,3.6,2.0,0.032568133107418025,10.149343073629936,400.02149836741535,404.0,3.9785016325846736,0.03536356471648061,287,404,124721,919
25,22,selection,H50b_kth_ridge,disk,3.6,3.0,0.042676184804163554,17.658217024561274,903.2025662897038,911.0,7.797433710296323,0.06152688858732151,287,911,124721,919
25,22,selection,H50b_kth_ridge,blur185,3.6,3.0,0.04069178560273988,12.618556691214469,389.8856180831641,395.0,5.114381916835874,0.04396709648506784,287,395,124721,919
25,22,selection,H50b_kth_ridge,disk,4.6,2.0,0.03326931296804234,11.410877160889246,555.5144012556217,561.0,5.485598744378315,0.03975915387069424,287,561,124721,919
25,22,selection,H50b_kth_ridge,blur185,4.6,2.0,0.018221914107505566,5.3876019543362235,324.94280904158205,327.0,2.057190958417937,0.018772132245073948,287,327,124721,919
25,22,selection,H50b_kth_ridge,disk,4.6,3.0,0.034186081476729,11.665521168389315,546.5144012556217,552.0,5.485598744378315,0.0406464152208687,287,552,124721,919
25,22,selection,H50b_kth_ridge,blur185,4.6,3.0,0.02219652735515234,6.582864100211859,328.27614237491537,331.0,2.7238576250846034,0.02293680871153958,287,331,124721,919
25,22,selection,H50b_kth_ridge,disk,5.8,2.0,0.02483633268762549,7.689941873219688,392.4335210265819,396.0,3.566478973418077,0.026794222554772432,287,396,124721,919
25,22,selection,H50b_kth_ridge,blur185,5.8,2.0,0.008611143765664443,2.428407785960378,259.60947570824874,261.0,1.39052429175127,0.008461351170593653,287,261,124721,919
25,22,selection,H50b_kth_ridge,disk,5.8,3.0,0.025392153743527473,7.9445858807197585,408.4335210265819,412.0,3.566478973418077,0.027681483904946895,287,412,124721,919
25,22,selection,H50b_kth_ridge,blur185,5.8,3.0,0.010419772449481831,2.9785016325846736,278.27614237491537,280.0,1.7238576250846034,0.010378054468936145,287,280,124721,919
25,22,selection,H50c_both,disk,1.5,2.0,0.12890018714931978,54.04143717248449,894.2098704335317,919.0,24.79012956646828,0.18829769049646164,287,919,124721,919
25,22,selection,H50c_both,blur185,1.5,2.0,0.03518695322680652,12.303799387881416,588.0429967348306,593.0,4.957003265169347,0.04287038114244396,287,593,124721,919
25,22,selection,H50c_both,disk,1.5,3.0,0.13255358000011222,55.57003265169347,892.5647021342804,919.0,26.43529786571962,0.19362380714875774,287,919,124721,919
25,22,selection,H50c_both,blur185,1.5,3.0,0.042206726672981296,15.142038929801892,630.6524724430793,637.0,6.3475275569206175,0.05275971752544213,287,637,124721,919
25,22,selection,H50c_both,disk,2.8,2.0,0.07635997333047896,31.84106178598732,905.0903752760743,919.0,13.909624723925695,0.11094446615326593,287,919,124721,919
25,22,selection,H50c_both,blur185,2.8,2.0,0.03822606605836626,12.303799387881416,449.04299673483064,454.0,4.957003265169347,0.04287038114244396,287,454,124721,919
25,22,selection,H50c_both,disk,2.8,3.0,0.0789416387646501,32.938327141820864,905.3071357893652,919.0,13.692864210634735,0.11476769038961973,287,919,124721,919
25,22,selection,H50c_both,blur185,2.8,3.0,0.044618047948801066,14.263724990465809,436.1617604580795,442.0,5.838239541920476,0.04969939021068226,287,442,124721,919
25,22,selection,H50c_both,disk,3.6,2.0,0.043560785603980134,18.091738051143196,910.5165921588282,919.0,8.483407841171818,0.06303741481234564,287,919,124721,919
25,22,selection,H50c_both,blur185,3.6,2.0,0.029830537599408586,9.20872493525437,386.2976407423307,390.0,3.7023592576692765,0.03208614960018944,287,390,124721,919
25,22,selection,H50c_both,disk,3.6,3.0,0.04392195739716827,18.072430586934367,891.2619481513282,899.0,7.738051848671887,0.06297014141788979,287,899,124721,919
25,22,selection,H50c_both,blur185,3.6,3.0,0.03597186106708974,11.032770253587564,374.49509379141284,379.0,4.504906208587143,0.038441708200653534,287,379,124721,919
25,22,selection,H50c_both,disk,4.6,2.0,0.03241418551095037,11.020352869137977,540.9071164505795,546.0,5.092883549420547,0.03839844205274556,287,546,124721,919
25,22,selection,H50c_both,blur185,4.6,2.0,0.02740363377011369,8.111459579420826,323.8856180831641,327.0,3.1143819168358733,0.02826292536383563,287,327,124721,919
25,22,selection,H50c_both,disk,4.6,3.0,0.034845361414066627,11.803592355847014,533.9071164505795,539.0,5.092883549420547,0.04112749949772479,287,539,124721,919
25,22,selection,H50c_both,blur185,4.6,3.0,0.03428542854818476,10.190148905254091,327.8856180831641,332.0,4.114381916835873,0.03550574531447419,287,332,124721,919
25,22,selection,H50c_both,disk,5.8,2.0,0.02206058608523277,6.770822102259451,379.82623622153966,383.0,3.1737637784603083,0.023591714642018993,287,383,124721,919
25,22,selection,H50c_both,blur185,5.8,2.0,0.028723358241110806,8.111459579420826,255.88561808316413,259.0,3.1143819168358733,0.02826292536383563,287,259,124721,919
25,22,selection,H50c_both,disk,5.8,3.0,0.028930017721602946,9.003967742344194,399.15956955487303,403.0,3.840430445126975,0.03137270990363831,287,403,124721,919
25,22,selection,H50c_both,blur185,5.8,3.0,0.03552862805377965,10.190148905254091,275.8856180831641,280.0,4.114381916835874,0.03550574531447419,287,280,124721,919
25,22,selection,RANDOM_fixed_seed,disk,1.5,2.0,0.04161872838929116,17.291382003431828,912.0644951022459,919.0,6.93550489775402,0.06024871778199243,287,919,124721,919
25,22,selection,RANDOM_fixed_seed,disk,1.5,3.0,0.04007188428953967,16.646213704180486,912.3978284355793,919.0,6.602171564420686,0.05800074461386929,287,919,124721,919
25,22,selection,RANDOM_fixed_seed,disk,2.8,2.0,0.04161872838929116,17.291382003431828,912.0644951022459,919.0,6.93550489775402,0.06024871778199243,287,919,124721,919
25,22,selection,RANDOM_fixed_seed,disk,2.8,3.0,0.04419917335277663,18.37007132926509,911.7311617689127,919.0,7.268838231087353,0.06400721717513969,287,919,124721,919
25,22,selection,RANDOM_fixed_seed,disk,3.6,2.0,0.04161872838929116,17.291382003431828,912.0644951022459,919.0,6.93550489775402,0.06024871778199243,287,919,124721,919
25,22,selection,RANDOM_fixed_seed,disk,3.6,3.0,0.04007188428953967,16.646213704180486,912.3978284355793,919.0,6.602171564420686,0.05800074461386929,287,919,124721,919
25,22,selection,RANDOM_fixed_seed,disk,4.6,2.0,0.03179944298277392,13.196307550804782,913.7311617689127,919.0,5.268838231087354,0.04598016568224663,287,919,124721,919
25,22,selection,RANDOM_fixed_seed,disk,4.6,3.0,0.038330420989520414,15.922356079095884,913.0644951022459,919.0,5.93550489775402,0.05547859261009019,287,919,124721,919
25,22,selection,RANDOM_fixed_seed,disk,5.8,2.0,0.0359307454229677,14.920165175889384,913.3191391097461,919.0,5.68086089025395,0.051986638243517014,287,919,124721,919
25,22,selection,RANDOM_fixed_seed,disk,5.8,3.0,0.03865646572136221,16.058236363347085,912.9858057764127,919.0,6.014194223587284,0.05595204307786441,287,919,124721,919
26,23,selection,R2_scarp9_topo,disk,1.5,2.0,0.08985376441485438,51.449806060027505,1371.5246277368647,1399.0,27.475372263135228,0.14291612794452085,360,1399,189839,1399
26,23,selection,R2_scarp9_topo,blur185,1.5,2.0,0.024008817627460075,11.122731465593064,865.2619481513282,870.0,4.738051848671886,0.030896476293314067,360,870,189839,1399
26,23,selection,R2_scarp9_topo,disk,1.5,3.0,0.08981699377462062,51.43049859581867,1371.6412005569073,1399.0,27.358799443092852,0.1428624960994963,360,1399,189839,1399
26,23,selection,R2_scarp9_topo,blur185,1.5,3.0,0.026564933599020814,12.596326889590594,918.2597572481216,924.0,5.740242751878386,0.03498979691552943,360,924,189839,1399
26,23,selection,R2_scarp9_topo,disk,2.8,2.0,0.09587504582913295,55.035906468375,1375.1534109093222,1399.0,23.846589090677668,0.15287751796770835,360,1399,189839,1399
26,23,selection,R2_scarp9_topo,blur185,2.8,2.0,0.023909701853423355,10.222919158841654,687.5952814846614,692.0,4.404718515338553,0.02839699766344904,360,692,189839,1399
26,23,selection,R2_scarp9_topo,disk,2.8,3.0,0.09796661375087519,56.273433914872754,1375.7985792085738,1399.0,23.201420791426326,0.15631509420797987,360,1399,189839,1399
26,23,selection,R2_scarp9_topo,blur185,2.8,3.0,0.02654616496230144,11.322375417881696,681.2597572481216,686.0,4.740242751878386,0.031451042827449156,360,686,189839,1399
26,23,selection,R2_scarp9_topo,disk,3.6,2.0,0.0600718484500674,34.35107783577686,1384.8149643353674,1399.0,14.185035664632546,0.09541966065493573,360,1399,189839,1399
26,23,selection,R2_scarp9_topo,blur185,3.6,2.0,0.02115443318167529,8.597058323799143,583.3785209713704,587.0,3.621479028629515,0.02388071756610873,360,587,189839,1399
26,23,selection,R2_scarp9_topo,disk,3.6,3.0,0.06462206132870055,36.979129574025876,1384.2054886271187,1399.0,14.794511372881276,0.1027198043722941,360,1399,189839,1399
26,23,selection,R2_scarp9_topo,blur185,3.6,3.0,0.02386259293778895,9.696514582839184,582.0429967348306,586.0,3.9570032651693468,0.026934762730108842,360,586,189839,1399
26,23,selection,R2_scarp9_topo,disk,4.6,2.0,0.04099609226744746,19.152579381765584,876.7504692331215,885.0,8.249530766878525,0.05320160939379329,360,885,189839,1399
26,23,selection,R2_scarp9_topo,blur185,4.6,2.0,0.022391129330920884,8.539867365381205,458.43571192978845,462.0,3.564288070211578,0.02372185379272557,360,462,189839,1399
26,23,selection,R2_scarp9_topo,disk,4.6,3.0,0.0429008074074276,20.133271917556755,886.3577540381636,895.0,8.642245961836293,0.05592575532654654,360,895,189839,1399
26,23,selection,R2_scarp9_topo,blur185,4.6,3.0,0.023906580593319862,9.187226567839044,472.2976407423307,476.0,3.7023592576692765,0.0255200737995529,360,476,189839,1399
26,23,selection,R2_scarp9_topo,disk,5.8,2.0,0.03290998823913836,13.572637618968768,608.5122103524152,614.0,5.487789647584814,0.037701771163802134,360,614,189839,1399
26,23,selection,R2_scarp9_topo,blur185,5.8,2.0,0.017238914817409766,6.228032399463198,360.159569554873,363.0,2.840430445126975,0.017300089998508884,360,363,189839,1399
26,23,selection,R2_scarp9_topo,disk,5.8,3.0,0.0347721105247033,14.55333015475994,638.1194951574574,644.0,5.880504842542582,0.040425917096555394,360,644,189839,1399
26,23,selection,R2_scarp9_topo,blur185,5.8,3.0,0.018765771260292118,6.875391601921037,385.02149836741535,388.0,2.9785016325846736,0.019098310005336214,360,388,189839,1399
26,23,selection,R7_scarp9_polarity,disk,1.5,2.0,0.09680505600670293,55.48477061624071,1370.3144399331934,1399.0,28.685560066806694,0.15412436282289085,360,1399,189839,1399
26,23,selection,R7_scarp9_polarity,blur185,1.5,2.0,0.02653109679859148,11.630560011595254,740.2426406871193,745.0,4.757359312880714,0.03230711114332015,360,745,189839,1399
26,23,selection,R7_scarp9_polarity,disk,1.5,3.0,0.09843649888024789,56.427579657822776,1369.764346086569,1399.0,29.23565391343099,0.15674327682728548,360,1399,189839,1399
26,23,selection,R7_scarp9_polarity,blur185,1.5,3.0,0.0275534865736629,12.41599040151079,800.6546633462859,806.0,5.345336653714118,0.03448886222641886,360,806,189839,1399
26,23,selection,R7_scarp9_polarity,disk,2.8,2.0,0.1301404796911685,75.01587096937678,1367.0954885166957,1399.0,31.90451148330415,0.20837741935937995,360,1399,189839,1399
26,23,selection,R7_scarp9_polarity,blur185,2.8,2.0,0.026494368090287043,10.673556746425907,563.6331649788706,568.0,4.366835021129445,0.029648768740071964,360,568,189839,1399
26,23,selection,R7_scarp9_polarity,disk,2.8,3.0,0.12954567985265905,74.68472853924995,1367.8787280034048,1399.0,31.121271996595112,0.2074575792756943,360,1399,189839,1399
26,23,selection,R7_scarp9_polarity,blur185,2.8,3.0,0.030660955190418348,12.301608484674919,553.7690452631217,559.0,5.230954736878245,0.034171134679652555,360,559,189839,1399
26,23,selection,R7_scarp9_polarity,disk,3.6,2.0,0.06925886670691478,39.67167981394,1384.3428283803678,1399.0,14.657171619632127,0.11019911059427778,360,1399,189839,1399
26,23,selection,R7_scarp9_polarity,blur185,3.6,2.0,0.027154087139657248,10.559174829590033,493.7475468957064,498.0,4.252453104293572,0.029331041193305648,360,498,189839,1399
26,23,selection,R7_scarp9_polarity,disk,3.6,3.0,0.07403854261885945,42.435611836440216,1383.3428283803678,1399.0,15.657171619632125,0.11787669954566726,360,1399,189839,1399
26,23,selection,R7_scarp9_polarity,blur185,3.6,3.0,0.030201340354472077,11.73512951125684,491.08088022903974,496.0,4.919119770960238,0.03259758197571345,360,496,189839,1399
26,23,selection,R7_scarp9_polarity,disk,4.6,2.0,0.036043608956394364,16.05896779755563,771.6546633462858,778.0,6.345336653714118,0.044608243882098976,360,778,189839,1399
26,23,selection,R7_scarp9_polarity,blur185,4.6,2.0,0.028861138222985364,10.559174829590033,378.7475468957065,383.0,4.252453104293572,0.029331041193305648,360,383,189839,1399
26,23,selection,R7_scarp9_polarity,disk,4.6,3.0,0.03829091697112111,17.11834965918007,778.1832588254948,785.0,6.816741174505149,0.04755097127550019,360,785,189839,1399
26,23,selection,R7_scarp9_polarity,blur185,4.6,3.0,0.030290942377618344,11.206534032047873,398.60947570824874,403.0,4.39052429175127,0.03112926120013298,360,403,189839,1399
26,23,selection,R7_scarp9_polarity,disk,5.8,2.0,0.02788293704265461,11.044773573968348,529.5165921588282,534.0,4.483407841171816,0.030679926594356522,360,534,189839,1399
26,23,selection,R7_scarp9_polarity,blur185,5.8,2.0,0.011600202412122297,4.073576085211718,311.7475468957064,314.0,2.252453104293571,0.011315489125588106,360,314,189839,1399
26,23,selection,R7_scarp9_polarity,disk,5.8,3.0,0.0261566795539284,10.516178094759379,559.7118543047038,564.0,4.288145695296182,0.029211605818776052,360,564,189839,1399
26,23,selection,R7_scarp9_polarity,blur185,5.8,3.0,0.013243715246466593,4.7209352876695565,337.60947570824874,340.0,2.39052429175127,0.013113709132415434,360,340,189839,1399
26,23,selection,H50a_corridor,disk,1.5,2.0,0.05006137535554721,28.568255812555773,1384.7548510395345,1399.0,14.245148960465528,0.07935626614598826,360,1399,189839,1399
26,23,selection,H50a_corridor,blur185,1.5,2.0,0.018991713070438808,8.168650537838763,702.4142135623731,706.0,3.5857864376269046,0.02269069593844101,360,706,189839,1399
26,23,selection,H50a_corridor,disk,1.5,3.0,0.051714576181065064,29.511064854137835,1383.752660136328,1399.0,15.247339863672027,0.08197518015038288,360,1399,189839,1399
26,23,selection,H50a_corridor,blur185,1.5,3.0,0.02312461630630583,10.187226567839044,752.4929028882063,757.0,4.507097111793642,0.02829785157733068,360,757,189839,1399
26,23,selection,H50a_corridor,disk,2.8,2.0,0.12277797863265248,70.70330456925022,1368.612080675524,1399.0,30.387919324475966,0.19639806824791728,360,1399,189839,1399
26,23,selection,H50a_corridor,blur185,2.8,2.0,0.020466828726558303,8.168650537838763,547.4142135623731,551.0,3.5857864376269046,0.02269069593844101,360,551,189839,1399
26,23,selection,H50a_corridor,disk,2.8,3.0,0.12218970852410259,70.37216213912339,1369.2550580715688,1399.0,29.744941928431125,0.19547822816423163,360,1399,189839,1399
26,23,selection,H50a_corridor,blur185,2.8,3.0,0.02427464338016433,9.677938552838905,543.7475468957064,548.0,4.252453104293572,0.026883162646774737,360,548,189839,1399
26,23,selection,H50a_corridor,disk,3.6,2.0,0.0488285355510677,27.89063123043747,1388.0859934696612,1399.0,10.914006530338694,0.07747397564010408,360,1399,189839,1399
26,23,selection,H50a_corridor,blur185,3.6,2.0,0.015611068225659764,5.994886759378455,474.08088022903974,477.0,2.919119770960238,0.016652463220495708,360,477,189839,1399
26,23,selection,H50a_corridor,disk,3.6,3.0,0.050672778538559754,28.950013092061905,1387.6145889488703,1399.0,11.385411051129724,0.08041670303350529,360,1399,189839,1399
26,23,selection,H50a_corridor,blur185,3.6,3.0,0.01949218943474961,7.504174774378597,477.4142135623731,481.0,3.5857864376269046,0.020844929928829435,360,481,189839,1399
26,23,selection,H50a_corridor,disk,4.6,2.0,0.03685257563855766,16.022543772344473,717.8477345889551,724.0,6.152265411044981,0.04450706603429021,360,724,189839,1399
26,23,selection,H50a_corridor,blur185,4.6,2.0,0.01658725900953565,5.994886759378455,361.08088022903974,364.0,2.919119770960238,0.016652463220495708,360,364,189839,1399
26,23,selection,H50a_corridor,disk,4.6,3.0,0.038265734009310604,16.748592300635575,731.7096634014973,738.0,6.29033659850268,0.04652386750176549,360,738,189839,1399
26,23,selection,H50a_corridor,blur185,4.6,3.0,0.019154014094890832,6.975579295169628,373.94280904158205,377.0,3.057190958417937,0.019376609153248965,360,377,189839,1399
26,23,selection,H50a_corridor,disk,5.8,2.0,0.01904896731318989,7.342414316299072,479.90492554737295,483.0,3.0950744526270446,0.02039559532305298,360,483,189839,1399
26,23,selection,H50a_corridor,blur185,5.8,2.0,0.010819407502557362,3.740242751878385,284.7475468957064,287.0,2.252453104293571,0.010389563199662182,360,287,189839,1399
26,23,selection,H50a_corridor,disk,5.8,3.0,0.020690113604460637,8.068462844590174,501.76685435991527,505.0,3.233145640084744,0.022412396790528262,360,505,189839,1399
26,23,selection,H50a_corridor,blur185,5.8,3.0,0.013409230614264751,4.720935287669557,315.60947570824874,318.0,2.39052429175127,0.013113709132415437,360,318,189839,1399
26,23,selection,H50b_kth_ridge,disk,1.5,2.0,0.09145488036645265,52.38677382619862,1371.6907700013574,1399.0,27.309229998642703,0.14551881618388507,360,1399,189839,1399
26,23,selection,H50b_kth_ridge,blur185,1.5,2.0,0.030834122303470886,13.625446770973706,755.8499254921614,762.0,6.150074507838482,0.03784846325270474,360,762,189839,1399
26,23,selection,H50b_kth_ridge,disk,1.5,3.0,0.09439900590055035,54.0913239870744,1370.9454140088574,1399.0,28.054585991142638,0.15025367774187331,360,1399,189839,1399
26,23,selection,H50b_kth_ridge,blur185,1.5,3.0,0.032881334823902555,14.801401452640516,795.9286148179947,803.0,7.071385182005221,0.04111500403511254,360,803,189839,1399
26,23,selection,H50b_kth_ridge,disk,2.8,2.0,0.09286278782962057,53.32154728974409,1377.6641583933206,1399.0,21.335841606679576,0.14811540913817803,360,1399,189839,1399
26,23,selection,H50b_kth_ridge,blur185,2.8,2.0,0.02971972078439699,12.254229943431266,609.3785209713706,615.0,5.621479028629514,0.034039527620642406,360,615,189839,1399
26,23,selection,H50b_kth_ridge,disk,2.8,3.0,0.09468644599190049,54.37873824816202,1377.137753817318,1399.0,21.862246182682046,0.15105205068933894,360,1399,189839,1399
26,23,selection,H50b_kth_ridge,blur185,2.8,3.0,0.031889724377584985,13.118349659180065,603.7118543047038,610.0,6.288145695296182,0.03643986016438907,360,610,189839,1399
26,23,selection,H50b_kth_ridge,disk,3.6,2.0,0.0571048202962714,32.65091288073323,1386.2069480961168,1399.0,12.793051903883324,0.09069698022425897,360,1399,189839,1399
26,23,selection,H50b_kth_ridge,blur185,3.6,2.0,0.027094493053232083,10.825822157470888,546.9643074089975,552.0,5.03569259100261,0.03007172821519691,360,552,189839,1399
26,23,selection,H50b_kth_ridge,disk,3.6,3.0,0.05884690913237771,33.65091288073323,1385.54028142945,1399.0,13.459718570549992,0.09347475800203675,360,1399,189839,1399
26,23,selection,H50b_kth_ridge,blur185,3.6,3.0,0.029440774932067097,11.747132831637623,543.2976407423307,549.0,5.702359257669277,0.03263092453232673,360,549,189839,1399
26,23,selection,H50b_kth_ridge,disk,4.6,2.0,0.04323977365863323,19.699022856185426,818.1832588254949,826.0,7.816741174505149,0.0547195079338484,360,826,189839,1399
26,23,selection,H50b_kth_ridge,blur185,4.6,2.0,0.023166326305424666,8.730747704843843,435.6309740756641,440.0,4.3690259243359435,0.024252076957899563,360,440,189839,1399
26,23,selection,H50b_kth_ridge,disk,4.6,3.0,0.044665071202825056,20.425071384476528,826.0451876380372,834.0,7.954812361962849,0.05673630940132369,360,834,189839,1399
26,23,selection,H50b_kth_ridge,blur185,4.6,3.0,0.02537856360688937,9.65205837901058,451.96430740899734,457.0,5.03569259100261,0.026811273275029388,360,457,189839,1399
26,23,selection,H50b_kth_ridge,disk,5.8,2.0,0.03892957808731228,15.880090778473779,583.7118543047038,590.0,6.288145695296182,0.044111363273538276,360,590,189839,1399
26,23,selection,H50b_kth_ridge,blur185,5.8,2.0,0.02403361511132653,8.730747704843843,367.6309740756641,372.0,4.3690259243359435,0.024252076957899563,360,372,189839,1399
26,23,selection,H50b_kth_ridge,disk,5.8,3.0,0.04018560805508836,16.60613930676488,609.5737831172462,616.0,6.42621688275388,0.046128164741013555,360,616,189839,1399
26,23,selection,H50b_kth_ridge,blur185,5.8,3.0,0.026035749783929203,9.65205837901058,403.96430740899734,409.0,5.03569259100261,0.026811273275029388,360,409,189839,1399
26,23,selection,H50c_both,disk,1.5,2.0,0.05314197713276183,30.325615125436485,1382.9381098650292,1399.0,16.061890134970678,0.08423781979287913,360,1399,189839,1399
26,23,selection,H50c_both,blur185,1.5,2.0,0.028394801529642733,12.432375528304572,736.7668543599152,742.0,5.233145640084744,0.0345343764675127,360,742,189839,1399
26,23,selection,H50c_both,disk,1.5,3.0,0.05454845000383626,31.13035297956085,1382.3286341567805,1399.0,16.67136584321941,0.08647320272100237,360,1399,189839,1399
26,23,selection,H50c_both,blur185,1.5,3.0,0.029511783738771558,13.136925689180348,772.5715922140396,778.0,5.4284077859603785,0.03649146024772319,360,778,189839,1399
26,23,selection,H50c_both,disk,2.8,2.0,0.09498910622462337,54.53392599662205,1376.0018735330668,1399.0,22.998126466933247,0.1514831277683946,360,1399,189839,1399
26,23,selection,H50c_both,blur185,2.8,2.0,0.01961776344632364,8.02546610975952,597.433521026582,601.0,3.566478973418077,0.022292961415998666,360,601,189839,1399
26,23,selection,H50c_both,disk,2.8,3.0,0.0952296034646862,54.67199718407975,1375.8638023456092,1399.0,23.136197654390944,0.15186665884466596,360,1399,189839,1399
26,23,selection,H50c_both,blur185,2.8,3.0,0.021324258848100183,8.730016270635295,598.2382588807063,602.0,3.7617411192937116,0.02425004519620915,360,602,189839,1399
26,23,selection,H50c_both,disk,3.6,2.0,0.05863194516274609,33.532149157484355,1386.0138768534475,1399.0,12.986123146552462,0.09314485877078987,360,1399,189839,1399
26,23,selection,H50c_both,blur185,3.6,2.0,0.016604233106635318,6.597058323799141,539.9621165057908,543.0,3.0378834942091086,0.01832516201055317,360,543,189839,1399
26,23,selection,H50c_both,disk,3.6,3.0,0.059797631360139936,34.198815824151026,1385.3472101867808,1399.0,13.652789813219126,0.09499671062264174,360,1399,189839,1399
26,23,selection,H50c_both,blur185,3.6,3.0,0.018345118826309195,7.301608484674917,542.7668543599152,546.0,3.233145640084744,0.020282245790763657,360,546,189839,1399
26,23,selection,H50c_both,disk,4.6,2.0,0.04211443032647322,19.13035297956085,812.1045694996617,819.0,6.895430500338413,0.05313986938766903,360,819,189839,1399
26,23,selection,H50c_both,blur185,4.6,2.0,0.012062348337743337,4.501983871172097,421.62878317245753,424.0,2.3712168275424417,0.012505510753255825,360,424,189839,1399
26,23,selection,H50c_both,disk,4.6,3.0,0.046938237199073675,21.501569807103294,828.9093073537861,837.0,8.090692646214048,0.05972658279750915,360,837,189839,1399
26,23,selection,H50c_both,blur185,4.6,3.0,0.013857188922455318,5.206534032047872,433.43352102658196,436.0,2.566478973418077,0.014462594533466312,360,436,189839,1399
26,23,selection,H50c_both,disk,5.8,2.0,0.025663904557771334,10.392301130888965,574.2998316455372,578.0,3.700168354462779,0.028867503141358237,360,578,189839,1399
26,23,selection,H50c_both,blur185,5.8,2.0,0.012511552672099097,4.501983871172097,354.62878317245753,357.0,2.3712168275424417,0.012505510753255825,360,357,189839,1399
26,23,selection,H50c_both,disk,5.8,3.0,0.029268542406140883,11.98027847172237,594.6331649788706,599.0,4.366835021129445,0.03327855131033992,360,599,189839,1399
26,23,selection,H50c_both,blur185,5.8,3.0,0.014243871537059399,5.206534032047872,382.43352102658196,385.0,2.566478973418077,0.014462594533466312,360,385,189839,1399
26,23,selection,RANDOM_fixed_seed,disk,1.5,2.0,0.053526885740752775,30.590799584900246,1386.9264239147883,1399.0,12.07357608521172,0.08497444329138958,360,1399,189839,1399
26,23,selection,RANDOM_fixed_seed,disk,1.5,3.0,0.053526885740752775,30.590799584900246,1386.9264239147883,1399.0,12.07357608521172,0.08497444329138958,360,1399,189839,1399
26,23,selection,RANDOM_fixed_seed,disk,2.8,2.0,0.052502738914179684,30.00282224406684,1387.2597572481218,1399.0,11.740242751878386,0.08334117290018567,360,1399,189839,1399
26,23,selection,RANDOM_fixed_seed,disk,2.8,3.0,0.05696394522748518,32.56711031427842,1386.0051132406215,1399.0,12.994886759378456,0.09046419531744007,360,1399,189839,1399
26,23,selection,RANDOM_fixed_seed,disk,3.6,2.0,0.05433106738500428,31.057822299278282,1387.1431844280792,1399.0,11.856815571920755,0.08627172860910634,360,1399,189839,1399
26,23,selection,RANDOM_fixed_seed,disk,3.6,3.0,0.05477652942021578,31.31246630677835,1386.8885404205791,1399.0,12.111459579420828,0.08697907307438431,360,1399,189839,1399
26,23,selection,RANDOM_fixed_seed,disk,4.6,2.0,0.04407727221367463,25.16166036473132,1389.1053009338702,1399.0,9.894699066129867,0.06989350101314255,360,1399,189839,1399
26,23,selection,RANDOM_fixed_seed,disk,4.6,3.0,0.047182628059381254,26.944899851440354,1388.4386342672035,1399.0,10.561365732796533,0.07484694403177876,360,1399,189839,1399
26,23,selection,RANDOM_fixed_seed,disk,5.8,2.0,0.0495348901955372,28.29754064898252,1388.026611608037,1399.0,10.973388391963129,0.078604279580507,360,1399,189839,1399
26,23,selection,RANDOM_fixed_seed,disk,5.8,3.0,0.05011839072902872,28.630873982315855,1387.6932782747035,1399.0,11.306721725296462,0.07953020550643293,360,1399,189839,1399
27,24,calibration,R2_scarp9_topo,disk,1.5,2.0,0.09731898997524134,56.79148894211803,1361.0094950470343,1382.0,20.990504952965463,0.15144397051231476,375,1382,187485,1382
27,24,calibration,R2_scarp9_topo,blur185,1.5,2.0,0.05144694617565527,28.56784174848697,1247.8692329563703,1258.0,10.130767043629655,0.07618091132929859,375,1258,187485,1382
27,24,calibration,R2_scarp9_topo,disk,1.5,3.0,0.10102790637762733,58.98675108799367,1360.3428283803678,1382.0,21.657171619632123,0.15729800290131646,375,1382,187485,1382
27,24,calibration,R2_scarp9_topo,blur185,1.5,3.0,0.05490656134912595,31.879676714404976,1371.2047571929102,1382.0,10.795242807089824,0.08501247123841327,375,1382,187485,1382
27,24,calibration,R2_scarp9_topo,disk,2.8,2.0,0.09795200493348308,57.20747934362882,1362.9716115528254,1382.0,19.028388447174567,0.15255327824967685,375,1382,187485,1382
27,24,calibration,R2_scarp9_topo,blur185,2.8,2.0,0.05115203132967785,24.61083848331762,881.0451876380371,889.0,7.954812361962848,0.06562890262218032,375,889,187485,1382
27,24,calibration,R2_scarp9_topo,disk,2.8,3.0,0.09615821755603166,56.155401625832425,1363.7927345337434,1382.0,18.20726546625642,0.14974773766888647,375,1382,187485,1382
27,24,calibration,R2_scarp9_topo,blur185,2.8,3.0,0.056815264970259544,27.37257960261133,881.5380905262434,890.0,8.46190947375649,0.07299354560696356,375,890,187485,1382
27,24,calibration,R2_scarp9_topo,disk,3.6,2.0,0.07331883906625625,42.69130124886943,1368.6546633462858,1382.0,13.345336653714119,0.11384346999698515,375,1382,187485,1382
27,24,calibration,R2_scarp9_topo,blur185,3.6,2.0,0.0524603142192938,23.632336850732948,728.7690452631217,736.0,7.230954736878246,0.06301956493528786,375,736,187485,1382
27,24,calibration,R2_scarp9_topo,disk,3.6,3.0,0.07481537338053663,43.57472842882706,1368.5759740204526,1382.0,13.42402597954738,0.11619927581020549,375,1382,187485,1382
27,24,calibration,R2_scarp9_topo,blur185,3.6,3.0,0.06024804815674691,27.315388644193398,739.5952814846614,748.0,8.404718515338553,0.07284103638451572,375,748,187485,1382
27,24,calibration,R2_scarp9_topo,disk,4.6,2.0,0.054480632138129696,27.454919300649046,992.2404497839129,1001.0,8.759550216087213,0.07321311813506412,375,1001,187485,1382
27,24,calibration,R2_scarp9_topo,blur185,4.6,2.0,0.05012083042483616,20.596644259730336,534.1023785964551,540.0,5.897621403544911,0.05492438469261423,375,540,187485,1382
27,24,calibration,R2_scarp9_topo,disk,4.6,3.0,0.05610442542201526,28.338346480606674,997.1617604580795,1006.0,8.838239541920476,0.07556892394828446,375,1006,187485,1382
27,24,calibration,R2_scarp9_topo,blur185,4.6,3.0,0.053819255900651335,22.59664425973034,576.7118543047038,583.0,6.288145695296182,0.06025771802594757,375,583,187485,1382
27,24,calibration,R2_scarp9_topo,disk,5.8,2.0,0.05017071650418175,21.69829142197688,640.7475468957064,647.0,6.252453104293571,0.05786211045860501,375,647,187485,1382
27,24,calibration,R2_scarp9_topo,blur185,5.8,2.0,0.04484980539880778,17.073162021142913,386.2976407423307,391.0,4.7023592576692765,0.0455284320563811,375,391,187485,1382
27,24,calibration,R2_scarp9_topo,disk,5.8,3.0,0.05114031659105731,22.893553567852514,715.4142135623731,722.0,6.585786437626904,0.06104947618094004,375,722,187485,1382
27,24,calibration,R2_scarp9_topo,blur185,5.8,3.0,0.053336383327595285,21.168236473769962,463.2404497839128,469.0,5.759550216087213,0.0564486305967199,375,469,187485,1382
27,24,calibration,R7_scarp9_polarity,disk,1.5,2.0,0.08183173120696617,47.59810372872829,1360.6932782747035,1382.0,21.306721725296462,0.1269282766099421,375,1382,187485,1382
27,24,calibration,R7_scarp9_polarity,blur185,1.5,2.0,0.04268281566399269,22.655294687146224,1131.257566344915,1139.0,7.742433655084883,0.060414119165723264,375,1139,187485,1382
27,24,calibration,R7_scarp9_polarity,disk,1.5,3.0,0.10342300592827156,60.38604239199007,1358.9858057764127,1382.0,23.014194223587285,0.16102944637864017,375,1382,187485,1382
27,24,calibration,R7_scarp9_polarity,blur185,1.5,3.0,0.04731562650198353,26.653103783939727,1289.86923295637,1299.0,9.130767043629655,0.07107494342383927,375,1299,187485,1382
27,24,calibration,R7_scarp9_polarity,disk,2.8,2.0,0.09683265627423934,56.5481168207902,1363.3406374771614,1382.0,18.65936252283862,0.15079497818877385,375,1382,187485,1382
27,24,calibration,R7_scarp9_polarity,blur185,2.8,2.0,0.04133868046707087,19.074621490140864,788.0408058316241,794.0,5.959194168375845,0.0508656573070423,375,794,187485,1382
27,24,calibration,R7_scarp9_polarity,disk,2.8,3.0,0.10319636062537985,60.336469548120775,1363.045187638037,1382.0,18.954812361962848,0.16089725212832207,375,1382,187485,1382
27,24,calibration,R7_scarp9_polarity,blur185,2.8,3.0,0.05065242070819705,23.5438351077254,800.5144012556217,808.0,7.485598744378316,0.06278356028726774,375,808,187485,1382
27,24,calibration,R7_scarp9_polarity,disk,3.6,2.0,0.06668622310668207,38.78240795915228,1369.045187638037,1382.0,12.954812361962848,0.10341975455773941,375,1382,187485,1382
27,24,calibration,R7_scarp9_polarity,blur185,3.6,2.0,0.04366350229794646,18.819977482640795,636.2954498391241,642.0,5.704550160875776,0.050186606620375454,375,642,187485,1382
27,24,calibration,R7_scarp9_polarity,disk,3.6,3.0,0.07390240943159387,43.037051966652356,1368.7118543047036,1382.0,13.288145695296183,0.11476547191107295,375,1382,187485,1382
27,24,calibration,R7_scarp9_polarity,blur185,3.6,3.0,0.04824306181914822,21.01523962851643,657.0429967348307,663.0,5.957003265169347,0.05604063900937715,375,663,187485,1382
27,24,calibration,R7_scarp9_polarity,disk,4.6,2.0,0.04639755232054321,22.112504984349975,860.8262362215396,868.0,7.173763778460309,0.0589666799582666,375,868,187485,1382
27,24,calibration,R7_scarp9_polarity,blur185,4.6,2.0,0.025175274532927772,9.887394922301821,453.82404531833316,457.0,3.1759546816668074,0.026366386459471522,375,457,187485,1382
27,24,calibration,R7_scarp9_polarity,disk,4.6,3.0,0.05882216601041732,28.540912770310353,897.4929028882063,906.0,8.507097111793641,0.0761091007208276,375,906,187485,1382
27,24,calibration,R7_scarp9_polarity,blur185,4.6,3.0,0.028718290576068183,11.632750914801752,513.688165034082,517.0,3.311834965918007,0.031020669106138005,375,517,187485,1382
27,24,calibration,R7_scarp9_polarity,disk,5.8,2.0,0.046708871822794394,19.565333475140726,574.8262362215396,581.0,6.173763778460309,0.05217422260037527,375,581,187485,1382
27,24,calibration,R7_scarp9_polarity,blur185,5.8,2.0,0.0211370699248987,7.792320469674777,335.49071198499985,338.0,2.5092880150001404,0.020779521252466075,375,338,187485,1382
27,24,calibration,R7_scarp9_polarity,disk,5.8,3.0,0.059797333770309116,25.993741261101107,647.4929028882063,655.0,7.507097111793641,0.06931664336293629,375,655,187485,1382
27,24,calibration,R7_scarp9_polarity,blur185,5.8,3.0,0.030007288316101766,11.632750914801752,426.688165034082,430.0,3.311834965918007,0.031020669106138005,375,430,187485,1382
27,24,calibration,H50a_corridor,disk,1.5,2.0,0.12466579891136766,72.97360566875467,1353.7956568711588,1382.0,28.204343128841373,0.1945962817833458,375,1382,187485,1382
27,24,calibration,H50a_corridor,blur185,1.5,2.0,0.041147278001245936,21.405763920267702,1079.7096634014972,1087.0,7.29033659850268,0.05708203712071387,375,1087,187485,1382
27,24,calibration,H50a_corridor,disk,1.5,3.0,0.12458131417999053,72.93791307775206,1354.383634211992,1382.0,27.616365788007975,0.19450110154067216,375,1382,187485,1382
27,24,calibration,H50a_corridor,blur185,1.5,3.0,0.04571667370485049,25.131812448558804,1223.5165921588282,1232.0,8.483407841171816,0.06701816652949015,375,1232,187485,1382
27,24,calibration,H50a_corridor,disk,2.8,2.0,0.06368150215526215,37.01847593665208,1369.5144012556216,1382.0,12.485598744378313,0.09871593583107222,375,1382,187485,1382
27,24,calibration,H50a_corridor,blur185,2.8,2.0,0.03618840218072759,16.29430434084687,735.0214983674152,740.0,4.978501632584674,0.043451478242258326,375,740,187485,1382
27,24,calibration,H50a_corridor,disk,2.8,3.0,0.06960519550134309,40.51137882485844,1369.5715922140396,1382.0,12.428407785960378,0.10803034353295583,375,1382,187485,1382
27,24,calibration,H50a_corridor,blur185,2.8,3.0,0.042877763387328946,19.410877160889246,744.1023785964551,750.0,5.897621403544911,0.05176233909570466,375,750,187485,1382
27,24,calibration,H50a_corridor,disk,3.6,2.0,0.0527879423455695,30.638909560352452,1371.4357119297883,1382.0,10.564288070211578,0.08170375882760654,375,1382,187485,1382
27,24,calibration,H50a_corridor,blur185,3.6,2.0,0.035030266893440305,14.863705651679997,606.688165034082,611.0,4.311834965918007,0.03963654840447999,375,611,187485,1382
27,24,calibration,H50a_corridor,disk,3.6,3.0,0.05755800168911783,33.443647414476814,1371.7690452631216,1382.0,10.230954736878246,0.08918305977193818,375,1382,187485,1382
27,24,calibration,H50a_corridor,blur185,3.6,3.0,0.04138120709969873,17.7256344642223,624.0236892706218,629.0,4.9763107293781745,0.04726835857125947,375,629,187485,1382
27,24,calibration,H50a_corridor,disk,4.6,2.0,0.03424376395429029,15.765708861637906,786.2167605132909,791.0,4.783239486709039,0.042041890297701084,375,791,187485,1382
27,24,calibration,H50a_corridor,blur185,4.6,2.0,0.03806225554064186,14.863705651679997,437.688165034082,442.0,4.311834965918007,0.03963654840447999,375,442,187485,1382
27,24,calibration,H50a_corridor,disk,4.6,3.0,0.04426292176743403,20.74421049422258,822.5500938466243,828.0,5.449906153375705,0.05531789465126021,375,828,187485,1382
27,24,calibration,H50a_corridor,blur185,4.6,3.0,0.04137450552746815,16.609061644179928,490.5522847498308,495.0,4.447715250169207,0.04429083105114647,375,495,187485,1382
27,24,calibration,H50a_corridor,disk,5.8,2.0,0.038067363091362834,15.432375528304572,511.5500938466243,516.0,4.449906153375705,0.041153001408812194,375,516,187485,1382
27,24,calibration,H50a_corridor,blur185,5.8,2.0,0.02922053296694896,10.675747649632406,316.07868932583324,319.0,2.9213106741667367,0.028468660399019748,375,319,187485,1382
27,24,calibration,H50a_corridor,disk,5.8,3.0,0.04924338078366097,20.74421049422258,585.5500938466243,591.0,5.449906153375705,0.05531789465126021,375,591,187485,1382
27,24,calibration,H50a_corridor,blur185,5.8,3.0,0.03804444000274003,14.516178094759383,393.27614237491537,397.0,3.7238576250846034,0.038709808252691685,375,397,187485,1382
27,24,calibration,H50b_kth_ridge,disk,1.5,2.0,0.10173385175366545,59.38019771715998,1359.0288025112434,1382.0,22.97119748875663,0.1583471939124266,375,1382,187485,1382
27,24,calibration,H50b_kth_ridge,blur185,1.5,2.0,0.05326658313416913,28.200275293148977,1118.8885404205791,1128.0,9.111459579420828,0.07520073411506394,375,1128,187485,1382
27,24,calibration,H50b_kth_ridge,disk,1.5,3.0,0.10794096694035384,63.07055365444847,1358.4594012004104,1382.0,23.540598799589755,0.16818814307852925,375,1382,187485,1382
27,24,calibration,H50b_kth_ridge,blur185,1.5,3.0,0.06521588514981613,36.19516205252744,1238.8313494621611,1251.0,12.168650537838763,0.09652043214007316,375,1251,187485,1382
27,24,calibration,H50b_kth_ridge,disk,2.8,2.0,0.09242037661796057,53.926637792160676,1363.5380905262436,1382.0,18.46190947375649,0.1438043674457618,375,1382,187485,1382
27,24,calibration,H50b_kth_ridge,blur185,2.8,2.0,0.05072035316732685,23.750369139773273,817.5552070872459,825.0,7.44479291275416,0.06333431770606206,375,825,187485,1382
27,24,calibration,H50b_kth_ridge,disk,2.8,3.0,0.09561648411946293,55.82864100211859,1363.5759740204526,1382.0,18.42402597954738,0.14887637600564957,375,1382,187485,1382
27,24,calibration,H50b_kth_ridge,blur185,2.8,3.0,0.05060473507097938,23.80756009819121,828.4980161288279,836.0,7.501983871172097,0.06348682692850989,375,836,187485,1382
27,24,calibration,H50b_kth_ridge,disk,3.6,2.0,0.08149480947416102,47.49896144040885,1366.733352672119,1382.0,15.266647327880854,0.12666389717442358,375,1382,187485,1382
27,24,calibration,H50b_kth_ridge,blur185,3.6,2.0,0.053555443185149744,23.750369139773273,693.6123980456638,701.0,7.3876019543362235,0.06333431770606206,375,701,187485,1382
27,24,calibration,H50b_kth_ridge,disk,3.6,3.0,0.08238328551070671,48.02974782282432,1366.9879966796193,1382.0,15.012003320380783,0.1280793275275315,375,1382,187485,1382
27,24,calibration,H50b_kth_ridge,blur185,3.6,3.0,0.051966422828738396,23.221773660564306,711.0838025664548,718.0,6.916197433545191,0.061924729761504815,375,718,187485,1382
27,24,calibration,H50b_kth_ridge,disk,4.6,2.0,0.07007178383719752,34.6421458684881,937.2619481513282,948.0,10.738051848671887,0.0923790556493016,375,948,187485,1382
27,24,calibration,H50b_kth_ridge,blur185,4.6,2.0,0.04524659146973331,18.605407872556334,537.3956375323728,543.0,5.604362467627185,0.04961442099348356,375,543,187485,1382
27,24,calibration,H50b_kth_ridge,disk,4.6,3.0,0.06912569293079861,34.33031090257009,948.8499254921616,959.0,10.150074507838482,0.0915474957401869,375,959,187485,1382
27,24,calibration,H50b_kth_ridge,blur185,4.6,3.0,0.04456205710099186,18.662598830974268,575.3384465739548,581.0,5.661553426045122,0.049766930215931385,375,581,187485,1382
27,24,calibration,H50b_kth_ridge,disk,5.8,2.0,0.0594397826535036,25.573683023897917,625.6524724430794,634.0,8.347527556920618,0.06819648806372779,375,634,187485,1382
27,24,calibration,H50b_kth_ridge,blur185,5.8,2.0,0.04252428187006656,16.413068064095743,413.4335210265819,418.0,4.566478973418077,0.043768181504255314,375,418,187485,1382
27,24,calibration,H50b_kth_ridge,disk,5.8,3.0,0.06976034653940397,30.806828663982664,677.2404497839127,686.0,8.759550216087213,0.08215154310395377,375,686,187485,1382
27,24,calibration,H50b_kth_ridge,blur185,5.8,3.0,0.041096606676830606,16.47025902251368,487.37633006816395,492.0,4.623669931836013,0.04392069072670315,375,492,187485,1382
27,24,calibration,H50c_both,disk,1.5,2.0,0.11462497893939609,67.01441150037883,1356.1883720661162,1382.0,25.811627933883603,0.17870509733434353,375,1382,187485,1382
27,24,calibration,H50c_both,blur185,1.5,2.0,0.05936920356293426,31.05782229927828,1084.5930905814548,1095.0,10.406909418545052,0.08282085946474207,375,1095,187485,1382
27,24,calibration,H50c_both,disk,1.5,3.0,0.1168658617296138,68.34555393050566,1355.7570419427411,1382.0,26.24295805725903,0.18225481048134842,375,1382,187485,1382
27,24,calibration,H50c_both,blur185,1.5,3.0,0.06332956215951084,34.54342104365659,1192.7311617689127,1205.0,12.268838231087354,0.09211578944975092,375,1205,187485,1382
27,24,calibration,H50c_both,disk,2.8,2.0,0.08758362296645389,51.09821066741449,1366.0116859502411,1382.0,15.988314049758959,0.13626189511310532,375,1382,187485,1382
27,24,calibration,H50c_both,blur185,2.8,2.0,0.05901646256547167,27.215200950944805,778.5144012556216,787.0,8.485598744378315,0.07257386920251949,375,787,187485,1382
27,24,calibration,H50c_both,disk,2.8,3.0,0.08800252372767942,51.355045578121064,1366.4615921036168,1382.0,15.538407896383253,0.13694678820832284,375,1382,187485,1382
27,24,calibration,H50c_both,blur185,2.8,3.0,0.06295815019240862,28.917560208614084,767.6524724430794,777.0,9.347527556920618,0.07711349388963756,375,777,187485,1382
27,24,calibration,H50c_both,disk,3.6,2.0,0.07851374397268188,45.735029417908635,1366.814232901159,1382.0,15.185767098841094,0.12196007844775636,375,1382,187485,1382
27,24,calibration,H50c_both,blur185,3.6,2.0,0.05299483240534593,23.065126443106323,653.1023785964551,660.0,6.897621403544911,0.061507003848283524,375,660,187485,1382
27,24,calibration,H50c_both,disk,3.6,3.0,0.07984056882349953,46.52045980782417,1366.814232901159,1382.0,15.185767098841094,0.12405455948753111,375,1382,187485,1382
27,24,calibration,H50c_both,blur185,3.6,3.0,0.05325644033097775,23.181699263148694,653.2404497839128,660.0,6.759550216087214,0.06181786470172985,375,660,187485,1382
27,24,calibration,H50c_both,disk,4.6,2.0,0.06486760699907258,30.919019677612038,852.3213300129526,862.0,9.678669987047451,0.08245071914029876,375,862,187485,1382
27,24,calibration,H50c_both,blur185,4.6,2.0,0.043509261932804806,17.389378793473917,480.9643074089974,486.0,5.03569259100261,0.04637167678259711,375,486,187485,1382
27,24,calibration,H50c_both,disk,4.6,3.0,0.06396190206511632,30.861828719194104,881.6546633462858,891.0,9.345336653714117,0.08229820991785095,375,891,187485,1382
27,24,calibration,H50c_both,blur185,4.6,3.0,0.04281674279248826,17.446569751891857,519.9071164505795,525.0,5.092883549420546,0.04652418600504495,375,525,187485,1382
27,24,calibration,H50c_both,disk,5.8,2.0,0.042443915714410134,17.79847911522547,578.9071164505795,585.0,6.092883549420547,0.04746261097393458,375,585,187485,1382
27,24,calibration,H50c_both,blur185,5.8,2.0,0.040491246692535,15.335110172471028,378.2976407423307,383.0,4.7023592576692765,0.04089362712658941,375,383,187485,1382
27,24,calibration,H50c_both,disk,5.8,3.0,0.054657183454567056,23.560220234519182,631.7118543047038,639.0,7.288145695296182,0.06282725395871781,375,639,187485,1382
27,24,calibration,H50c_both,blur185,5.8,3.0,0.03921340129403839,15.392301130888965,447.24044978391277,452.0,4.759550216087213,0.04104613634903724,375,452,187485,1382
27,24,calibration,RANDOM_fixed_seed,disk,1.5,2.0,0.05954978328618399,34.605725242696074,1371.007304143828,1382.0,10.992695856171958,0.09228193398052287,375,1382,187485,1382
27,24,calibration,RANDOM_fixed_seed,disk,1.5,3.0,0.06383649772931468,37.11282235448972,1369.752660136328,1382.0,12.247339863672028,0.09896752627863926,375,1382,187485,1382
27,24,calibration,RANDOM_fixed_seed,disk,2.8,2.0,0.06383649772931468,37.11282235448972,1369.752660136328,1382.0,12.247339863672028,0.09896752627863926,375,1382,187485,1382
27,24,calibration,RANDOM_fixed_seed,disk,2.8,3.0,0.07124915229125611,41.46254081461683,1368.224064657119,1382.0,13.775935342880995,0.11056677550564488,375,1382,187485,1382
27,24,calibration,RANDOM_fixed_seed,disk,3.6,2.0,0.07124915229125611,41.46254081461683,1368.224064657119,1382.0,13.775935342880995,0.11056677550564488,375,1382,187485,1382
27,24,calibration,RANDOM_fixed_seed,disk,3.6,3.0,0.07124915229125611,41.46254081461683,1368.224064657119,1382.0,13.775935342880995,0.11056677550564488,375,1382,187485,1382
27,24,calibration,RANDOM_fixed_seed,disk,4.6,2.0,0.06553260670910259,38.10990001707468,1369.5952814846614,1382.0,12.404718515338555,0.10162640004553247,375,1382,187485,1382
27,24,calibration,RANDOM_fixed_seed,disk,4.6,3.0,0.06814550814959683,39.63849549628364,1368.733352672119,1382.0,13.266647327880854,0.10570265465675636,375,1382,187485,1382
27,24,calibration,RANDOM_fixed_seed,disk,5.8,2.0,0.06742213238497866,39.210087710323265,1368.5952814846614,1382.0,13.404718515338553,0.10456023389419537,375,1382,187485,1382
27,24,calibration,RANDOM_fixed_seed,disk,5.8,3.0,0.06909726555278872,40.18858934290794,1367.9286148179947,1382.0,14.07138518200522,0.10716957158108784,375,1382,187485,1382
28,25,calibration,R2_scarp9_topo,disk,1.5,2.0,0.0,0.0,271.0,271.0,0.0,0.0,98,271,36803,271
28,25,calibration,R2_scarp9_topo,blur185,1.5,2.0,0.08020060099494092,10.737320414463339,266.6666666666667,271.0,4.333333333333334,0.10956449402513611,98,271,36803,271
28,25,calibration,R2_scarp9_topo,disk,1.5,3.0,0.0,0.0,271.0,271.0,0.0,0.0,98,271,36803,271
28,25,calibration,R2_scarp9_topo,blur185,1.5,3.0,0.09951204873742371,13.34460521950557,265.15737865166653,271.0,5.8426213483334735,0.13616944101536296,98,271,36803,271
28,25,calibration,R2_scarp9_topo,disk,2.8,2.0,0.09307914570764257,12.48048550375677,265.94280904158205,271.0,5.057190958417936,0.12735189289547724,98,271,36803,271
28,25,calibration,R2_scarp9_topo,blur185,2.8,2.0,0.06307394363138136,7.720935287669557,212.33333333333331,215.0,2.666666666666667,0.07878505395581181,98,215,36803,271
28,25,calibration,R2_scarp9_topo,disk,2.8,3.0,0.10954837197221014,14.73512951125684,265.80473785412437,271.0,5.195262145875636,0.15035846440058,98,271,36803,271
28,25,calibration,R2_scarp9_topo,blur185,2.8,3.0,0.0784243638890213,9.68305179346045,215.66666666666666,219.0,3.3333333333333335,0.09880665095367806,98,219,36803,271
28,25,calibration,R2_scarp9_topo,disk,3.6,2.0,0.08900533679787953,11.930391657132475,266.27614237491537,271.0,4.723857625084603,0.12173869037890281,98,271,36803,271
28,25,calibration,R2_scarp9_topo,blur185,3.6,2.0,0.06760246540415688,7.720935287669557,171.33333333333331,174.0,2.666666666666667,0.07878505395581181,98,174,36803,271
28,25,calibration,R2_scarp9_topo,disk,3.6,3.0,0.12548459122599462,16.92527841651093,265.471404520791,271.0,5.528595479208969,0.17270692261745849,98,271,36803,271
28,25,calibration,R2_scarp9_topo,blur185,3.6,3.0,0.08459034294200442,9.68305179346045,170.66666666666666,174.0,3.3333333333333335,0.09880665095367806,98,174,36803,271
28,25,calibration,R2_scarp9_topo,disk,4.6,2.0,0.08855868312185317,11.26591589367231,232.80473785412437,237.0,4.195262145875635,0.1149583254456358,98,237,36803,271
28,25,calibration,R2_scarp9_topo,blur185,4.6,2.0,0.07310740340980923,7.720935287669557,128.33333333333331,131.0,2.666666666666667,0.07878505395581181,98,131,36803,271
28,25,calibration,R2_scarp9_topo,disk,4.6,3.0,0.11216603909392264,14.185035664632546,226.13807118745768,231.0,4.861928812542302,0.14474526188400558,98,231,36803,271
28,25,calibration,R2_scarp9_topo,blur185,4.6,3.0,0.061804115832287156,6.566478973418076,132.66666666666666,135.0,2.3333333333333335,0.06700488748385791,98,135,36803,271
28,25,calibration,R2_scarp9_topo,disk,5.8,2.0,0.08493006195318648,9.425485448545333,153.47140452079103,157.0,3.528595479208968,0.09617842294434013,98,157,36803,271
28,25,calibration,R2_scarp9_topo,blur185,5.8,2.0,0.05015220791729186,4.937695800960519,95.33333333333333,97.0,1.6666666666666667,0.05038465103020938,98,97,36803,271
28,25,calibration,R2_scarp9_topo,disk,5.8,3.0,0.10883028756239632,12.34460521950557,162.80473785412437,167.0,4.195262145875635,0.12596535938270992,98,167,36803,271
28,25,calibration,R2_scarp9_topo,blur185,5.8,3.0,0.037798383416516514,3.7832394867090384,104.66666666666666,106.0,1.3333333333333335,0.03860448455825549,98,106,36803,271
28,25,calibration,R7_scarp9_polarity,disk,1.5,2.0,0.0,0.0,271.0,271.0,0.0,0.0,98,271,36803,271
28,25,calibration,R7_scarp9_polarity,blur185,1.5,2.0,0.05520894208266779,7.366103586920898,267.7453559924999,271.0,3.25464400750007,0.07516432231551937,98,271,36803,271
28,25,calibration,R7_scarp9_polarity,disk,1.5,3.0,0.0,0.0,271.0,271.0,0.0,0.0,98,271,36803,271
28,25,calibration,R7_scarp9_polarity,blur185,1.5,3.0,0.07462771064443466,9.973388391963129,266.23606797749983,271.0,4.763932022500211,0.10176926930574622,98,271,36803,271
28,25,calibration,R7_scarp9_polarity,disk,2.8,2.0,0.06583874079430134,8.79962461350282,267.471404520791,271.0,3.528595479208968,0.08979208789288591,98,271,36803,271
28,25,calibration,R7_scarp9_polarity,blur185,2.8,2.0,0.057054216971453235,6.6994369202542305,188.4120226591666,191.0,2.5879773408334037,0.06836160122708398,98,191,36803,271
28,25,calibration,R7_scarp9_polarity,disk,2.8,3.0,0.09333945745122062,12.523482238587423,266.3333333333333,271.0,4.666666666666667,0.12779063508762678,98,271,36803,271
28,25,calibration,R7_scarp9_polarity,blur185,2.8,3.0,0.07410550154739658,8.661553426045122,183.74535599249992,187.0,3.25464400750007,0.08838319822495022,98,187,36803,271
28,25,calibration,R7_scarp9_polarity,disk,3.6,2.0,0.08980418608723384,12.046964477174848,266.688165034082,271.0,4.311834965918007,0.12292820895076376,98,271,36803,271
28,25,calibration,R7_scarp9_polarity,blur185,3.6,2.0,0.046037316326144176,4.937695800960519,139.33333333333331,141.0,1.6666666666666667,0.05038465103020938,98,141,36803,271
28,25,calibration,R7_scarp9_polarity,disk,3.6,3.0,0.10019814820668581,13.458987136341445,266.15956955487303,271.0,4.840430445126975,0.13733660343205556,98,271,36803,271
28,25,calibration,R7_scarp9_polarity,blur185,3.6,3.0,0.06405720162813829,6.899812306751411,139.66666666666666,142.0,2.3333333333333335,0.07040624802807562,98,142,36803,271
28,25,calibration,R7_scarp9_polarity,disk,4.6,2.0,0.0872038496384372,10.618556691214469,206.21676051329095,210.0,3.783239486709039,0.10835261929810683,98,210,36803,271
28,25,calibration,R7_scarp9_polarity,blur185,4.6,2.0,0.04866920755741873,4.937695800960519,110.33333333333333,112.0,1.666666666666667,0.05038465103020938,98,112,36803,271
28,25,calibration,R7_scarp9_polarity,disk,4.6,3.0,0.09913527094299354,12.030579350381068,202.74535599249992,207.0,4.254644007500071,0.12276101377939865,98,207,36803,271
28,25,calibration,R7_scarp9_polarity,blur185,4.6,3.0,0.0373505794032398,3.7832394867090384,110.66666666666666,112.0,1.3333333333333335,0.03860448455825549,98,112,36803,271
28,25,calibration,R7_scarp9_polarity,disk,5.8,2.0,0.049858715923816826,5.349718460127115,139.13807118745768,141.0,1.8619288125423017,0.05458896387884812,98,141,36803,271
28,25,calibration,R7_scarp9_polarity,blur185,5.8,2.0,0.05108619701252934,4.937695800960519,86.33333333333333,88.0,1.6666666666666667,0.05038465103020938,98,88,36803,271
28,25,calibration,R7_scarp9_polarity,disk,5.8,3.0,0.06142253037494951,6.761741119293711,151.66666666666666,154.0,2.3333333333333335,0.0689973583601399,98,154,36803,271
28,25,calibration,R7_scarp9_polarity,blur185,5.8,3.0,0.038102932841930955,3.7832394867090384,100.66666666666666,102.0,1.3333333333333335,0.03860448455825549,98,102,36803,271
28,25,calibration,H50a_corridor,disk,1.5,2.0,0.17807781296629296,24.025466109759517,258.5522847498308,271.0,12.447715250169207,0.24515781744652568,98,271,36803,271
28,25,calibration,H50a_corridor,blur185,1.5,2.0,0.04500185183522706,5.916197433545193,259.4120226591666,262.0,2.5879773408334037,0.06036936156678768,98,262,36803,271
28,25,calibration,H50a_corridor,disk,1.5,3.0,0.18153739822329404,24.575559956383813,260.2976407423307,271.0,10.702359257669276,0.25077101996310014,98,271,36803,271
28,25,calibration,H50a_corridor,blur185,1.5,3.0,0.042548259119414074,5.6615534260451215,267.6480906366664,271.0,3.351909363333614,0.05777095332699104,98,271,36803,271
28,25,calibration,H50a_corridor,disk,2.8,2.0,0.16155142378943899,21.877168441058732,263.2189514164975,271.0,7.78104858350254,0.22323641266386463,98,271,36803,271
28,25,calibration,H50a_corridor,blur185,2.8,2.0,0.03625488550721438,4.095074452627045,168.66666666666666,170.0,1.3333333333333335,0.041786474006398414,98,170,36803,271
28,25,calibration,H50a_corridor,disk,2.8,3.0,0.17583636956353463,23.855670073643406,262.49290288820634,271.0,8.507097111793643,0.243425204833096,98,271,36803,271
28,25,calibration,H50a_corridor,blur185,2.8,3.0,0.03870357363241636,4.371216827542442,168.33333333333331,170.0,1.6666666666666667,0.04460425334226982,98,170,36803,271
28,25,calibration,H50a_corridor,disk,3.6,2.0,0.08574127530886017,11.496870630550553,266.94280904158205,271.0,4.057190958417936,0.11731500643418932,98,271,36803,271
28,25,calibration,H50a_corridor,blur185,3.6,2.0,0.021327045867014255,2.25464400750007,134.33333333333331,135.0,0.6666666666666667,0.023006571505102758,98,135,36803,271
28,25,calibration,H50a_corridor,disk,3.6,3.0,0.09613696836066887,12.90889328971715,266.471404520791,271.0,4.528595479208969,0.13172340091548113,98,271,36803,271
28,25,calibration,H50a_corridor,blur185,3.6,3.0,0.04072274798333777,4.371216827542442,140.33333333333331,142.0,1.6666666666666667,0.04460425334226982,98,142,36803,271
28,25,calibration,H50a_corridor,disk,4.6,2.0,0.08808189436550182,10.068462844590174,169.47140452079105,173.0,3.5285954792089687,0.1027394167815324,98,173,36803,271
28,25,calibration,H50a_corridor,blur185,4.6,2.0,0.022839332712749263,2.25464400750007,99.33333333333333,100.0,0.6666666666666667,0.023006571505102758,98,100,36803,271
28,25,calibration,H50a_corridor,disk,4.6,3.0,0.09871771959647732,11.480485503756771,178.0,182.0,4.0,0.1171478112628242,98,182,36803,271
28,25,calibration,H50a_corridor,blur185,4.6,3.0,0.04296420020383167,4.371216827542442,112.33333333333333,114.0,1.6666666666666667,0.04460425334226982,98,114,36803,271
28,25,calibration,H50a_corridor,disk,5.8,2.0,0.07346963838197355,7.582864100211858,116.47140452079103,119.0,2.5285954792089687,0.07737616428787611,98,119,36803,271
28,25,calibration,H50a_corridor,blur185,5.8,2.0,0.023854225198306128,2.25464400750007,78.33333333333333,79.0,0.6666666666666667,0.023006571505102758,98,79,36803,271
28,25,calibration,H50a_corridor,disk,5.8,3.0,0.08453922192908936,8.994886759378456,131.0,134.0,3.0,0.09178455876916793,98,134,36803,271
28,25,calibration,H50a_corridor,blur185,5.8,3.0,0.044631164097887005,4.371216827542442,93.33333333333333,95.0,1.6666666666666667,0.04460425334226982,98,95,36803,271
28,25,calibration,H50b_kth_ridge,disk,1.5,2.0,0.054566484901116805,7.289605164294133,268.66666666666663,271.0,2.3333333333333335,0.07438372616626666,98,271,36803,271
28,25,calibration,H50b_kth_ridge,blur185,1.5,2.0,0.02271304245095659,2.959194168375845,256.471404520791,258.0,1.5285954792089682,0.03019585886097801,98,258,36803,271
28,25,calibration,H50b_kth_ridge,disk,1.5,3.0,0.054566484901116805,7.289605164294133,268.66666666666663,271.0,2.3333333333333335,0.07438372616626666,98,271,36803,271
28,25,calibration,H50b_kth_ridge,blur185,1.5,3.0,0.029923299778560262,3.9785016325846736,268.80473785412437,271.0,2.1952621458756347,0.040596955434537486,98,271,36803,271
28,25,calibration,H50b_kth_ridge,disk,2.8,2.0,0.054566484901116805,7.289605164294133,268.66666666666663,271.0,2.3333333333333335,0.07438372616626666,98,271,36803,271
28,25,calibration,H50b_kth_ridge,blur185,2.8,2.0,0.01978258920822868,2.292527501709179,185.13807118745768,186.0,0.8619288125423016,0.023393137772542642,98,186,36803,271
28,25,calibration,H50b_kth_ridge,disk,2.8,3.0,0.07434237433158065,9.9562718309608,267.66666666666663,271.0,3.3333333333333335,0.10159461052000816,98,271,36803,271
28,25,calibration,H50b_kth_ridge,blur185,2.8,3.0,0.03053294207629434,3.566478973418077,188.47140452079103,190.0,1.5285954792089682,0.03639264258589874,98,190,36803,271
28,25,calibration,H50b_kth_ridge,disk,3.6,2.0,0.07258061755941586,9.71801295025451,267.7453559924999,271.0,3.2546440075000707,0.09916339745157662,98,271,36803,271
28,25,calibration,H50b_kth_ridge,blur185,3.6,2.0,0.020977298006450453,2.292527501709179,152.13807118745768,153.0,0.8619288125423016,0.023393137772542642,98,153,36803,271
28,25,calibration,H50b_kth_ridge,disk,3.6,3.0,0.07258061755941586,9.71801295025451,267.7453559924999,271.0,3.2546440075000707,0.09916339745157662,98,271,36803,271
28,25,calibration,H50b_kth_ridge,blur185,3.6,3.0,0.032717716340683836,3.566478973418077,149.47140452079103,151.0,1.5285954792089682,0.03639264258589874,98,151,36803,271
28,25,calibration,H50b_kth_ridge,disk,4.6,2.0,0.053199409737986814,6.527864045000421,215.0,217.0,2.0,0.06661085760204512,98,217,36803,271
28,25,calibration,H50b_kth_ridge,blur185,4.6,2.0,0.022282184492434954,2.292527501709179,120.1380711874577,121.0,0.8619288125423016,0.023393137772542642,98,121,36803,271
28,25,calibration,H50b_kth_ridge,disk,4.6,3.0,0.05354852854207192,6.527864045000421,211.0,213.0,2.0,0.06661085760204512,98,213,36803,271
28,25,calibration,H50b_kth_ridge,blur185,4.6,3.0,0.034290568885620015,3.566478973418077,124.47140452079103,126.0,1.5285954792089682,0.03639264258589874,98,126,36803,271
28,25,calibration,H50b_kth_ridge,disk,5.8,2.0,0.06027265149608167,6.527864045000421,143.0,145.0,2.0,0.06661085760204512,98,145,36803,271
28,25,calibration,H50b_kth_ridge,blur185,5.8,2.0,0.023564795346829107,2.292527501709179,92.1380711874577,93.0,0.8619288125423016,0.023393137772542642,98,93,36803,271
28,25,calibration,H50b_kth_ridge,disk,5.8,3.0,0.05939520515802089,6.527864045000421,151.0,153.0,2.0,0.06661085760204512,98,153,36803,271
28,25,calibration,H50b_kth_ridge,blur185,5.8,3.0,0.035520018415693716,3.566478973418077,106.47140452079103,108.0,1.5285954792089682,0.03639264258589874,98,108,36803,271
28,25,calibration,H50c_both,disk,1.5,2.0,0.12626382710705433,16.991964421963413,263.8834271799576,271.0,7.116572820042372,0.17338739206085116,98,271,36803,271
28,25,calibration,H50c_both,blur185,1.5,2.0,0.02288872289133962,2.959194168375845,251.47140452079103,253.0,1.5285954792089682,0.03019585886097801,98,253,36803,271
28,25,calibration,H50c_both,disk,1.5,3.0,0.11911119651792758,16.051346283587847,265.7453559924999,271.0,5.254644007500071,0.16378924779171272,98,271,36803,271
28,25,calibration,H50c_both,blur185,1.5,3.0,0.030104438148848254,3.9785016325846736,264.80473785412437,267.0,2.1952621458756347,0.040596955434537486,98,267,36803,271
28,25,calibration,H50c_both,disk,2.8,2.0,0.09698015689976258,13.024734675550972,266.49071198499985,271.0,4.509288015000141,0.1329054558729691,98,271,36803,271
28,25,calibration,H50c_both,blur185,2.8,2.0,0.020272403961015786,2.292527501709179,171.13807118745768,172.0,0.8619288125423016,0.023393137772542642,98,172,36803,271
28,25,calibration,H50c_both,disk,2.8,3.0,0.09698015689976258,13.024734675550972,266.49071198499985,271.0,4.50928801500014,0.1329054558729691,98,271,36803,271
28,25,calibration,H50c_both,blur185,2.8,3.0,0.0312280417508781,3.566478973418077,175.47140452079103,177.0,1.5285954792089682,0.03639264258589874,98,177,36803,271
28,25,calibration,H50c_both,disk,3.6,2.0,0.07258061755941586,9.71801295025451,267.7453559924999,271.0,3.25464400750007,0.09916339745157662,98,271,36803,271
28,25,calibration,H50c_both,blur185,3.6,2.0,0.021131989117587208,2.292527501709179,148.13807118745768,149.0,0.8619288125423016,0.023393137772542642,98,149,36803,271
28,25,calibration,H50c_both,disk,3.6,3.0,0.07258061755941586,9.71801295025451,267.7453559924999,271.0,3.25464400750007,0.09916339745157662,98,271,36803,271
28,25,calibration,H50c_both,blur185,3.6,3.0,0.03289879805473178,3.566478973418077,146.47140452079103,148.0,1.5285954792089682,0.03639264258589874,98,148,36803,271
28,25,calibration,H50c_both,disk,4.6,2.0,0.05408088369979249,6.527864045000421,205.0,207.0,2.0,0.06661085760204512,98,207,36803,271
28,25,calibration,H50c_both,blur185,4.6,2.0,0.0224567992945229,2.292527501709179,116.1380711874577,117.0,0.8619288125423016,0.023393137772542642,98,117,36803,271
28,25,calibration,H50c_both,disk,4.6,3.0,0.054623930010640864,6.527864045000421,199.0,201.0,2.0,0.06661085760204512,98,201,36803,271
28,25,calibration,H50c_both,blur185,4.6,3.0,0.0346234625424223,3.566478973418077,119.47140452079103,121.0,1.5285954792089682,0.03639264258589874,98,121,36803,271
28,25,calibration,H50c_both,disk,5.8,2.0,0.06129129089523786,6.527864045000421,134.0,136.0,2.0,0.06661085760204512,98,136,36803,271
28,25,calibration,H50c_both,blur185,5.8,2.0,0.02342035324159534,2.292527501709179,95.13807118745771,96.0,0.8619288125423016,0.023393137772542642,98,96,36803,271
28,25,calibration,H50c_both,disk,5.8,3.0,0.06038415851635818,6.527864045000421,142.0,144.0,2.0,0.06661085760204512,98,144,36803,271
28,25,calibration,H50c_both,blur185,5.8,3.0,0.03566208772519277,3.566478973418077,104.47140452079103,106.0,1.5285954792089682,0.03639264258589874,98,106,36803,271
28,25,calibration,RANDOM_fixed_seed,disk,1.5,2.0,0.12802483960630398,17.29649524405337,266.216760513291,271.0,4.783239486709038,0.17649484942911603,98,271,36803,271
28,25,calibration,RANDOM_fixed_seed,disk,1.5,3.0,0.12802483960630398,17.29649524405337,266.216760513291,271.0,4.783239486709038,0.17649484942911603,98,271,36803,271
28,25,calibration,RANDOM_fixed_seed,disk,2.8,2.0,0.12802483960630398,17.29649524405337,266.216760513291,271.0,4.783239486709038,0.17649484942911603,98,271,36803,271
28,25,calibration,RANDOM_fixed_seed,disk,2.8,3.0,0.12802483960630398,17.29649524405337,266.216760513291,271.0,4.783239486709039,0.17649484942911603,98,271,36803,271
28,25,calibration,RANDOM_fixed_seed,disk,3.6,2.0,0.12802483960630398,17.29649524405337,266.216760513291,271.0,4.783239486709038,0.17649484942911603,98,271,36803,271
28,25,calibration,RANDOM_fixed_seed,disk,3.6,3.0,0.12802483960630398,17.29649524405337,266.216760513291,271.0,4.783239486709038,0.17649484942911603,98,271,36803,271
28,25,calibration,RANDOM_fixed_seed,disk,4.6,2.0,0.10527424615662577,14.179922424011002,267.2954498391242,271.0,3.704550160875775,0.14469308595929595,98,271,36803,271
28,25,calibration,RANDOM_fixed_seed,disk,4.6,3.0,0.10527424615662577,14.179922424011002,267.2954498391242,271.0,3.704550160875775,0.14469308595929595,98,271,36803,271
28,25,calibration,RANDOM_fixed_seed,disk,5.8,2.0,0.10296787229017261,13.868087458092994,267.55009384662435,271.0,3.4499061533757054,0.141511096511153,98,271,36803,271
28,25,calibration,RANDOM_fixed_seed,disk,5.8,3.0,0.10296787229017261,13.868087458092994,267.55009384662435,271.0,3.4499061533757054,0.141511096511153,98,271,36803,271
34,26,calibration,R2_scarp9_topo,disk,1.5,2.0,0.0990665304981494,30.300462986397566,826.9982231608623,844.0,17.001776839137694,0.18035989872855693,168,844,114523,844
34,26,calibration,R2_scarp9_topo,blur185,1.5,2.0,0.07544974836850295,17.84585765646912,492.78616182412406,500.0,7.213838175875916,0.10622534319326858,168,500,114523,844
34,26,calibration,R2_scarp9_topo,disk,1.5,3.0,0.10056336109056657,30.7696766039821,827.0954885166958,844.0,16.90451148330415,0.18315283692846487,168,844,114523,844
34,26,calibration,R2_scarp9_topo,blur185,1.5,3.0,0.10050127630093851,24.4079548234742,517.9027346441665,529.0,11.097265355833544,0.14528544537782262,168,529,114523,844
34,26,calibration,R2_scarp9_topo,disk,2.8,2.0,0.14182386238005132,43.69568645470158,824.7956568711586,844.0,19.204343128841373,0.2600933717541761,168,844,114523,844
34,26,calibration,R2_scarp9_topo,blur185,2.8,2.0,0.06997988474839197,15.358068008884306,409.9621165057909,416.0,6.037883494209108,0.0914170714814542,168,416,114523,844
34,26,calibration,R2_scarp9_topo,disk,2.8,3.0,0.1456850061260256,44.9452172215801,825.6025856284895,844.0,18.39741437151051,0.2675310548903577,168,844,114523,844
34,26,calibration,R2_scarp9_topo,blur185,2.8,3.0,0.08122037770535202,17.80286092163847,406.1573786516665,413.0,6.8426213483334735,0.10596941024784803,168,413,114523,844
34,26,calibration,R2_scarp9_topo,disk,3.6,2.0,0.0922714426346057,28.272391909362742,831.7504692331215,844.0,12.249530766878527,0.16828804707954012,168,844,114523,844
34,26,calibration,R2_scarp9_topo,blur185,3.6,2.0,0.07020187046693731,14.574828522175267,351.49071198499985,357.0,5.50928801500014,0.08675493167961468,168,357,114523,844
34,26,calibration,R2_scarp9_topo,disk,3.6,3.0,0.09000356968880922,27.58422687528075,832.8120419979524,844.0,11.18795800204759,0.16419182663857587,168,844,114523,844
34,26,calibration,R2_scarp9_topo,blur185,3.6,3.0,0.0855939498655395,17.80286092163847,350.1573786516665,357.0,6.8426213483334735,0.10596941024784803,168,357,114523,844
34,26,calibration,R2_scarp9_topo,disk,4.6,2.0,0.08615145820090986,20.641831897767492,505.3548317007486,514.0,8.645168299251342,0.12286804701052079,168,514,114523,844
34,26,calibration,R2_scarp9_topo,blur185,4.6,2.0,0.06315329025403323,12.225110062048152,283.66666666666663,288.0,4.333333333333334,0.07276851227409614,168,288,114523,844
34,26,calibration,R2_scarp9_topo,disk,4.6,3.0,0.0858276638171786,20.520145837103577,502.9071164505795,511.0,8.092883549420547,0.12214372522085462,168,511,114523,844
34,26,calibration,R2_scarp9_topo,blur185,4.6,3.0,0.08790014504640167,17.293572906638328,294.41202265916655,301.0,6.587977340833404,0.10293793396808529,168,301,114523,844
34,26,calibration,R2_scarp9_topo,disk,5.8,2.0,0.06919300126451944,14.299417581468418,347.0,353.0,6.0,0.08511558084207392,168,353,114523,844
34,26,calibration,R2_scarp9_topo,blur185,5.8,2.0,0.039676372290643566,7.249530766878526,234.33333333333334,237.0,2.666666666666667,0.04315196885046742,168,237,114523,844
34,26,calibration,R2_scarp9_topo,disk,5.8,3.0,0.09228250267904949,19.50595161351629,365.35483170074866,373.0,7.64516829925134,0.11610685484235887,168,373,114523,844
34,26,calibration,R2_scarp9_topo,blur185,5.8,3.0,0.057199239781315483,10.751514638050622,257.07868932583324,261.0,3.9213106741667376,0.06399711094077751,168,261,114523,844
34,26,calibration,R7_scarp9_polarity,disk,1.5,2.0,0.14094394860432283,43.33323323998513,821.9173429318225,844.0,22.082657068177458,0.2579359121427686,168,844,114523,844
34,26,calibration,R7_scarp9_polarity,blur185,1.5,2.0,0.05561389355090883,12.356608539886356,426.5715922140396,432.0,5.4284077859603785,0.07355124130884735,168,432,114523,844
34,26,calibration,R7_scarp9_polarity,disk,1.5,3.0,0.13698534924217523,42.097896696693894,822.4860128084472,844.0,21.513987191552882,0.25058271843270175,168,844,114523,844
34,26,calibration,R7_scarp9_polarity,blur185,1.5,3.0,0.08287112879570985,18.939472640098213,451.7668543599152,460.0,8.233145640084743,0.11273495619106079,168,460,114523,844
34,26,calibration,R7_scarp9_polarity,disk,2.8,2.0,0.1373796136908777,42.29096793936303,824.9100387879945,844.0,19.0899612120055,0.251731952020018,168,844,114523,844
34,26,calibration,R7_scarp9_polarity,blur185,2.8,2.0,0.05880859579666861,12.101964532386285,344.8262362215397,350.0,5.173763778460309,0.07203550316896598,168,350,114523,844
34,26,calibration,R7_scarp9_polarity,disk,2.8,3.0,0.1419516769452852,43.75506831632601,825.4408251704099,844.0,18.559174829590035,0.26044683521622625,168,844,114523,844
34,26,calibration,R7_scarp9_polarity,blur185,2.8,3.0,0.07209622650157618,14.820708916849345,341.02149836741535,347.0,5.978501632584673,0.08821850545743658,168,347,114523,844
34,26,calibration,R7_scarp9_polarity,disk,3.6,2.0,0.09650520580648798,29.59591282552179,831.7883527273307,844.0,12.211647272669417,0.17616614777096304,168,844,114523,844
34,26,calibration,R7_scarp9_polarity,blur185,3.6,2.0,0.056609196106990604,11.26153408725931,311.4120226591666,316.0,4.587977340833404,0.06703294099559114,168,316,114523,844
34,26,calibration,R7_scarp9_polarity,disk,3.6,3.0,0.100551592422463,30.864751056609144,831.9071164505795,844.0,12.092883549420549,0.18371875628934015,168,844,114523,844
34,26,calibration,R7_scarp9_polarity,blur185,3.6,3.0,0.06520214098164065,12.923087513304433,306.07868932583324,311.0,4.921310674166737,0.07692313996014544,168,311,114523,844
34,26,calibration,R7_scarp9_polarity,disk,4.6,2.0,0.07847020379261718,17.825090723262342,445.96211650579085,454.0,8.03788349420911,0.10610173049560918,168,454,114523,844
34,26,calibration,R7_scarp9_polarity,blur185,4.6,2.0,0.04758076750788103,8.778126246087494,241.66666666666669,245.0,3.3333333333333335,0.05225075146480651,168,245,114523,844
34,26,calibration,R7_scarp9_polarity,disk,4.6,3.0,0.08375891563222794,18.93435939947667,439.35483170074866,447.0,7.64516829925134,0.11270452023498018,168,447,114523,844
34,26,calibration,R7_scarp9_polarity,blur185,4.6,3.0,0.05230956534077096,9.794511372881276,254.4120226591666,258.0,3.5879773408334037,0.05830066293381712,168,258,114523,844
34,26,calibration,R7_scarp9_polarity,disk,5.8,2.0,0.04726271624031965,9.39960527471701,313.0,317.0,4.0,0.05595003139712505,168,317,114523,844
34,26,calibration,R7_scarp9_polarity,blur185,5.8,2.0,0.04149309163902547,7.249530766878526,194.33333333333334,197.0,2.666666666666667,0.04315196885046742,168,197,114523,844
34,26,calibration,R7_scarp9_polarity,disk,5.8,3.0,0.0797836890597793,16.229809238600893,328.8834271799576,335.0,6.1165728200423715,0.09660600737262437,168,335,114523,844
34,26,calibration,R7_scarp9_polarity,blur185,5.8,3.0,0.05410097588035339,9.794511372881276,223.4120226591666,227.0,3.5879773408334037,0.05830066293381712,168,227,114523,844
34,26,calibration,H50a_corridor,disk,1.5,2.0,0.07074553368071289,21.60613930676488,833.4258995126141,844.0,10.574100487385866,0.12860797206407668,168,844,114523,844
34,26,calibration,H50a_corridor,blur185,1.5,2.0,0.06596751197758816,14.398873840508461,404.9621165057909,411.0,6.037883494209109,0.08570758238397894,168,411,114523,844
34,26,calibration,H50a_corridor,disk,1.5,3.0,0.08790839156104854,26.90085771168056,831.1497571376988,844.0,12.850242862301261,0.16012415304571762,168,844,114523,844
34,26,calibration,H50a_corridor,blur185,1.5,3.0,0.09590024810689307,21.56971528155372,431.02149836741535,440.0,8.978501632584674,0.1283911623902007,168,440,114523,844
34,26,calibration,H50a_corridor,disk,2.8,2.0,0.0772134474055536,23.62471533676516,834.2069480961167,844.0,9.793051903883324,0.1406233055759831,168,844,114523,844
34,26,calibration,H50a_corridor,blur185,2.8,2.0,0.050721830397494665,10.185035664632546,321.8240453183332,326.0,4.175954681666807,0.06062521228947944,168,326,114523,844
34,26,calibration,H50a_corridor,disk,2.8,3.0,0.11077468624484642,34.04727844789545,830.7333526721192,844.0,13.266647327880854,0.2026623717136634,168,844,114523,844
34,26,calibration,H50a_corridor,blur185,2.8,3.0,0.06317477908302663,12.80870559646856,328.94280904158205,334.0,5.057190958417937,0.07624229521707476,168,334,114523,844
34,26,calibration,H50a_corridor,disk,3.6,2.0,0.06649307316396863,19.174809183389456,750.6903559372886,758.0,7.3096440627115085,0.11413576894874676,168,758,114523,844
34,26,calibration,H50a_corridor,blur185,3.6,2.0,0.052881306447476024,10.185035664632546,280.8240453183332,285.0,4.175954681666807,0.06062521228947944,168,285,114523,844
34,26,calibration,H50a_corridor,disk,3.6,3.0,0.07847447819253454,22.445838317683307,735.6903559372885,744.0,8.309644062711508,0.13360618046240064,168,744,114523,844
34,26,calibration,H50a_corridor,blur185,3.6,3.0,0.05665951826808161,10.968275151341585,284.94280904158205,289.0,4.057190958417937,0.06528735209131896,168,289,114523,844
34,26,calibration,H50a_corridor,disk,4.6,2.0,0.0432475307470523,9.029847916172518,362.94280904158205,367.0,4.057190958417937,0.05374909473912213,168,367,114523,844
34,26,calibration,H50a_corridor,blur185,4.6,2.0,0.05479316269842928,9.873200698714538,219.07868932583324,223.0,3.921310674166737,0.05876905177806272,168,223,114523,844
34,26,calibration,H50a_corridor,disk,4.6,3.0,0.04612115073660926,9.65351784800853,364.8856180831641,369.0,4.114381916835873,0.057461415761955535,168,369,114523,844
34,26,calibration,H50a_corridor,blur185,4.6,3.0,0.060204971383455756,10.968275151341585,227.94280904158205,232.0,4.057190958417937,0.06528735209131896,168,232,114523,844
34,26,calibration,H50a_corridor,disk,5.8,2.0,0.03453439906245591,6.325297755296742,237.47140452079103,240.0,2.528595479208968,0.03765058187676632,168,240,114523,844
34,26,calibration,H50a_corridor,blur185,5.8,2.0,0.04919646264636976,8.34460521950557,167.74535599249992,171.0,3.2546440075000707,0.049670269163723635,168,171,114523,844
34,26,calibration,H50a_corridor,disk,5.8,3.0,0.037106156170407335,6.948967687132756,257.4142135623731,260.0,2.5857864376269046,0.041362902899599735,168,260,114523,844
34,26,calibration,H50a_corridor,blur185,5.8,3.0,0.06261066533624152,10.968275151341585,192.94280904158205,197.0,4.057190958417937,0.06528735209131896,168,197,114523,844
34,26,calibration,H50b_kth_ridge,disk,1.5,2.0,0.16319478631771278,50.293158842569525,818.600394725283,844.0,25.39960527471701,0.2993640407295805,168,844,114523,844
34,26,calibration,H50b_kth_ridge,blur185,1.5,2.0,0.06457574062649041,14.628369108388755,446.02368927062184,452.0,5.9763107293781745,0.08707362564517115,168,452,114523,844
34,26,calibration,H50b_kth_ridge,disk,1.5,3.0,0.17734574129928365,54.7215666285299,816.0717992460741,844.0,27.928200753925978,0.32572361088410656,168,844,114523,844
34,26,calibration,H50b_kth_ridge,blur185,1.5,3.0,0.09423666756606247,21.99666359851615,473.1001876932486,482.0,8.89981230675141,0.130932521419739,168,482,114523,844
34,26,calibration,H50b_kth_ridge,disk,2.8,2.0,0.12159492011171652,37.39334653581811,828.2262555603254,844.0,15.773744439674497,0.222579443665584,168,844,114523,844
34,26,calibration,H50b_kth_ridge,blur185,2.8,2.0,0.06922036914795672,14.628369108388755,370.02368927062184,376.0,5.976310729378175,0.08707362564517115,168,376,114523,844
34,26,calibration,H50b_kth_ridge,disk,2.8,3.0,0.12484252241942358,38.426116789405675,828.5573979904523,844.0,15.442602009547661,0.22872688565122426,168,844,114523,844
34,26,calibration,H50b_kth_ridge,blur185,2.8,3.0,0.0818278745551038,17.465877216100683,377.7668543599152,384.0,6.233145640084745,0.10396355485774215,168,384,114523,844
34,26,calibration,H50b_kth_ridge,disk,3.6,2.0,0.06953776065815538,21.038928899138256,819.7311617689127,829.0,9.268838231087352,0.12523171963772772,168,829,114523,844
34,26,calibration,H50b_kth_ridge,blur185,3.6,2.0,0.0716618802083313,14.628369108388755,334.02368927062184,340.0,5.976310729378175,0.08707362564517115,168,340,114523,844
34,26,calibration,H50b_kth_ridge,disk,3.6,3.0,0.07138680965871062,21.30995803343211,799.2597572481216,808.0,8.740242751878384,0.12684498829423876,168,808,114523,844
34,26,calibration,H50b_kth_ridge,blur185,3.6,3.0,0.07992569255609841,16.311420901849203,332.1001876932486,338.0,5.899812306751411,0.09709179108243574,168,338,114523,844
34,26,calibration,H50b_kth_ridge,disk,4.6,2.0,0.06723801327571895,15.905970952302102,494.90492554737295,502.0,7.0950744526270455,0.09467839852560775,168,502,114523,844
34,26,calibration,H50b_kth_ridge,blur185,4.6,2.0,0.06716164869494058,12.923818947512979,277.2189514164975,282.0,4.781048583502541,0.0769274937351963,168,282,114523,844
34,26,calibration,H50b_kth_ridge,disk,4.6,3.0,0.07512095665418755,17.705595565804924,488.7668543599152,496.0,7.233145640084743,0.10539044979645788,168,496,114523,844
34,26,calibration,H50b_kth_ridge,blur185,4.6,3.0,0.08256162695109767,16.056776894349134,284.3548317007486,290.0,5.64516829925134,0.09557605294255438,168,290,114523,844
34,26,calibration,H50b_kth_ridge,disk,5.8,2.0,0.05707896169910643,11.830203963883886,352.471404520791,357.0,4.528595479208969,0.07041788073740408,168,357,114523,844
34,26,calibration,H50b_kth_ridge,blur185,5.8,2.0,0.0627602844449346,11.338032509886073,219.94280904158205,224.0,4.057190958417936,0.06748828874932186,168,224,114523,844
34,26,calibration,H50b_kth_ridge,disk,5.8,3.0,0.07134545522025477,15.001045404929148,364.2954498391242,370.0,5.704550160875776,0.08929193693410206,168,370,114523,844
34,26,calibration,H50b_kth_ridge,blur185,5.8,3.0,0.07497000470193241,13.883013115888824,240.02149836741535,245.0,4.978501632584674,0.08263698283267157,168,245,114523,844
34,26,calibration,H50c_both,disk,1.5,2.0,0.07992959228968204,24.434566431511072,832.0710678118655,844.0,11.928932188134524,0.1454438478066135,168,844,114523,844
34,26,calibration,H50c_both,blur185,1.5,2.0,0.06624867313016355,14.727825367428798,424.8284271247462,431.0,6.171572875253809,0.08766562718707618,168,431,114523,844
34,26,calibration,H50c_both,disk,1.5,3.0,0.09213929805659195,28.198498454011283,830.011685950241,844.0,13.988314049758959,0.16784820508340048,168,844,114523,844
34,26,calibration,H50c_both,blur185,1.5,3.0,0.09019224945300901,20.58683184255605,448.688165034082,457.0,8.311834965918008,0.12254066572950031,168,457,114523,844
34,26,calibration,H50c_both,disk,2.8,2.0,0.09562292629598576,29.303385323812613,830.9329966244078,844.0,13.067003375592222,0.17442491264174173,168,844,114523,844
34,26,calibration,H50c_both,blur185,2.8,2.0,0.05597831111830845,11.575559956383815,350.35702260395516,355.0,4.6429773960448415,0.06890214259752271,168,355,114523,844
34,26,calibration,H50c_both,disk,2.8,3.0,0.112180000609144,34.45272839744255,829.1475662344923,844.0,14.85243376550776,0.20507576427049137,168,844,114523,844
34,26,calibration,H50c_both,blur185,2.8,3.0,0.06893285981430747,14.337301075677527,353.60947570824874,359.0,5.39052429175127,0.08534107783141384,168,359,114523,844
34,26,calibration,H50c_both,disk,3.6,2.0,0.05049723298140558,14.672825312217359,766.1617604580795,773.0,6.838239541920476,0.08733824590605571,168,773,114523,844
34,26,calibration,H50c_both,blur185,3.6,2.0,0.05811417438831733,11.575559956383815,312.35702260395516,317.0,4.6429773960448415,0.06890214259752271,168,317,114523,844
34,26,calibration,H50c_both,disk,3.6,3.0,0.05699237803500568,16.393760599886917,749.847734588955,757.0,7.152265411044981,0.09758190833266023,168,757,114523,844
34,26,calibration,H50c_both,blur185,3.6,3.0,0.07183399660792601,14.337301075677527,311.60947570824874,317.0,5.39052429175127,0.08534107783141384,168,317,114523,844
34,26,calibration,H50c_both,disk,4.6,2.0,0.05060530537728628,11.24441752625698,427.7475468957064,433.0,5.252453104293572,0.0669310567039106,168,433,114523,844
34,26,calibration,H50c_both,blur185,4.6,2.0,0.06173205445539708,11.51836899796588,249.4142135623731,254.0,4.585786437626905,0.06856172022598737,168,254,114523,844
34,26,calibration,H50c_both,disk,4.6,3.0,0.05106964951032369,11.29868614725987,422.90492554737295,428.0,5.0950744526270455,0.06725408420988017,168,428,114523,844
34,26,calibration,H50c_both,blur185,4.6,3.0,0.06788455983938352,12.808705596468558,258.60947570824874,263.0,4.39052429175127,0.07624229521707475,168,263,114523,844
34,26,calibration,H50c_both,disk,5.8,2.0,0.04244103298543973,8.206534032047873,286.60947570824874,290.0,3.39052429175127,0.048848416857427815,168,290,114523,844
34,26,calibration,H50c_both,blur185,5.8,2.0,0.045272353712178186,7.951890024547802,198.27614237491537,201.0,2.7238576250846034,0.04733267871754644,168,201,114523,844
34,26,calibration,H50c_both,disk,5.8,3.0,0.043936058069317545,8.594135986384096,297.43352102658196,301.0,3.566478973418077,0.05115557134752438,168,301,114523,844
34,26,calibration,H50c_both,blur185,5.8,3.0,0.05908884780292508,10.634941818008251,217.27614237491537,221.0,3.7238576250846034,0.06330322510719197,168,221,114523,844
34,26,calibration,RANDOM_fixed_seed,disk,1.5,2.0,0.034870494075676065,10.617825257005922,839.8477345889551,844.0,4.152265411044982,0.06320134081551144,168,844,114523,844
34,26,calibration,RANDOM_fixed_seed,disk,1.5,3.0,0.034034205839619566,10.363181249505852,840.1023785964551,844.0,3.8976214035449117,0.06168560267563007,168,844,114523,844
34,26,calibration,RANDOM_fixed_seed,disk,2.8,2.0,0.03840267503182503,11.696514582839185,839.1810679222883,844.0,4.818932077711649,0.06962211061213801,168,844,114523,844
34,26,calibration,RANDOM_fixed_seed,disk,2.8,3.0,0.03756661305801496,11.441870575339113,839.4357119297885,844.0,4.564288070211578,0.06810637247225662,168,844,114523,844
34,26,calibration,RANDOM_fixed_seed,disk,3.6,2.0,0.04396669489729927,13.403255646921458,838.8477345889551,844.0,5.152265411044981,0.07978128361262773,168,844,114523,844
34,26,calibration,RANDOM_fixed_seed,disk,3.6,3.0,0.044794520097657754,13.657899654421529,838.8477345889551,844.0,5.152265411044981,0.08129702175250911,168,844,114523,844
34,26,calibration,RANDOM_fixed_seed,disk,4.6,2.0,0.045366829016841415,13.831663432881836,838.5930905814549,844.0,5.406909418545052,0.08233132995762997,168,844,114523,844
34,26,calibration,RANDOM_fixed_seed,disk,4.6,3.0,0.0475455040527176,14.498330099548504,838.1810679222883,844.0,5.818932077711649,0.08629958392588395,168,844,114523,844
34,26,calibration,RANDOM_fixed_seed,disk,5.8,2.0,0.051626823125343974,15.752974107048573,837.904925547373,844.0,6.0950744526270455,0.09376770301814627,168,844,114523,844
34,26,calibration,RANDOM_fixed_seed,disk,5.8,3.0,0.05380269282769947,16.41964077371524,837.4929028882063,844.0,6.507097111793643,0.09773595698640024,168,844,114523,844
35,27,calibration,R2_scarp9_topo,disk,1.5,2.0,0.12997681745656825,83.01148916296378,1346.307549853434,1390.0,43.69245014656593,0.18823466930377275,441,1390,188562,1390
35,27,calibration,R2_scarp9_topo,blur185,1.5,2.0,0.049620058867810055,27.81486424201925,1010.969420649619,1024.0,13.030579350381066,0.06307225451705045,441,1024,188562,1390
35,27,calibration,R2_scarp9_topo,disk,1.5,3.0,0.13219665829974203,84.43300686916493,1345.0292165753121,1390.0,44.97078342468783,0.19145806546295902,441,1390,188562,1390
35,27,calibration,R2_scarp9_topo,blur185,1.5,3.0,0.053045291268765074,30.424339950267978,1073.345750717783,1088.0,14.654249282217078,0.06898943299380494,441,1088,188562,1390
35,27,calibration,R2_scarp9_topo,disk,2.8,2.0,0.08348481269541354,53.153942156834475,1366.295863903193,1390.0,23.70413609680697,0.12053048108125732,441,1390,188562,1390
35,27,calibration,R2_scarp9_topo,blur185,2.8,2.0,0.04456020991318883,22.922356079095884,785.1431844280793,795.0,9.856815571920757,0.05197813169863012,441,795,188562,1390
35,27,calibration,R2_scarp9_topo,disk,2.8,3.0,0.09616534986530687,61.313511711707505,1362.6076988691111,1390.0,27.392301130888967,0.13903290637575397,441,1390,188562,1390
35,27,calibration,R2_scarp9_topo,blur185,2.8,3.0,0.048643176264311604,24.938741205889663,774.4980161288279,785.0,10.501983871172097,0.05655043357344595,441,785,188562,1390
35,27,calibration,R2_scarp9_topo,disk,3.6,2.0,0.06109246873440645,38.80171542336112,1372.8528478295764,1390.0,17.14715217042344,0.08798574925932226,441,1390,188562,1390
35,27,calibration,R2_scarp9_topo,blur185,3.6,2.0,0.04608000555768161,22.58902274576255,664.4765177614125,674.0,9.523482238587423,0.05122227379991508,441,674,188562,1390
35,27,calibration,R2_scarp9_topo,disk,3.6,3.0,0.07068234979628436,44.93321390119932,1369.5982038220764,1390.0,20.401796177923508,0.10188937392562204,441,1390,188562,1390
35,27,calibration,R2_scarp9_topo,blur185,3.6,3.0,0.050078344921777866,24.60540787255633,668.0859934696613,678.0,9.914006530338694,0.05579457567473091,441,678,188562,1390
35,27,calibration,R2_scarp9_topo,disk,4.6,2.0,0.049367707942300304,26.776249313601596,921.1431844280792,932.0,10.856815571920757,0.06071711862494693,441,932,188562,1390
35,27,calibration,R2_scarp9_topo,blur185,4.6,2.0,0.048186534802462946,22.06042726655358,503.00511324062154,512.0,8.994886759378454,0.050023644595359594,441,512,188562,1390
35,27,calibration,R2_scarp9_topo,disk,4.6,3.0,0.0531122966063843,28.791174971397428,917.6145889488703,930.0,12.385411051129728,0.06528611104625268,441,930,188562,1390
35,27,calibration,R2_scarp9_topo,blur185,4.6,3.0,0.05252229694921466,24.293572906638325,524.3978284355794,534.0,9.602171564420686,0.05508746690847693,441,534,188562,1390
35,27,calibration,R2_scarp9_topo,disk,5.8,2.0,0.048854055883739776,23.370071329265095,604.4550193939972,614.0,9.544980606002751,0.052993359023276856,441,614,188562,1390
35,27,calibration,R2_scarp9_topo,blur185,5.8,2.0,0.044650063241503786,19.358068008884306,384.3956375323728,392.0,7.604362467627185,0.04389584582513448,441,392,188562,1390
35,27,calibration,R2_scarp9_topo,disk,5.8,3.0,0.051108386879608086,24.815595676227797,638.9264239147883,649.0,10.073576085211718,0.05627119200958684,441,649,188562,1390
35,27,calibration,R2_scarp9_topo,blur185,5.8,3.0,0.04999880364424327,22.23638194822039,437.45501939399725,446.0,8.544980606002751,0.05042263480322084,441,446,188562,1390
35,27,calibration,R7_scarp9_polarity,disk,1.5,2.0,0.1307011521860455,83.52589041858548,1347.7745725678121,1390.0,42.2254274321879,0.18940111206028454,441,1390,188562,1390
35,27,calibration,R7_scarp9_polarity,blur185,1.5,2.0,0.05759246162818801,30.635987222937402,865.0859934696613,879.0,13.914006530338693,0.06946935878217098,441,879,188562,1390
35,27,calibration,R7_scarp9_polarity,disk,1.5,3.0,0.13677888508692107,87.45669613978673,1345.5534302481083,1390.0,44.44656975189186,0.19831450371833725,441,1390,188562,1390
35,27,calibration,R7_scarp9_polarity,blur185,1.5,3.0,0.07095059405527517,38.795556777810425,931.1883720661164,950.0,18.811627933883607,0.08797178407666763,441,950,188562,1390
35,27,calibration,R7_scarp9_polarity,disk,2.8,2.0,0.08932290054306187,56.92956012957572,1365.7985792085738,1390.0,24.20142079142633,0.12909197308293813,441,1390,188562,1390
35,27,calibration,R7_scarp9_polarity,blur185,2.8,2.0,0.040809516146064165,20.00104540492915,666.535899623037,675.0,8.464100376962989,0.045353844455621656,441,675,188562,1390
35,27,calibration,R7_scarp9_polarity,disk,2.8,3.0,0.10061629589806267,64.20789340769761,1362.5224368336585,1390.0,27.477563166341724,0.14559613017618506,441,1390,188562,1390
35,27,calibration,R7_scarp9_polarity,blur185,2.8,3.0,0.05480521066160307,26.800670018431966,654.2834465187434,665.0,10.71655348125656,0.0607724943728616,441,665,188562,1390
35,27,calibration,R7_scarp9_polarity,disk,3.6,2.0,0.0525706463289309,33.354000173191906,1374.9486537164123,1390.0,15.051346283587847,0.0756326534539499,441,1390,188562,1390
35,27,calibration,R7_scarp9_polarity,blur185,3.6,2.0,0.0425326086006149,19.943854446511214,560.593090581455,569.0,8.406909418545052,0.04522415974265581,441,569,188562,1390
35,27,calibration,R7_scarp9_polarity,disk,3.6,3.0,0.06766228950921126,42.99478666603025,1370.1654142297032,1390.0,19.834585770296883,0.09749384731526134,441,1390,188562,1390
35,27,calibration,R7_scarp9_polarity,blur185,3.6,3.0,0.0522518577769053,24.491025955720463,555.0644951022459,565.0,9.93550489775402,0.055535206248799235,441,565,188562,1390
35,27,calibration,R7_scarp9_polarity,disk,4.6,2.0,0.048241474042628886,25.047278447895447,806.9843463074147,818.0,11.015653692585236,0.0567965497684704,441,818,188562,1390
35,27,calibration,R7_scarp9_polarity,blur185,4.6,2.0,0.04507010491130822,19.943854446511214,428.593090581455,437.0,8.406909418545052,0.04522415974265581,441,437,188562,1390
35,27,calibration,R7_scarp9_polarity,disk,4.6,3.0,0.05064818395093411,26.338346480606674,809.7890841615392,822.0,12.21091583846087,0.05972414167938021,441,822,188562,1390
35,27,calibration,R7_scarp9_polarity,blur185,4.6,3.0,0.050568480992340084,22.64840460738699,452.7311617689126,462.0,9.268838231087354,0.05135692654736279,441,462,188562,1390
35,27,calibration,R7_scarp9_polarity,disk,5.8,2.0,0.04102535139555418,19.01743053172293,534.748278329915,543.0,8.251721670085024,0.043123425242002106,441,543,188562,1390
35,27,calibration,R7_scarp9_polarity,blur185,5.8,2.0,0.03325589159330037,13.986851181341862,324.9264239147883,331.0,6.073576085211719,0.03171621583070717,441,331,188562,1390
35,27,calibration,R7_scarp9_polarity,disk,5.8,3.0,0.04411399800442482,20.739097253601035,565.8863495173728,575.0,9.113650482627325,0.0470274314140613,441,575,188562,1390
35,27,calibration,R7_scarp9_polarity,blur185,5.8,3.0,0.047612523488896455,20.648404607386986,383.7311617689126,392.0,8.268838231087352,0.04682177915507253,441,392,188562,1390
35,27,calibration,H50a_corridor,disk,1.5,2.0,0.10064765289582771,64.12190333745545,1357.342511010228,1390.0,32.65748898977187,0.14540114135477425,441,1390,188562,1390
35,27,calibration,H50a_corridor,blur185,1.5,2.0,0.04737244379750875,25.045818978897493,854.4550193939973,866.0,11.544980606002753,0.0567932403149603,441,866,188562,1390
35,27,calibration,H50a_corridor,disk,1.5,3.0,0.10675054733363791,68.05489996186324,1355.5118929822754,1390.0,34.48810701772456,0.15431950104730893,441,1390,188562,1390
35,27,calibration,H50a_corridor,blur185,1.5,3.0,0.06277390852357528,33.9099386946463,903.0481099754522,920.0,16.9518900245478,0.0768932850218737,441,920,188562,1390
35,27,calibration,H50a_corridor,disk,2.8,2.0,0.05422920227156125,34.41703580643994,1374.8765371001984,1390.0,15.123462899801611,0.07804316509396812,441,1390,188562,1390
35,27,calibration,H50a_corridor,blur185,2.8,2.0,0.03654053843458662,17.72490303001375,643.6502815398729,651.0,7.349718460127116,0.040192523877582195,441,651,188562,1390
35,27,calibration,H50a_corridor,disk,2.8,3.0,0.05821384212873391,36.95512633268345,1373.1289902044919,1390.0,16.871009795508037,0.08379847240971304,441,1390,188562,1390
35,27,calibration,H50a_corridor,blur185,2.8,3.0,0.04729142914532366,22.9981230675141,644.5337087198305,654.0,9.466291280169486,0.0521499389286034,441,654,188562,1390
35,27,calibration,H50a_corridor,disk,3.6,2.0,0.03168513808380781,20.05312312272554,1380.383634211992,1390.0,9.61636578800797,0.04547193451865202,441,1390,188562,1390
35,27,calibration,H50a_corridor,blur185,3.6,2.0,0.036121631340867405,16.882281681680276,555.9836148732062,563.0,7.016385126793782,0.038281817872290874,441,563,188562,1390
35,27,calibration,H50a_corridor,disk,3.6,3.0,0.04610683100133945,29.224695997979353,1376.0124173844497,1390.0,13.987582615550409,0.06626915192285568,441,1390,188562,1390
35,27,calibration,H50a_corridor,blur185,3.6,3.0,0.04858613489278193,22.74347906001403,553.7883527273306,563.0,9.211647272669417,0.051572514875315265,441,563,188562,1390
35,27,calibration,H50a_corridor,disk,4.6,2.0,0.01911823784747135,9.574828522175267,730.5337087198305,735.0,4.466291280169488,0.021711629301984732,441,735,188562,1390
35,27,calibration,H50a_corridor,blur185,4.6,2.0,0.03337611111523217,14.649136041595533,415.904925547373,422.0,6.095074452627044,0.03321799555917354,441,422,188562,1390
35,27,calibration,H50a_corridor,disk,4.6,3.0,0.022380595421013012,11.237113382428937,735.2218737539125,741.0,5.778126246087494,0.02548098272659623,441,741,188562,1390
35,27,calibration,H50a_corridor,blur185,4.6,3.0,0.04345029022211664,19.23419104501389,430.12168606066393,438.0,7.878313939336084,0.04361494568030361,441,438,188562,1390
35,27,calibration,H50a_corridor,disk,5.8,2.0,0.018000441374399448,8.087038874590455,474.2575663449151,478.0,3.742433655084884,0.018337956631724387,441,478,188562,1390
35,27,calibration,H50a_corridor,blur185,5.8,2.0,0.02553767276249585,10.63494181800825,307.5715922140396,312.0,4.4284077859603785,0.024115514326549316,441,312,188562,1390
35,27,calibration,H50a_corridor,disk,5.8,3.0,0.022349299112541056,10.179922424011,503.2790647123304,508.0,4.7209352876695565,0.02308372431748526,441,508,188562,1390
35,27,calibration,H50a_corridor,blur185,5.8,3.0,0.03791215046187279,16.19849845401128,356.12168606066393,363.0,6.878313939336083,0.036731289011363445,441,363,188562,1390
35,27,calibration,H50b_kth_ridge,disk,1.5,2.0,0.12255401983489535,78.2741653490813,1351.181481986357,1390.0,38.81851801364285,0.17749243843329093,441,1390,188562,1390
35,27,calibration,H50b_kth_ridge,blur185,1.5,2.0,0.044950638367300004,23.967129653064234,877.9716115528254,890.0,12.028388447174567,0.054347232773388286,441,890,188562,1390
35,27,calibration,H50b_kth_ridge,disk,1.5,3.0,0.12197138650865952,77.90733032795185,1351.7650775207776,1390.0,38.23492247922244,0.17666061298855296,441,1390,188562,1390
35,27,calibration,H50b_kth_ridge,blur185,1.5,3.0,0.06547458116091885,35.76967660398209,931.8000386775716,950.0,18.19996132242838,0.08111037778680746,441,950,188562,1390
35,27,calibration,H50b_kth_ridge,disk,2.8,2.0,0.08957037080817584,57.0862073470337,1365.5818186952827,1390.0,24.418181304717287,0.12944718219282017,441,1390,188562,1390
35,27,calibration,H50b_kth_ridge,blur185,2.8,2.0,0.04367218281944934,21.814864242019254,711.7548510395345,722.0,10.245148960465528,0.04946681234017972,441,722,188562,1390
35,27,calibration,H50b_kth_ridge,disk,2.8,3.0,0.10145615534949026,64.73137564628504,1361.3843656462006,1390.0,28.615634353799425,0.14678316473080508,441,1390,188562,1390
35,27,calibration,H50b_kth_ridge,blur185,2.8,3.0,0.05502062158808658,27.321961353812892,691.5617797968653,704.0,12.438220203134664,0.061954560892999756,441,704,188562,1390
35,27,calibration,H50b_kth_ridge,disk,3.6,2.0,0.059835927870331006,37.992595762823754,1372.7384659127408,1390.0,17.26153408725931,0.08615101080005387,441,1390,188562,1390
35,27,calibration,H50b_kth_ridge,blur185,3.6,2.0,0.040342573294474625,19.386456456058873,619.3428283803678,628.0,8.657171619632125,0.04396021872122193,441,628,188562,1390
35,27,calibration,H50b_kth_ridge,disk,3.6,3.0,0.07276127258043437,46.2636248971176,1368.874346196992,1390.0,21.125653803008113,0.10490617890502857,441,1390,188562,1390
35,27,calibration,H50b_kth_ridge,blur185,3.6,3.0,0.053899063913575185,25.893553567852514,612.1475662344923,624.0,11.85243376550776,0.05871554097018711,441,624,188562,1390
35,27,calibration,H50b_kth_ridge,disk,4.6,2.0,0.034299047373727,18.07169915272582,852.3599449413703,861.0,8.640055058629795,0.040978909643369206,441,861,188562,1390
35,27,calibration,H50b_kth_ridge,blur185,4.6,2.0,0.037651920233404745,17.210501774392064,504.2641390545346,512.0,7.735860945465388,0.03902608112107044,441,512,188562,1390
35,27,calibration,H50b_kth_ridge,disk,4.6,3.0,0.04494012501771206,23.6359872229374,842.0838025664548,853.0,10.916197433545191,0.0535963429091551,441,853,188562,1390
35,27,calibration,H50b_kth_ridge,blur185,4.6,3.0,0.03700753663886754,16.97735613430732,512.7927345337436,520.0,7.20726546625642,0.03849740620024336,441,520,188562,1390
35,27,calibration,H50b_kth_ridge,disk,5.8,2.0,0.03542629226199258,16.917242838474337,606.7504692331214,615.0,8.249530766878525,0.038361094871823896,441,615,188562,1390
35,27,calibration,H50b_kth_ridge,blur185,5.8,2.0,0.03244846441705661,14.018161965931476,382.0473785412437,388.0,5.95262145875635,0.031787215342248244,441,388,188562,1390
35,27,calibration,H50b_kth_ridge,disk,5.8,3.0,0.039830131858075324,19.30995803343211,640.7289708657061,650.0,9.271029134293853,0.043786752910276894,441,650,188562,1390
35,27,calibration,H50b_kth_ridge,blur185,5.8,3.0,0.03538923507443032,15.60613930676488,425.32133001295256,432.0,6.678669987047451,0.03538807099039656,441,432,188562,1390
35,27,calibration,H50c_both,disk,1.5,2.0,0.08945908225526249,56.97840153923647,1363.6284658023178,1390.0,26.371534197682184,0.1292027245787675,441,1390,188562,1390
35,27,calibration,H50c_both,blur185,1.5,2.0,0.048469167789430494,25.676061620353007,859.0244207048304,872.0,12.975579295169627,0.05822236195091385,441,872,188562,1390
35,27,calibration,H50c_both,disk,1.5,3.0,0.08910894339196546,56.74525589915173,1363.292941565778,1390.0,26.707058434222017,0.12867404965794044,441,1390,188562,1390
35,27,calibration,H50c_both,blur185,1.5,3.0,0.06103982024049387,33.0902751827261,913.4579417314123,931.0,17.542058268587702,0.07503463760255352,441,931,188562,1390
35,27,calibration,H50c_both,disk,2.8,2.0,0.07561384947174632,48.129935516072905,1370.4838219052406,1390.0,19.516178094759383,0.10913817577340795,441,1390,188562,1390
35,27,calibration,H50c_both,blur185,2.8,2.0,0.04749726889044563,23.523796209308024,688.8076601915394,700.0,11.19233980846059,0.05334194151770527,441,700,188562,1390
35,27,calibration,H50c_both,disk,2.8,3.0,0.08302518841546551,52.89459897278166,1368.5603203278672,1390.0,21.439679672132616,0.11994240129882462,441,1390,188562,1390
35,27,calibration,H50c_both,blur185,2.8,3.0,0.05800181907104731,28.52598711251452,666.5337087198305,680.0,13.466291280169486,0.06468477803291274,441,680,188562,1390
35,27,calibration,H50c_both,disk,3.6,2.0,0.05483125352300802,34.80463776077616,1374.9909190170342,1390.0,15.00908098296574,0.07892208109019537,441,1390,188562,1390
35,27,calibration,H50c_both,blur185,3.6,2.0,0.04300891580043023,20.586100408347505,608.6502815398729,618.0,9.349718460127114,0.04668049979217121,441,618,188562,1390
35,27,calibration,H50c_both,disk,3.6,3.0,0.06971923206200743,44.33031090257008,1370.8721552937855,1390.0,19.12784470621461,0.10052224694460336,441,1390,188562,1390
35,27,calibration,H50c_both,blur185,3.6,3.0,0.056057962494579484,26.74274762580548,594.5337087198304,607.0,12.466291280169486,0.060641151078924,441,607,188562,1390
35,27,calibration,H50c_both,disk,4.6,2.0,0.04461162325097681,23.32415225701939,826.8098510947459,836.0,9.190148905254091,0.05288923414290111,441,836,188562,1390
35,27,calibration,H50c_both,blur185,4.6,2.0,0.043126958802163336,19.488835052513963,475.9836148732062,485.0,9.016385126793782,0.04419236973359175,441,485,188562,1390
35,27,calibration,H50c_both,disk,4.6,3.0,0.05182574522115205,27.085893376313102,822.0838025664548,833.0,10.916197433545193,0.061419259356719054,441,833,188562,1390
35,27,calibration,H50c_both,blur185,4.6,3.0,0.04625820379079266,21.098310760762693,495.3956375323728,505.0,9.604362467627187,0.04784197451420112,441,505,188562,1390
35,27,calibration,H50c_both,disk,5.8,2.0,0.028822292503123924,13.608330209971381,583.1216860606639,589.0,5.878313939336085,0.030857891632588164,441,589,188562,1390
35,27,calibration,H50c_both,blur185,5.8,2.0,0.04177888523276062,17.922356079095884,362.9836148732062,371.0,8.016385126793782,0.0406402632179045,441,371,188562,1390
35,27,calibration,H50c_both,disk,5.8,3.0,0.03339316618589379,15.981737940720318,612.9836148732062,620.0,7.016385126793782,0.036239768573061944,441,620,188562,1390
35,27,calibration,H50c_both,blur185,5.8,3.0,0.04369851558383064,19.177000086595953,411.0623041990395,420.0,8.937695800960519,0.04348526096733776,441,420,188562,1390
35,27,calibration,RANDOM_fixed_seed,disk,1.5,2.0,0.04223775981072847,26.774058410395096,1378.671779907288,1390.0,11.328220092711788,0.06071215059046507,441,1390,188562,1390
35,27,calibration,RANDOM_fixed_seed,disk,1.5,3.0,0.03992321263732142,25.302653889604066,1379.6123980456637,1390.0,10.387601954336224,0.05737563240273031,441,1390,188562,1390
35,27,calibration,RANDOM_fixed_seed,disk,2.8,2.0,0.040145218728061476,25.44291598026826,1379.417135899788,1390.0,10.582864100211859,0.05769368703008676,441,1390,188562,1390
35,27,calibration,RANDOM_fixed_seed,disk,2.8,3.0,0.03733845442708724,23.659676493559225,1380.6123980456637,1390.0,9.387601954336224,0.053650060076098016,441,1390,188562,1390
35,27,calibration,RANDOM_fixed_seed,disk,3.6,2.0,0.04438792763503496,28.147466141144037,1378.474326858206,1390.0,11.525673141793924,0.06382645383479374,441,1390,188562,1390
35,27,calibration,RANDOM_fixed_seed,disk,3.6,3.0,0.04678288970991918,29.676061620353003,1378.002922337415,1390.0,11.997077662584955,0.06729265673549434,441,1390,188562,1390
35,27,calibration,RANDOM_fixed_seed,disk,4.6,2.0,0.04800872921267816,30.459301107062043,1377.8076601915395,1390.0,12.192339808460588,0.06906870999333796,441,1390,188562,1390
35,27,calibration,RANDOM_fixed_seed,disk,4.6,3.0,0.046745245536490676,29.654563252937674,1378.2790647123304,1390.0,11.720935287669558,0.06724390760303327,441,1390,188562,1390
35,27,calibration,RANDOM_fixed_seed,disk,5.8,2.0,0.04776518119955535,30.299731552189016,1377.4386342672033,1390.0,12.561365732796533,0.0687068742680023,441,1390,188562,1390
35,27,calibration,RANDOM_fixed_seed,disk,5.8,3.0,0.0492980702691301,31.280424087980187,1377.3005630797456,1390.0,12.69943692025423,0.07093066686616822,441,1390,188562,1390
36,28,selection,R2_scarp9_topo,disk,1.5,2.0,0.14208834094588926,82.40670923184865,669.4339350906507,706.0,36.56606490934928,0.15345755909096584,537,706,95784,706
36,28,selection,R2_scarp9_topo,blur185,1.5,2.0,0.05581703365138306,30.062935539899826,514.9264239147883,526.0,11.07357608521172,0.05598312018603319,537,526,95784,706
36,28,selection,R2_scarp9_topo,disk,1.5,3.0,0.15351326823214945,89.10979992372647,665.2386729447751,706.0,40.76132705522491,0.1659400371019115,537,706,95784,706
36,28,selection,R2_scarp9_topo,blur185,1.5,3.0,0.06736545361067744,36.8075600981912,547.1238769638703,561.0,13.876123036129586,0.06854294245473222,537,561,95784,706
36,28,selection,R2_scarp9_topo,disk,2.8,2.0,0.12222382226942775,70.81435008460224,678.0984108541109,706.0,27.9015891458891,0.13187029810912893,537,706,95784,706
36,28,selection,R2_scarp9_topo,blur185,2.8,2.0,0.045845065004929644,23.555838428106185,397.5144012556217,405.0,7.485598744378315,0.04386562090895006,537,405,95784,706
36,28,selection,R2_scarp9_topo,disk,2.8,3.0,0.12992696716434982,75.35933069060499,676.7056956591531,706.0,29.294304340846878,0.1403339491445158,537,706,95784,706
36,28,selection,R2_scarp9_topo,blur185,2.8,3.0,0.04955597591101931,25.396268873233158,388.9858057764127,397.0,8.014194223587285,0.04729286568572283,537,397,95784,706
36,28,selection,R2_scarp9_topo,disk,3.6,2.0,0.07923576612362314,45.68691944245644,689.2863688561584,706.0,16.713631143841514,0.0850780622764552,537,706,95784,706
36,28,selection,R2_scarp9_topo,blur185,3.6,2.0,0.041841051010135855,20.817786579434298,318.90492554737295,325.0,6.095074452627045,0.0387668278946635,537,325,95784,706
36,28,selection,R2_scarp9_topo,disk,3.6,3.0,0.08545191326165089,49.31058937429245,687.9723429870339,706.0,18.02765701296602,0.09182605097633603,537,706,95784,706
36,28,selection,R2_scarp9_topo,blur185,3.6,3.0,0.04597403937928998,22.932168496270172,323.1023785964551,330.0,6.897621403544911,0.04270422438784017,537,330,95784,706
36,28,selection,R2_scarp9_topo,disk,4.6,2.0,0.02672247184908888,14.189003406976738,492.6932782747035,499.0,6.306721725296462,0.026422725152656867,537,499,95784,706
36,28,selection,R2_scarp9_topo,blur185,4.6,2.0,0.025099441700155135,12.07973473076241,246.29544983912422,250.0,3.7045501608757756,0.02249485052283503,537,250,95784,706
36,28,selection,R2_scarp9_topo,disk,4.6,3.0,0.03602148795992619,19.16239179893987,492.6932782747035,500.0,7.306721725296462,0.03568415605016735,537,500,95784,706
36,28,selection,R2_scarp9_topo,blur185,4.6,3.0,0.029248565442900682,14.136925689180348,254.5500938466243,259.0,4.4499061533757045,0.02632574616234702,537,259,95784,706
36,28,selection,R2_scarp9_topo,disk,5.8,2.0,0.024921700162755706,12.370071329265091,321.41713589978815,327.0,5.582864100211858,0.02303551457963704,537,327,95784,706
36,28,selection,R2_scarp9_topo,blur185,5.8,2.0,0.023766201760453024,11.179922424011,192.8834271799576,196.0,3.116572820042372,0.020819222391081936,537,196,95784,706
36,28,selection,R2_scarp9_topo,disk,5.8,3.0,0.0278019966082167,13.91505193526784,340.6123980456638,346.0,5.3876019543362235,0.025912573436252962,537,346,95784,706
36,28,selection,R2_scarp9_topo,blur185,5.8,3.0,0.029678386734323367,14.136925689180348,219.5500938466243,224.0,4.449906153375705,0.02632574616234702,537,224,95784,706
36,28,selection,R7_scarp9_polarity,disk,1.5,2.0,0.16536490690987873,96.1334891943483,662.574197181315,706.0,43.42580281868508,0.17901953295036926,537,706,95784,706
36,28,selection,R7_scarp9_polarity,blur185,1.5,2.0,0.03678628602909001,19.16531413635491,437.78835272733056,445.0,7.211647272669417,0.03568959801928289,537,445,95784,706
36,28,selection,R7_scarp9_polarity,disk,1.5,3.0,0.17198445423934425,100.01472547109944,659.6528865071482,706.0,46.34711349285182,0.18624716102625594,537,706,95784,706
36,28,selection,R7_scarp9_polarity,blur185,1.5,3.0,0.04961116536037199,26.24327202797963,470.6524724430794,481.0,10.34752755692062,0.048870152752289814,537,481,95784,706
36,28,selection,R7_scarp9_polarity,disk,2.8,2.0,0.1259141003107165,73.04019158085895,679.357436668024,706.0,26.64256333197604,0.13601525434051945,537,706,95784,706
36,28,selection,R7_scarp9_polarity,blur185,2.8,2.0,0.0322883172655737,15.991550357894603,312.376330068164,318.0,5.623669931836013,0.02977942338527859,537,318,95784,706
36,28,selection,R7_scarp9_polarity,disk,2.8,3.0,0.12660289884587456,73.447100999404,679.2408638479816,706.0,26.75913615201841,0.13677299999889014,537,706,95784,706
36,28,selection,R7_scarp9_polarity,blur185,2.8,3.0,0.03529834222116102,17.462954878685636,308.159569554873,314.0,5.840430445126977,0.03251946904783173,537,314,95784,706
36,28,selection,R7_scarp9_polarity,disk,3.6,2.0,0.06549617662497462,37.71426248470186,693.4051325794073,706.0,12.594867420592644,0.07023140127505002,537,706,95784,706
36,28,selection,R7_scarp9_polarity,blur185,3.6,2.0,0.026881251322968144,13.034547092725258,263.43352102658196,268.0,4.566478973418077,0.024272899614013518,537,268,95784,706
36,28,selection,R7_scarp9_polarity,disk,3.6,3.0,0.06998765576496041,40.318624952329046,692.0911067102828,706.0,13.908893289717149,0.07508123827249356,537,706,95784,706
36,28,selection,R7_scarp9_polarity,blur185,3.6,3.0,0.02983876264690019,14.50595161351629,268.216760513291,273.0,4.783239486709038,0.027012945276566648,537,273,95784,706
36,28,selection,R7_scarp9_polarity,disk,4.6,2.0,0.027779250642876067,14.484453246100964,444.5788963578676,451.0,6.421103642132335,0.026972911072813712,537,451,95784,706
36,28,selection,R7_scarp9_polarity,blur185,4.6,2.0,0.027470437364111543,13.034547092725258,211.43352102658193,216.0,4.566478973418077,0.024272899614013518,537,216,95784,706
36,28,selection,R7_scarp9_polarity,disk,4.6,3.0,0.032546029220714076,16.94855362306395,438.83354036536775,446.0,7.166459634632265,0.03156155237069637,537,446,95784,706
36,28,selection,R7_scarp9_polarity,blur185,4.6,3.0,0.03041433609817716,14.50595161351629,222.21676051329095,227.0,4.783239486709038,0.027012945276566648,537,227,95784,706
36,28,selection,R7_scarp9_polarity,disk,5.8,2.0,0.021813682352420295,10.649136041595533,282.2812556155369,287.0,4.718744384463058,0.01983079337354848,537,287,95784,706
36,28,selection,R7_scarp9_polarity,blur185,5.8,2.0,0.021065619704599692,9.80651469326206,169.80473785412437,173.0,3.195262145875635,0.018261666095460073,537,173,95784,706
36,28,selection,R7_scarp9_polarity,disk,5.8,3.0,0.022889175056137242,11.272805973431547,303.20256628970367,308.0,4.797433710296322,0.020992189894658373,537,308,95784,706
36,28,selection,R7_scarp9_polarity,blur185,5.8,3.0,0.025864086975577735,12.177731520804501,194.0,198.0,4.0,0.022677339889766297,537,198,95784,706
36,28,selection,H50a_corridor,disk,1.5,2.0,0.2634702178954117,154.87039554474282,636.1789737130109,706.0,69.8210262869891,0.28839924682447454,537,706,95784,706
36,28,selection,H50a_corridor,blur185,1.5,2.0,0.04517133387261303,23.465877216100687,425.9643074089974,433.0,7.0356925910026105,0.043698095374489175,537,433,95784,706
36,28,selection,H50a_corridor,disk,1.5,3.0,0.2670036502945584,156.96839233478494,634.4744235521351,706.0,71.52557644786486,0.29230613097725316,537,706,95784,706
36,28,selection,H50a_corridor,blur185,1.5,3.0,0.049965955264318226,26.367880426058594,464.216760513291,473.0,8.78323948670904,0.049102198186328855,537,473,95784,706
36,28,selection,H50a_corridor,disk,2.8,2.0,0.10137750769290012,58.61470613231361,684.2980548063996,706.0,21.701945193600473,0.10915215294658027,537,706,95784,706
36,28,selection,H50a_corridor,blur185,2.8,2.0,0.044493208430049225,22.156233153389174,319.688165034082,326.0,6.311834965918007,0.04125927961524986,537,326,95784,706
36,28,selection,H50a_corridor,disk,2.8,3.0,0.1022425067103542,59.126916484728795,684.3767441322327,706.0,21.623255867767213,0.11010598972947634,537,706,95784,706
36,28,selection,H50a_corridor,blur185,2.8,3.0,0.047483041913776385,23.60613930676488,314.1380711874577,321.0,6.861928812542303,0.043959291074050055,537,321,95784,706
36,28,selection,H50a_corridor,disk,3.6,2.0,0.04735344184751627,27.190780246114436,695.855038732783,706.0,10.144961267216939,0.050634600085874185,537,706,95784,706
36,28,selection,H50a_corridor,blur185,3.6,2.0,0.039756527068066226,19.375184569886635,269.3548317007486,275.0,5.64516829925134,0.03608041819345742,537,275,95784,706
36,28,selection,H50a_corridor,disk,3.6,3.0,0.051501809430142445,29.58860868169375,694.9909190170342,706.0,11.00908098296574,0.055099829947288174,537,706,95784,706
36,28,selection,H50a_corridor,blur185,3.6,3.0,0.040903148346167435,19.96316191072004,272.3333333333333,278.0,5.666666666666667,0.03717534806465557,537,278,95784,706
36,28,selection,H50a_corridor,disk,4.6,2.0,0.024251613357817926,12.50595161351629,417.86923295637035,423.0,5.130767043629655,0.02328855049071935,537,423,95784,706
36,28,selection,H50a_corridor,blur185,4.6,2.0,0.028070766290634784,13.299417581468418,207.60947570824874,211.0,3.3905242917512703,0.024766140747613442,537,211,95784,706
36,28,selection,H50a_corridor,disk,4.6,3.0,0.026170762827623144,13.48956648672251,415.73116176891267,421.0,5.268838231087353,0.025120235543244895,537,421,95784,706
36,28,selection,H50a_corridor,blur185,4.6,3.0,0.02972921034777336,14.142038929801892,216.33333333333331,220.0,3.6666666666666674,0.026335268025701845,537,220,95784,706
36,28,selection,H50a_corridor,disk,5.8,2.0,0.01942726003959147,9.432375528304572,270.1810679222883,274.0,3.818932077711648,0.01756494511788561,537,274,95784,706
36,28,selection,H50a_corridor,blur185,5.8,2.0,0.020092505816229296,9.285223357881135,153.33333333333331,156.0,2.666666666666667,0.01729091872976003,537,156,95784,706
36,28,selection,H50a_corridor,disk,5.8,3.0,0.021270502091793375,10.41599040151079,290.04299673483064,294.0,3.957003265169347,0.019396630170411155,537,294,95784,706
36,28,selection,H50a_corridor,blur185,5.8,3.0,0.019834977662928237,9.285223357881135,183.33333333333334,186.0,2.666666666666667,0.01729091872976003,537,186,95784,706
36,28,selection,H50b_kth_ridge,disk,1.5,2.0,0.18491846124798814,107.67773836614249,655.8146469652277,706.0,50.18535303477229,0.20051720366134543,537,706,95784,706
36,28,selection,H50b_kth_ridge,blur185,1.5,2.0,0.033304380826678526,17.5438351077254,468.31913910974606,475.0,6.6808608902539515,0.03267008399948864,537,475,95784,706
36,28,selection,H50b_kth_ridge,disk,1.5,3.0,0.20481440102421733,119.56116554610011,651.2073621601854,706.0,54.79263783981452,0.22264649077486054,537,706,95784,706
36,28,selection,H50b_kth_ridge,blur185,1.5,3.0,0.04127966051413479,21.995932164307604,494.2619481513281,504.0,9.738051848671887,0.040960767531299076,537,504,95784,706
36,28,selection,H50b_kth_ridge,disk,2.8,2.0,0.12707256917403148,73.71959300211495,678.9691032794792,706.0,27.03089672052081,0.137280433895931,537,706,95784,706
36,28,selection,H50b_kth_ridge,blur185,2.8,2.0,0.025566624511552172,12.958780104307042,373.3570226039551,378.0,4.6429773960448415,0.02413180652571144,537,378,95784,706
36,28,selection,H50b_kth_ridge,disk,2.8,3.0,0.13320822182661485,77.34545383715745,677.833222995228,706.0,28.16677700477201,0.14403250249005112,537,706,95784,706
36,28,selection,H50b_kth_ridge,blur185,2.8,3.0,0.02770923708255535,14.020352869137975,367.8856180831641,373.0,5.114381916835874,0.02610866456077835,537,373,95784,706
36,28,selection,H50b_kth_ridge,disk,3.6,2.0,0.06906389803710583,39.787838569913575,692.7213493517384,706.0,13.27865064826164,0.0740928092549601,537,706,95784,706
36,28,selection,H50b_kth_ridge,blur185,3.6,2.0,0.025987041212812013,12.958780104307042,332.3570226039551,337.0,4.642977396044842,0.02413180652571144,537,337,95784,706
36,28,selection,H50b_kth_ridge,disk,3.6,3.0,0.07151124613342605,41.21624635587395,692.5854690674871,706.0,13.41453093251284,0.07675278651000736,537,706,95784,706
36,28,selection,H50b_kth_ridge,blur185,3.6,3.0,0.028154382198970446,14.020352869137975,327.8856180831641,333.0,5.114381916835875,0.02610866456077835,537,333,95784,706
36,28,selection,H50b_kth_ridge,disk,4.6,2.0,0.03305134785233678,17.344191155436764,458.48089956782553,465.0,6.519100432174426,0.03229830755202377,537,465,95784,706
36,28,selection,H50b_kth_ridge,blur185,4.6,2.0,0.026652697824499964,12.901589145889105,259.4142135623731,264.0,4.585786437626904,0.02402530567204675,537,264,95784,706
36,28,selection,H50b_kth_ridge,disk,4.6,3.0,0.03407346110656194,17.85128826723041,453.6783526169077,460.0,6.321647383092293,0.03324262247156501,537,460,95784,706
36,28,selection,H50b_kth_ridge,blur185,4.6,3.0,0.028731897607642238,13.963161910720038,267.94280904158205,273.0,5.057190958417937,0.026002163707113665,537,273,95784,706
36,28,selection,H50b_kth_ridge,disk,5.8,2.0,0.023955683485140815,11.865896554886493,316.76904526312177,321.0,4.230954736878245,0.022096641629211346,537,321,95784,706
36,28,selection,H50b_kth_ridge,blur185,5.8,2.0,0.018680465698205324,8.794511372881276,197.13807118745768,200.0,2.861928812542302,0.0163771161506169,537,200,95784,706
36,28,selection,H50b_kth_ridge,disk,5.8,3.0,0.027850134389450526,13.880090778473779,330.04518763803713,335.0,4.954812361962849,0.025847468861217464,537,335,95784,706
36,28,selection,H50b_kth_ridge,blur185,5.8,3.0,0.025146532646203583,12.00834954875719,227.66666666666666,232.0,4.333333333333333,0.022361917223011528,537,232,95784,706
36,28,selection,H50c_both,disk,1.5,2.0,0.28725972493294616,169.38730507371076,630.9429057355111,706.0,75.05709426448888,0.3154325979026271,537,706,95784,706
36,28,selection,H50c_both,blur185,1.5,2.0,0.03708858609370287,19.405763920267702,448.73116176891267,456.0,7.268838231087353,0.03613736298001435,537,456,95784,706
36,28,selection,H50c_both,disk,1.5,3.0,0.2918304417203198,172.11335360200187,628.745452686429,706.0,77.25454731357101,0.32050903836499417,537,706,95784,706
36,28,selection,H50c_both,blur185,1.5,3.0,0.04534233066778322,24.053123122725538,480.3384465739549,491.0,10.66155342604512,0.044791663170811055,537,491,95784,706
36,28,selection,H50c_both,disk,2.8,2.0,0.1180816412323333,68.45513657744058,682.1807505521487,706.0,23.81924944785139,0.12747697686674225,537,706,95784,706
36,28,selection,H50c_both,blur185,2.8,2.0,0.03219411535024785,16.25349850922272,360.0429967348307,366.0,5.957003265169346,0.030267222549762978,537,366,95784,706
36,28,selection,H50c_both,disk,2.8,3.0,0.12044613982134136,69.85004267560485,681.7880353571909,706.0,24.21196464280916,0.13007456736611706,537,706,95784,706
36,28,selection,H50c_both,blur185,2.8,3.0,0.035441629027518524,17.841475850056124,351.1810679222883,358.0,6.818932077711649,0.03322434981388477,537,358,95784,706
36,28,selection,H50c_both,disk,3.6,2.0,0.06247548245773675,35.947408124786605,692.9738024560319,706.0,13.026197543968067,0.06694116969234004,537,706,95784,706
36,28,selection,H50c_both,blur185,3.6,2.0,0.03226490767121369,15.998854501722649,315.2976407423307,321.0,5.702359257669277,0.029793025142872718,537,321,95784,706
36,28,selection,H50c_both,disk,3.6,3.0,0.06044583087668301,34.7758352495328,693.8357312685742,706.0,12.164268731425766,0.06475946973842234,537,706,95784,706
36,28,selection,H50c_both,blur185,3.6,3.0,0.033751010739257126,16.724903030013753,312.96430740899734,319.0,6.03569259100261,0.031145070819392464,537,319,95784,706
36,28,selection,H50c_both,disk,4.6,2.0,0.026872403913632423,13.880090778473779,420.7118543047038,426.0,5.288145695296182,0.025847468861217464,537,426,95784,706
36,28,selection,H50c_both,blur185,4.6,2.0,0.024270335710702858,11.672825312217359,245.07868932583327,249.0,3.9213106741667367,0.021737104864464354,537,249,95784,706
36,28,selection,H50c_both,disk,4.6,3.0,0.024500596616379728,12.627637674180207,416.3785209713705,421.0,4.6214790286295155,0.023515153955642843,537,421,95784,706
36,28,selection,H50c_both,blur185,4.6,3.0,0.025173697377592365,12.14422983300839,251.94280904158205,256.0,4.057190958417937,0.022614953134093837,537,256,95784,706
36,28,selection,H50c_both,disk,5.8,2.0,0.020463004414203966,10.02546610975952,291.6309740756641,295.0,3.3690259243359435,0.018669396852438586,537,295,95784,706
36,28,selection,H50c_both,blur185,5.8,2.0,0.021655326844384735,10.165728200423718,189.0,192.0,3.0,0.018930592551999473,537,192,95784,706
36,28,selection,H50c_both,disk,5.8,3.0,0.020313739681294875,10.02546610975952,309.6309740756641,313.0,3.3690259243359435,0.018669396852438586,537,313,95784,706
36,28,selection,H50c_both,blur185,5.8,3.0,0.025434756128115854,12.087038874590455,216.0,220.0,4.0,0.022508452280429154,537,220,95784,706
36,28,selection,RANDOM_fixed_seed,disk,1.5,2.0,0.07211210049381206,41.54707141586104,691.1810679222883,706.0,14.818932077711649,0.07736884807422913,537,706,95784,706
36,28,selection,RANDOM_fixed_seed,disk,1.5,3.0,0.08130291931818612,46.896789875988155,689.1810679222883,706.0,16.81893207771165,0.08733107984355336,537,706,95784,706
36,28,selection,RANDOM_fixed_seed,disk,2.8,2.0,0.07685342887261128,44.311003438361254,690.5144012556217,706.0,15.485598744378315,0.08251583508074721,537,706,95784,706
36,28,selection,RANDOM_fixed_seed,disk,2.8,3.0,0.0811593332614109,46.818100550154895,689.5144012556217,706.0,16.485598744378315,0.08718454478613574,537,706,95784,706
36,28,selection,RANDOM_fixed_seed,disk,3.6,2.0,0.07696373511457352,44.37038529998569,690.1810679222883,706.0,15.81893207771165,0.0826264158286512,537,706,95784,706
36,28,selection,RANDOM_fixed_seed,disk,3.6,3.0,0.0812348455388873,46.858174947570504,689.2597572481216,706.0,16.740242751878387,0.08725917122452607,537,706,95784,706
36,28,selection,RANDOM_fixed_seed,disk,4.6,2.0,0.0755275713520459,43.54926231906754,691.4550193939973,706.0,14.544980606002751,0.0810973227543157,537,706,95784,706
36,28,selection,RANDOM_fixed_seed,disk,4.6,3.0,0.0854708934247775,49.348886932570366,689.5337087198305,706.0,16.466291280169486,0.09189736858951651,537,706,95784,706
36,28,selection,RANDOM_fixed_seed,disk,5.8,2.0,0.08821814065715473,50.95617173761259,689.1216860606639,706.0,16.878313939336085,0.09489045016315194,537,706,95784,706
36,28,selection,RANDOM_fixed_seed,disk,5.8,3.0,0.09564499901664646,55.30369929453322,687.7883527273307,706.0,18.211647272669417,0.10298640464531325,537,706,95784,706
42,29,calibration,R2_scarp9_topo,disk,1.5,2.0,0.16929561095453877,13.832394867090388,214.69546917791004,222.0,7.304530822089964,0.30738655260200864,45,222,30094,222
42,29,calibration,R2_scarp9_topo,blur185,1.5,2.0,0.04270852980848816,2.9161974335451917,158.49071198499985,160.0,1.5092880150001402,0.06480438741211537,45,160,30094,222
42,29,calibration,R2_scarp9_topo,disk,1.5,3.0,0.2097995396414457,17.227300965254646,213.33844657395488,222.0,8.661553426045122,0.38282891033899213,45,222,30094,222
42,29,calibration,R2_scarp9_topo,blur185,1.5,3.0,0.08181684539041717,5.837508107711928,170.90492554737295,174.0,3.0950744526270455,0.1297224023935984,45,174,30094,222
42,29,calibration,R2_scarp9_topo,disk,2.8,2.0,0.08687307124801487,7.0513462835878435,218.7905436305371,222.0,3.2094563694629183,0.15669658407972986,45,222,30094,222
42,29,calibration,R2_scarp9_topo,blur185,2.8,2.0,0.04789965903066133,2.9161974335451917,121.49071198499985,123.0,1.5092880150001404,0.06480438741211537,45,123,30094,222
42,29,calibration,R2_scarp9_topo,disk,2.8,3.0,0.12370307889724785,10.092152115212,217.8262362215397,222.0,4.173763778460309,0.22427004700471112,45,222,30094,222
42,29,calibration,R2_scarp9_topo,blur185,2.8,3.0,0.07310173757593617,4.504174774378595,123.57159221403963,126.0,2.4284077859603785,0.10009277276396877,45,126,30094,222
42,29,calibration,R2_scarp9_topo,disk,3.6,2.0,0.08680637221375188,7.0513462835878435,219.10237859645508,222.0,2.8976214035449117,0.15669658407972986,45,222,30094,222
42,29,calibration,R2_scarp9_topo,blur185,3.6,2.0,0.05073290408092346,2.9161974335451917,104.49071198499985,106.0,1.5092880150001404,0.06480438741211537,45,106,30094,222
42,29,calibration,R2_scarp9_topo,disk,3.6,3.0,0.08148936060498056,6.622938497627466,219.74535599249992,222.0,2.2546440075000707,0.14717641105838813,45,222,30094,222
42,29,calibration,R2_scarp9_topo,blur185,3.6,3.0,0.06419365243979264,3.720935287669557,106.1001876932486,108.0,1.8998123067514103,0.08268745083710126,45,108,30094,222
42,29,calibration,R2_scarp9_topo,disk,4.6,2.0,0.07011729113796396,4.723126190876056,152.07868932583324,154.0,1.921310674166737,0.10495835979724569,45,154,30094,222
42,29,calibration,R2_scarp9_topo,blur185,4.6,2.0,0.04299643109590032,2.2710291342938516,81.82404531833319,83.0,1.175954681666807,0.05046731409541892,45,83,30094,222
42,29,calibration,R2_scarp9_topo,disk,4.6,3.0,0.0975774491187779,6.622938497627466,152.74535599249992,155.0,2.2546440075000707,0.14717641105838813,45,155,30094,222
42,29,calibration,R2_scarp9_topo,blur185,4.6,3.0,0.06295336857252085,3.4091003217515503,87.35483170074866,89.0,1.6451682992513401,0.07575778492781222,45,89,30094,222
42,29,calibration,R2_scarp9_topo,disk,5.8,2.0,0.0588669304807008,3.2732200375003506,94.74535599249992,96.0,1.2546440075000702,0.07273822305556335,45,96,30094,222
42,29,calibration,R2_scarp9_topo,blur185,5.8,2.0,0.03627363689119642,1.7617411192937116,61.07868932583326,62.0,0.9213106741667368,0.03914980265097137,45,62,30094,222
42,29,calibration,R2_scarp9_topo,disk,5.8,3.0,0.09874206931160469,5.723126190876056,104.07868932583325,106.0,1.921310674166737,0.1271805820194679,45,106,30094,222
42,29,calibration,R2_scarp9_topo,blur185,5.8,3.0,0.058110307833049865,2.8998123067514103,66.60947570824874,68.0,1.39052429175127,0.06444027348336467,45,68,30094,222
42,29,calibration,R7_scarp9_polarity,disk,1.5,2.0,0.14298641777256463,11.65644018542358,215.9501131854101,222.0,6.049886814589893,0.259032004120524,45,222,30094,222
42,29,calibration,R7_scarp9_polarity,blur185,1.5,2.0,0.049470447242118624,3.271029134293852,147.33333333333334,149.0,1.6666666666666667,0.07268953631764116,45,149,30094,222
42,29,calibration,R7_scarp9_polarity,disk,1.5,3.0,0.1791512741751043,14.65644018542358,214.3956375323728,222.0,7.604362467627187,0.32569867078719067,45,222,30094,222
42,29,calibration,R7_scarp9_polarity,blur185,1.5,3.0,0.0976441705803817,6.7209352876695565,157.4335210265819,161.0,3.5664789734180773,0.14935411750376792,45,161,30094,222
42,29,calibration,R7_scarp9_polarity,disk,2.8,2.0,0.06557073723800529,5.308912628502961,219.5144012556217,222.0,2.485598744378315,0.11797583618895469,45,222,30094,222
42,29,calibration,R7_scarp9_polarity,blur185,2.8,2.0,0.05125001894017382,2.937695800960519,103.66666666666666,105.0,1.3333333333333335,0.06528212891023376,45,105,30094,222
42,29,calibration,R7_scarp9_polarity,disk,2.8,3.0,0.1164403956291389,9.48267640696327,217.70747249829083,222.0,4.292527501709179,0.21072614237696155,45,222,30094,222
42,29,calibration,R7_scarp9_polarity,blur185,2.8,3.0,0.08738347493905875,5.075766988418216,105.35483170074866,108.0,2.64516829925134,0.11279482196484926,45,108,30094,222
42,29,calibration,R7_scarp9_polarity,disk,3.6,2.0,0.05857411730543619,4.742433655084884,220.08088022903976,222.0,1.9191197709602383,0.10538741455744187,45,222,30094,222
42,29,calibration,R7_scarp9_polarity,blur185,3.6,2.0,0.05509466862750938,2.937695800960519,83.66666666666667,85.0,1.3333333333333335,0.06528212891023376,45,85,30094,222
42,29,calibration,R7_scarp9_polarity,disk,3.6,3.0,0.06788457037243016,5.504174774378596,219.90273464416646,222.0,2.097265355833544,0.12231499498619101,45,222,30094,222
42,29,calibration,R7_scarp9_polarity,blur185,3.6,3.0,0.0945452383820013,5.075766988418216,83.35483170074866,86.0,2.64516829925134,0.11279482196484926,45,86,30094,222
42,29,calibration,R7_scarp9_polarity,disk,4.6,2.0,0.05507842344632764,3.371216827542442,122.66666666666666,124.0,1.3333333333333335,0.07491592950094315,45,124,30094,222
42,29,calibration,R7_scarp9_polarity,blur185,4.6,2.0,0.04711463038446642,2.292527501709179,60.99999999999999,62.0,1.0,0.050945055593537306,45,62,30094,222
42,29,calibration,R7_scarp9_polarity,disk,4.6,3.0,0.08365304525203882,5.192339808460589,125.15737865166653,127.0,1.8426213483334737,0.11538532907690197,45,127,30094,222
42,29,calibration,R7_scarp9_polarity,blur185,4.6,3.0,0.06770430328055907,3.4091003217515503,68.35483170074866,70.0,1.6451682992513401,0.07575778492781222,45,70,30094,222
42,29,calibration,R7_scarp9_polarity,disk,5.8,2.0,0.0,0.0,80.0,80.0,0.0,0.0,45,80,30094,222
42,29,calibration,R7_scarp9_polarity,blur185,5.8,2.0,0.04830593541746943,2.292527501709179,55.0,56.0,1.0,0.050945055593537306,45,56,30094,222
42,29,calibration,R7_scarp9_polarity,disk,5.8,3.0,0.09028190471361865,4.880504842542582,85.4120226591666,87.0,1.5879773408334037,0.10845566316761293,45,87,30094,222
42,29,calibration,R7_scarp9_polarity,blur185,5.8,3.0,0.05954212938630748,2.8998123067514103,60.60947570824873,62.0,1.39052429175127,0.06444027348336467,45,62,30094,222
42,29,calibration,H50a_corridor,disk,1.5,2.0,0.16423110279944578,13.40179617792351,214.61458894887028,222.0,7.385411051129726,0.2978176928427447,45,222,30094,222
42,29,calibration,H50a_corridor,blur185,1.5,2.0,0.050932538694107445,3.3475275569206167,145.2761423749154,147.0,1.7238576250846034,0.0743895012649026,45,147,30094,222
42,29,calibration,H50a_corridor,disk,1.5,3.0,0.20167542821237416,16.520559901172376,213.0623041990395,222.0,8.937695800960519,0.3671235533593861,45,222,30094,222
42,29,calibration,H50a_corridor,blur185,1.5,3.0,0.12394742520956094,8.604362467627185,158.49290288820634,163.0,4.507097111793642,0.19120805483615966,45,163,30094,222
42,29,calibration,H50a_corridor,disk,2.8,2.0,0.07135254290646502,5.778126246087494,219.12168606066393,222.0,2.8783139393360835,0.12840280546861096,45,222,30094,222
42,29,calibration,H50a_corridor,blur185,2.8,2.0,0.05759213552195698,3.3475275569206167,107.2761423749154,109.0,1.7238576250846034,0.0743895012649026,45,109,30094,222
42,29,calibration,H50a_corridor,disk,2.8,3.0,0.1164403956291389,9.48267640696327,217.70747249829083,222.0,4.292527501709179,0.21072614237696155,45,222,30094,222
42,29,calibration,H50a_corridor,blur185,2.8,3.0,0.12223068450822705,7.271029134293852,110.15956955487303,114.0,3.840430445126975,0.16157842520653004,45,114,30094,222
42,29,calibration,H50a_corridor,disk,3.6,2.0,0.06435724485741448,5.211647272669417,219.68816503408198,222.0,2.311834965918007,0.11581438383709816,45,222,30094,222
42,29,calibration,H50a_corridor,blur185,3.6,2.0,0.061848388165080335,3.3475275569206167,87.2761423749154,89.0,1.7238576250846034,0.0743895012649026,45,89,30094,222
42,29,calibration,H50a_corridor,disk,3.6,3.0,0.08557221211669108,6.954080927754299,219.37413916495746,222.0,2.625860835042512,0.1545351317278733,45,222,30094,222
42,29,calibration,H50a_corridor,blur185,3.6,3.0,0.099249241084212,5.349718460127115,84.15956955487303,87.0,2.840430445126975,0.11888263244726922,45,87,30094,222
42,29,calibration,H50a_corridor,disk,4.6,2.0,0.05562368619840906,3.371216827542442,119.66666666666667,121.0,1.3333333333333335,0.07491592950094315,45,121,30094,222
42,29,calibration,H50a_corridor,blur185,4.6,2.0,0.03923292313142483,1.8976214035449115,59.942809041582066,61.0,1.0571909584179364,0.04216936452322025,45,61,30094,222
42,29,calibration,H50a_corridor,disk,4.6,3.0,0.10236299632097233,6.330410995918287,122.88342717995762,125.0,2.116572820042372,0.14067579990929527,45,125,30094,222
42,29,calibration,H50a_corridor,blur185,4.6,3.0,0.0665923411132091,3.3497184601271153,68.15956955487302,70.0,1.8404304451269748,0.07443818800282478,45,70,30094,222
42,29,calibration,H50a_corridor,disk,5.8,2.0,0.0,0.0,82.0,82.0,0.0,0.0,45,82,30094,222
42,29,calibration,H50a_corridor,blur185,5.8,2.0,0.014924010468300278,0.7023592576692765,54.60947570824873,55.0,0.3905242917512699,0.015607983503761701,45,55,30094,222
42,29,calibration,H50a_corridor,disk,5.8,3.0,0.11542836492186724,6.330410995918287,87.88342717995762,90.0,2.1165728200423715,0.14067579990929527,45,90,30094,222
42,29,calibration,H50a_corridor,blur185,5.8,3.0,0.058383889374776746,2.8404304451269753,60.4142135623731,62.0,1.5857864376269046,0.06312067655837723,45,62,30094,222
42,29,calibration,H50b_kth_ridge,disk,1.5,2.0,0.19123448342739996,15.65644018542358,213.69546917791,222.0,8.304530822089962,0.3479208930094129,45,222,30094,222
42,29,calibration,H50b_kth_ridge,blur185,1.5,2.0,0.06357939564248057,4.211647272669417,147.0,149.0,2.0,0.09359216161487593,45,149,30094,222
42,29,calibration,H50b_kth_ridge,disk,1.5,3.0,0.20422838301226443,16.75370554125712,213.41713589978815,222.0,8.58286410021186,0.37230456758349156,45,222,30094,222
42,29,calibration,H50b_kth_ridge,blur185,1.5,3.0,0.1076870963613352,7.464100376962988,159.10018769324859,163.0,3.8998123067514108,0.16586889726584417,45,163,30094,222
42,29,calibration,H50b_kth_ridge,disk,2.8,2.0,0.07631484881248944,6.190148905254091,219.37633006816398,222.0,2.6236699318360133,0.13755886456120203,45,222,30094,222
42,29,calibration,H50b_kth_ridge,blur185,2.8,2.0,0.06658926549913446,3.8783139393360835,107.33333333333333,109.0,1.6666666666666667,0.08618475420746852,45,109,30094,222
42,29,calibration,H50b_kth_ridge,disk,2.8,3.0,0.11023434218406666,8.973388391963129,218.04080583162414,222.0,3.9591941683758454,0.19940863093251396,45,222,30094,222
42,29,calibration,H50b_kth_ridge,blur185,2.8,3.0,0.09834578845353012,5.818932077711648,110.02149836741532,113.0,2.978501632584673,0.12930960172692552,45,113,30094,222
42,29,calibration,H50b_kth_ridge,disk,3.6,2.0,0.04171906849906463,3.371216827542442,220.66666666666666,222.0,1.3333333333333335,0.07491592950094315,45,222,30094,222
42,29,calibration,H50b_kth_ridge,blur185,3.6,2.0,0.06945114892625831,3.8783139393360835,95.33333333333333,97.0,1.6666666666666667,0.08618475420746852,45,97,30094,222
42,29,calibration,H50b_kth_ridge,disk,3.6,3.0,0.06788457037243016,5.504174774378596,219.90273464416646,222.0,2.097265355833544,0.12231499498619101,45,222,30094,222
42,29,calibration,H50b_kth_ridge,blur185,3.6,3.0,0.10396875227170865,5.818932077711648,94.02149836741532,97.0,2.978501632584673,0.12930960172692552,45,97,30094,222
42,29,calibration,H50b_kth_ridge,disk,4.6,2.0,0.049717406102200004,3.371216827542442,155.66666666666666,157.0,1.3333333333333335,0.07491592950094315,45,157,30094,222
42,29,calibration,H50b_kth_ridge,blur185,4.6,2.0,0.04772281144020767,2.4284077859603785,72.0,73.0,1.0,0.05396461746578619,45,73,30094,222
42,29,calibration,H50b_kth_ridge,disk,4.6,3.0,0.07605601422324047,5.192339808460589,156.15737865166653,158.0,1.8426213483334737,0.11538532907690197,45,158,30094,222
42,29,calibration,H50b_kth_ridge,blur185,4.6,3.0,0.11027369967321494,5.818932077711648,78.02149836741532,81.0,2.9785016325846736,0.12930960172692552,45,81,30094,222
42,29,calibration,H50b_kth_ridge,disk,5.8,2.0,0.0,0.0,96.0,96.0,0.0,0.0,45,96,30094,222
42,29,calibration,H50b_kth_ridge,blur185,5.8,2.0,0.051356091442251194,2.4284077859603785,54.0,55.0,1.0,0.05396461746578619,45,55,30094,222
42,29,calibration,H50b_kth_ridge,disk,5.8,3.0,0.08435241802976853,4.880504842542582,104.4120226591666,106.0,1.5879773408334037,0.10845566316761293,45,106,30094,222
42,29,calibration,H50b_kth_ridge,blur185,5.8,3.0,0.07735629189320599,3.8189320777116484,63.021498367415326,65.0,1.9785016325846732,0.08486515728248108,45,65,30094,222
42,29,calibration,H50c_both,disk,1.5,2.0,0.1899199263577062,15.577750859590315,214.535899623037,222.0,7.464100376962989,0.34617224132422925,45,222,30094,222
42,29,calibration,H50c_both,blur185,1.5,2.0,0.04987025434768111,3.3475275569206167,152.2761423749154,154.0,1.7238576250846034,0.0743895012649026,45,154,30094,222
42,29,calibration,H50c_both,disk,1.5,3.0,0.20237358923704954,16.577750859590314,213.00511324062154,222.0,8.994886759378456,0.3683944635464514,45,222,30094,222
42,29,calibration,H50c_both,blur185,1.5,3.0,0.08726679613019135,6.211647272669416,169.68816503408198,173.0,3.311834965918007,0.13803660605932036,45,173,30094,222
42,29,calibration,H50c_both,disk,2.8,2.0,0.07940435511851261,6.44479291275416,219.37633006816398,222.0,2.6236699318360133,0.14321762028342577,45,222,30094,222
42,29,calibration,H50c_both,blur185,2.8,2.0,0.05700370746162391,3.3475275569206167,110.2761423749154,112.0,1.7238576250846034,0.0743895012649026,45,112,30094,222
42,29,calibration,H50c_both,disk,2.8,3.0,0.1164403956291389,9.48267640696327,217.70747249829083,222.0,4.292527501709179,0.21072614237696155,45,222,30094,222
42,29,calibration,H50c_both,blur185,2.8,3.0,0.08151359584348317,4.878313939336083,114.35483170074866,117.0,2.64516829925134,0.10840697642969073,45,117,30094,222
42,29,calibration,H50c_both,disk,3.6,2.0,0.04627924204402565,3.7402427518783847,220.35483170074866,222.0,1.6451682992513401,0.08311650559729744,45,222,30094,222
42,29,calibration,H50c_both,blur185,3.6,2.0,0.03390541889401817,1.8976214035449113,97.94280904158207,99.0,1.0571909584179364,0.04216936452322025,45,99,30094,222
42,29,calibration,H50c_both,disk,3.6,3.0,0.08557221211669108,6.954080927754299,219.37413916495748,222.0,2.625860835042512,0.1545351317278733,45,222,30094,222
42,29,calibration,H50c_both,blur185,3.6,3.0,0.08611834480585577,4.878313939336083,98.35483170074866,101.0,2.64516829925134,0.10840697642969073,45,101,30094,222
42,29,calibration,H50c_both,disk,4.6,2.0,0.053673924047675785,3.6830517934604483,159.4120226591666,161.0,1.5879773408334037,0.08184559541023219,45,161,30094,222
42,29,calibration,H50c_both,blur185,4.6,2.0,0.03694164116327266,1.8976214035449113,74.94280904158207,76.0,1.0571909584179364,0.04216936452322025,45,76,30094,222
42,29,calibration,H50c_both,disk,4.6,3.0,0.09249203699157207,6.330410995918287,155.8834271799576,158.0,2.116572820042372,0.14067579990929527,45,158,30094,222
42,29,calibration,H50c_both,blur185,4.6,3.0,0.05446542167076602,2.878313939336084,81.35483170074866,83.0,1.6451682992513401,0.0639625319852463,45,83,30094,222
42,29,calibration,H50c_both,disk,5.8,2.0,0.0,0.0,100.0,100.0,0.0,0.0,45,100,30094,222
42,29,calibration,H50c_both,blur185,5.8,2.0,0.014987703411810669,0.7023592576692765,53.60947570824873,54.0,0.3905242917512699,0.015607983503761701,45,54,30094,222
42,29,calibration,H50c_both,disk,5.8,3.0,0.1083181247581449,6.330410995918287,105.88342717995762,108.0,2.116572820042372,0.14067579990929527,45,108,30094,222
42,29,calibration,H50c_both,blur185,5.8,3.0,0.058685255042162376,2.878313939336084,62.35483170074866,64.0,1.64516829925134,0.0639625319852463,45,64,30094,222
42,29,calibration,RANDOM_fixed_seed,disk,1.5,2.0,0.07222465799709245,5.839699010918426,218.43352102658196,222.0,3.566478973418077,0.12977108913152058,45,222,30094,222
42,29,calibration,RANDOM_fixed_seed,disk,1.5,3.0,0.07222465799709245,5.839699010918426,218.43352102658196,222.0,3.566478973418077,0.12977108913152058,45,222,30094,222
42,29,calibration,RANDOM_fixed_seed,disk,2.8,2.0,0.072085000419174,5.839699010918426,219.21676051329098,222.0,2.7832394867090384,0.12977108913152058,45,222,30094,222
42,29,calibration,RANDOM_fixed_seed,disk,2.8,3.0,0.072085000419174,5.839699010918426,219.21676051329098,222.0,2.7832394867090384,0.12977108913152058,45,222,30094,222
42,29,calibration,RANDOM_fixed_seed,disk,3.6,2.0,0.06583976147827074,5.330410995918286,219.47140452079105,222.0,2.528595479208968,0.11845357768707303,45,222,30094,222
42,29,calibration,RANDOM_fixed_seed,disk,3.6,3.0,0.06583976147827074,5.330410995918286,219.47140452079105,222.0,2.528595479208968,0.11845357768707303,45,222,30094,222
42,29,calibration,RANDOM_fixed_seed,disk,4.6,2.0,0.06144829700701302,4.975579295169626,219.88342717995764,222.0,2.1165728200423715,0.11056842878154725,45,222,30094,222
42,29,calibration,RANDOM_fixed_seed,disk,4.6,3.0,0.06144829700701302,4.975579295169626,219.88342717995764,222.0,2.1165728200423715,0.11056842878154725,45,222,30094,222
42,29,calibration,RANDOM_fixed_seed,disk,5.8,2.0,0.07227444963642492,5.859006475127255,219.47140452079105,222.0,2.528595479208968,0.13020014389171677,45,222,30094,222
42,29,calibration,RANDOM_fixed_seed,disk,5.8,3.0,0.057605279305609394,4.663744329251619,220.13807118745768,222.0,1.8619288125423017,0.1036387628722582,45,222,30094,222
43,30,selection,R2_scarp9_topo,disk,1.5,2.0,0.06862444814718707,21.222919158841655,701.0859934696613,713.0,11.914006530338693,0.10302387941185269,206,713,96739,713
43,30,selection,R2_scarp9_topo,blur185,1.5,2.0,0.03842313082164523,11.006890079759241,597.319139109746,604.0,6.680860890253951,0.053431505241549715,206,604,96739,713
43,30,selection,R2_scarp9_topo,disk,1.5,3.0,0.06917157829797632,21.398873840508465,701.3978284355793,713.0,11.602171564420686,0.10387802835198284,206,713,96739,713
43,30,selection,R2_scarp9_topo,blur185,1.5,3.0,0.05500433495443598,16.41599040151079,651.8291585589548,663.0,11.170841441045262,0.0796892737937417,206,663,96739,713
43,30,selection,R2_scarp9_topo,disk,2.8,2.0,0.05371683973031285,16.594867420592642,704.0666860054525,713.0,8.933313994547522,0.08055760883782837,206,713,96739,713
43,30,selection,R2_scarp9_topo,blur185,2.8,2.0,0.02855839862248947,7.304530822089964,447.5715922140396,451.0,3.4284077859603785,0.035458887485873614,206,451,96739,713
43,30,selection,R2_scarp9_topo,disk,2.8,3.0,0.04939092867853131,15.26153408725931,705.7118543047038,713.0,7.288145695296182,0.07408511692844326,206,713,96739,713
43,30,selection,R2_scarp9_topo,blur185,2.8,3.0,0.03187972492574614,8.147152170423437,445.6480906366664,450.0,4.351909363333614,0.0395492823806963,206,450,96739,713
43,30,selection,R2_scarp9_topo,disk,3.6,2.0,0.0748904717318846,23.210501774392064,702.4193268029946,713.0,10.58067319700536,0.11267233871064108,206,713,96739,713
43,30,selection,R2_scarp9_topo,blur185,3.6,2.0,0.03003813745371526,7.304530822089964,384.57159221403964,388.0,3.4284077859603785,0.035458887485873614,206,388,96739,713
43,30,selection,R2_scarp9_topo,disk,3.6,3.0,0.07894012169554335,24.486644149307466,702.4765177614125,713.0,10.523482238587423,0.11886720460828867,206,713,96739,713
43,30,selection,R2_scarp9_topo,blur185,3.6,3.0,0.029675531096035518,7.204343128841375,382.6480906366664,386.0,3.351909363333614,0.034972539460395025,206,386,96739,713
43,30,selection,R2_scarp9_topo,disk,4.6,2.0,0.07707595522368964,20.589022745762552,491.0429967348307,500.0,8.957003265169346,0.09994671235807064,206,500,96739,713
43,30,selection,R2_scarp9_topo,blur185,4.6,2.0,0.024452255744718467,5.385411051129725,271.8240453183332,274.0,2.175954681666807,0.026142772092862743,206,274,96739,713
43,30,selection,R2_scarp9_topo,disk,4.6,3.0,0.07739849926271895,20.687019535804644,491.7096634014973,500.0,8.29033659850268,0.1004224249310905,206,500,96739,713
43,30,selection,R2_scarp9_topo,blur185,4.6,3.0,0.032310747640869684,7.204343128841375,283.6480906366664,287.0,3.351909363333614,0.034972539460395025,206,287,96739,713
43,30,selection,R2_scarp9_topo,disk,5.8,2.0,0.05271109711279827,12.046964477174846,306.688165034082,312.0,5.311834965918007,0.05848041008337304,206,312,96739,713
43,30,selection,R2_scarp9_topo,blur185,5.8,2.0,0.01755459470057059,3.6236699318360133,204.49071198499985,206.0,1.5092880150001404,0.017590630737068024,206,206,96739,713
43,30,selection,R2_scarp9_topo,disk,5.8,3.0,0.06215842935840001,14.516178094759383,329.15956955487303,335.0,5.840430445126975,0.07046688395514264,206,335,96739,713
43,30,selection,R2_scarp9_topo,blur185,5.8,3.0,0.024072282223394963,5.130767043629655,236.56940131083314,239.0,2.430598689166877,0.02490663613412454,206,239,96739,713
43,30,selection,R7_scarp9_polarity,disk,1.5,2.0,0.0613254550180126,18.96316191072004,703.1453753312858,713.0,9.854624668714258,0.09205418403262156,206,713,96739,713
43,30,selection,R7_scarp9_polarity,blur185,1.5,2.0,0.04018584958434976,10.966084248135086,529.4550193939972,536.0,6.544980606002751,0.05323341868026741,206,536,96739,713
43,30,selection,R7_scarp9_polarity,disk,1.5,3.0,0.059728601383079026,18.47025902251368,703.7118543047038,713.0,9.288145695296182,0.08966145156560039,206,713,96739,713
43,30,selection,R7_scarp9_polarity,blur185,1.5,3.0,0.059537153672802115,16.944585880719757,582.0816116632483,594.0,11.918388336751692,0.08225527126562988,206,594,96739,713
43,30,selection,R7_scarp9_polarity,disk,2.8,2.0,0.05326764266137104,16.456064798926395,704.2025662897037,713.0,8.797433710296321,0.07988380970352618,206,713,96739,713
43,30,selection,R7_scarp9_polarity,blur185,2.8,2.0,0.030850115933023982,7.501983871172097,384.37413916495746,388.0,3.625860835042512,0.03641739743287426,206,388,96739,713
43,30,selection,R7_scarp9_polarity,disk,2.8,3.0,0.05063971150615972,15.65132694480203,705.7096634014973,713.0,7.29033659850268,0.07597731526602927,206,713,96739,713
43,30,selection,R7_scarp9_polarity,blur185,2.8,3.0,0.04152558389043236,10.147152170423437,387.6480906366664,394.0,6.351909363333614,0.049258020244773965,206,394,96739,713
43,30,selection,R7_scarp9_polarity,disk,3.6,2.0,0.08099420257589962,25.131081014350254,702.281255615537,713.0,10.718744384463058,0.12199553890461289,206,713,96739,713
43,30,selection,R7_scarp9_polarity,blur185,3.6,2.0,0.0310364479568276,7.168650537838764,323.7074724982908,327.0,3.292527501709179,0.03479927445552798,206,327,96739,713
43,30,selection,R7_scarp9_polarity,disk,3.6,3.0,0.08717697631575388,27.07169915272582,701.6145889488703,713.0,11.385411051129726,0.13141601530449426,206,713,96739,713
43,30,selection,R7_scarp9_polarity,blur185,3.6,3.0,0.03967894044485927,9.204343128841373,326.6480906366664,332.0,5.351909363333614,0.04468127732447268,206,332,96739,713
43,30,selection,R7_scarp9_polarity,disk,4.6,2.0,0.06878216259700776,17.376644038884585,421.78835272733056,429.0,7.211647272669417,0.08435264096545915,206,429,96739,713
43,30,selection,R7_scarp9_polarity,blur185,4.6,2.0,0.0266742556295237,5.640055058629795,227.56940131083311,230.0,2.430598689166877,0.027378908051600946,206,230,96739,713
43,30,selection,R7_scarp9_polarity,disk,4.6,3.0,0.0750635482893616,19.11980912817802,430.45501939399725,438.0,7.54498060600275,0.0928146074183399,206,438,96739,713
43,30,selection,R7_scarp9_polarity,blur185,4.6,3.0,0.03357564797404368,7.204343128841375,241.64809063666638,245.0,3.351909363333614,0.034972539460395025,206,245,96739,713
43,30,selection,R7_scarp9_polarity,disk,5.8,2.0,0.04732519105297149,10.49906153375705,274.7475468957064,279.0,4.252453104293572,0.05096631812503422,206,279,96739,713
43,30,selection,R7_scarp9_polarity,blur185,5.8,2.0,0.019197399862659174,3.8783139393360835,182.2360679774998,184.0,1.7639320225002104,0.01882676669580623,206,184,96739,713
43,30,selection,R7_scarp9_polarity,disk,5.8,3.0,0.05210119166895639,11.832394867090384,299.688165034082,304.0,4.311834965918007,0.05743881003441934,206,304,96739,713
43,30,selection,R7_scarp9_polarity,blur185,5.8,3.0,0.02472181849871801,5.130767043629655,208.56940131083314,211.0,2.430598689166877,0.02490663613412454,206,211,96739,713
43,30,selection,H50a_corridor,disk,1.5,2.0,0.04195982102422414,12.946776783926257,705.8120419979524,713.0,7.187958002047592,0.06284843098993328,206,713,96739,713
43,30,selection,H50a_corridor,blur185,1.5,2.0,0.03437305788907258,9.052077717796394,483.688165034082,489.0,5.311834965918006,0.04394212484367181,206,489,96739,713
43,30,selection,H50a_corridor,disk,1.5,3.0,0.04153342558876101,12.80870559646856,705.166873698701,713.0,7.8331263012989325,0.06217818250712893,206,713,96739,713
43,30,selection,H50a_corridor,blur185,1.5,3.0,0.05784666150167406,15.833126301298933,528.7096634014973,540.0,11.29033659850268,0.07685983641407249,206,540,96739,713
43,30,selection,H50a_corridor,disk,2.8,2.0,0.05684296059094398,17.57263761896877,704.1453753312858,713.0,8.854624668714258,0.08530406611149888,206,713,96739,713
43,30,selection,H50a_corridor,blur185,2.8,2.0,0.024243134867341844,5.683051793460448,342.4120226591666,345.0,2.5879773408334037,0.027587630065341984,206,345,96739,713
43,30,selection,H50a_corridor,disk,2.8,3.0,0.05935404515252465,18.35587710567781,703.9479222822036,713.0,9.05207771779639,0.08910619954212529,206,713,96739,713
43,30,selection,H50a_corridor,blur185,2.8,3.0,0.03988727795425724,9.44479291275416,350.49071198499985,356.0,5.50928801500014,0.04584850928521437,206,356,96739,713
43,30,selection,H50a_corridor,disk,3.6,2.0,0.07279417512167752,22.566792944138676,703.474326858206,713.0,9.525673141793924,0.10954753856377998,206,713,96739,713
43,30,selection,H50a_corridor,blur185,3.6,2.0,0.023859343342218692,5.349718460127115,291.7453559925,294.0,2.25464400750007,0.025969507087995704,206,294,96739,713
43,30,selection,H50a_corridor,disk,3.6,3.0,0.08956935221417331,27.81705514522575,701.0051132406215,713.0,11.994886759378456,0.13503424827779492,206,713,96739,713
43,30,selection,H50a_corridor,blur185,3.6,3.0,0.03521286173997246,7.9140065303386935,291.8240453183332,296.0,4.175954681666807,0.03841750742882861,206,296,96739,713
43,30,selection,H50a_corridor,disk,4.6,2.0,0.041991903847840566,9.872469264505991,341.64809063666644,346.0,4.351909363333614,0.04792460808012617,206,346,96739,713
43,30,selection,H50a_corridor,blur185,4.6,2.0,0.024091868504090296,5.016385126793782,212.07868932583327,214.0,1.9213106741667367,0.024351384110649427,206,214,96739,713
43,30,selection,H50a_corridor,disk,4.6,3.0,0.04556198070979382,10.870278361299492,358.0408058316242,363.0,4.959194168375845,0.05276834155970627,206,363,96739,713
43,30,selection,H50a_corridor,blur185,4.6,3.0,0.03271390917665548,6.9140065303386935,225.8240453183332,229.0,3.175954681666807,0.033563138496789775,206,229,96739,713
43,30,selection,H50a_corridor,disk,5.8,2.0,0.029548200020377183,6.149343073629935,210.4120226591666,213.0,2.5879773408334037,0.029851179969077355,206,213,96739,713
43,30,selection,H50a_corridor,blur185,5.8,2.0,0.02548729923063566,5.016385126793782,155.07868932583327,157.0,1.9213106741667367,0.024351384110649427,206,157,96739,713
43,30,selection,H50a_corridor,disk,5.8,3.0,0.0314001671922022,6.737320414463339,242.07868932583327,245.0,2.9213106741667367,0.03270543890516184,206,245,96739,713
43,30,selection,H50a_corridor,blur185,5.8,3.0,0.03246924289810807,6.602171564420687,186.07868932583324,189.0,2.9213106741667367,0.03204937652631402,206,189,96739,713
43,30,selection,H50b_kth_ridge,disk,1.5,2.0,0.03202416574406225,9.87320069871454,707.6502815398729,713.0,5.349718460127116,0.047928158731623975,206,713,96739,713
43,30,selection,H50b_kth_ridge,blur185,1.5,2.0,0.030457493376743194,8.2280323994632,518.5122103524152,523.0,4.487789647584814,0.039941904851763105,206,523,96739,713
43,30,selection,H50b_kth_ridge,disk,1.5,3.0,0.035192656658885935,10.851702331299212,706.904925547373,713.0,6.0950744526270455,0.05267816665679229,206,713,96739,713
43,30,selection,H50b_kth_ridge,blur185,1.5,3.0,0.037000695419962724,10.406177984336505,571.8076601915393,580.0,8.192339808460588,0.050515427108429635,206,580,96739,713
43,30,selection,H50b_kth_ridge,disk,2.8,2.0,0.055290366750937896,17.084847971383955,703.9264239147883,713.0,9.07357608521172,0.08293615520089298,206,713,96739,713
43,30,selection,H50b_kth_ridge,blur185,2.8,2.0,0.016983075884062566,4.1544563142514805,394.96211650579085,397.0,2.037883494209108,0.020167263661414955,206,397,96739,713
43,30,selection,H50b_kth_ridge,disk,2.8,3.0,0.059512305457513064,18.41599040151079,704.8262362215396,713.0,8.173763778460309,0.08939801165781937,206,713,96739,713
43,30,selection,H50b_kth_ridge,blur185,2.8,3.0,0.018558117693005714,4.5471715092092495,396.5694013108331,400.0,3.430598689166877,0.022073648102957522,206,400,96739,713
43,30,selection,H50b_kth_ridge,disk,3.6,2.0,0.06734470418468093,20.86078331426495,703.945731378997,713.0,9.054268621002892,0.10126593841876189,206,713,96739,713
43,30,selection,H50b_kth_ridge,blur185,3.6,2.0,0.017542429561463634,4.1544563142514805,355.96211650579085,358.0,2.037883494209108,0.020167263661414955,206,358,96739,713
43,30,selection,H50b_kth_ridge,disk,3.6,3.0,0.07457405126539345,23.13254388276735,703.8455436857485,713.0,9.15445631425148,0.11229390234353083,206,713,96739,713
43,30,selection,H50b_kth_ridge,blur185,3.6,3.0,0.015305056234769214,3.604362467627186,349.90273464416646,352.0,2.097265355833544,0.01749690518265624,206,352,96739,713
43,30,selection,H50b_kth_ridge,disk,4.6,2.0,0.03659855266674176,9.49906153375705,464.2382588807063,468.0,3.761741119293712,0.04611194919299539,206,468,96739,713
43,30,selection,H50b_kth_ridge,blur185,4.6,2.0,0.013656349737857293,2.959194168375846,256.49071198499985,258.0,1.5092880150001402,0.014365020234834203,206,258,96739,713
43,30,selection,H50b_kth_ridge,disk,4.6,3.0,0.041078942595107824,10.656440185423577,462.4120226591666,466.0,3.5879773408334037,0.05173029216225037,206,466,96739,713
43,30,selection,H50b_kth_ridge,blur185,4.6,3.0,0.016526084411432617,3.604362467627186,262.90273464416646,265.0,2.097265355833544,0.01749690518265624,206,265,96739,713
43,30,selection,H50b_kth_ridge,disk,5.8,2.0,0.02791736472984989,6.403987081130005,316.5500938466243,319.0,2.4499061533757054,0.031087315927815558,206,319,96739,713
43,30,selection,H50b_kth_ridge,blur185,5.8,2.0,0.013161469696372878,2.7045501608757756,200.74535599249992,202.0,1.2546440075000702,0.013128884276095999,206,202,96739,713
43,30,selection,H50b_kth_ridge,disk,5.8,3.0,0.03244586262324109,7.561365732796532,333.66666666666663,336.0,2.333333333333334,0.036705658897070545,206,336,96739,713
43,30,selection,H50b_kth_ridge,blur185,5.8,3.0,0.014112234409141796,2.9591941683758454,221.49071198499985,223.0,1.5092880150001404,0.014365020234834202,206,223,96739,713
43,30,selection,H50c_both,disk,1.5,2.0,0.04716450684368625,14.556983926383536,704.6568542494924,713.0,8.343145750507619,0.07066497051642494,206,713,96739,713
43,30,selection,H50c_both,blur185,1.5,2.0,0.0355060802417756,9.34460521950557,482.5715922140396,487.0,4.4284077859603785,0.04536216125973578,206,487,96739,713
43,30,selection,H50c_both,disk,1.5,3.0,0.04458206323982153,13.75224607225917,704.5996632910744,713.0,8.400336708925556,0.06675847607892801,206,713,96739,713
43,30,selection,H50c_both,blur185,1.5,3.0,0.04788874105115288,13.072844651003173,527.8455436857485,536.0,8.15445631425148,0.06346041092719987,206,536,96739,713
43,30,selection,H50c_both,disk,2.8,2.0,0.05024911314392011,15.53694502796616,706.4550193939972,713.0,6.54498060600275,0.07542206324255418,206,713,96739,713
43,30,selection,H50c_both,blur185,2.8,2.0,0.027389045894038535,6.525673141793922,360.7668543599152,364.0,3.2331456400847434,0.03167802496016467,206,364,96739,713
43,30,selection,H50c_both,disk,2.8,3.0,0.0548617054643894,16.970466054548083,705.688165034082,713.0,7.311834965918007,0.08238090317741788,206,713,96739,713
43,30,selection,H50c_both,blur185,2.8,3.0,0.03453175900354827,8.251721670085024,362.5500938466243,367.0,4.449906153375705,0.040056901311092345,206,367,96739,713
43,30,selection,H50c_both,disk,3.6,2.0,0.06777249551267366,20.898666808474058,696.9264239147883,705.0,8.073576085211718,0.10144983887608766,206,705,96739,713
43,30,selection,H50c_both,blur185,3.6,2.0,0.02701029475415178,6.192339808460588,316.1001876932486,319.0,2.89981230675141,0.03005990198281839,206,319,96739,713
43,30,selection,H50c_both,disk,3.6,3.0,0.08319466314879466,25.56095166872773,686.6524724430794,697.0,10.347527556920618,0.1240822896540181,206,697,96739,713
43,30,selection,H50c_both,blur185,3.6,3.0,0.03607146604482917,8.251721670085024,311.55009384662424,316.0,4.449906153375705,0.040056901311092345,206,316,96739,713
43,30,selection,H50c_both,disk,4.6,2.0,0.043291555476592254,10.49906153375705,378.1001876932486,382.0,3.8998123067514103,0.05096631812503422,206,382,96739,713
43,30,selection,H50c_both,blur185,4.6,2.0,0.00933089459570428,1.9591941683758454,223.8834271799576,225.0,1.1165728200423717,0.009510651302795365,206,225,96739,713
43,30,selection,H50c_both,disk,4.6,3.0,0.05032060842061562,12.301608484674919,386.02149836741535,391.0,4.978501632584674,0.059716546042111254,206,391,96739,713
43,30,selection,H50c_both,blur185,4.6,3.0,0.009216765158939438,1.9591941683758454,236.8834271799576,238.0,1.1165728200423717,0.009510651302795365,206,238,96739,713
43,30,selection,H50c_both,disk,5.8,2.0,0.03470909426326242,7.461178039547942,243.35483170074866,246.0,2.64516829925134,0.03621931087159195,206,246,96739,713
43,30,selection,H50c_both,blur185,5.8,2.0,0.009856662042315223,1.9591941683758454,167.8834271799576,169.0,1.1165728200423717,0.009510651302795365,206,169,96739,713
43,30,selection,H50c_both,disk,5.8,3.0,0.04027843963764769,8.87320069871454,268.60947570824874,272.0,3.39052429175127,0.04307378979958514,206,272,96739,713
43,30,selection,H50c_both,blur185,5.8,3.0,0.00800252322985075,1.6258608350425119,190.21676051329098,191.0,0.7832394867090383,0.007892528325449087,206,191,96739,713
43,30,selection,RANDOM_fixed_seed,disk,1.5,2.0,0.04375324760617952,13.520559901172378,707.5715922140397,713.0,5.428407785960378,0.06563378592802126,206,713,96739,713
43,30,selection,RANDOM_fixed_seed,disk,1.5,3.0,0.04122543745738468,12.737320414463339,708.1001876932487,713.0,4.89981230675141,0.06183165249739485,206,713,96739,713
43,30,selection,RANDOM_fixed_seed,disk,2.8,2.0,0.04375324760617952,13.520559901172378,707.5715922140397,713.0,5.428407785960378,0.06563378592802126,206,713,96739,713
43,30,selection,RANDOM_fixed_seed,disk,2.8,3.0,0.04493804922154961,13.891776728714818,707.7668543599152,713.0,5.233145640084744,0.06743580936269329,206,713,96739,713
43,30,selection,RANDOM_fixed_seed,disk,3.6,2.0,0.04746390516153393,14.675016215423858,707.2382588807063,713.0,5.761741119293712,0.0712379427933197,206,713,96739,713
43,30,selection,RANDOM_fixed_seed,disk,3.6,3.0,0.04493804922154961,13.891776728714818,707.7668543599152,713.0,5.233145640084744,0.06743580936269329,206,713,96739,713
43,30,selection,RANDOM_fixed_seed,disk,4.6,2.0,0.03924837373312145,12.122731465593064,708.2382588807063,713.0,4.761741119293712,0.058848210998024585,206,713,96739,713
43,30,selection,RANDOM_fixed_seed,disk,4.6,3.0,0.037543191289494696,11.594135986384096,708.5122103524152,713.0,4.487789647584814,0.05628221352613639,206,713,96739,713
43,30,selection,RANDOM_fixed_seed,disk,5.8,2.0,0.0598374133991022,18.531831787344615,705.9836148732062,713.0,7.016385126793782,0.08996034848225541,206,713,96739,713
43,30,selection,RANDOM_fixed_seed,disk,5.8,3.0,0.06452588774177981,20.001045404929148,705.8455436857486,713.0,7.15445631425148,0.09709245342198615,206,713,96739,713
44,31,selection,R2_scarp9_topo,disk,1.5,2.0,0.08669322521487735,57.18566700549289,1308.976724793447,1336.0,27.023275206553016,0.11839682609832897,483,1336,181267,1336
44,31,selection,R2_scarp9_topo,blur185,1.5,2.0,0.04300886468264443,25.658217024561274,1025.240449783913,1036.0,10.759550216087215,0.05312260253532355,483,1036,181267,1336
44,31,selection,R2_scarp9_topo,disk,1.5,3.0,0.09463751358578468,62.4975019714109,1307.4437475078248,1336.0,28.556252492174984,0.12939441401948426,483,1336,181267,1336
44,31,selection,R2_scarp9_topo,blur185,1.5,3.0,0.054126183935257886,32.94855362306396,1078.7311617689127,1094.0,15.268838231087356,0.06821646712849681,483,1094,181267,1336
44,31,selection,R2_scarp9_topo,disk,2.8,2.0,0.09142182460768933,60.41766714730028,1311.9173429318225,1336.0,24.08265706817746,0.1250883377790896,483,1336,181267,1336
44,31,selection,R2_scarp9_topo,blur185,2.8,2.0,0.03906538717906256,21.365689522852094,781.2404497839127,790.0,8.759550216087213,0.04423538203489046,483,790,181267,1336
44,31,selection,R2_scarp9_topo,disk,2.8,3.0,0.10275890303779868,67.98195521751185,1307.8557701669915,1336.0,28.144229833008392,0.14074938968428954,483,1336,181267,1336
44,31,selection,R2_scarp9_topo,blur185,2.8,3.0,0.04255027456862414,23.03235618951876,751.4550193939972,761.0,9.54498060600275,0.047686037659459134,483,761,181267,1336
44,31,selection,R2_scarp9_topo,disk,3.6,2.0,0.07902890214714486,52.16813638042176,1316.4051325794073,1336.0,19.594867420592642,0.10800856393462062,483,1336,181267,1336
44,31,selection,R2_scarp9_topo,blur185,3.6,2.0,0.031312666839772435,16.329996931849482,659.2404497839127,666.0,6.759550216087213,0.03380951745724531,483,666,181267,1336
44,31,selection,R2_scarp9_topo,disk,3.6,3.0,0.0853207315848155,56.3655894295039,1314.793465967952,1336.0,21.206534032047873,0.11669894291822754,483,1336,181267,1336
44,31,selection,R2_scarp9_topo,blur185,3.6,3.0,0.034736535942114545,17.99666359851615,640.4550193939972,648.0,7.54498060600275,0.03726017308181397,483,648,181267,1336
44,31,selection,R2_scarp9_topo,disk,4.6,2.0,0.05323338677385589,31.045818978897493,952.9643074089975,964.0,11.035692591002611,0.06427705792732401,483,964,181267,1336
44,31,selection,R2_scarp9_topo,blur185,4.6,2.0,0.028879226135171635,13.980278471722368,474.49290288820634,480.0,5.507097111793641,0.02894467592489103,483,480,181267,1336
44,31,selection,R2_scarp9_topo,disk,4.6,3.0,0.05977917811962967,34.4957251322732,918.7668543599152,931.0,12.233145640084743,0.07141972077075197,483,931,181267,1336
44,31,selection,R2_scarp9_topo,blur185,4.6,3.0,0.0322023246153605,15.704136096806971,490.6502815398729,497.0,6.349718460127115,0.032513739330863295,483,497,181267,1336
44,31,selection,R2_scarp9_topo,disk,5.8,2.0,0.03171526203719418,16.33437873826248,626.8262362215397,633.0,6.173763778460309,0.033818589520212175,483,633,181267,1336
44,31,selection,R2_scarp9_topo,blur185,5.8,2.0,0.02149408950047493,9.865896554886495,353.159569554873,357.0,3.840430445126975,0.020426286863119036,483,357,181267,1336
44,31,selection,R2_scarp9_topo,disk,5.8,3.0,0.03862217263393868,20.11761822497152,652.2954498391242,660.0,7.704550160875775,0.04165138348855387,483,660,181267,1336
44,31,selection,R2_scarp9_topo,blur185,5.8,3.0,0.02469155286016641,11.589754179971099,403.31694820653956,408.0,4.683051793460448,0.0239953502690913,483,408,181267,1336
44,31,selection,R7_scarp9_polarity,disk,1.5,2.0,0.09099913931332494,60.08693878124225,1309.4244400436162,1336.0,26.575559956383817,0.12440359996116408,483,1336,181267,1336
44,31,selection,R7_scarp9_polarity,blur185,1.5,2.0,0.02940008381479883,16.701213759391926,891.6331649788706,899.0,7.366835021129445,0.03457808231758163,483,899,181267,1336
44,31,selection,R7_scarp9_polarity,disk,1.5,3.0,0.09799825992957571,64.75141454470243,1306.9508446196187,1336.0,29.04915538038135,0.13406089967847293,483,1336,181267,1336
44,31,selection,R7_scarp9_polarity,blur185,1.5,3.0,0.04225222786169828,24.522336740310067,945.376330068164,957.0,11.623669931836014,0.0507708835203107,483,957,181267,1336
44,31,selection,R7_scarp9_polarity,disk,2.8,2.0,0.08559708261558054,56.508042423374576,1312.3078672235738,1336.0,23.692132776426188,0.11699387665294943,483,1336,181267,1336
44,31,selection,R7_scarp9_polarity,blur185,2.8,2.0,0.02982482484295979,15.503760710309791,651.6331649788706,658.0,6.366835021129445,0.03209888345819833,483,658,181267,1336
44,31,selection,R7_scarp9_polarity,disk,2.8,3.0,0.09831923956260079,65.01221719775317,1309.1676051329096,1336.0,26.832394867090382,0.13460086376346414,483,1336,181267,1336
44,31,selection,R7_scarp9_polarity,blur185,2.8,3.0,0.036884618296077906,19.093928954349693,637.2382588807063,645.0,7.761741119293712,0.03953194400486479,483,645,181267,1336
44,31,selection,R7_scarp9_polarity,disk,3.6,2.0,0.057748792688199206,38.01847593665208,1321.6932782747035,1336.0,14.306721725296462,0.07871320069700223,483,1336,181267,1336
44,31,selection,R7_scarp9_polarity,blur185,3.6,2.0,0.027573116650379318,13.799210549434015,556.4950937914128,562.0,5.504906208587143,0.02856979409820707,483,562,181267,1336
44,31,selection,R7_scarp9_polarity,disk,3.6,3.0,0.06724712001102764,44.32957946836154,1319.691087371497,1336.0,16.308912628502963,0.0917796676363593,483,1336,181267,1336
44,31,selection,R7_scarp9_polarity,blur185,3.6,3.0,0.02966329717579689,14.801401452640516,548.1001876932486,554.0,5.899812306751409,0.03064472350443171,483,554,181267,1336
44,31,selection,R7_scarp9_polarity,disk,4.6,2.0,0.03281614395669186,17.981737940720322,789.7883527273306,797.0,7.211647272669417,0.03722927109879984,483,797,181267,1336
44,31,selection,R7_scarp9_polarity,blur185,4.6,2.0,0.02079820590675644,9.766440295846452,406.1380711874577,410.0,3.8619288125423017,0.020220373283325987,483,410,181267,1336
44,31,selection,R7_scarp9_polarity,disk,4.6,3.0,0.03844388208490665,21.019621434929427,780.7861618241241,789.0,8.213838175875916,0.04351888495844602,483,789,181267,1336
44,31,selection,R7_scarp9_polarity,blur185,4.6,3.0,0.02416176043563898,11.490297920931056,434.2954498391242,439.0,4.704550160875775,0.02378943668929825,483,439,181267,1336
44,31,selection,R7_scarp9_polarity,disk,5.8,2.0,0.03609787923915118,17.924546982302385,532.8455436857486,540.0,7.1544563142514805,0.03711086331739624,483,540,181267,1336
44,31,selection,R7_scarp9_polarity,blur185,5.8,2.0,0.017228940113950857,7.730747704843843,303.80473785412437,307.0,3.195262145875635,0.016005688829904437,483,307,181267,1336
44,31,selection,R7_scarp9_polarity,disk,5.8,3.0,0.04175852895512408,21.019621434929427,563.7861618241241,572.0,8.213838175875916,0.04351888495844602,483,572,181267,1336
44,31,selection,R7_scarp9_polarity,blur185,5.8,3.0,0.020496307628231493,9.454605329928446,364.96211650579085,369.0,4.037883494209109,0.0195747522358767,483,369,181267,1336
44,31,selection,H50a_corridor,disk,1.5,2.0,0.14406923746112069,95.52369611595981,1287.6773072119786,1336.0,48.32269278802144,0.19777162756927497,483,1336,181267,1336
44,31,selection,H50a_corridor,blur185,1.5,2.0,0.02836575374572559,16.044042139759803,880.0214983674153,887.0,6.978501632584673,0.03321747855022734,483,887,181267,1336
44,31,selection,H50a_corridor,disk,1.5,3.0,0.1471277161931458,97.58088707437774,1286.6157344471476,1336.0,49.38426555285238,0.20203082210016096,483,1336,181267,1336
44,31,selection,H50a_corridor,blur185,1.5,3.0,0.03892663558862467,22.472449925720177,932.0408058316241,943.0,10.959194168375847,0.04652681144041444,483,943,181267,1336
44,31,selection,H50a_corridor,disk,2.8,2.0,0.09366703118078375,61.91746011526588,1311.272174632571,1336.0,24.727825367428796,0.12819349920344902,483,1336,181267,1336
44,31,selection,H50a_corridor,blur185,2.8,2.0,0.02797430883682355,14.456064798926398,637.3548317007487,643.0,5.64516829925134,0.029929740784526704,483,643,181267,1336
44,31,selection,H50a_corridor,disk,2.8,3.0,0.10517667689488135,69.6234697451396,1308.2106018677403,1336.0,27.789398132259734,0.14414797048683148,483,1336,181267,1336
44,31,selection,H50a_corridor,blur185,2.8,3.0,0.03310698502517837,16.965352813926536,613.2360679774997,620.0,6.76393202250021,0.035124954066100486,483,620,181267,1336
44,31,selection,H50a_corridor,disk,3.6,2.0,0.06422233907597219,42.323006758742046,1320.714776642119,1336.0,15.285223357881137,0.0876252727924266,483,1336,181267,1336
44,31,selection,H50a_corridor,blur185,3.6,2.0,0.02403202919835184,11.868087458092994,525.3548317007486,530.0,4.64516829925134,0.024571609644084873,483,530,181267,1336
44,31,selection,H50a_corridor,disk,3.6,3.0,0.06761362329979687,44.58203257265511,1320.2411812181213,1336.0,15.758818781878665,0.09230234487092155,483,1336,181267,1336
44,31,selection,H50a_corridor,blur185,3.6,3.0,0.029215022602110296,14.377375473093133,514.2360679774997,520.0,5.76393202250021,0.029766822925658663,483,520,181267,1336
44,31,selection,H50a_corridor,disk,4.6,2.0,0.03463756665983768,18.805783259053513,763.8455436857485,771.0,7.15445631425148,0.03893536906636338,483,771,181267,1336
44,31,selection,H50a_corridor,blur185,4.6,2.0,0.022375211108138525,10.401796177923506,382.0,386.0,4.0,0.021535809892181172,483,386,181267,1336
44,31,selection,H50a_corridor,disk,4.6,3.0,0.03864833127310835,20.92454698230238,754.1194951574573,762.0,7.8805048425425825,0.043322043441619836,483,762,181267,1336
44,31,selection,H50a_corridor,blur185,4.6,3.0,0.025774223670598468,12.125653803008111,408.1573786516665,413.0,4.8426213483334735,0.02510487329815344,483,413,181267,1336
44,31,selection,H50a_corridor,disk,5.8,2.0,0.03289348784078725,16.105614904590738,500.04080583162414,506.0,5.959194168375845,0.0333449583945978,483,506,181267,1336
44,31,selection,H50a_corridor,blur185,5.8,2.0,0.02334961791754924,10.401796177923506,285.0,289.0,4.0,0.021535809892181172,483,289,181267,1336
44,31,selection,H50a_corridor,disk,5.8,3.0,0.03786880513111398,18.81016506546651,532.7861618241241,540.0,7.213838175875916,0.03894444112933025,483,540,181267,1336
44,31,selection,H50a_corridor,blur185,5.8,3.0,0.026471954843965452,12.125653803008111,346.1573786516665,351.0,4.8426213483334735,0.02510487329815344,483,351,181267,1336
44,31,selection,H50b_kth_ridge,disk,1.5,2.0,0.10963694797435511,72.51826890461768,1302.6820063885311,1336.0,33.3179936114687,0.1501413434878213,483,1336,181267,1336
44,31,selection,H50b_kth_ridge,blur185,1.5,2.0,0.04097850649544707,23.85347917043691,954.6331649788705,964.0,9.366835021129445,0.04938608523899981,483,964,181267,1336
44,31,selection,H50b_kth_ridge,disk,1.5,3.0,0.11474525701321242,75.92810066057777,1300.6226245269067,1336.0,35.37737547309314,0.1572010365643432,483,1336,181267,1336
44,31,selection,H50b_kth_ridge,blur185,1.5,3.0,0.05549154395083888,33.048741316312544,1012.7690452631218,1027.0,14.230954736878246,0.06842389506482928,483,1027,181267,1336
44,31,selection,H50b_kth_ridge,disk,2.8,2.0,0.09781676031805764,64.67888386441984,1309.4459384110314,1336.0,26.55406158896849,0.1339107326385504,483,1336,181267,1336
44,31,selection,H50b_kth_ridge,blur185,2.8,2.0,0.03920961812537649,20.972974327894327,721.4950937914128,729.0,7.504906208587142,0.043422307097089705,483,729,181267,1336
44,31,selection,H50b_kth_ridge,disk,2.8,3.0,0.1088515347177576,72.0814114765519,1306.915152028616,1336.0,29.084847971383958,0.14923687676304742,483,1336,181267,1336
44,31,selection,H50b_kth_ridge,blur185,2.8,3.0,0.0494930227182441,26.210501774392064,689.688165034082,699.0,9.311834965918008,0.05426604922234382,483,699,181267,1336
44,31,selection,H50b_kth_ridge,disk,3.6,2.0,0.06339048648552828,41.75214597891096,1319.4980161288279,1336.0,16.501983871172097,0.08644336641596471,483,1336,181267,1336
44,31,selection,H50b_kth_ridge,blur185,3.6,2.0,0.04066944746612983,20.972974327894327,625.4950937914128,633.0,7.504906208587144,0.043422307097089705,483,633,181267,1336
44,31,selection,H50b_kth_ridge,disk,3.6,3.0,0.07368111317837706,48.59476732724444,1317.0459190722456,1336.0,18.9540809277543,0.10061028432141707,483,1336,181267,1336
44,31,selection,H50b_kth_ridge,blur185,3.6,3.0,0.04627674156410359,23.622524433558663,596.688165034082,605.0,8.311834965918008,0.048907918081901994,483,605,181267,1336
44,31,selection,H50b_kth_ridge,disk,4.6,2.0,0.0479587400805103,27.179508359942197,874.4550193939972,885.0,10.544980606002751,0.05627227403714741,483,885,181267,1336
44,31,selection,H50b_kth_ridge,blur185,4.6,2.0,0.025064248815734335,12.058967797555631,461.5522847498308,466.0,4.447715250169207,0.02496680703427667,483,466,181267,1336
44,31,selection,H50b_kth_ridge,disk,4.6,3.0,0.05283639068535469,29.96493874985773,873.6695890040817,885.0,11.330410995918289,0.06203921066223132,483,885,181267,1336
44,31,selection,H50b_kth_ridge,blur185,4.6,3.0,0.030326532410345358,14.765708861637904,487.688165034082,493.0,5.311834965918007,0.030570825800492554,483,493,181267,1336
44,31,selection,H50b_kth_ridge,disk,5.8,2.0,0.03772752501667921,19.091738051143196,579.1216860606639,587.0,7.878313939336083,0.039527407973381355,483,587,181267,1336
44,31,selection,H50b_kth_ridge,blur185,5.8,2.0,0.019885181766541662,9.14277036401044,357.7475468957064,361.0,3.252453104293572,0.01892913118842741,483,361,181267,1336
44,31,selection,H50b_kth_ridge,disk,5.8,3.0,0.04265863409680204,21.877168441058732,610.3362556707484,619.0,8.663744329251621,0.045294344598465285,483,619,181267,1336
44,31,selection,H50b_kth_ridge,blur185,5.8,3.0,0.026493728760727635,12.494679727344053,413.55009384662435,418.0,4.449906153375705,0.02586890212700632,483,418,181267,1336
44,31,selection,H50c_both,disk,1.5,2.0,0.15059717362980288,99.95607504368354,1286.7009964826004,1336.0,49.299003517399626,0.2069483955355767,483,1336,181267,1336
44,31,selection,H50c_both,blur185,1.5,2.0,0.037600822670873967,21.72490303001375,935.1617604580795,944.0,8.838239541920476,0.04497909530023551,483,944,181267,1336
44,31,selection,H50c_both,disk,1.5,3.0,0.1572379355245728,104.46536305868368,1285.4226632044786,1336.0,50.57733679552152,0.21628439556663287,483,1336,181267,1336
44,31,selection,H50c_both,blur185,1.5,3.0,0.050693315828506724,29.841475850056124,981.4929028882063,995.0,13.507097111793641,0.061783593892455746,483,995,181267,1336
44,31,selection,H50c_both,disk,2.8,2.0,0.10311307647494357,68.21802319501165,1307.7049642249444,1336.0,28.295035775055425,0.1412381432608937,483,1336,181267,1336
44,31,selection,H50c_both,blur185,2.8,2.0,0.03215569124614175,17.099042194971236,709.6903559372885,716.0,6.3096440627115085,0.035401743674888686,483,716,181267,1336
44,31,selection,H50c_both,disk,2.8,3.0,0.1169697029996994,77.5269358235146,1304.448129314238,1336.0,31.55187068576199,0.1605112542929909,483,1336,181267,1336
44,31,selection,H50c_both,blur185,2.8,3.0,0.038700769781337095,20.35587710567781,677.5500938466242,685.0,7.449906153375705,0.042144673096641425,483,685,181267,1336
44,31,selection,H50c_both,disk,3.6,2.0,0.07127392618751564,47.00240817999804,1318.3049448861589,1336.0,17.695055113841235,0.09731347449274957,483,1336,181267,1336
44,31,selection,H50c_both,blur185,3.6,2.0,0.033504023113127133,17.099042194971236,602.6903559372885,609.0,6.3096440627115085,0.035401743674888686,483,609,181267,1336
44,31,selection,H50c_both,disk,3.6,3.0,0.0781391212793634,51.57107805662262,1316.3814433087855,1336.0,19.618556691214472,0.10677241833669279,483,1336,181267,1336
44,31,selection,H50c_both,blur185,3.6,3.0,0.04016699384079265,20.35587710567781,581.5500938466242,589.0,7.449906153375705,0.042144673096641425,483,589,181267,1336
44,31,selection,H50c_both,disk,4.6,2.0,0.04940174292270522,27.574414458106464,831.2597572481216,842.0,10.740242751878386,0.057089885006431605,483,842,181267,1336
44,31,selection,H50c_both,blur185,4.6,2.0,0.03549133971295813,16.984660278135365,443.80473785412437,450.0,6.195262145875636,0.0351649281120815,483,450,181267,1336
44,31,selection,H50c_both,disk,4.6,3.0,0.04944299532711807,27.59591282552179,831.0838025664548,842.0,10.916197433545191,0.05713439508389605,483,842,181267,1336
44,31,selection,H50c_both,blur185,4.6,3.0,0.03902768985794192,18.905970952302102,471.216760513291,478.0,6.783239486709038,0.039142797002695864,483,478,181267,1336
44,31,selection,H50c_both,disk,5.8,2.0,0.0327141480173346,16.315802708262197,545.376330068164,552.0,6.623669931836012,0.0337801298307706,483,552,181267,1336
44,31,selection,H50c_both,blur185,5.8,2.0,0.022016798982589365,10.0899612120055,349.3333333333333,353.0,3.666666666666667,0.020890188844731886,483,353,181267,1336
44,31,selection,H50c_both,disk,5.8,3.0,0.03729874324334184,18.9037800490956,583.2003753864972,591.0,7.79962461350282,0.039138260971212424,483,591,181267,1336
44,31,selection,H50c_both,blur185,5.8,3.0,0.02873880059711947,13.49906153375705,403.07868932583324,408.0,4.921310674166738,0.02794836756471439,483,408,181267,1336
44,31,selection,RANDOM_fixed_seed,disk,1.5,2.0,0.046645742454619575,30.64287730269664,1321.9953008234472,1336.0,14.004699176552743,0.06344281015051065,483,1336,181267,1336
44,31,selection,RANDOM_fixed_seed,disk,1.5,3.0,0.046818749144048113,30.75945012273901,1322.1905629693229,1336.0,13.809437030677106,0.06368416174480127,483,1336,181267,1336
44,31,selection,RANDOM_fixed_seed,disk,2.8,2.0,0.05110743962182494,33.59988056786598,1321.5810872610741,1336.0,14.418912738925837,0.06956497011980534,483,1336,181267,1336
44,31,selection,RANDOM_fixed_seed,disk,2.8,3.0,0.0503034140990712,33.071285088657014,1322.1096827402832,1336.0,13.890317259716868,0.06847056954173295,483,1336,181267,1336
44,31,selection,RANDOM_fixed_seed,disk,3.6,2.0,0.05110743962182494,33.59988056786598,1321.5810872610741,1336.0,14.418912738925837,0.06956497011980534,483,1336,181267,1336
44,31,selection,RANDOM_fixed_seed,disk,3.6,3.0,0.053674584777052614,35.30443072874176,1321.4430160736165,1336.0,14.556983926383534,0.0730940594797966,483,1336,181267,1336
44,31,selection,RANDOM_fixed_seed,disk,4.6,2.0,0.05831296339692562,38.38019771715997,1320.5002070320343,1336.0,15.499792967965597,0.07946210707486537,483,1336,181267,1336
44,31,selection,RANDOM_fixed_seed,disk,4.6,3.0,0.05831296339692562,38.38019771715997,1320.5002070320343,1336.0,15.499792967965597,0.07946210707486537,483,1336,181267,1336
44,31,selection,RANDOM_fixed_seed,disk,5.8,2.0,0.051515194215630306,33.876022942781375,1322.0881843728675,1336.0,13.911815627132194,0.07013669346331548,483,1336,181267,1336
44,31,selection,RANDOM_fixed_seed,disk,5.8,3.0,0.051515194215630306,33.876022942781375,1322.0881843728678,1336.0,13.911815627132196,0.07013669346331548,483,1336,181267,1336
45,32,calibration,R2_scarp9_topo,disk,1.5,2.0,0.1461951182276822,11.83531720450543,136.94280904158205,142.0,5.057190958417936,0.18492683132039733,64,142,19268,142
45,32,calibration,R2_scarp9_topo,blur185,1.5,2.0,0.07008376211201411,4.937695800960519,91.33333333333333,93.0,1.6666666666666667,0.07715149689000811,64,93,19268,142
45,32,calibration,R2_scarp9_topo,disk,1.5,3.0,0.1461951182276822,11.83531720450543,136.94280904158205,142.0,5.057190958417936,0.18492683132039733,64,142,19268,142
45,32,calibration,R2_scarp9_topo,blur185,1.5,3.0,0.07008376211201411,4.937695800960519,91.33333333333333,93.0,1.6666666666666667,0.07715149689000811,64,93,19268,142
45,32,calibration,R2_scarp9_topo,disk,2.8,2.0,0.10949846620546143,8.83531720450543,138.60947570824874,142.0,3.3905242917512695,0.13805183132039733,64,142,19268,142
45,32,calibration,R2_scarp9_topo,blur185,2.8,2.0,0.07363737650864303,4.937695800960519,74.33333333333333,76.0,1.6666666666666667,0.07715149689000811,64,76,19268,142
45,32,calibration,R2_scarp9_topo,disk,2.8,3.0,0.10949846620546143,8.83531720450543,138.60947570824874,142.0,3.3905242917512695,0.13805183132039733,64,142,19268,142
45,32,calibration,R2_scarp9_topo,blur185,2.8,3.0,0.07363737650864303,4.937695800960519,74.33333333333333,76.0,1.6666666666666667,0.07715149689000811,64,76,19268,142
45,32,calibration,R2_scarp9_topo,disk,3.6,2.0,0.08494917818589792,6.837508107711928,139.60947570824874,142.0,2.39052429175127,0.10683606418299887,64,142,19268,142
45,32,calibration,R2_scarp9_topo,blur185,3.6,2.0,0.07708620748975083,4.937695800960519,59.33333333333333,61.0,1.6666666666666667,0.07715149689000811,64,61,19268,142
45,32,calibration,R2_scarp9_topo,disk,3.6,3.0,0.08494917818589792,6.837508107711928,139.60947570824874,142.0,2.39052429175127,0.10683606418299887,64,142,19268,142
45,32,calibration,R2_scarp9_topo,blur185,3.6,3.0,0.07708620748975083,4.937695800960519,59.33333333333333,61.0,1.6666666666666667,0.07715149689000811,64,61,19268,142
45,32,calibration,R2_scarp9_topo,disk,4.6,2.0,0.05263239885038425,3.604362467627185,82.80473785412437,84.0,1.195262145875635,0.056318163556674766,64,84,19268,142
45,32,calibration,R2_scarp9_topo,blur185,4.6,2.0,0.08087396656936388,4.937695800960519,44.33333333333333,46.0,1.6666666666666667,0.07715149689000811,64,46,19268,142
45,32,calibration,R2_scarp9_topo,disk,4.6,3.0,0.05263239885038425,3.604362467627185,82.80473785412437,84.0,1.195262145875635,0.056318163556674766,64,84,19268,142
45,32,calibration,R2_scarp9_topo,blur185,4.6,3.0,0.08087396656936388,4.937695800960519,44.33333333333333,46.0,1.6666666666666667,0.07715149689000811,64,46,19268,142
45,32,calibration,R2_scarp9_topo,disk,5.8,2.0,0.05572450595918977,3.604362467627185,63.80473785412436,65.0,1.195262145875635,0.056318163556674766,64,65,19268,142
45,32,calibration,R2_scarp9_topo,blur185,5.8,2.0,0.08277196439915194,4.937695800960519,37.33333333333333,39.0,1.6666666666666667,0.07715149689000811,64,39,19268,142
45,32,calibration,R2_scarp9_topo,disk,5.8,3.0,0.05572450595918977,3.604362467627185,63.80473785412436,65.0,1.195262145875635,0.056318163556674766,64,65,19268,142
45,32,calibration,R2_scarp9_topo,blur185,5.8,3.0,0.08277196439915194,4.937695800960519,37.33333333333333,39.0,1.6666666666666667,0.07715149689000811,64,39,19268,142
45,32,calibration,R7_scarp9_polarity,disk,1.5,2.0,0.12466791516450713,10.07357608521172,137.94280904158205,142.0,4.057190958417936,0.15739962633143312,64,142,19268,142
45,32,calibration,R7_scarp9_polarity,blur185,1.5,2.0,0.04267015880253382,2.7974337102963216,69.0,70.0,1.0,0.043709901723380025,64,70,19268,142
45,32,calibration,R7_scarp9_polarity,disk,1.5,3.0,0.12466791516450713,10.07357608521172,137.94280904158205,142.0,4.057190958417936,0.15739962633143312,64,142,19268,142
45,32,calibration,R7_scarp9_polarity,blur185,1.5,3.0,0.04267015880253382,2.7974337102963216,69.0,70.0,1.0,0.043709901723380025,64,70,19268,142
45,32,calibration,R7_scarp9_polarity,disk,2.8,2.0,0.14760717786396152,11.973388391963129,137.60947570824874,142.0,4.3905242917512695,0.18708419362442388,64,142,19268,142
45,32,calibration,R7_scarp9_polarity,blur185,2.8,2.0,0.045149400961666225,2.7974337102963216,51.0,52.0,1.0,0.043709901723380025,64,52,19268,142
45,32,calibration,R7_scarp9_polarity,disk,2.8,3.0,0.14760717786396152,11.973388391963129,137.60947570824874,142.0,4.3905242917512695,0.18708419362442388,64,142,19268,142
45,32,calibration,R7_scarp9_polarity,blur185,2.8,3.0,0.045149400961666225,2.7974337102963216,51.0,52.0,1.0,0.043709901723380025,64,52,19268,142
45,32,calibration,R7_scarp9_polarity,disk,3.6,2.0,0.0943749123651329,7.604362467627185,139.2761423749154,142.0,2.7238576250846034,0.11881816355667477,64,142,19268,142
45,32,calibration,R7_scarp9_polarity,blur185,3.6,2.0,0.04619315421564538,2.7974337102963216,44.0,45.0,1.0,0.043709901723380025,64,45,19268,142
45,32,calibration,R7_scarp9_polarity,disk,3.6,3.0,0.0943749123651329,7.604362467627185,139.2761423749154,142.0,2.7238576250846034,0.11881816355667477,64,142,19268,142
45,32,calibration,R7_scarp9_polarity,blur185,3.6,3.0,0.04619315421564538,2.7974337102963216,44.0,45.0,1.0,0.043709901723380025,64,45,19268,142
45,32,calibration,R7_scarp9_polarity,disk,4.6,2.0,0.06546822586474693,4.371216827542442,73.47140452079103,75.0,1.5285954792089682,0.06830026293035066,64,75,19268,142
45,32,calibration,R7_scarp9_polarity,blur185,4.6,2.0,0.046655397874411475,2.7974337102963216,41.0,42.0,1.0,0.043709901723380025,64,42,19268,142
45,32,calibration,R7_scarp9_polarity,disk,4.6,3.0,0.06546822586474693,4.371216827542442,73.47140452079103,75.0,1.5285954792089682,0.06830026293035066,64,75,19268,142
45,32,calibration,R7_scarp9_polarity,blur185,4.6,3.0,0.046655397874411475,2.7974337102963216,41.0,42.0,1.0,0.043709901723380025,64,42,19268,142
45,32,calibration,R7_scarp9_polarity,disk,5.8,2.0,0.0700869048727571,4.371216827542442,51.47140452079103,53.0,1.5285954792089682,0.06830026293035066,64,53,19268,142
45,32,calibration,R7_scarp9_polarity,blur185,5.8,2.0,0.04793451530272255,2.7974337102963216,33.0,34.0,1.0,0.043709901723380025,64,34,19268,142
45,32,calibration,R7_scarp9_polarity,disk,5.8,3.0,0.0700869048727571,4.371216827542442,51.47140452079103,53.0,1.5285954792089682,0.06830026293035066,64,53,19268,142
45,32,calibration,R7_scarp9_polarity,blur185,5.8,3.0,0.04793451530272255,2.7974337102963216,33.0,34.0,1.0,0.043709901723380025,64,34,19268,142
45,32,calibration,H50a_corridor,disk,1.5,2.0,0.12466791516450713,10.07357608521172,137.94280904158205,142.0,4.057190958417936,0.15739962633143312,64,142,19268,142
45,32,calibration,H50a_corridor,blur185,1.5,2.0,0.04241139293936451,2.7974337102963216,71.0,72.0,1.0,0.043709901723380025,64,72,19268,142
45,32,calibration,H50a_corridor,disk,1.5,3.0,0.12466791516450713,10.07357608521172,137.94280904158205,142.0,4.057190958417936,0.15739962633143312,64,142,19268,142
45,32,calibration,H50a_corridor,blur185,1.5,3.0,0.04241139293936451,2.7974337102963216,71.0,72.0,1.0,0.043709901723380025,64,72,19268,142
45,32,calibration,H50a_corridor,disk,2.8,2.0,0.15716422981887518,12.756627878672168,137.08088022903976,142.0,4.919119770960238,0.19932231060425262,64,142,19268,142
45,32,calibration,H50a_corridor,blur185,2.8,2.0,0.04443228264800145,2.7974337102963216,56.0,57.0,1.0,0.043709901723380025,64,57,19268,142
45,32,calibration,H50a_corridor,disk,2.8,3.0,0.15716422981887518,12.756627878672168,137.08088022903976,142.0,4.919119770960238,0.19932231060425262,64,142,19268,142
45,32,calibration,H50a_corridor,blur185,2.8,3.0,0.04443228264800145,2.7974337102963216,56.0,57.0,1.0,0.043709901723380025,64,57,19268,142
45,32,calibration,H50a_corridor,disk,3.6,2.0,0.12422991634286597,10.05426862100289,138.60947570824874,142.0,3.39052429175127,0.15709794720317016,64,142,19268,142
45,32,calibration,H50a_corridor,blur185,3.6,2.0,0.04589004697715367,2.7974337102963216,46.0,47.0,1.0,0.043709901723380025,64,47,19268,142
45,32,calibration,H50a_corridor,disk,3.6,3.0,0.12422991634286597,10.05426862100289,138.60947570824874,142.0,3.39052429175127,0.15709794720317016,64,142,19268,142
45,32,calibration,H50a_corridor,blur185,3.6,3.0,0.04589004697715367,2.7974337102963216,46.0,47.0,1.0,0.043709901723380025,64,47,19268,142
45,32,calibration,H50a_corridor,disk,4.6,2.0,0.07690985345371264,5.15445631425148,73.94280904158207,76.0,2.0571909584179364,0.08053837991017937,64,76,19268,142
45,32,calibration,H50a_corridor,blur185,4.6,2.0,0.04681154177864476,2.7974337102963216,40.0,41.0,1.0,0.043709901723380025,64,41,19268,142
45,32,calibration,H50a_corridor,disk,4.6,3.0,0.07690985345371264,5.15445631425148,73.94280904158207,76.0,2.0571909584179364,0.08053837991017937,64,76,19268,142
45,32,calibration,H50a_corridor,blur185,4.6,3.0,0.04681154177864476,2.7974337102963216,40.0,41.0,1.0,0.043709901723380025,64,41,19268,142
45,32,calibration,H50a_corridor,disk,5.8,2.0,0.0700869048727571,4.371216827542442,51.47140452079103,53.0,1.5285954792089682,0.06830026293035066,64,53,19268,142
45,32,calibration,H50a_corridor,blur185,5.8,2.0,0.04793451530272255,2.7974337102963216,33.0,34.0,1.0,0.043709901723380025,64,34,19268,142
45,32,calibration,H50a_corridor,disk,5.8,3.0,0.0700869048727571,4.371216827542442,51.47140452079103,53.0,1.5285954792089682,0.06830026293035066,64,53,19268,142
45,32,calibration,H50a_corridor,blur185,5.8,3.0,0.04793451530272255,2.7974337102963216,33.0,34.0,1.0,0.043709901723380025,64,34,19268,142
45,32,calibration,H50b_kth_ridge,disk,1.5,2.0,0.13737933842048985,11.109268676214327,137.21895141649748,142.0,4.78104858350254,0.17358232306584886,64,142,19268,142
45,32,calibration,H50b_kth_ridge,blur185,1.5,2.0,0.034170968485010916,2.2524531042935716,71.33333333333333,72.0,0.6666666666666667,0.035194579754587056,64,72,19268,142
45,32,calibration,H50b_kth_ridge,disk,1.5,3.0,0.13737933842048985,11.109268676214327,137.21895141649748,142.0,4.78104858350254,0.17358232306584886,64,142,19268,142
45,32,calibration,H50b_kth_ridge,blur185,1.5,3.0,0.034170968485010916,2.2524531042935716,71.33333333333333,72.0,0.6666666666666667,0.035194579754587056,64,72,19268,142
45,32,calibration,H50b_kth_ridge,disk,2.8,2.0,0.1227040608729581,9.932582560338975,138.80473785412437,142.0,3.1952621458756347,0.1551966025052965,64,142,19268,142
45,32,calibration,H50b_kth_ridge,blur185,2.8,2.0,0.0350210301463434,2.2524531042935716,63.33333333333333,64.0,0.6666666666666667,0.035194579754587056,64,64,19268,142
45,32,calibration,H50b_kth_ridge,disk,2.8,3.0,0.1227040608729581,9.932582560338975,138.80473785412437,142.0,3.1952621458756347,0.1551966025052965,64,142,19268,142
45,32,calibration,H50b_kth_ridge,blur185,2.8,3.0,0.0350210301463434,2.2524531042935716,63.33333333333333,64.0,0.6666666666666667,0.035194579754587056,64,64,19268,142
45,32,calibration,H50b_kth_ridge,disk,3.6,2.0,0.07211078449169896,5.799624613502821,140.33333333333331,142.0,1.6666666666666667,0.09061913458598157,64,142,19268,142
45,32,calibration,H50b_kth_ridge,blur185,3.6,2.0,0.035462120795130614,2.2524531042935716,59.33333333333333,60.0,0.6666666666666667,0.035194579754587056,64,60,19268,142
45,32,calibration,H50b_kth_ridge,disk,3.6,3.0,0.07211078449169896,5.799624613502821,140.33333333333331,142.0,1.6666666666666667,0.09061913458598157,64,142,19268,142
45,32,calibration,H50b_kth_ridge,blur185,3.6,3.0,0.035462120795130614,2.2524531042935716,59.33333333333333,60.0,0.6666666666666667,0.035194579754587056,64,60,19268,142
45,32,calibration,H50b_kth_ridge,disk,4.6,2.0,0.04906578618605695,3.3497184601271153,82.0,83.0,1.0,0.052339350939486176,64,83,19268,142
45,32,calibration,H50b_kth_ridge,blur185,4.6,2.0,0.03661503885437654,2.2524531042935716,49.33333333333333,50.0,0.6666666666666667,0.035194579754587056,64,50,19268,142
45,32,calibration,H50b_kth_ridge,disk,4.6,3.0,0.04906578618605695,3.3497184601271153,82.0,83.0,1.0,0.052339350939486176,64,83,19268,142
45,32,calibration,H50b_kth_ridge,blur185,4.6,3.0,0.03661503885437654,2.2524531042935716,49.33333333333333,50.0,0.6666666666666667,0.035194579754587056,64,50,19268,142
45,32,calibration,H50b_kth_ridge,disk,5.8,2.0,0.05228221326724831,3.3497184601271153,61.0,62.0,1.0,0.052339350939486176,64,62,19268,142
45,32,calibration,H50b_kth_ridge,blur185,5.8,2.0,0.03771869269410217,2.2524531042935716,40.33333333333333,41.0,0.6666666666666667,0.035194579754587056,64,41,19268,142
45,32,calibration,H50b_kth_ridge,disk,5.8,3.0,0.05228221326724831,3.3497184601271153,61.0,62.0,1.0,0.052339350939486176,64,62,19268,142
45,32,calibration,H50b_kth_ridge,blur185,5.8,3.0,0.03771869269410217,2.2524531042935716,40.33333333333333,41.0,0.6666666666666667,0.035194579754587056,64,41,19268,142
45,32,calibration,H50c_both,disk,1.5,2.0,0.1701071914523367,13.813818837090103,136.21895141649748,142.0,5.781048583502539,0.21584091932953287,64,142,19268,142
45,32,calibration,H50c_both,blur185,1.5,2.0,0.034274962540430894,2.2524531042935716,70.33333333333333,71.0,0.6666666666666667,0.035194579754587056,64,71,19268,142
45,32,calibration,H50c_both,disk,1.5,3.0,0.1701071914523367,13.813818837090103,136.21895141649748,142.0,5.781048583502539,0.21584091932953287,64,142,19268,142
45,32,calibration,H50c_both,blur185,1.5,3.0,0.034274962540430894,2.2524531042935716,70.33333333333333,71.0,0.6666666666666667,0.035194579754587056,64,71,19268,142
45,32,calibration,H50c_both,disk,2.8,2.0,0.08967052970550315,7.228032399463199,139.80473785412437,142.0,2.1952621458756347,0.11293800624161249,64,142,19268,142
45,32,calibration,H50c_both,blur185,2.8,2.0,0.03491246668316951,2.2524531042935716,64.33333333333333,65.0,0.6666666666666667,0.035194579754587056,64,65,19268,142
45,32,calibration,H50c_both,disk,2.8,3.0,0.08967052970550315,7.228032399463199,139.80473785412437,142.0,2.1952621458756347,0.11293800624161249,64,142,19268,142
45,32,calibration,H50c_both,blur185,2.8,3.0,0.03491246668316951,2.2524531042935716,64.33333333333333,65.0,0.6666666666666667,0.035194579754587056,64,65,19268,142
45,32,calibration,H50c_both,disk,3.6,2.0,0.07211078449169896,5.799624613502821,140.33333333333334,142.0,1.666666666666667,0.09061913458598157,64,142,19268,142
45,32,calibration,H50c_both,blur185,3.6,2.0,0.035462120795130614,2.2524531042935716,59.33333333333333,60.0,0.6666666666666667,0.035194579754587056,64,60,19268,142
45,32,calibration,H50c_both,disk,3.6,3.0,0.07211078449169896,5.799624613502821,140.33333333333334,142.0,1.666666666666667,0.09061913458598157,64,142,19268,142
45,32,calibration,H50c_both,blur185,3.6,3.0,0.035462120795130614,2.2524531042935716,59.33333333333333,60.0,0.6666666666666667,0.035194579754587056,64,60,19268,142
45,32,calibration,H50c_both,disk,4.6,2.0,0.04906578618605695,3.3497184601271153,82.0,83.0,1.0,0.052339350939486176,64,83,19268,142
45,32,calibration,H50c_both,blur185,4.6,2.0,0.03673446721822806,2.2524531042935716,48.33333333333333,49.0,0.6666666666666667,0.035194579754587056,64,49,19268,142
45,32,calibration,H50c_both,disk,4.6,3.0,0.04906578618605695,3.3497184601271153,82.0,83.0,1.0,0.052339350939486176,64,83,19268,142
45,32,calibration,H50c_both,blur185,4.6,3.0,0.03673446721822806,2.2524531042935716,48.33333333333333,49.0,0.6666666666666667,0.035194579754587056,64,49,19268,142
45,32,calibration,H50c_both,disk,5.8,2.0,0.052445927873039554,3.3497184601271153,60.0,61.0,1.0,0.052339350939486176,64,61,19268,142
45,32,calibration,H50c_both,blur185,5.8,2.0,0.03784544166671147,2.2524531042935716,39.33333333333333,40.0,0.6666666666666667,0.035194579754587056,64,40,19268,142
45,32,calibration,H50c_both,disk,5.8,3.0,0.052445927873039554,3.3497184601271153,60.0,61.0,1.0,0.052339350939486176,64,61,19268,142
45,32,calibration,H50c_both,blur185,5.8,3.0,0.03784544166671147,2.2524531042935716,39.33333333333333,40.0,0.6666666666666667,0.035194579754587056,64,40,19268,142
45,32,calibration,RANDOM_fixed_seed,disk,1.5,2.0,0.025486360469380322,2.0356925910026096,141.33333333333331,142.0,0.6666666666666667,0.031807696734415775,64,142,19268,142
45,32,calibration,RANDOM_fixed_seed,disk,1.5,3.0,0.025486360469380322,2.0356925910026096,141.33333333333331,142.0,0.6666666666666667,0.031807696734415775,64,142,19268,142
45,32,calibration,RANDOM_fixed_seed,disk,2.8,2.0,0.025486360469380322,2.0356925910026096,141.33333333333331,142.0,0.6666666666666667,0.031807696734415775,64,142,19268,142
45,32,calibration,RANDOM_fixed_seed,disk,2.8,3.0,0.025486360469380322,2.0356925910026096,141.33333333333331,142.0,0.6666666666666667,0.031807696734415775,64,142,19268,142
45,32,calibration,RANDOM_fixed_seed,disk,3.6,2.0,0.025486360469380322,2.0356925910026096,141.33333333333331,142.0,0.6666666666666667,0.031807696734415775,64,142,19268,142
45,32,calibration,RANDOM_fixed_seed,disk,3.6,3.0,0.025486360469380322,2.0356925910026096,141.33333333333331,142.0,0.6666666666666667,0.031807696734415775,64,142,19268,142
45,32,calibration,RANDOM_fixed_seed,disk,4.6,2.0,0.025486360469380322,2.0356925910026096,141.33333333333331,142.0,0.6666666666666667,0.031807696734415775,64,142,19268,142
45,32,calibration,RANDOM_fixed_seed,disk,4.6,3.0,0.025486360469380322,2.0356925910026096,141.33333333333331,142.0,0.6666666666666667,0.031807696734415775,64,142,19268,142
45,32,calibration,RANDOM_fixed_seed,disk,5.8,2.0,0.061763302191461006,4.957003265169346,140.33333333333331,142.0,1.6666666666666667,0.07745317601827104,64,142,19268,142
45,32,calibration,RANDOM_fixed_seed,disk,5.8,3.0,0.061763302191461006,4.957003265169346,140.33333333333331,142.0,1.6666666666666667,0.07745317601827104,64,142,19268,142
51,33,selection,R2_scarp9_topo,disk,1.5,2.0,0.08838888208462495,34.28626876281028,725.2262555603255,741.0,15.773744439674497,0.11622463987393315,295,741,100517,741
51,33,selection,R2_scarp9_topo,blur185,1.5,2.0,0.03596483177012917,13.399605274717008,669.4765177614127,676.0,6.523482238587423,0.04542239076175257,295,676,100517,741
51,33,selection,R2_scarp9_topo,disk,1.5,3.0,0.09258212788445641,35.91505193526784,723.7169675453254,741.0,17.28303245467464,0.12174593876361979,295,741,100517,741
51,33,selection,R2_scarp9_topo,blur185,1.5,3.0,0.04651012828103234,17.37591600409518,670.5952814846614,679.0,8.404718515338553,0.0589014101833735,295,679,100517,741
51,33,selection,R2_scarp9_topo,disk,2.8,2.0,0.08480649641311605,32.91901967761204,727.912229691201,741.0,13.087770308799001,0.11158989721224422,295,741,100517,741
51,33,selection,R2_scarp9_topo,blur185,2.8,2.0,0.03238742080099057,11.087770308799,520.6524724430794,526.0,5.347527556920617,0.03758566206372542,295,526,100517,741
51,33,selection,R2_scarp9_topo,disk,2.8,3.0,0.08657488891664375,33.60718471169403,727.3242523503676,741.0,13.675747649632406,0.11392266003964079,295,741,100517,741
51,33,selection,R2_scarp9_topo,blur185,2.8,3.0,0.03885103989765507,13.147152170423437,498.847734588955,505.0,6.152265411044982,0.04456661752685911,295,505,100517,741
51,33,selection,R2_scarp9_topo,disk,3.6,2.0,0.07619053147644769,29.55437555968909,729.9501131854101,741.0,11.049886814589893,0.10018432393114945,295,741,100517,741
51,33,selection,R2_scarp9_topo,blur185,3.6,2.0,0.03324792097847962,10.892508162923363,447.1810679222883,452.0,4.818932077711649,0.036923756484485974,295,452,100517,741
51,33,selection,R2_scarp9_topo,disk,3.6,3.0,0.06983346674564958,27.066585912104273,730.8714238595768,741.0,10.128576140423156,0.09175113868509922,295,741,100517,741
51,33,selection,R2_scarp9_topo,blur185,3.6,3.0,0.04049639910942168,13.147152170423437,430.1023785964551,436.0,5.897621403544912,0.04456661752685911,295,436,100517,741
51,33,selection,R2_scarp9_topo,disk,4.6,2.0,0.06105634556776889,21.781362554223136,581.9286148179947,590.0,8.07138518200522,0.07383512730245131,295,590,100517,741
51,33,selection,R2_scarp9_topo,blur185,4.6,2.0,0.03585247065844662,10.892508162923363,328.1810679222883,333.0,4.818932077711649,0.036923756484485974,295,333,100517,741
51,33,selection,R2_scarp9_topo,disk,4.6,3.0,0.06137479635879966,21.526718546723068,552.1832588254948,560.0,7.816741174505149,0.07297192727702735,295,560,100517,741
51,33,selection,R2_scarp9_topo,blur185,4.6,3.0,0.043354183805662624,13.147152170423437,323.1023785964551,329.0,5.897621403544912,0.04456661752685911,295,329,100517,741
51,33,selection,R2_scarp9_topo,disk,5.8,2.0,0.03160474017700038,9.989773518756909,390.43352102658196,394.0,3.566478973418077,0.03386363904663359,295,394,100517,741
51,33,selection,R2_scarp9_topo,blur185,5.8,2.0,0.03808373340042152,10.892508162923363,239.18106792228835,244.0,4.818932077711648,0.036923756484485974,295,244,100517,741
51,33,selection,R2_scarp9_topo,disk,5.8,3.0,0.04040540109709533,12.851702331299212,397.49290288820634,402.0,4.507097111793642,0.0435650926484719,295,402,100517,741
51,33,selection,R2_scarp9_topo,blur185,5.8,3.0,0.044832587818620345,13.147152170423437,273.1023785964551,279.0,5.897621403544912,0.04456661752685911,295,279,100517,741
51,33,selection,R7_scarp9_polarity,disk,1.5,2.0,0.09705613104493283,37.67679305456156,723.3027539829523,741.0,17.697246017047732,0.12771794255783578,295,741,100517,741
51,33,selection,R7_scarp9_polarity,blur185,1.5,2.0,0.02880029957140042,10.27791921405309,594.064495102246,599.0,4.93550489775402,0.0348404041154342,295,599,100517,741
51,33,selection,R7_scarp9_polarity,disk,1.5,3.0,0.10477593104111983,40.698291421976876,721.4601326346188,741.0,19.539867365381205,0.13796030990500635,295,741,100517,741
51,33,selection,R7_scarp9_polarity,blur185,1.5,3.0,0.04283701139217903,15.372993666680136,598.9858057764127,607.0,8.014194223587284,0.052111842937898764,295,607,100517,741
51,33,selection,R7_scarp9_polarity,disk,2.8,2.0,0.08878046492391173,34.47349533064933,727.0288025112434,741.0,13.971197488756632,0.11685930620559094,295,741,100517,741
51,33,selection,R7_scarp9_polarity,blur185,2.8,2.0,0.02710089531197838,8.849511428092713,443.847734588955,448.0,4.152265411044981,0.029998343824043094,295,448,100517,741
51,33,selection,R7_scarp9_polarity,disk,2.8,3.0,0.09139074873943759,35.49499369806465,726.44082517041,741.0,14.559174829590035,0.12032201253581236,295,741,100517,741
51,33,selection,R7_scarp9_polarity,blur185,2.8,3.0,0.036826534176108025,11.830203963883886,414.37633006816395,420.0,5.623669931836014,0.04010238631825046,295,420,100517,741
51,33,selection,R7_scarp9_polarity,disk,3.6,2.0,0.07578181011830842,29.40211014864411,730.5165921588282,741.0,10.483407841171816,0.09966816999540376,295,741,100517,741
51,33,selection,R7_scarp9_polarity,blur185,3.6,2.0,0.02742989254127753,8.594867420592642,378.1023785964551,382.0,3.8976214035449113,0.029135143798619128,295,382,100517,741
51,33,selection,R7_scarp9_polarity,disk,3.6,3.0,0.07578181011830842,29.40211014864411,730.5165921588282,741.0,10.483407841171816,0.09966816999540376,295,741,100517,741
51,33,selection,R7_scarp9_polarity,blur185,3.6,3.0,0.038298806509660666,11.830203963883886,352.6309740756641,358.0,5.3690259243359435,0.04010238631825046,295,358,100517,741
51,33,selection,R7_scarp9_polarity,disk,4.6,2.0,0.04341974044583142,14.927469319717428,524.0451876380372,530.0,5.954812361962848,0.05060159091429636,295,530,100517,741
51,33,selection,R7_scarp9_polarity,blur185,4.6,2.0,0.029240265108630804,8.594867420592642,281.1023785964551,285.0,3.8976214035449113,0.029135143798619128,295,285,100517,741
51,33,selection,R7_scarp9_polarity,disk,4.6,3.0,0.04490512435970673,15.26080265305076,503.96649831220384,510.0,6.033501687796111,0.05173153441712122,295,510,100517,741
51,33,selection,R7_scarp9_polarity,blur185,4.6,3.0,0.04028095580871133,11.830203963883886,276.6309740756641,282.0,5.3690259243359435,0.04010238631825046,295,282,100517,741
51,33,selection,R7_scarp9_polarity,disk,5.8,2.0,0.03681478399333617,11.439679672132616,362.2404497839128,367.0,4.759550216087213,0.03877857515977158,295,367,100517,741
51,33,selection,R7_scarp9_polarity,blur185,5.8,2.0,0.030879084675889797,8.594867420592642,203.10237859645508,207.0,3.8976214035449113,0.029135143798619128,295,207,100517,741
51,33,selection,R7_scarp9_polarity,disk,5.8,3.0,0.037687274800085255,11.773013005465948,370.16176045807947,375.0,4.838239541920476,0.03990851866259643,295,375,100517,741
51,33,selection,R7_scarp9_polarity,blur185,5.8,3.0,0.04140890962161071,11.830203963883886,236.63097407566408,242.0,5.3690259243359435,0.04010238631825046,295,242,100517,741
51,33,selection,H50a_corridor,disk,1.5,2.0,0.03465703559911421,13.360990346299353,734.2404497839127,741.0,6.759550216087214,0.04529149269931984,295,741,100517,741
51,33,selection,H50a_corridor,blur185,1.5,2.0,0.01600488202464371,5.5806731970053605,557.847734588955,561.0,3.1522654110449815,0.01891753626103512,295,561,100517,741
51,33,selection,H50a_corridor,disk,1.5,3.0,0.03465703559911421,13.360990346299353,734.2404497839127,741.0,6.759550216087214,0.04529149269931984,295,741,100517,741
51,33,selection,H50a_corridor,blur185,1.5,3.0,0.029785722831275303,10.537676462174707,578.376330068164,584.0,5.623669931836014,0.035720937159914264,295,584,100517,741
51,33,selection,H50a_corridor,disk,2.8,2.0,0.08351851331162119,32.41922670964644,728.4215177062011,741.0,12.57848229379886,0.10989568376151335,295,741,100517,741
51,33,selection,H50a_corridor,blur185,2.8,2.0,0.013009100289250035,4.130767043629655,403.5144012556217,406.0,2.485598744378315,0.014002600147897136,295,406,100517,741
51,33,selection,H50a_corridor,disk,2.8,3.0,0.08571567202144983,33.28115552218874,728.0881843728678,741.0,12.911815627132194,0.1128174763464025,295,741,100517,741
51,33,selection,H50a_corridor,blur185,2.8,3.0,0.023190819955983804,7.2473398636720265,375.2976407423307,379.0,3.7023592576692765,0.024567253775159413,295,379,100517,741
51,33,selection,H50a_corridor,disk,3.6,2.0,0.05398154119377556,20.883741150678226,733.4572102972038,741.0,7.542789702796251,0.070792342883655,295,741,100517,741
51,33,selection,H50a_corridor,blur185,3.6,2.0,0.013636088273625013,4.130767043629655,330.5144012556217,333.0,2.485598744378315,0.014002600147897136,295,333,100517,741
51,33,selection,H50a_corridor,disk,3.6,3.0,0.05569744877939751,21.550407817344894,733.0451876380372,741.0,7.954812361962848,0.07305222988930472,295,741,100517,741
51,33,selection,H50a_corridor,blur185,3.6,3.0,0.024036894278135296,7.2473398636720265,320.2976407423307,324.0,3.7023592576692765,0.024567253775159413,295,324,100517,741
51,33,selection,H50a_corridor,disk,4.6,2.0,0.03370473794542372,11.322375417881695,488.31913910974606,493.0,4.68086089025395,0.03838093361993795,295,493,100517,741
51,33,selection,H50a_corridor,blur185,4.6,2.0,0.011636365438964822,3.3475275569206167,255.04299673483067,257.0,1.9570032651693468,0.01134755104040887,295,257,100517,741
51,33,selection,H50a_corridor,disk,4.6,3.0,0.0350886137321645,11.655708751215029,469.2404497839128,474.0,4.759550216087213,0.03951087712276281,295,474,100517,741
51,33,selection,H50a_corridor,blur185,4.6,3.0,0.022347174054158914,6.464100376962988,259.8262362215397,263.0,3.173763778460308,0.021912204667671145,295,263,100517,741
51,33,selection,H50a_corridor,disk,5.8,2.0,0.019543459327570695,5.837508107711929,307.630974075664,310.0,2.369025924335943,0.01978816307698959,295,310,100517,741
51,33,selection,H50a_corridor,blur185,5.8,2.0,0.011987610451481038,3.2903365985026802,189.10018769324859,191.0,1.8998123067514099,0.011153683384754849,295,191,100517,741
51,33,selection,H50a_corridor,disk,5.8,3.0,0.02130857229993782,6.4254854485453325,321.2976407423307,324.0,2.7023592576692765,0.021781306605238415,295,324,100517,741
51,33,selection,H50a_corridor,blur185,5.8,3.0,0.01678211140102831,4.740242751878386,227.5500938466243,230.0,2.4499061533757054,0.016068619497892834,295,230,100517,741
51,33,selection,H50b_kth_ridge,disk,1.5,2.0,0.0738973679185628,28.598835162936837,726.4386342672035,741.0,14.561365732796531,0.09694520394215878,295,741,100517,741
51,33,selection,H50b_kth_ridge,blur185,1.5,2.0,0.041976565506448245,14.603216969349834,544.8455436857485,551.0,6.1544563142514805,0.049502430404575706,295,551,100517,741
51,33,selection,H50b_kth_ridge,disk,1.5,3.0,0.07999126813324584,30.975165231100824,725.1839902597034,741.0,15.816009740296602,0.10500056010542652,295,741,100517,741
51,33,selection,H50b_kth_ridge,blur185,1.5,3.0,0.05214624120041007,18.36276718543705,562.3362556707484,571.0,8.663744329251621,0.06224666842521034,295,571,100517,741
51,33,selection,H50b_kth_ridge,disk,2.8,2.0,0.11634979215393586,45.362353121368244,724.0331843176564,741.0,16.966815682343636,0.153770688547011,295,741,100517,741
51,33,selection,H50b_kth_ridge,blur185,2.8,2.0,0.029700262550162927,9.665521168389315,437.5122103524152,442.0,4.487789647584814,0.03276447853691293,295,442,100517,741
51,33,selection,H50b_kth_ridge,disk,2.8,3.0,0.11808860360222803,46.050518155450234,723.7785403101564,741.0,17.2214596898437,0.15610345137440756,295,741,100517,741
51,33,selection,H50b_kth_ridge,blur185,2.8,3.0,0.0369493421615042,11.839284946849624,410.2575663449151,416.0,5.742433655084884,0.040133169311354654,295,416,100517,741
51,33,selection,H50b_kth_ridge,disk,3.6,2.0,0.08491058673327902,32.98351477985801,729.2663299577412,741.0,11.73367004225889,0.11180852467748478,295,741,100517,741
51,33,selection,H50b_kth_ridge,blur185,3.6,2.0,0.030622410186573672,9.665521168389315,388.5122103524152,393.0,4.487789647584814,0.03276447853691293,295,393,100517,741
51,33,selection,H50b_kth_ridge,disk,3.6,3.0,0.08860739740563922,34.43342093323372,728.5996632910744,741.0,12.400336708925558,0.11672346079062278,295,741,100517,741
51,33,selection,H50b_kth_ridge,blur185,3.6,3.0,0.03810884073140399,11.839284946849624,361.5122103524152,367.0,5.487789647584814,0.040133169311354654,295,367,100517,741
51,33,selection,H50b_kth_ridge,disk,4.6,2.0,0.05733537812695229,19.529640884138118,503.57597402045263,511.0,7.42402597954738,0.06620217248860379,295,511,100517,741
51,33,selection,H50b_kth_ridge,blur185,4.6,2.0,0.03132260908736877,9.353686202471309,303.7668543599152,308.0,4.233145640084744,0.03170741085583494,295,308,100517,741
51,33,selection,H50b_kth_ridge,disk,4.6,3.0,0.06189062776345983,20.97954703751382,493.90930735378595,502.0,8.090692646214048,0.07111710860174177,295,502,100517,741
51,33,selection,H50b_kth_ridge,blur185,4.6,3.0,0.03880527228591004,11.527449980931618,293.7668543599152,299.0,5.233145640084744,0.03907610163027667,295,299,100517,741
51,33,selection,H50b_kth_ridge,disk,5.8,2.0,0.045394345788266385,14.122731465593064,361.4379028329949,367.0,5.56209716700508,0.04787366598506124,295,367,100517,741
51,33,selection,H50b_kth_ridge,blur185,5.8,2.0,0.029083536807779857,8.258611749844263,231.5500938466243,235.0,3.4499061533757054,0.027995294067268688,295,235,100517,741
51,33,selection,H50b_kth_ridge,disk,5.8,3.0,0.04967843330181013,15.57263761896877,371.77123616632826,378.0,6.228763833671746,0.05278860209819922,295,378,100517,741
51,33,selection,H50b_kth_ridge,blur185,5.8,3.0,0.03857743641531417,11.158424056595674,255.07868932583327,260.0,4.921310674166737,0.03782516629354466,295,260,100517,741
51,33,selection,H50c_both,disk,1.5,2.0,0.05032597779572738,19.45095155830485,733.0451876380371,741.0,7.954812361962848,0.06593542901120289,295,741,100517,741
51,33,selection,H50c_both,blur185,1.5,2.0,0.021672528606195243,7.461178039547942,533.8834271799576,537.0,3.1165728200423723,0.025292128947620143,295,537,100517,741
51,33,selection,H50c_both,disk,1.5,3.0,0.05032597779572738,19.45095155830485,733.0451876380371,741.0,7.954812361962849,0.06593542901120289,295,741,100517,741
51,33,selection,H50c_both,blur185,1.5,3.0,0.03243555593259868,11.28011011725959,547.5694013108331,553.0,5.430598689166878,0.03823766141443929,295,553,100517,741
51,33,selection,H50c_both,disk,2.8,2.0,0.10407205403956585,40.51284169327553,725.8714238595768,741.0,15.128576140423156,0.1373316667568662,295,741,100517,741
51,33,selection,H50c_both,blur185,2.8,2.0,0.023166401822828746,7.461178039547942,422.8834271799576,426.0,3.1165728200423723,0.025292128947620143,295,426,100517,741
51,33,selection,H50c_both,disk,2.8,3.0,0.0984763290140381,38.3175795473999,727.2047571929102,741.0,13.795242807089824,0.12989010016067765,295,741,100517,741
51,33,selection,H50c_both,blur185,2.8,3.0,0.029824866039658327,9.439679672132614,393.07868932583324,397.0,3.9213106741667367,0.031998914142822424,295,397,100517,741
51,33,selection,H50c_both,disk,3.6,2.0,0.0820936837619531,31.874246103643685,729.4594012004102,741.0,11.540598799589754,0.10804829187675825,295,741,100517,741
51,33,selection,H50c_both,blur185,3.6,2.0,0.024001042029203827,7.461178039547942,366.8834271799576,370.0,3.1165728200423723,0.025292128947620143,295,370,100517,741
51,33,selection,H50c_both,disk,3.6,3.0,0.08374436163530809,32.51941440289502,729.0688769086589,741.0,11.931123091341023,0.1102353030606611,295,741,100517,741
51,33,selection,H50c_both,blur185,3.6,3.0,0.03071775730962667,9.439679672132614,347.07868932583324,351.0,3.9213106741667367,0.031998914142822424,295,351,100517,741
51,33,selection,H50c_both,disk,4.6,2.0,0.04834037758232403,16.022543772344473,461.2404497839128,467.0,5.759550216087213,0.054313707702862625,295,467,100517,741
51,33,selection,H50c_both,blur185,4.6,2.0,0.01658345173667946,4.894699066129865,290.8834271799576,293.0,2.1165728200423715,0.016592200224169035,295,293,100517,741
51,33,selection,H50c_both,disk,4.6,3.0,0.05034963171933891,16.610521113177878,452.90711645057945,459.0,6.092883549420546,0.056306851231111454,295,459,100517,741
51,33,selection,H50c_both,blur185,4.6,3.0,0.023363105025140593,6.8732006987145375,284.07868932583324,287.0,2.9213106741667367,0.023298985419371313,295,287,100517,741
51,33,selection,H50c_both,disk,5.8,2.0,0.036043039112260394,10.92746931971743,324.96430740899734,329.0,4.03569259100261,0.03704226888039807,295,329,100517,741
51,33,selection,H50c_both,blur185,5.8,2.0,0.01738448330342301,4.894699066129865,222.8834271799576,225.0,2.1165728200423715,0.016592200224169035,295,225,100517,741
51,33,selection,H50c_both,disk,5.8,3.0,0.042424012193359,12.965352813926536,335.1023785964551,340.0,4.897621403544911,0.043950348521784866,295,340,100517,741
51,33,selection,H50c_both,blur185,5.8,3.0,0.02399941208428687,6.8732006987145375,245.07868932583327,248.0,2.9213106741667367,0.023298985419371313,295,248,100517,741
51,33,selection,RANDOM_fixed_seed,disk,1.5,2.0,0.0673030535650813,26.064395008897776,730.281255615537,741.0,10.71874438446306,0.08835388138609415,295,741,100517,741
51,33,selection,RANDOM_fixed_seed,disk,1.5,3.0,0.06478681615326123,25.085893376313102,730.9479222822036,741.0,10.052077717796392,0.08503692669936645,295,741,100517,741
51,33,selection,RANDOM_fixed_seed,disk,2.8,2.0,0.06649783842743931,25.75256004297977,730.5930905814548,741.0,10.406909418545053,0.08729681370501617,295,741,100517,741
51,33,selection,RANDOM_fixed_seed,disk,2.8,3.0,0.06876505374816393,26.63817812614389,730.2597572481216,741.0,10.740242751878386,0.09029890890218269,295,741,100517,741
51,33,selection,RANDOM_fixed_seed,disk,3.6,2.0,0.07206772851327081,27.928514724646575,729.7289708657062,741.0,11.271029134293853,0.0946729312699884,295,741,100517,741
51,33,selection,RANDOM_fixed_seed,disk,3.6,3.0,0.06955396184303882,26.9500130920619,730.3956375323728,741.0,10.604362467627187,0.09135597658326068,295,741,100517,741
51,33,selection,RANDOM_fixed_seed,disk,4.6,2.0,0.06723952093964151,26.04289664148245,730.5337087198305,741.0,10.466291280169488,0.08828100556434729,295,741,100517,741
51,33,selection,RANDOM_fixed_seed,disk,4.6,3.0,0.061658287474658804,23.86913286302214,731.7289708657061,741.0,9.271029134293853,0.08091231478990557,295,741,100517,741
51,33,selection,RANDOM_fixed_seed,disk,5.8,2.0,0.06417648224269794,24.845443592400315,730.8670420531638,741.0,10.132957946836154,0.08422184268610276,295,741,100517,741
51,33,selection,RANDOM_fixed_seed,disk,5.8,3.0,0.058739007429885,22.728870772357944,732.0051132406215,741.0,8.994886759378456,0.07704701956731506,295,741,100517,741
52,34,calibration,R2_scarp9_topo,disk,1.5,2.0,0.09493326790121713,54.93686767282291,1358.509702079069,1386.0,27.490297920931056,0.14847802073735922,370,1386,188116,1386
52,34,calibration,R2_scarp9_topo,blur185,1.5,2.0,0.06499218420049649,31.602485535141287,919.6502815398728,932.0,12.349718460127118,0.08541212306794943,370,932,188116,1386
52,34,calibration,R2_scarp9_topo,disk,1.5,3.0,0.09427186142665894,54.54415247786514,1358.3738217948176,1386.0,27.626178205182256,0.14741662831855443,370,1386,188116,1386
52,34,calibration,R2_scarp9_topo,blur185,1.5,3.0,0.06639044092176699,32.445106883474764,931.0623041990395,944.0,12.937695800960519,0.0876894780634453,370,944,188116,1386
52,34,calibration,R2_scarp9_topo,disk,2.8,2.0,0.09384023558943383,54.371434104333986,1362.649964169733,1386.0,23.35003583026686,0.14694982190360537,370,1386,188116,1386
52,34,calibration,R2_scarp9_topo,blur185,2.8,2.0,0.06471888642433427,29.269152201807955,751.9836148732063,763.0,11.016385126793782,0.07910581676164312,370,763,188116,1386
52,34,calibration,R2_scarp9_topo,disk,2.8,3.0,0.1031579192519368,59.8570328487123,1361.3760126980242,1386.0,24.62398730197576,0.1617757644559792,370,1386,188116,1386
52,34,calibration,R2_scarp9_topo,blur185,2.8,3.0,0.06805620386440586,30.44510688347476,726.3169482065396,738.0,11.68305179346045,0.0822840726580399,370,738,188116,1386
52,34,calibration,R2_scarp9_topo,disk,3.6,2.0,0.07885800624715872,45.62211036948986,1367.052491781865,1386.0,18.947508218134804,0.12330300099862124,370,1386,188116,1386
52,34,calibration,R2_scarp9_topo,blur185,3.6,2.0,0.06352746986954177,27.29065056922328,640.6502815398729,651.0,10.349718460127114,0.07375851505195481,370,651,188116,1386
52,34,calibration,R2_scarp9_topo,disk,3.6,3.0,0.0786193496292401,45.48403918203216,1367.1905629693229,1386.0,18.809437030677106,0.12292983562711396,370,1386,188116,1386
52,34,calibration,R2_scarp9_topo,blur185,3.6,3.0,0.0647859973194205,27.623983902556613,624.3169482065396,635.0,10.683051793460448,0.07465941595285572,370,635,188116,1386
52,34,calibration,R2_scarp9_topo,disk,4.6,2.0,0.06274020284337206,29.853479170436906,869.281255615537,882.0,12.718744384463058,0.08068507883901867,370,882,188116,1386
52,34,calibration,R2_scarp9_topo,blur185,4.6,2.0,0.0627103232513353,25.0003139707206,488.31694820653956,498.0,9.68305179346045,0.0675684161370827,370,498,188116,1386
52,34,calibration,R2_scarp9_topo,disk,4.6,3.0,0.06469651868843036,30.55802933131268,851.0859934696614,864.0,12.914006530338693,0.08258926846300725,370,864,188116,1386
52,34,calibration,R2_scarp9_topo,blur185,4.6,3.0,0.06364223379226669,25.333647304053933,484.9836148732062,495.0,10.016385126793782,0.0684693170379836,370,495,188116,1386
52,34,calibration,R2_scarp9_topo,disk,5.8,2.0,0.051031378736011344,21.453873895719898,600.5737831172461,609.0,8.426216882753879,0.05798344296140513,370,609,188116,1386
52,34,calibration,R2_scarp9_topo,blur185,5.8,2.0,0.05926015887094337,22.260071218842214,375.90492554737295,384.0,8.095074452627046,0.06016235464551949,370,384,188116,1386
52,34,calibration,R2_scarp9_topo,disk,5.8,3.0,0.052569479526494337,22.158424056595674,605.3785209713704,614.0,8.621479028629516,0.059887632585393716,370,614,188116,1386
52,34,calibration,R2_scarp9_topo,blur185,5.8,3.0,0.06136687638947427,23.260071218842214,391.90492554737295,401.0,9.095074452627046,0.0628650573482222,370,401,188116,1386
52,34,calibration,R7_scarp9_polarity,disk,1.5,2.0,0.10364800010633339,59.994058631240854,1354.1311811076985,1386.0,31.868818892301547,0.16214610440875907,370,1386,188116,1386
52,34,calibration,R7_scarp9_polarity,blur185,1.5,2.0,0.06317213031356413,28.60759877576283,755.6502815398728,767.0,11.349718460127116,0.07731783452908873,370,767,188116,1386
52,34,calibration,R7_scarp9_polarity,disk,1.5,3.0,0.10602519195186556,61.384582922992124,1353.4266309468228,1386.0,32.57336905317732,0.16590427817024897,370,1386,188116,1386
52,34,calibration,R7_scarp9_polarity,blur185,1.5,3.0,0.0636732470613933,29.05750492913854,772.7096634014972,784.0,11.29033659850268,0.07853379710577983,370,784,188116,1386
52,34,calibration,R7_scarp9_polarity,disk,2.8,2.0,0.10918863187467848,63.364129960505934,1358.2259381901858,1386.0,27.774061809814242,0.17125440529866467,370,1386,188116,1386
52,34,calibration,R7_scarp9_polarity,blur185,2.8,2.0,0.06623216416229191,28.01962143492943,607.2382588807062,618.0,10.761741119293713,0.07572870658089036,370,618,188116,1386
52,34,calibration,R7_scarp9_polarity,disk,2.8,3.0,0.10800423617929839,62.67377402321745,1358.77603203681,1386.0,27.223967963189946,0.16938857844112823,370,1386,188116,1386
52,34,calibration,R7_scarp9_polarity,blur185,2.8,3.0,0.0691263651059358,29.05750492913854,592.7096634014972,604.0,11.29033659850268,0.07853379710577983,370,604,188116,1386
52,34,calibration,R7_scarp9_polarity,disk,3.6,2.0,0.05486599818128706,31.645799640111683,1372.2714431983627,1386.0,13.728556801637344,0.08552918821651806,370,1386,188116,1386
52,34,calibration,R7_scarp9_polarity,blur185,3.6,2.0,0.06251349766241429,25.23638194822039,513.2382588807062,523.0,9.761741119293713,0.06820643769789295,370,523,188116,1386
52,34,calibration,R7_scarp9_polarity,disk,3.6,3.0,0.05313208454824097,30.643608736905183,1373.0761810524868,1386.0,12.923818947512979,0.0828205641537978,370,1386,188116,1386
52,34,calibration,R7_scarp9_polarity,blur185,3.6,3.0,0.06343718093529735,25.431644094096022,499.04299673483064,509.0,9.957003265169348,0.06873417322728655,370,509,188116,1386
52,34,calibration,R7_scarp9_polarity,disk,4.6,2.0,0.06164855983159211,27.970051990479277,760.5380905262434,772.0,11.46190947375649,0.07559473510940345,370,772,188116,1386
52,34,calibration,R7_scarp9_polarity,blur185,4.6,2.0,0.060135843154793665,22.94604534971771,404.90492554737295,414.0,9.095074452627046,0.06201633878302084,370,414,188116,1386
52,34,calibration,R7_scarp9_polarity,disk,4.6,3.0,0.061643145995464214,27.83198080302158,749.6761617137012,761.0,11.323838286298791,0.07522156973789616,370,761,188116,1386
52,34,calibration,R7_scarp9_polarity,blur185,4.6,3.0,0.06055236082782817,23.141307495593345,407.7096634014973,417.0,9.29033659850268,0.06254407431241445,370,417,188116,1386
52,34,calibration,R7_scarp9_polarity,disk,5.8,2.0,0.05006944632664788,20.329996931849482,529.8499254921614,538.0,8.150074507838482,0.05494593765364725,370,538,188116,1386
52,34,calibration,R7_scarp9_polarity,blur185,5.8,2.0,0.05328432033510696,19.305990291087916,312.2954498391242,320.0,7.704550160875775,0.05217835213807545,370,320,188116,1386
52,34,calibration,R7_scarp9_polarity,disk,5.8,3.0,0.04948564958035902,20.19192574439178,539.9879966796192,548.0,8.012003320380785,0.05457277228213995,370,548,188116,1386
52,34,calibration,R7_scarp9_polarity,blur185,5.8,3.0,0.05329371744366248,19.501252436963547,330.1001876932486,338.0,7.899812306751411,0.052706087667469044,370,338,188116,1386
52,34,calibration,H50a_corridor,disk,1.5,2.0,0.14784471671446786,86.00856682554874,1342.7381485426008,1386.0,43.26185145739906,0.2324555860149966,370,1386,188116,1386
52,34,calibration,H50a_corridor,blur185,1.5,2.0,0.05810602366303042,25.94385444651121,726.5144012556217,737.0,10.485598744378315,0.07011852553111138,370,737,188116,1386
52,34,calibration,H50a_corridor,disk,1.5,3.0,0.15165381020667174,88.26321083304882,1341.7596469100163,1386.0,44.24035308998373,0.2385492184676995,370,1386,188116,1386
52,34,calibration,H50a_corridor,blur185,1.5,3.0,0.059841068634829846,27.06042726655358,753.9643074089975,765.0,11.03569259100261,0.07313628990960427,370,765,188116,1386
52,34,calibration,H50a_corridor,disk,2.8,2.0,0.09211044595532346,53.33281917591633,1361.7144592719792,1386.0,24.28554072802088,0.1441427545295036,370,1386,188116,1386
52,34,calibration,H50a_corridor,blur185,2.8,2.0,0.061044630019120846,25.413068064095743,576.1023785964551,586.0,9.897621403544912,0.06868396774079931,370,586,188116,1386
52,34,calibration,H50a_corridor,disk,2.8,3.0,0.09038573920756032,52.33062827270983,1362.5191971261033,1386.0,23.480802873896515,0.14143413046678333,370,1386,188116,1386
52,34,calibration,H50a_corridor,blur185,2.8,3.0,0.06536256986029415,27.06042726655358,562.9643074089973,574.0,11.035692591002611,0.07313628990960427,370,574,188116,1386
52,34,calibration,H50a_corridor,disk,3.6,2.0,0.048045394216348944,27.688796374942335,1373.8357312685744,1386.0,12.164268731425768,0.07483458479714145,370,1386,188116,1386
52,34,calibration,H50a_corridor,blur185,3.6,2.0,0.060561749155100625,24.29649524405337,501.6309740756641,511.0,9.369025924335944,0.06566620336230641,370,511,188116,1386
52,34,calibration,H50a_corridor,disk,3.6,3.0,0.0472268511112635,27.215200950944805,1374.1118736434896,1386.0,11.88812635651037,0.07355459716471568,370,1386,188116,1386
52,34,calibration,H50a_corridor,blur185,3.6,3.0,0.06291264590871905,25.101233098177737,489.8262362215397,500.0,10.173763778460309,0.0678411705356155,370,500,188116,1386
52,34,calibration,H50a_corridor,disk,4.6,2.0,0.049663595601751126,22.249116702809722,737.7333526721192,747.0,9.266647327880854,0.06013274784543168,370,747,188116,1386
52,34,calibration,H50a_corridor,blur185,4.6,2.0,0.051225353651004564,19.301608484674915,384.688165034082,392.0,7.311834965918007,0.05216650941804031,370,392,188116,1386
52,34,calibration,H50a_corridor,disk,4.6,3.0,0.052427659680833995,23.482262342894465,736.0094950470345,746.0,9.990504952965457,0.06346557389971477,370,746,188116,1386
52,34,calibration,H50a_corridor,blur185,4.6,3.0,0.05341778850691199,20.106346338799284,381.8834271799576,390.0,8.116572820042371,0.054341476591349414,370,390,188116,1386
52,34,calibration,H50a_corridor,disk,5.8,2.0,0.03962152504233588,15.666252602597863,481.32133001295256,488.0,6.678669987047452,0.042341223250264494,370,488,188116,1386
52,34,calibration,H50a_corridor,blur185,5.8,2.0,0.04627342063559229,16.542058268587702,290.8834271799576,297.0,6.1165728200423715,0.04470826559077758,370,297,188116,1386
52,34,calibration,H50a_corridor,disk,5.8,3.0,0.04240759042531027,16.899398242682604,495.5974723878679,503.0,7.4025276121320545,0.045674049304547576,370,503,188116,1386
52,34,calibration,H50a_corridor,blur185,5.8,3.0,0.047961047503180594,17.34679612271207,311.07868932583324,318.0,6.921310674166738,0.04688323276408668,370,318,188116,1386
52,34,calibration,H50b_kth_ridge,disk,1.5,2.0,0.08220315704612159,47.49280279485816,1361.2528671683622,1386.0,24.74713283163763,0.12835892647258962,370,1386,188116,1386
52,34,calibration,H50b_kth_ridge,blur185,1.5,2.0,0.05070617536826492,22.970051990479277,762.0451876380371,771.0,8.954812361962848,0.06208122159588994,370,771,188116,1386
52,34,calibration,H50b_kth_ridge,disk,1.5,3.0,0.08574060912010166,49.5499937532761,1359.9789156966535,1386.0,26.021084303346527,0.13391890203588136,370,1386,188116,1386
52,34,calibration,H50b_kth_ridge,blur185,1.5,3.0,0.05336657716714967,24.301194420606112,772.5165921588282,783.0,10.483407841171816,0.06567890383947599,370,783,188116,1386
52,34,calibration,H50b_kth_ridge,disk,2.8,2.0,0.11115957939631285,64.5786995705904,1360.1956762099444,1386.0,25.804323790055562,0.17453702586646055,370,1386,188116,1386
52,34,calibration,H50b_kth_ridge,blur185,2.8,2.0,0.05307095608855027,22.693909615563882,635.3785209713706,644.0,8.621479028629516,0.06133489085287536,370,644,188116,1386
52,34,calibration,H50b_kth_ridge,disk,2.8,3.0,0.11239349275437786,65.302557195675,1359.783653550778,1386.0,26.216346449222158,0.17649339782614867,370,1386,188116,1386
52,34,calibration,H50b_kth_ridge,blur185,2.8,3.0,0.05500048915912405,23.244003462188175,609.8284271247462,619.0,9.17157287525381,0.06282163097888696,370,619,188116,1386
52,34,calibration,H50b_kth_ridge,disk,3.6,2.0,0.050248762008380535,28.97986440765357,1374.6597765869074,1386.0,11.340223413092572,0.07832395785852315,370,1386,188116,1386
52,34,calibration,H50b_kth_ridge,blur185,3.6,2.0,0.05429769237368852,22.36057628223055,556.7118543047038,565.0,8.288145695296182,0.06043398995197446,370,565,188116,1386
52,34,calibration,H50b_kth_ridge,disk,3.6,3.0,0.0528278878903576,30.256006782568964,1353.3836342119919,1366.0,12.61636578800797,0.08177299130424044,370,1366,188116,1386
52,34,calibration,H50b_kth_ridge,blur185,3.6,3.0,0.05606915786699007,22.910670128854843,540.1617604580795,549.0,8.838239541920476,0.06192073007798606,370,549,188116,1386
52,34,calibration,H50b_kth_ridge,disk,4.6,2.0,0.04430334416656269,20.342000252230267,795.421517706201,803.0,7.578482293798862,0.0549783790600818,370,803,188116,1386
52,34,calibration,H50b_kth_ridge,blur185,4.6,2.0,0.04770143171934095,18.736906350394534,465.24044978391277,472.0,6.759550216087213,0.05064028743349874,370,472,188116,1386
52,34,calibration,H50b_kth_ridge,disk,4.6,3.0,0.04899234488353351,22.46076397547914,789.8120419979524,799.0,9.187958002047592,0.06070476750129497,370,799,188116,1386
52,34,calibration,H50b_kth_ridge,blur185,4.6,3.0,0.04922721576291784,19.287000197018827,459.6903559372885,467.0,7.3096440627115085,0.05212702755951034,370,467,188116,1386
52,34,calibration,H50b_kth_ridge,disk,5.8,2.0,0.037023664639034094,15.213424111807113,559.3406374771614,565.0,5.659362522838624,0.04111736246434355,370,565,188116,1386
52,34,calibration,H50b_kth_ridge,blur185,5.8,2.0,0.04991244643724344,18.736906350394534,378.24044978391277,385.0,6.759550216087213,0.05064028743349874,370,385,188116,1386
52,34,calibration,H50b_kth_ridge,disk,5.8,3.0,0.0417228194757773,17.332187835055983,579.7311617689126,587.0,7.2688382310873525,0.04684375090555671,370,587,188116,1386
52,34,calibration,H50b_kth_ridge,blur185,5.8,3.0,0.04995754641560284,18.9536668636855,398.02368927062184,405.0,6.9763107293781745,0.051226126658609455,370,405,188116,1386
52,34,calibration,H50c_both,disk,1.5,2.0,0.13523138902921467,78.61115245403822,1347.93121978527,1386.0,38.06878021472992,0.21246257420010328,370,1386,188116,1386
52,34,calibration,H50c_both,blur185,1.5,2.0,0.040743611246288676,18.34711349285181,753.1854497287014,761.0,7.814550271298652,0.049586793223923814,370,761,188116,1386
52,34,calibration,H50c_both,disk,1.5,3.0,0.13669296932312827,79.47308126658052,1347.5191971261033,1386.0,38.480802873896515,0.2147921115312987,370,1386,188116,1386
52,34,calibration,H50c_both,blur185,1.5,3.0,0.04334398987653679,19.54237563872745,754.7927345337436,764.0,9.20726546625642,0.05281723145602013,370,764,188116,1386
52,34,calibration,H50c_both,disk,2.8,2.0,0.09349703202115164,54.171790152045354,1362.8073428213997,1386.0,23.192657178600335,0.14641024365417663,370,1386,188116,1386
52,34,calibration,H50c_both,blur185,2.8,2.0,0.04249355358506067,18.01378015951848,621.5759740204526,629.0,7.424025979547381,0.048685892323022915,370,629,188116,1386
52,34,calibration,H50c_both,disk,2.8,3.0,0.0935341368231342,54.19328851946067,1362.7858444539843,1386.0,23.21415554601566,0.1464683473498937,370,1386,188116,1386
52,34,calibration,H50c_both,blur185,2.8,3.0,0.04399998772612722,18.485184680309512,602.1045694996616,610.0,7.895430500338413,0.04995995859543111,370,610,188116,1386
52,34,calibration,H50c_both,disk,3.6,2.0,0.05762856448926343,32.86036925019615,1338.1883720661162,1352.0,13.811627933883603,0.08881180878431393,370,1352,188116,1386
52,34,calibration,H50c_both,blur185,3.6,2.0,0.04319489724326631,17.680446826185147,548.909307353786,556.0,7.090692646214047,0.04778499142212202,370,556,188116,1386
52,34,calibration,H50c_both,disk,3.6,3.0,0.0605246837137602,34.13651162511154,1305.912229691201,1321.0,15.087770308799001,0.09226084223003118,370,1321,188116,1386
52,34,calibration,H50c_both,blur185,3.6,3.0,0.04465202904237634,18.15185134697618,534.437902832995,542.0,7.56209716700508,0.049059057694530214,370,542,188116,1386
52,34,calibration,H50c_both,disk,4.6,2.0,0.048625289950286234,22.125239738939307,772.9501131854101,782.0,9.049886814589893,0.0597979452403765,370,782,188116,1386
52,34,calibration,H50c_both,blur185,4.6,2.0,0.04320795768349303,16.897207339476108,458.4379028329949,465.0,6.56209716700508,0.04566812794453002,370,465,188116,1386
52,34,calibration,H50c_both,disk,4.6,3.0,0.05343420524117945,24.244003462188175,764.3406374771614,775.0,10.659362522838624,0.06552433368158966,370,775,188116,1386
52,34,calibration,H50c_both,blur185,4.6,3.0,0.04448163578519247,17.36861186026714,454.96649831220384,462.0,7.033501687796111,0.04694219421693822,370,462,188116,1386
52,34,calibration,H50c_both,disk,5.8,2.0,0.03791178866391385,15.48737558351601,547.0666860054525,553.0,5.933313994547522,0.04185777184734057,370,553,188116,1386
52,34,calibration,H50c_both,blur185,5.8,2.0,0.0451957683978799,16.897207339476108,372.43790283299495,379.0,6.56209716700508,0.04566812794453002,370,379,188116,1386
52,34,calibration,H50c_both,disk,5.8,3.0,0.04266989501351124,17.60613930676488,565.4572102972038,573.0,7.542789702796251,0.04758416028855373,370,573,188116,1386
52,34,calibration,H50c_both,blur185,5.8,3.0,0.044940017296950685,17.035278526933805,398.2998316455372,405.0,6.700168354462778,0.04604129331603731,370,405,188116,1386
52,34,calibration,RANDOM_fixed_seed,disk,1.5,2.0,0.03709826962901698,21.362767185437047,1377.85065692637,1386.0,8.149343073629936,0.05773720860928932,370,1386,188116,1386
52,34,calibration,RANDOM_fixed_seed,disk,1.5,3.0,0.03665605856302311,21.108123177936978,1378.1053009338702,1386.0,7.894699066129865,0.057048981561991834,370,1386,188116,1386
52,34,calibration,RANDOM_fixed_seed,disk,2.8,2.0,0.03665605856302311,21.108123177936978,1378.1053009338702,1386.0,7.894699066129865,0.057048981561991834,370,1386,188116,1386
52,34,calibration,RANDOM_fixed_seed,disk,2.8,3.0,0.03621384749702924,20.853479170436906,1378.3599449413703,1386.0,7.640055058629796,0.05636075451469434,370,1386,188116,1386
52,34,calibration,RANDOM_fixed_seed,disk,3.6,2.0,0.03665605856302311,21.108123177936978,1378.1053009338702,1386.0,7.894699066129865,0.057048981561991834,370,1386,188116,1386
52,34,calibration,RANDOM_fixed_seed,disk,3.6,3.0,0.03621384749702924,20.853479170436906,1378.3599449413703,1386.0,7.640055058629796,0.05636075451469434,370,1386,188116,1386
52,34,calibration,RANDOM_fixed_seed,disk,4.6,2.0,0.03418316614907125,19.6797153919766,1378.8885404205791,1386.0,7.111459579420828,0.05318841997831514,370,1386,188116,1386
52,34,calibration,RANDOM_fixed_seed,disk,4.6,3.0,0.03374085597111059,19.425071384476528,1379.1431844280792,1386.0,6.856815571920757,0.052500192931017646,370,1386,188116,1386
52,34,calibration,RANDOM_fixed_seed,disk,5.8,2.0,0.03804320558601183,21.912861032061343,1378.0838025664548,1386.0,7.916197433545193,0.05922394873530093,370,1386,188116,1386
52,34,calibration,RANDOM_fixed_seed,disk,5.8,3.0,0.03760111478306295,21.65821702456127,1378.3384465739548,1386.0,7.661553426045122,0.05853572168800344,370,1386,188116,1386
53,35,selection,R2_scarp9_topo,disk,1.5,2.0,0.04360440824243157,12.165728200423716,614.8455436857486,621.0,6.1544563142514805,0.0633631677105402,192,621,84276,621
53,35,selection,R2_scarp9_topo,blur185,1.5,2.0,0.038713735303284154,9.651326944802033,468.847734588955,473.0,4.152265411044982,0.05026732783751059,192,473,84276,621
53,35,selection,R2_scarp9_topo,disk,1.5,3.0,0.04626742051679018,12.908893289717149,614.1216860606639,621.0,6.878313939336083,0.06723381921727682,192,621,84276,621
53,35,selection,R2_scarp9_topo,blur185,1.5,3.0,0.055969686600784135,14.182844761426049,484.8284271247462,491.0,6.17157287525381,0.07386898313242733,192,491,84276,621
53,35,selection,R2_scarp9_topo,disk,2.8,2.0,0.14622098231100472,41.34961836677891,604.5930905814549,621.0,16.40690941854505,0.21536259566030683,192,621,84276,621
53,35,selection,R2_scarp9_topo,blur185,2.8,2.0,0.03402758719747496,7.672825312217359,351.76904526312177,355.0,3.2309547368782447,0.03996263183446541,192,355,84276,621
53,35,selection,R2_scarp9_topo,disk,2.8,3.0,0.15680713578065777,44.4097316626119,603.6524724430794,621.0,17.347527556920618,0.2313006857427703,192,621,84276,621
53,35,selection,R2_scarp9_topo,blur185,2.8,3.0,0.04646445189956674,10.458987136341444,347.02368927062184,351.0,3.976310729378175,0.054473891335111685,192,351,84276,621
53,35,selection,R2_scarp9_topo,disk,3.6,2.0,0.08106648888040553,22.75475094618627,612.7074724982908,621.0,8.292527501709179,0.11851432784472016,192,621,84276,621
53,35,selection,R2_scarp9_topo,blur185,3.6,2.0,0.026112736655128976,5.577750859590314,294.4357119297884,297.0,2.5642880702115782,0.029050785727032884,192,297,84276,621
53,35,selection,R2_scarp9_topo,disk,3.6,3.0,0.0796965683844596,22.364958088643544,612.7668543599152,621.0,8.233145640084743,0.11648415671168512,192,621,84276,621
53,35,selection,R2_scarp9_topo,blur185,3.6,3.0,0.028543402720859062,6.030579350381065,282.35702260395516,285.0,2.6429773960448415,0.03140926744990138,192,285,84276,621
53,35,selection,R2_scarp9_topo,disk,4.6,2.0,0.05376515377281014,12.379566376299632,370.8834271799576,375.0,4.116572820042372,0.06447690820989392,192,375,84276,621
53,35,selection,R2_scarp9_topo,blur185,4.6,2.0,0.017217376460475695,3.4662912801694867,235.15956955487303,237.0,1.8404304451269748,0.01805360041754941,192,237,84276,621
53,35,selection,R2_scarp9_topo,disk,4.6,3.0,0.05592490572894269,12.870278361299492,369.80473785412437,374.0,4.195262145875635,0.06703269979843486,192,374,84276,621
53,35,selection,R2_scarp9_topo,blur185,4.6,3.0,0.01840120170007098,3.6830517934604488,229.08088022903976,231.0,1.9191197709602381,0.01918256142427317,192,231,84276,621
53,35,selection,R2_scarp9_topo,disk,5.8,2.0,0.01797049098928406,3.701627823460729,258.216760513291,260.0,1.7832394867090384,0.019279311580524632,192,260,84276,621
53,35,selection,R2_scarp9_topo,blur185,5.8,2.0,0.013876400535233438,2.6236699318360133,174.74754689570642,176.0,1.2524531042935716,0.013664947561645902,192,176,84276,621
53,35,selection,R2_scarp9_topo,disk,5.8,3.0,0.020207350348649254,4.192339808460589,265.1380711874577,267.0,1.8619288125423017,0.021835103169065565,192,267,84276,621
53,35,selection,R2_scarp9_topo,blur185,5.8,3.0,0.016094875479657062,3.095074452627045,190.4142135623731,192.0,1.5857864376269046,0.01612017944076586,192,192,84276,621
53,35,selection,R7_scarp9_polarity,disk,1.5,2.0,0.026081157995227453,7.263724990465809,617.2597572481216,621.0,3.740242751878385,0.03783190099200942,192,621,84276,621
53,35,selection,R7_scarp9_polarity,blur185,1.5,2.0,0.03278666491495859,7.712899709632966,400.5122103524152,404.0,3.4877896475848136,0.04017135265433836,192,404,84276,621
53,35,selection,R7_scarp9_polarity,disk,1.5,3.0,0.03269365474497946,9.106346338799282,615.5715922140396,621.0,5.4284077859603785,0.047428887181246264,192,621,84276,621
53,35,selection,R7_scarp9_polarity,blur185,1.5,3.0,0.05265808355791861,12.656440185423577,421.1001876932486,427.0,5.899812306751411,0.06591895929908113,192,427,84276,621
53,35,selection,R7_scarp9_polarity,disk,2.8,2.0,0.12156959365395127,34.30735306615681,608.7096634014973,621.0,12.29033659850268,0.17868413055290003,192,621,84276,621
53,35,selection,R7_scarp9_polarity,blur185,2.8,2.0,0.02499626088580944,5.363181249505851,299.43352102658196,302.0,2.566478973418077,0.02793323567450964,192,302,84276,621
53,35,selection,R7_scarp9_polarity,disk,2.8,3.0,0.14478012271990595,40.97913297344501,606.2404497839127,621.0,14.759550216087215,0.21343298423669277,192,621,84276,621
53,35,selection,R7_scarp9_polarity,blur185,2.8,3.0,0.04111517352755001,8.816009740296602,295.2954498391242,299.0,3.704550160875775,0.04591671739737813,192,299,84276,621
53,35,selection,R7_scarp9_polarity,disk,3.6,2.0,0.09524838689813812,26.809751001397707,612.5500938466243,621.0,8.449906153375705,0.13963411979894638,192,621,84276,621
53,35,selection,R7_scarp9_polarity,blur185,3.6,2.0,0.026321155327279584,5.363181249505851,245.43352102658193,248.0,2.566478973418077,0.02793323567450964,192,248,84276,621
53,35,selection,R7_scarp9_polarity,disk,3.6,3.0,0.09170489162825342,25.79847911522547,612.8047378541244,621.0,8.195262145875635,0.13436707872513265,192,621,84276,621
53,35,selection,R7_scarp9_polarity,blur185,3.6,3.0,0.03204661516074671,6.482676406963269,236.9621165057909,240.0,3.037883494209108,0.03376393961960036,192,240,84276,621
53,35,selection,R7_scarp9_polarity,disk,4.6,2.0,0.052148523075850294,11.613443450592923,333.8834271799576,338.0,4.1165728200423715,0.06048668463850481,192,338,84276,621
53,35,selection,R7_scarp9_polarity,blur185,4.6,2.0,0.017013994559533056,3.30891262850296,201.10018769324859,203.0,1.89981230675141,0.017233919940119583,192,203,84276,621
53,35,selection,R7_scarp9_polarity,disk,4.6,3.0,0.05946502402603503,13.301608484674917,337.1380711874577,342.0,4.861928812542303,0.06927921085768186,192,342,84276,621
53,35,selection,R7_scarp9_polarity,blur185,4.6,3.0,0.03336615963283797,6.482676406963269,196.9621165057909,200.0,3.037883494209108,0.03376393961960036,192,200,84276,621
53,35,selection,R7_scarp9_polarity,disk,5.8,2.0,0.024180925985152184,4.778126246087494,215.21676051329098,217.0,1.7832394867090384,0.024886074198372365,192,217,84276,621
53,35,selection,R7_scarp9_polarity,blur185,5.8,2.0,0.014865989390621566,2.720935287669557,144.43352102658193,146.0,1.5664789734180768,0.014171537956612275,192,146,84276,621
53,35,selection,R7_scarp9_polarity,disk,5.8,3.0,0.03217259789929394,6.466291280169488,230.47140452079103,233.0,2.528595479208968,0.033678600417549415,192,233,84276,621
53,35,selection,R7_scarp9_polarity,blur185,5.8,3.0,0.019366496371132053,3.6043624676271855,158.9621165057909,161.0,2.0378834942091086,0.01877272118555826,192,161,84276,621
53,35,selection,H50a_corridor,disk,1.5,2.0,0.20731000582532896,58.78387082756938,590.9931099202407,621.0,30.00689007975924,0.3061659938935905,192,621,84276,621
53,35,selection,H50a_corridor,blur185,1.5,2.0,0.023671371625515362,5.403255646921457,367.90273464416646,370.0,2.0972653558335437,0.02814195649438259,192,370,84276,621
53,35,selection,H50a_corridor,disk,1.5,3.0,0.21395863067181042,60.70518150173612,589.9144205944076,621.0,31.085579405592505,0.3161728203215423,192,621,84276,621
53,35,selection,H50a_corridor,blur185,1.5,3.0,0.03125670241081129,7.24660842946348,383.9621165057909,387.0,3.037883494209109,0.03774275223678896,192,387,84276,621
53,35,selection,H50a_corridor,disk,2.8,2.0,0.11131077248053031,31.376229974815786,610.0214983674152,621.0,10.978501632584672,0.16341786445216555,192,621,84276,621
53,35,selection,H50a_corridor,blur185,2.8,2.0,0.01930054280183523,4.051346283587844,277.49071198499985,279.0,1.5092880150001404,0.02110076189368669,192,279,84276,621
53,35,selection,H50a_corridor,disk,2.8,3.0,0.13100341216442973,37.02432061148217,608.0808802290397,621.0,12.91911977096024,0.19283500318480296,192,621,84276,621
53,35,selection,H50a_corridor,blur185,2.8,3.0,0.025849554389922567,5.3846796169211775,268.15737865166653,270.0,1.8426213483334735,0.028045206338131134,192,270,84276,621
53,35,selection,H50a_corridor,disk,3.6,2.0,0.0956843634562456,26.10739174372843,570.1380711874576,578.0,7.861928812542302,0.13597599866525226,192,578,84276,621
53,35,selection,H50a_corridor,blur185,3.6,2.0,0.009647281367766209,1.9140065303386935,222.07868932583327,223.0,0.9213106741667368,0.009968784012180695,192,223,84276,621
53,35,selection,H50a_corridor,disk,3.6,3.0,0.08923542911821004,24.269883636016502,567.6094757082487,575.0,7.39052429175127,0.12640564393758594,192,575,84276,621
53,35,selection,H50a_corridor,blur185,3.6,3.0,0.0165512948128419,3.2473398636720265,209.74535599249992,211.0,1.2546440075000702,0.01691322845662514,192,211,84276,621
53,35,selection,H50a_corridor,disk,4.6,2.0,0.021956394515572436,4.618556691214469,279.1380711874577,281.0,1.8619288125423017,0.024054982766742023,192,281,84276,621
53,35,selection,H50a_corridor,blur185,4.6,2.0,0.006787547943791308,1.2688382310873534,165.4120226591666,166.0,0.5879773408334035,0.0066085324535799655,192,166,84276,621
53,35,selection,H50a_corridor,disk,4.6,3.0,0.02153083005202756,4.523482238587423,277.94280904158205,280.0,2.0571909584179364,0.023559803325976163,192,280,84276,621
53,35,selection,H50a_corridor,blur185,4.6,3.0,0.005132105628565812,0.9570032651693466,163.4120226591666,164.0,0.5879773408334035,0.004984392006090347,192,164,84276,621
53,35,selection,H50a_corridor,disk,5.8,2.0,0.0,0.0,178.0,178.0,0.0,0.0,192,178,84276,621
53,35,selection,H50a_corridor,blur185,5.8,2.0,0.0017419834680289829,0.31183496591800663,126.74535599249992,127.0,0.2546440075000701,0.0016241404474896179,192,127,84276,621
53,35,selection,H50a_corridor,disk,5.8,3.0,0.0,0.0,191.0,191.0,0.0,0.0,192,191,84276,621
53,35,selection,H50a_corridor,blur185,5.8,3.0,0.005244606283076005,0.9570032651693466,143.4120226591666,144.0,0.5879773408334035,0.004984392006090347,192,144,84276,621
53,35,selection,H50b_kth_ridge,disk,1.5,2.0,0.07982274888932935,22.36788042605859,610.7289708657062,621.0,10.271029134293851,0.11649937721905516,192,621,84276,621
53,35,selection,H50b_kth_ridge,blur185,1.5,2.0,0.04298287960918377,10.008349548757192,386.216760513291,390.0,3.7832394867090384,0.05212682056644371,192,390,84276,621
53,35,selection,H50b_kth_ridge,disk,1.5,3.0,0.09628606519872605,26.994472695309653,606.7905436305371,621.0,14.20945636946292,0.1405962119547378,192,621,84276,621
53,35,selection,H50b_kth_ridge,blur185,1.5,3.0,0.06453828558417382,15.283032454674636,400.7453559924999,407.0,6.254644007500071,0.07959912736809706,192,407,84276,621
53,35,selection,H50b_kth_ridge,disk,2.8,2.0,0.12141264311285602,34.20246619635547,606.3191391097461,621.0,14.68086089025395,0.17813784477268477,192,621,84276,621
53,35,selection,H50b_kth_ridge,blur185,2.8,2.0,0.04662744775035368,10.008349548757192,295.216760513291,299.0,3.783239486709039,0.05212682056644371,192,299,84276,621
53,35,selection,H50b_kth_ridge,disk,2.8,3.0,0.1368477184099389,38.6316054165244,604.8499254921614,621.0,16.150074507838486,0.2012062782110646,192,621,84276,621
53,35,selection,H50b_kth_ridge,blur185,2.8,3.0,0.06746789704004995,14.399605274717008,284.7453559924999,290.0,5.254644007500071,0.07499794413915108,192,290,84276,621
53,35,selection,H50b_kth_ridge,disk,3.6,2.0,0.08799053884403182,24.345650624434718,591.0786893258332,600.0,8.921310674166737,0.12680026366893082,192,600,84276,621
53,35,selection,H50b_kth_ridge,blur185,3.6,2.0,0.026065446176871152,5.34460521950557,251.88342717995764,254.0,2.1165728200423715,0.027836485518258177,192,254,84276,621
53,35,selection,H50b_kth_ridge,disk,3.6,3.0,0.09990980359322298,27.58683184255605,585.0,595.0,10.0,0.1436814158466461,192,595,84276,621
53,35,selection,H50b_kth_ridge,blur185,3.6,3.0,0.040775790526449494,8.302339918883465,241.74535599249992,245.0,3.2546440075000707,0.04324135374418472,192,245,84276,621
53,35,selection,H50b_kth_ridge,disk,4.6,2.0,0.06301323824699183,14.177000086595953,342.7453559924999,348.0,5.254644007500071,0.07383854211768726,192,348,84276,621
53,35,selection,H50b_kth_ridge,blur185,4.6,2.0,0.027234266872889976,5.34460521950557,207.88342717995764,210.0,2.1165728200423715,0.027836485518258177,192,210,84276,621
53,35,selection,H50b_kth_ridge,disk,4.6,3.0,0.0661862030392404,14.868087458092994,340.3333333333333,346.0,5.666666666666667,0.077437955510901,192,346,84276,621
53,35,selection,H50b_kth_ridge,blur185,4.6,3.0,0.042184641828738524,8.302339918883465,207.74535599249992,211.0,3.25464400750007,0.04324135374418472,192,211,84276,621
53,35,selection,H50b_kth_ridge,disk,5.8,2.0,0.046510857054600806,9.515446660550833,245.4120226591666,249.0,3.5879773408334037,0.049559618023702255,192,249,84276,621
53,35,selection,H50b_kth_ridge,blur185,5.8,2.0,0.028391659807882014,5.34460521950557,167.8834271799576,170.0,2.1165728200423715,0.027836485518258177,192,170,84276,621
53,35,selection,H50b_kth_ridge,disk,5.8,3.0,0.04953634875572589,10.206534032047873,252.0,256.0,4.0,0.053159031416916004,192,256,84276,621
53,35,selection,H50b_kth_ridge,blur185,5.8,3.0,0.04310451057684363,8.302339918883465,186.74535599249992,190.0,3.25464400750007,0.04324135374418472,192,190,84276,621
53,35,selection,H50c_both,disk,1.5,2.0,0.197295237795318,55.93613623861436,593.6382782194921,621.0,27.3617217805079,0.2913340429094498,192,621,84276,621
53,35,selection,H50c_both,blur185,1.5,2.0,0.03144262076533592,7.146420736214889,361.27614237491537,364.0,2.7238576250846034,0.03722094133445255,192,364,84276,621
53,35,selection,H50c_both,disk,1.5,3.0,0.2035336659760927,57.74087409273872,592.7191584485319,621.0,28.280841551468136,0.3007337192330142,192,621,84276,621
53,35,selection,H50c_both,blur185,1.5,3.0,0.040603554312368104,9.418181304717288,382.35483170074866,386.0,3.64516829925134,0.049053027628735875,192,386,84276,621
53,35,selection,H50c_both,disk,2.8,2.0,0.13562508646442784,38.27458281256925,604.7690452631217,621.0,16.230954736878246,0.1993467854821315,192,621,84276,621
53,35,selection,H50c_both,blur185,2.8,2.0,0.029765418642565954,6.303799387881416,284.60947570824874,287.0,2.39052429175127,0.03283228847854904,192,287,84276,621
53,35,selection,H50c_both,disk,2.8,3.0,0.14568000082266017,41.1773174567357,604.1023785964551,621.0,16.89762140354491,0.2144651950871651,192,621,84276,621
53,35,selection,H50c_both,blur185,2.8,3.0,0.04463476024591788,9.418181304717288,277.60947570824874,281.0,3.39052429175127,0.049053027628735875,192,281,84276,621
53,35,selection,H50c_both,disk,3.6,2.0,0.07464385235222154,20.151119912767633,561.6666666666666,569.0,7.333333333333334,0.10495374954566476,192,569,84276,621
53,35,selection,H50c_both,blur185,3.6,2.0,0.02686519390400621,5.461178039547942,242.94280904158205,245.0,2.0571909584179364,0.02844363562264553,192,245,84276,621
53,35,selection,H50c_both,disk,3.6,3.0,0.07325781105956065,19.627637674180207,552.0,559.0,7.0,0.10222727955302191,192,559,84276,621
53,35,selection,H50c_both,blur185,3.6,3.0,0.04264248282669175,8.575559956383815,228.94280904158205,232.0,3.0571909584179364,0.04466437477283237,192,232,84276,621
53,35,selection,H50c_both,disk,4.6,2.0,0.0631477002765173,13.822899820055842,312.66666666666663,317.0,4.333333333333334,0.07199426989612417,192,317,84276,621
53,35,selection,H50c_both,blur185,4.6,2.0,0.02810971599961019,5.461178039547942,197.94280904158205,200.0,2.0571909584179364,0.02844363562264553,192,200,84276,621
53,35,selection,H50c_both,disk,4.6,3.0,0.06502069150093927,14.220728255635155,311.3333333333333,316.0,4.666666666666668,0.07406629299809976,192,316,84276,621
53,35,selection,H50c_both,blur185,4.6,3.0,0.04418030729927248,8.575559956383815,193.94280904158205,197.0,3.0571909584179364,0.04466437477283237,192,197,84276,621
53,35,selection,H50c_both,disk,5.8,2.0,0.04462537563473553,8.792320469674777,208.33333333333331,211.0,2.666666666666667,0.04579333577955613,192,211,84276,621
53,35,selection,H50c_both,blur185,5.8,2.0,0.02922278861741278,5.461178039547942,160.94280904158205,163.0,2.0571909584179364,0.02844363562264553,192,163,84276,621
53,35,selection,H50c_both,disk,5.8,3.0,0.050796014127225536,10.147152170423436,220.66666666666666,224.0,3.3333333333333335,0.05284975088762206,192,224,84276,621
53,35,selection,H50c_both,blur185,5.8,3.0,0.04496798507088889,8.575559956383815,176.94280904158205,180.0,3.0571909584179364,0.04466437477283237,192,180,84276,621
53,35,selection,RANDOM_fixed_seed,disk,1.5,2.0,0.057816584371748685,16.174809183389456,614.6287831724576,621.0,6.371216827542442,0.08424379783015341,192,621,84276,621
53,35,selection,RANDOM_fixed_seed,disk,1.5,3.0,0.0496113181539599,13.86297421747145,615.2954498391242,621.0,5.704550160875775,0.07220299071599713,192,621,84276,621
53,35,selection,RANDOM_fixed_seed,disk,2.8,2.0,0.057816584371748685,16.174809183389456,614.6287831724576,621.0,6.371216827542442,0.08424379783015341,192,621,84276,621
53,35,selection,RANDOM_fixed_seed,disk,2.8,3.0,0.0496113181539599,13.86297421747145,615.2954498391242,621.0,5.704550160875775,0.07220299071599713,192,621,84276,621
53,35,selection,RANDOM_fixed_seed,disk,3.6,2.0,0.055711702338260324,15.589022745762549,615.4907119849998,621.0,5.50928801500014,0.08119282680084661,192,621,84276,621
53,35,selection,RANDOM_fixed_seed,disk,3.6,3.0,0.04750557950541156,13.277187779844542,616.1573786516665,621.0,4.8426213483334735,0.06915201968669032,192,621,84276,621
53,35,selection,RANDOM_fixed_seed,disk,4.6,2.0,0.05197231392026357,14.529640884138116,615.2954498391242,621.0,5.704550160875775,0.07567521293821936,192,621,84276,621
53,35,selection,RANDOM_fixed_seed,disk,4.6,3.0,0.04375441059561947,12.217805918220108,615.9621165057908,621.0,5.037883494209108,0.06363440582406306,192,621,84276,621
53,35,selection,RANDOM_fixed_seed,disk,5.8,2.0,0.047093971194278925,13.156233153389175,615.6502815398728,621.0,5.349718460127115,0.06852204767390195,192,621,84276,621
53,35,selection,RANDOM_fixed_seed,disk,5.8,3.0,0.04891085417307999,13.665521168389315,615.3169482065396,621.0,5.683051793460449,0.07117458941869435,192,621,84276,621
59,36,calibration,R2_scarp9_topo,disk,1.5,2.0,0.08637850090528286,4.132957946836154,107.10237859645508,109.0,1.8976214035449113,0.1291549358386298,32,109,14733,109
59,36,calibration,R2_scarp9_topo,blur185,1.5,2.0,0.07239201185908786,3.440411106341163,106.18325882549485,109.0,2.8167411745051494,0.10751284707316135,32,109,14733,109
59,36,calibration,R2_scarp9_topo,disk,1.5,3.0,0.18624256939538467,8.954080927754301,103.43352102658193,109.0,5.566478973418077,0.2798150289923219,32,109,14733,109
59,36,calibration,R2_scarp9_topo,blur185,1.5,3.0,0.22218227739015517,10.715822047048011,102.43352102658193,109.0,6.566478973418077,0.33486943897025034,32,109,14733,109
59,36,calibration,R2_scarp9_topo,disk,2.8,2.0,0.10614323953333071,5.070653747796672,105.78835272733059,109.0,3.211647272669417,0.158457929618646,32,109,14733,109
59,36,calibration,R2_scarp9_topo,blur185,2.8,2.0,0.06223258380054625,2.6830517934604483,84.88342717995762,87.0,2.116572820042372,0.08384536854563901,32,87,14733,109
59,36,calibration,R2_scarp9_topo,disk,2.8,3.0,0.20674571816432796,9.994155325169908,103.70747249829083,109.0,5.292527501709179,0.3123173539115596,32,109,14733,109
59,36,calibration,R2_scarp9_topo,blur185,2.8,3.0,0.1475775443599842,6.383220147923226,81.88342717995764,86.0,4.1165728200423715,0.19947562962260082,32,86,14733,109
59,36,calibration,R2_scarp9_topo,disk,3.6,2.0,0.07510005568241912,3.5850550034183573,107.10018769324859,109.0,1.89981230675141,0.11203296885682366,32,109,14733,109
59,36,calibration,R2_scarp9_topo,blur185,3.6,2.0,0.06655500971999946,2.6830517934604483,70.88342717995764,73.0,2.116572820042372,0.08384536854563901,32,73,14733,109
59,36,calibration,R2_scarp9_topo,disk,3.6,3.0,0.1771393983967062,8.544249171794203,104.62878317245756,109.0,4.371216827542442,0.26700778661856883,32,109,14733,109
59,36,calibration,R2_scarp9_topo,blur185,3.6,3.0,0.16097564148968782,6.383220147923226,63.883427179957636,68.0,4.1165728200423715,0.19947562962260082,32,68,14733,109
59,36,calibration,R2_scarp9_topo,disk,4.6,2.0,0.033542028963189426,1.4305986891668772,83.82404531833319,85.0,1.175954681666807,0.04470620903646491,32,85,14733,109
59,36,calibration,R2_scarp9_topo,blur185,4.6,2.0,0.05714330262297282,2.0972653558335437,53.412022659166595,55.0,1.5879773408334037,0.06553954236979824,32,55,14733,109
59,36,calibration,R2_scarp9_topo,disk,4.6,3.0,0.12741933650737558,5.446983815960659,80.29544983912422,83.0,2.704550160875775,0.1702182442487706,32,83,14733,109
59,36,calibration,R2_scarp9_topo,blur185,4.6,3.0,0.15383547675580622,5.599980661214188,48.412022659166595,52.0,3.5879773408334037,0.17499939566294337,32,52,14733,109
59,36,calibration,R2_scarp9_topo,disk,5.8,2.0,0.031399880304695545,1.175954681666807,58.07868932583326,59.0,0.9213106741667368,0.03674858380208772,32,59,14733,109
59,36,calibration,R2_scarp9_topo,blur185,5.8,2.0,0.06222996312365849,2.0972653558335437,38.412022659166595,40.0,1.5879773408334037,0.06553954236979824,32,40,14733,109
59,36,calibration,R2_scarp9_topo,disk,5.8,3.0,0.14203908107682628,5.446983815960659,58.295449839124224,61.0,2.704550160875775,0.1702182442487706,32,61,14733,109
59,36,calibration,R2_scarp9_topo,blur185,5.8,3.0,0.15907951036216617,5.599980661214188,42.412022659166595,46.0,3.5879773408334037,0.17499939566294337,32,46,14733,109
59,36,calibration,R7_scarp9_polarity,disk,1.5,2.0,0.055445662778994445,2.637864155423296,107.2404497839128,109.0,1.759550216087213,0.082433254856978,32,109,14733,109
59,36,calibration,R7_scarp9_polarity,blur185,1.5,2.0,0.08013764794540995,3.809437030677106,105.87142385957684,109.0,3.128576140423156,0.11904490720865957,32,109,14733,109
59,36,calibration,R7_scarp9_polarity,disk,1.5,3.0,0.16821805359715947,8.092152115211999,104.43352102658193,109.0,4.566478973418077,0.25287975360037496,32,109,14733,109
59,36,calibration,R7_scarp9_polarity,blur185,1.5,3.0,0.19263322604807911,9.268106796878806,103.29544983912423,109.0,5.704550160875776,0.2896283374024627,32,109,14733,109
59,36,calibration,R7_scarp9_polarity,disk,2.8,2.0,0.15278602925670173,7.320915948883744,104.25975724812162,109.0,4.740242751878385,0.228778623402617,32,109,14733,109
59,36,calibration,R7_scarp9_polarity,blur185,2.8,2.0,0.054118219892006124,2.271029134293852,79.55009384662429,81.0,1.449906153375705,0.07096966044668288,32,81,14733,109
59,36,calibration,R7_scarp9_polarity,disk,2.8,3.0,0.23134668000741174,11.20872493525437,103.04080583162416,109.0,5.959194168375845,0.35027265422669907,32,109,14733,109
59,36,calibration,R7_scarp9_polarity,blur185,2.8,3.0,0.13442070910745418,5.720935287669557,79.07868932583327,82.0,2.9213106741667367,0.17877922773967367,32,82,14733,109
59,36,calibration,R7_scarp9_polarity,disk,3.6,2.0,0.03791687451578718,1.7996246135028202,107.5122103524152,109.0,1.4877896475848136,0.05623826917196313,32,109,14733,109
59,36,calibration,R7_scarp9_polarity,blur185,3.6,2.0,0.05888953189320801,2.271029134293852,62.55009384662429,64.0,1.449906153375705,0.07096966044668288,32,64,14733,109
59,36,calibration,R7_scarp9_polarity,disk,3.6,3.0,0.1771393983967062,8.544249171794203,104.62878317245756,109.0,4.371216827542442,0.26700778661856883,32,109,14733,109
59,36,calibration,R7_scarp9_polarity,blur185,3.6,3.0,0.14913833380012384,5.720935287669557,58.07868932583327,61.0,2.9213106741667367,0.17877922773967367,32,61,14733,109
59,36,calibration,R7_scarp9_polarity,disk,4.6,2.0,0.044041125023496025,1.7996246135028202,74.51221035241518,76.0,1.4877896475848136,0.05623826917196313,32,76,14733,109
59,36,calibration,R7_scarp9_polarity,blur185,4.6,2.0,0.06314689555505613,2.271029134293852,49.55009384662429,51.0,1.449906153375705,0.07096966044668288,32,51,14733,109
59,36,calibration,R7_scarp9_polarity,disk,4.6,3.0,0.13433260412635653,5.446983815960659,69.29544983912423,72.0,2.704550160875775,0.1702182442487706,32,72,14733,109
59,36,calibration,R7_scarp9_polarity,blur185,4.6,3.0,0.15648104583817654,5.720935287669557,49.07868932583327,52.0,2.9213106741667367,0.17877922773967367,32,52,14733,109
59,36,calibration,R7_scarp9_polarity,disk,5.8,2.0,0.05046284824130559,1.7996246135028202,48.51221035241519,50.0,1.4877896475848136,0.05623826917196313,32,50,14733,109
59,36,calibration,R7_scarp9_polarity,blur185,5.8,2.0,0.06766219573420468,2.271029134293852,37.55009384662429,39.0,1.449906153375705,0.07096966044668288,32,39,14733,109
59,36,calibration,R7_scarp9_polarity,disk,5.8,3.0,0.1277823666519821,4.663744329251621,49.82404531833319,52.0,2.175954681666807,0.14574201028911316,32,52,14733,109
59,36,calibration,R7_scarp9_polarity,blur185,5.8,3.0,0.16364266514641776,5.720935287669557,41.07868932583327,44.0,2.9213106741667367,0.17877922773967367,32,44,14733,109
59,36,calibration,H50a_corridor,disk,1.5,2.0,0.10886693818006069,5.19014890525409,105.18106792228835,109.0,3.8189320777116484,0.16219215328919032,32,109,14733,109
59,36,calibration,H50a_corridor,blur185,1.5,2.0,0.08058843245825574,3.8331263012989316,105.9879966796192,109.0,3.012003320380785,0.11978519691559161,32,109,14733,109
59,36,calibration,H50a_corridor,disk,1.5,3.0,0.17461822049873557,8.406177984336505,104.29544983912422,109.0,4.704550160875775,0.2626930620105158,32,109,14733,109
59,36,calibration,H50a_corridor,blur185,1.5,3.0,0.2063784135587648,9.932582560338973,102.70747249829081,109.0,6.292527501709179,0.3103932050105929,32,109,14733,109
59,36,calibration,H50a_corridor,disk,2.8,2.0,0.15159246556780376,7.263724990465809,104.31694820653955,109.0,4.683051793460448,0.22699140595205652,32,109,14733,109
59,36,calibration,H50a_corridor,blur185,2.8,2.0,0.0763440893807017,3.1923398084605887,77.88342717995764,80.0,2.1165728200423715,0.0997606190143934,32,80,14733,109
59,36,calibration,H50a_corridor,disk,2.8,3.0,0.22721763159867076,11.011271886172237,103.29544983912423,109.0,5.704550160875775,0.3441022464428824,32,109,14733,109
59,36,calibration,H50a_corridor,blur185,2.8,3.0,0.1505064809815227,6.385411051129726,77.74535599249994,81.0,3.2546440075000707,0.19954409534780393,32,81,14733,109
59,36,calibration,H50a_corridor,disk,3.6,2.0,0.057700177005733495,2.742433655084884,106.90273464416646,109.0,2.097265355833544,0.08570105172140262,32,109,14733,109
59,36,calibration,H50a_corridor,blur185,3.6,2.0,0.0818230746377134,3.1923398084605887,63.88342717995763,66.0,2.1165728200423715,0.0997606190143934,32,66,14733,109
59,36,calibration,H50a_corridor,disk,3.6,3.0,0.1771393983967062,8.544249171794203,104.62878317245756,109.0,4.371216827542442,0.26700778661856883,32,109,14733,109
59,36,calibration,H50a_corridor,blur185,3.6,3.0,0.16361876570960834,6.385411051129726,60.74535599249993,64.0,3.25464400750007,0.19954409534780393,32,64,14733,109
59,36,calibration,H50a_corridor,disk,4.6,2.0,0.038087544665288596,1.4877896475848136,65.82404531833319,67.0,1.175954681666807,0.046493426487025424,32,67,14733,109
59,36,calibration,H50a_corridor,blur185,4.6,2.0,0.05907480614919311,2.0972653558335437,47.412022659166595,49.0,1.5879773408334037,0.06553954236979824,32,49,14733,109
59,36,calibration,H50a_corridor,disk,4.6,3.0,0.1452362320389153,5.780317149293992,65.21676051329096,68.0,2.7832394867090384,0.18063491091543726,32,68,14733,109
59,36,calibration,H50a_corridor,blur185,4.6,3.0,0.17724376451422458,6.385411051129726,45.74535599249993,49.0,3.25464400750007,0.19954409534780393,32,49,14733,109
59,36,calibration,H50a_corridor,disk,5.8,2.0,0.04419741629832615,1.4877896475848136,38.82404531833319,40.0,1.175954681666807,0.046493426487025424,32,40,14733,109
59,36,calibration,H50a_corridor,blur185,5.8,2.0,0.03669019044501869,1.175954681666807,31.078689325833263,32.0,0.9213106741667368,0.03674858380208772,32,32,14733,109
59,36,calibration,H50a_corridor,disk,5.8,3.0,0.14057075622925833,4.997077662584953,44.74535599249993,47.0,2.25464400750007,0.15615867695577978,32,47,14733,109
59,36,calibration,H50a_corridor,blur185,5.8,3.0,0.18230409079230409,6.385411051129726,40.74535599249993,44.0,3.25464400750007,0.19954409534780393,32,44,14733,109
59,36,calibration,H50b_kth_ridge,disk,1.5,2.0,0.17158007384627555,8.29033659850268,105.29764074233071,109.0,3.702359257669277,0.25907301870320876,32,109,14733,109
59,36,calibration,H50b_kth_ridge,blur185,1.5,2.0,0.12319988207232047,5.894699066129865,105.33844657395488,109.0,3.661553426045122,0.1842093458165583,32,109,14733,109
59,36,calibration,H50b_kth_ridge,disk,1.5,3.0,0.21203835661010223,10.230954736878246,103.02149836741533,109.0,5.978501632584674,0.3197173355274452,32,109,14733,109
59,36,calibration,H50b_kth_ridge,blur185,1.5,3.0,0.1805253672249836,8.663744329251621,103.29544983912423,109.0,5.704550160875775,0.27074201028911316,32,109,14733,109
59,36,calibration,H50b_kth_ridge,disk,2.8,2.0,0.0752855140536885,3.5850550034183573,106.51221035241518,109.0,2.4877896475848136,0.11203296885682366,32,109,14733,109
59,36,calibration,H50b_kth_ridge,blur185,2.8,2.0,0.1280658062828594,5.389792857542723,77.04080583162416,80.0,2.9591941683758454,0.1684310267982101,32,80,14733,109
59,36,calibration,H50b_kth_ridge,disk,2.8,3.0,0.09642169733815494,4.604362467627185,106.15737865166652,109.0,2.8426213483334744,0.14388632711334953,32,109,14733,109
59,36,calibration,H50b_kth_ridge,blur185,2.8,3.0,0.17185584200132686,7.213838175875916,74.66666666666666,78.0,3.3333333333333335,0.22543244299612236,32,78,14733,109
59,36,calibration,H50b_kth_ridge,disk,3.6,2.0,0.05599804429817408,2.6637443292516205,107.17887701908184,109.0,1.8211229809181468,0.08324201028911314,32,109,14733,109
59,36,calibration,H50b_kth_ridge,blur185,3.6,2.0,0.05803594161949009,2.292527501709179,67.21676051329096,69.0,1.7832394867090384,0.07164148442841184,32,69,14733,109
59,36,calibration,H50b_kth_ridge,disk,3.6,3.0,0.09642169733815494,4.604362467627185,106.15737865166652,109.0,2.8426213483334735,0.14388632711334953,32,109,14733,109
59,36,calibration,H50b_kth_ridge,blur185,3.6,3.0,0.1822776372441521,7.213838175875916,62.666666666666664,66.0,3.3333333333333335,0.22543244299612236,32,66,14733,109
59,36,calibration,H50b_kth_ridge,disk,4.6,2.0,0.03378986939061789,1.4091003217515503,79.10018769324859,80.0,0.8998123067514101,0.04403438505473595,32,80,14733,109
59,36,calibration,H50b_kth_ridge,blur185,4.6,2.0,0.06113103852022847,2.292527501709179,57.21676051329096,59.0,1.7832394867090384,0.07164148442841184,32,59,14733,109
59,36,calibration,H50b_kth_ridge,disk,4.6,3.0,0.0758479459704854,3.0972653558335437,73.07868932583327,75.0,1.921310674166737,0.09678954236979824,32,75,14733,109
59,36,calibration,H50b_kth_ridge,blur185,4.6,3.0,0.11962528638978502,4.371216827542441,50.33333333333333,53.0,2.666666666666667,0.1366005258607013,32,53,14733,109
59,36,calibration,H50b_kth_ridge,disk,5.8,2.0,0.03643778103510006,1.351909363333614,56.15737865166653,57.0,0.8426213483334736,0.042247167604175434,32,57,14733,109
59,36,calibration,H50b_kth_ridge,blur185,5.8,2.0,0.007624072080840192,0.2546440075000701,38.74535599249993,39.0,0.2546440075000701,0.00795762523437719,32,39,14733,109
59,36,calibration,H50b_kth_ridge,disk,5.8,3.0,0.08186202525171186,3.0972653558335437,58.07868932583326,60.0,1.9213106741667367,0.09678954236979824,32,60,14733,109
59,36,calibration,H50b_kth_ridge,blur185,5.8,3.0,0.1258233253963103,4.371216827542441,41.33333333333333,44.0,2.666666666666667,0.1366005258607013,32,44,14733,109
59,36,calibration,H50c_both,disk,1.5,2.0,0.18759257641651542,9.07357608521172,104.76904526312177,109.0,4.230954736878245,0.28354925266286624,32,109,14733,109
59,36,calibration,H50c_both,blur185,1.5,2.0,0.06258013346015381,2.9733883919631285,106.59309058145496,109.0,2.4069094185450517,0.09291838724884777,32,109,14733,109
59,36,calibration,H50c_both,disk,1.5,3.0,0.2162089378465576,10.42621688275388,102.68816503408199,109.0,6.311834965918007,0.3258192775860588,32,109,14733,109
59,36,calibration,H50c_both,blur185,1.5,3.0,0.1572483942637952,7.525673141793922,103.76685435991526,109.0,5.233145640084744,0.23517728568106006,32,109,14733,109
59,36,calibration,H50c_both,disk,2.8,2.0,0.11874125232989331,5.682320359251902,105.59089967824846,109.0,3.4091003217515503,0.17757251122662193,32,109,14733,109
59,36,calibration,H50c_both,blur185,2.8,2.0,0.06167208104034935,2.5471715092092486,75.96211650579089,78.0,2.0378834942091086,0.07959910966278902,32,78,14733,109
59,36,calibration,H50c_both,disk,2.8,3.0,0.1724725541585794,8.31110353170946,104.62878317245756,109.0,4.371216827542442,0.2597219853659206,32,109,14733,109
59,36,calibration,H50c_both,blur185,2.8,3.0,0.12023662185432202,4.997077662584954,74.80473785412437,78.0,3.1952621458756356,0.1561586769557798,32,78,14733,109
59,36,calibration,H50c_both,disk,3.6,2.0,0.09426810569357975,4.506365677585094,106.51221035241518,109.0,2.4877896475848136,0.1408239274245342,32,109,14733,109
59,36,calibration,H50c_both,blur185,3.6,2.0,0.059543295945556865,2.292527501709179,62.21676051329096,64.0,1.7832394867090384,0.07164148442841184,32,64,14733,109
59,36,calibration,H50c_both,disk,3.6,3.0,0.13311038177194914,6.389792857542722,105.62878317245756,109.0,3.371216827542442,0.19968102679821007,32,109,14733,109
59,36,calibration,H50c_both,blur185,3.6,3.0,0.08916775741529141,3.3712168275424417,57.666666666666664,60.0,2.3333333333333335,0.1053505258607013,32,60,14733,109
59,36,calibration,H50c_both,disk,4.6,2.0,0.03479100478707775,1.4091003217515503,73.10018769324859,74.0,0.8998123067514101,0.04403438505473595,32,74,14733,109
59,36,calibration,H50c_both,blur185,4.6,2.0,0.06246352777309353,2.292527501709179,53.21676051329096,55.0,1.7832394867090384,0.07164148442841184,32,55,14733,109
59,36,calibration,H50c_both,disk,4.6,3.0,0.076598262160063,3.0972653558335437,71.07868932583327,73.0,1.9213106741667367,0.09678954236979824,32,73,14733,109
59,36,calibration,H50c_both,blur185,4.6,3.0,0.09414814233020653,3.3712168275424417,47.666666666666664,50.0,2.3333333333333335,0.1053505258607013,32,50,14733,109
59,36,calibration,H50c_both,disk,5.8,2.0,0.03724077643954653,1.351909363333614,52.15737865166653,53.0,0.8426213483334736,0.042247167604175434,32,53,14733,109
59,36,calibration,H50c_both,blur185,5.8,2.0,0.035580079722703606,1.175954681666807,36.07868932583326,37.0,0.9213106741667368,0.03674858380208772,32,37,14733,109
59,36,calibration,H50c_both,disk,5.8,3.0,0.08273673189221956,3.0972653558335437,56.07868932583326,58.0,1.9213106741667367,0.09678954236979824,32,58,14733,109
59,36,calibration,H50c_both,blur185,5.8,3.0,0.09855175820321943,3.3712168275424417,39.666666666666664,42.0,2.3333333333333335,0.1053505258607013,32,42,14733,109
59,36,calibration,RANDOM_fixed_seed,disk,1.5,2.0,0.01315124638991199,0.6236699318360133,108.49071198499985,109.0,0.5092880150001402,0.019489685369875415,32,109,14733,109
59,36,calibration,RANDOM_fixed_seed,disk,1.5,3.0,0.01360786181264788,0.64516829925134,108.4120226591666,109.0,0.5879773408334035,0.020161509351604375,32,109,14733,109
59,36,calibration,RANDOM_fixed_seed,disk,2.8,2.0,0.01315124638991199,0.6236699318360133,108.49071198499985,109.0,0.5092880150001402,0.019489685369875415,32,109,14733,109
59,36,calibration,RANDOM_fixed_seed,disk,2.8,3.0,0.01360786181264788,0.64516829925134,108.4120226591666,109.0,0.5879773408334035,0.020161509351604375,32,109,14733,109
59,36,calibration,RANDOM_fixed_seed,disk,3.6,2.0,0.020180202850474505,0.9570032651693466,108.15737865166653,109.0,0.8426213483334736,0.029906352036542082,32,109,14733,109
59,36,calibration,RANDOM_fixed_seed,disk,3.6,3.0,0.06316726274178548,3.0163851267937822,107.74535599249992,109.0,1.2546440075000702,0.0942620352123057,32,109,14733,109
59,36,calibration,RANDOM_fixed_seed,disk,4.6,2.0,0.020180202850474505,0.9570032651693466,108.15737865166653,109.0,0.8426213483334736,0.029906352036542082,32,109,14733,109
59,36,calibration,RANDOM_fixed_seed,disk,4.6,3.0,0.06316726274178548,3.0163851267937822,107.74535599249992,109.0,1.2546440075000702,0.0942620352123057,32,109,14733,109
59,36,calibration,RANDOM_fixed_seed,disk,5.8,2.0,0.020180202850474505,0.9570032651693466,108.15737865166653,109.0,0.8426213483334736,0.029906352036542082,32,109,14733,109
59,36,calibration,RANDOM_fixed_seed,disk,5.8,3.0,0.06316726274178548,3.0163851267937822,107.74535599249992,109.0,1.2546440075000702,0.0942620352123057,32,109,14733,109
60,37,calibration,R2_scarp9_topo,disk,1.5,2.0,0.0964149251992459,48.84252125498527,1164.091106710283,1184.0,19.908893289717152,0.14800764016662205,330,1184,160632,1184
60,37,calibration,R2_scarp9_topo,blur185,1.5,2.0,0.058302518402703875,25.443647414476807,836.5930905814549,847.0,10.406909418545052,0.07710196186205093,330,847,160632,1184
60,37,calibration,R2_scarp9_topo,disk,1.5,3.0,0.09708570020415574,49.17585458831861,1163.4244400436162,1184.0,20.575559956383817,0.14901774117672306,330,1184,160632,1184
60,37,calibration,R2_scarp9_topo,blur185,1.5,3.0,0.06024164719999779,26.656026121354774,865.7690452631217,877.0,11.230954736878244,0.0807758367313781,330,877,160632,1184
60,37,calibration,R2_scarp9_topo,disk,2.8,2.0,0.10379991651324559,52.686188008247896,1165.1861811629096,1184.0,18.813818837090103,0.15965511517650877,330,1184,160632,1184
60,37,calibration,R2_scarp9_topo,blur185,2.8,2.0,0.062463786969537034,25.386456456058873,686.7074724982908,697.0,10.29252750170918,0.07692865592745113,330,697,160632,1184
60,37,calibration,R2_scarp9_topo,disk,2.8,3.0,0.10646211112151066,54.05959573899683,1164.8528478295764,1184.0,19.14715217042344,0.1638169567848389,330,1184,160632,1184
60,37,calibration,R2_scarp9_topo,blur185,2.8,3.0,0.06584626881287704,26.5416442045189,668.8834271799576,680.0,11.116572820042373,0.08042922486217849,330,680,160632,1184
60,37,calibration,R2_scarp9_topo,disk,3.6,2.0,0.09371790693761478,47.51753747040913,1167.6189707552835,1184.0,16.38102924471673,0.14399253778911858,330,1184,160632,1184
60,37,calibration,R2_scarp9_topo,blur185,3.6,2.0,0.06515716742078531,25.386456456058873,602.7074724982908,613.0,10.29252750170918,0.07692865592745113,330,613,160632,1184
60,37,calibration,R2_scarp9_topo,disk,3.6,3.0,0.0984389998086545,49.94594525636951,1166.9523040886165,1184.0,17.047695911383396,0.1513513492617258,330,1184,160632,1184
60,37,calibration,R2_scarp9_topo,blur185,3.6,3.0,0.06856799727600064,26.5416442045189,588.8834271799576,600.0,11.116572820042373,0.08042922486217849,330,600,160632,1184
60,37,calibration,R2_scarp9_topo,disk,4.6,2.0,0.09097205946824746,39.758718688530465,825.4572102972038,838.0,12.542789702796252,0.12048096572281959,330,838,160632,1184
60,37,calibration,R2_scarp9_topo,blur185,4.6,2.0,0.05257302708824658,18.765708861637904,445.9621165057909,454.0,8.037883494209108,0.05686578442920577,330,454,160632,1184
60,37,calibration,R2_scarp9_topo,disk,4.6,3.0,0.09257141352555373,40.013362696030526,801.2025662897037,814.0,12.797433710296323,0.12125261423039553,330,814,160632,1184
60,37,calibration,R2_scarp9_topo,blur185,4.6,3.0,0.05471206152740486,19.587563276764598,450.471404520791,459.0,8.528595479208969,0.059356252353832115,330,459,160632,1184
60,37,calibration,R2_scarp9_topo,disk,5.8,2.0,0.07061590286422192,26.83344027201953,553.1238769638703,562.0,8.876123036129584,0.08131345536975615,330,562,160632,1184
60,37,calibration,R2_scarp9_topo,blur185,5.8,2.0,0.04370646966384406,14.589754179971099,334.471404520791,340.0,5.528595479208969,0.04421137630294272,330,340,160632,1184
60,37,calibration,R2_scarp9_topo,disk,5.8,3.0,0.07065385346862739,27.0880842795196,569.8692329563703,579.0,9.130767043629655,0.08208510387733212,330,579,160632,1184
60,37,calibration,R2_scarp9_topo,blur185,5.8,3.0,0.04327468468711638,14.668443505804362,360.1380711874577,366.0,5.861928812542302,0.044449828805467766,330,366,160632,1184
60,37,calibration,R7_scarp9_polarity,disk,1.5,2.0,0.08855905829938844,44.81048243560625,1165.1668736987012,1184.0,18.833126301298933,0.13578934071395832,330,1184,160632,1184
60,37,calibration,R7_scarp9_polarity,blur185,1.5,2.0,0.03188872350411447,12.960971007513539,699.2575663449152,705.0,5.742433655084884,0.039275669719738,330,705,160632,1184
60,37,calibration,R7_scarp9_polarity,disk,1.5,3.0,0.08922958203216583,45.14381576893959,1164.5002070320343,1184.0,19.4997929679656,0.13679944172405936,330,1184,160632,1184
60,37,calibration,R7_scarp9_polarity,blur185,1.5,3.0,0.03487508246228823,14.449492089306903,737.1573786516666,744.0,6.8426213483334735,0.043786339664566375,330,744,160632,1184
60,37,calibration,R7_scarp9_polarity,disk,2.8,2.0,0.09908216837780763,50.2213595964955,1164.1074918370764,1184.0,19.892508162923367,0.1521859381711985,330,1184,160632,1184
60,37,calibration,R7_scarp9_polarity,blur185,2.8,2.0,0.03246834086817254,12.294304340846875,560.9814239699997,566.0,5.018576030000281,0.037255467699535985,330,566,160632,1184
60,37,calibration,R7_scarp9_polarity,disk,2.8,3.0,0.1015025630904559,51.45450523658024,1163.1861811629099,1184.0,20.813818837090107,0.15592274314115223,330,1184,160632,1184
60,37,calibration,R7_scarp9_polarity,blur185,2.8,3.0,0.03823412243320424,14.449492089306903,555.1573786516665,562.0,6.8426213483334735,0.043786339664566375,330,562,160632,1184
60,37,calibration,R7_scarp9_polarity,disk,3.6,2.0,0.09644185174912571,48.89678987598816,1166.1431844280792,1184.0,17.856815571920755,0.14817209053329747,330,1184,160632,1184
60,37,calibration,R7_scarp9_polarity,blur185,3.6,2.0,0.03375190299233073,12.294304340846875,488.9814239699997,494.0,5.018576030000281,0.037255467699535985,330,494,160632,1184
60,37,calibration,R7_scarp9_polarity,disk,3.6,3.0,0.09756674908727105,49.463268849406234,1165.3792524055789,1184.0,18.62074759442097,0.1498886934830492,330,1184,160632,1184
60,37,calibration,R7_scarp9_polarity,blur185,3.6,3.0,0.039617892214443395,14.449492089306903,489.15737865166653,496.0,6.8426213483334735,0.043786339664566375,330,496,160632,1184
60,37,calibration,R7_scarp9_polarity,disk,4.6,2.0,0.055860285836178074,23.23419104501389,736.4357119297883,745.0,8.564288070211578,0.07040663953034512,330,745,160632,1184
60,37,calibration,R7_scarp9_polarity,blur185,4.6,2.0,0.03519800969530724,12.039660333346802,378.23606797749983,383.0,4.76393202250021,0.036483819191960004,330,383,160632,1184
60,37,calibration,R7_scarp9_polarity,disk,4.6,3.0,0.05655408935928252,23.488835052513963,733.1810679222883,742.0,8.818932077711649,0.0711782880379211,330,742,160632,1184
60,37,calibration,R7_scarp9_polarity,blur185,4.6,3.0,0.034648246334266164,11.863705651679997,380.1573786516665,385.0,4.8426213483334735,0.03595062318690908,330,385,160632,1184
60,37,calibration,R7_scarp9_polarity,disk,5.8,2.0,0.03555384086176031,13.02546610975952,498.7690452631217,504.0,5.230954736878244,0.0394711094235137,330,504,160632,1184
60,37,calibration,R7_scarp9_polarity,blur185,5.8,2.0,0.027525753986244163,8.887394922301821,285.49071198499985,289.0,3.509288015000141,0.026931499764550972,330,289,160632,1184
60,37,calibration,R7_scarp9_polarity,disk,5.8,3.0,0.035915592662047614,13.28011011725959,515.5144012556217,521.0,5.485598744378315,0.04024275793108967,330,521,160632,1184
60,37,calibration,R7_scarp9_polarity,blur185,5.8,3.0,0.02736693677613078,8.966084248135084,309.1573786516665,313.0,3.8426213483334744,0.027169952267076015,330,313,160632,1184
60,37,calibration,H50a_corridor,disk,1.5,2.0,0.09973543680180394,50.48226234289447,1160.326443253574,1184.0,23.67355674642591,0.15297655255422568,330,1184,160632,1184
60,37,calibration,H50a_corridor,blur185,1.5,2.0,0.03935446974521495,15.706327000013472,659.7883527273307,666.0,6.211647272669417,0.047594930303071124,330,666,160632,1184
60,37,calibration,H50a_corridor,disk,1.5,3.0,0.10039625657103551,50.8155956762278,1159.9359189618228,1184.0,24.064081038177175,0.15398665356432667,330,1184,160632,1184
60,37,calibration,H50a_corridor,blur185,1.5,3.0,0.042719996655482255,17.470990456722227,707.3548317007487,715.0,7.64516829925134,0.052942395323400684,330,715,160632,1184
60,37,calibration,H50a_corridor,disk,2.8,2.0,0.08597605778328414,43.50699701844544,1166.6739708104947,1184.0,17.32602918950529,0.13183938490438013,330,1184,160632,1184
60,37,calibration,H50a_corridor,blur185,2.8,2.0,0.03567273094348184,13.19922988821983,516.8455436857485,522.0,5.15445631425148,0.03999766632793888,330,522,160632,1184
60,37,calibration,H50a_corridor,disk,2.8,3.0,0.08790087059110166,44.48549865103011,1165.9501131854101,1184.0,18.049886814589893,0.13480454136675793,330,1184,160632,1184
60,37,calibration,H50a_corridor,blur185,2.8,3.0,0.040567353646273896,15.021084303346523,516.3548317007487,523.0,6.64516829925134,0.04551843728286825,330,523,160632,1184
60,37,calibration,H50a_corridor,disk,3.6,2.0,0.08986764665242632,45.52557304844572,1167.3978284355794,1184.0,16.602171564420686,0.13795628196498705,330,1184,160632,1184
60,37,calibration,H50a_corridor,blur185,3.6,2.0,0.03642166498339191,12.94458588071976,444.1001876932486,449.0,4.899812306751411,0.03922601782036291,330,449,160632,1184
60,37,calibration,H50a_corridor,disk,3.6,3.0,0.09037940101878882,45.78021705594578,1166.8885404205791,1184.0,17.111459579420824,0.138727930472563,330,1184,160632,1184
60,37,calibration,H50a_corridor,blur185,3.6,3.0,0.04225635153512418,15.021084303346523,442.35483170074866,449.0,6.64516829925134,0.04551843728286825,330,449,160632,1184
60,37,calibration,H50a_corridor,disk,4.6,2.0,0.04453405478865469,17.96316191072004,678.8262362215397,685.0,6.173763778460309,0.05443382397187891,330,685,160632,1184
60,37,calibration,H50a_corridor,blur185,4.6,2.0,0.038514793883165636,12.887394922301823,340.15737865166653,345.0,4.8426213483334735,0.0390527118857631,330,345,160632,1184
60,37,calibration,H50a_corridor,disk,4.6,3.0,0.04521019897937781,18.217805918220108,676.5715922140396,683.0,6.4284077859603785,0.05520547247945487,330,683,160632,1184
60,37,calibration,H50a_corridor,blur185,4.6,3.0,0.04152519734585794,13.963893344928586,347.4120226591666,353.0,5.587977340833404,0.04231482831796541,330,353,160632,1184
60,37,calibration,H50a_corridor,disk,5.8,2.0,0.035628964532170175,12.634941818008251,440.49290288820634,445.0,4.507097111793642,0.03828770247881288,330,445,160632,1184
60,37,calibration,H50a_corridor,blur185,5.8,2.0,0.030876098855309193,9.813818837090105,259.4120226591666,263.0,3.5879773408334037,0.029738844960879106,330,263,160632,1184
60,37,calibration,H50a_corridor,disk,5.8,3.0,0.036062293650925684,12.889585825508322,454.2382588807063,459.0,4.761741119293712,0.03905935098638885,330,459,160632,1184
60,37,calibration,H50a_corridor,blur185,5.8,3.0,0.030684506579070975,9.892508162923367,282.07868932583324,286.0,3.921310674166737,0.02997729746340414,330,286,160632,1184
60,37,calibration,H50b_kth_ridge,disk,1.5,2.0,0.10628357376692851,53.881867617611476,1160.9344594928248,1184.0,23.06554050717513,0.16327838672003478,330,1184,160632,1184
60,37,calibration,H50b_kth_ridge,blur185,1.5,2.0,0.058527197854137486,23.485912715098916,662.9242330115818,672.0,9.075766988418216,0.07116943246999671,330,672,160632,1184
60,37,calibration,H50b_kth_ridge,disk,1.5,3.0,0.10628357376692851,53.881867617611476,1160.9344594928248,1184.0,23.06554050717513,0.16327838672003478,330,1184,160632,1184
60,37,calibration,H50b_kth_ridge,blur185,1.5,3.0,0.06072818719195357,24.676793054561557,687.0644951022459,697.0,9.93550489775402,0.07477816077139866,330,697,160632,1184
60,37,calibration,H50b_kth_ridge,disk,2.8,2.0,0.13722872532349997,69.92695516230042,1157.8980354676137,1184.0,26.101964532386283,0.21189986412818307,330,1184,160632,1184
60,37,calibration,H50b_kth_ridge,blur185,2.8,2.0,0.061673419250471866,23.231268707598844,540.1788770190818,549.0,8.821122980918148,0.07039778396242073,330,549,160632,1184
60,37,calibration,H50b_kth_ridge,disk,2.8,3.0,0.13877167856114594,70.73169301642479,1157.759964280156,1184.0,26.240035719843984,0.2143384636861357,330,1184,160632,1184
60,37,calibration,H50b_kth_ridge,blur185,2.8,3.0,0.06491293776717857,24.364958088643547,532.376330068164,542.0,9.623669931836012,0.07383320632922287,330,542,160632,1184
60,37,calibration,H50b_kth_ridge,disk,3.6,2.0,0.09700491816423758,49.21081574511267,1167.3005630797459,1184.0,16.699436920254232,0.149123684076099,330,1184,160632,1184
60,37,calibration,H50b_kth_ridge,blur185,3.6,2.0,0.053576563764396734,19.469527588305134,477.5122103524152,485.0,7.487789647584814,0.0589985684494095,330,485,160632,1184
60,37,calibration,H50b_kth_ridge,disk,3.6,3.0,0.10037359769907374,50.934673370197274,1166.3198705439545,1184.0,17.680129456045403,0.15434749506120385,330,1184,160632,1184
60,37,calibration,H50b_kth_ridge,blur185,3.6,3.0,0.05655971014954438,20.546026010931897,475.7668543599152,484.0,8.233145640084743,0.06226068488161181,330,484,160632,1184
60,37,calibration,H50b_kth_ridge,disk,4.6,2.0,0.07080648627697986,29.090275182726103,705.1194951574574,714.0,8.880504842542582,0.08815234903856395,330,714,160632,1184
60,37,calibration,H50b_kth_ridge,blur185,4.6,2.0,0.03671435778386374,12.55333015475994,377.0408058316242,382.0,4.959194168375845,0.03804039440836346,330,382,160632,1184
60,37,calibration,H50b_kth_ridge,disk,4.6,3.0,0.07310303723296468,30.00939495368634,702.5315178166239,712.0,9.468482183375986,0.09093756046571617,330,712,160632,1184
60,37,calibration,H50b_kth_ridge,blur185,4.6,3.0,0.03976202681945158,13.629828577386705,380.2954498391242,386.0,5.704550160875775,0.04130251084056578,330,386,160632,1184
60,37,calibration,H50b_kth_ridge,disk,5.8,2.0,0.04502631194695795,16.593404552175546,506.04080583162414,512.0,5.959194168375846,0.05028304409750165,330,512,160632,1184
60,37,calibration,H50b_kth_ridge,blur185,5.8,2.0,0.03640018894668116,11.986851181341864,314.55009384662424,319.0,4.449906153375705,0.03632379145861171,330,319,160632,1184
60,37,calibration,H50b_kth_ridge,disk,5.8,3.0,0.04778778771681123,17.767168330635855,521.1981844832908,528.0,6.801815516709318,0.053839904032229866,330,528,160632,1184
60,37,calibration,H50b_kth_ridge,blur185,5.8,3.0,0.03999714365299194,13.3179936114687,331.5500938466243,337.0,5.449906153375705,0.04035755639839,330,337,160632,1184
60,37,calibration,H50c_both,disk,1.5,2.0,0.11196818256470409,56.73982868780959,1157.0080355780365,1184.0,26.99196442196341,0.1719388748115442,330,1184,160632,1184
60,37,calibration,H50c_both,blur185,1.5,2.0,0.05925172110114889,23.431644094096022,633.8648511499573,642.0,8.135148850042652,0.07100498210332128,330,642,160632,1184
60,37,calibration,H50c_both,disk,1.5,3.0,0.11335971925697284,57.46587721610069,1157.203297723912,1184.0,26.796702276087778,0.17413902186697178,330,1184,160632,1184
60,37,calibration,H50c_both,blur185,1.5,3.0,0.06156777384362847,24.622524433558663,655.0051132406215,664.0,8.994886759378456,0.07461371040472323,330,664,160632,1184
60,37,calibration,H50c_both,disk,2.8,2.0,0.11009520198095221,55.918605613543235,1163.6382782194921,1184.0,20.3617217805079,0.1694503200410401,330,1184,160632,1184
60,37,calibration,H50c_both,blur185,2.8,2.0,0.04435303195522405,16.379566376299636,510.11949515745744,516.0,5.8805048425425825,0.04963504962515041,330,516,160632,1184
60,37,calibration,H50c_both,disk,2.8,3.0,0.12178743621850947,61.95210730133934,1161.5002070320343,1184.0,22.499792967965597,0.18773365848890708,330,1184,160632,1184
60,37,calibration,H50c_both,blur185,2.8,3.0,0.04738870411300677,17.513255757344336,510.3169482065395,517.0,6.683051793460448,0.053070471991952535,330,517,160632,1184
60,37,calibration,H50c_both,disk,3.6,2.0,0.08330914289333913,42.19004881190588,1169.9479222822035,1184.0,14.052077717796392,0.12784863276335115,330,1184,160632,1184
60,37,calibration,H50c_both,blur185,3.6,2.0,0.040854427822175535,14.596326889590594,451.78616182412406,457.0,5.213838175875916,0.044231293604819984,330,457,160632,1184
60,37,calibration,H50c_both,disk,3.6,3.0,0.08679859458920487,43.97109739540843,1168.9672297464126,1184.0,15.032770253587564,0.13324574968305583,330,1184,160632,1184
60,37,calibration,H50c_both,blur185,3.6,3.0,0.04385936570647777,15.672825312217359,451.04080583162414,457.0,5.959194168375845,0.0474934100370223,330,457,160632,1184
60,37,calibration,H50c_both,disk,4.6,2.0,0.05311304435458068,21.34345972122822,667.9049255473728,675.0,7.0950744526270455,0.06467715067038855,330,675,160632,1184
60,37,calibration,H50c_both,blur185,4.6,2.0,0.034178918296786494,11.558443395381484,359.31475730333307,363.0,3.6852426966669474,0.03502558604661056,330,363,160632,1184
60,37,calibration,H50c_both,disk,4.6,3.0,0.05257607041755768,21.146006672146086,669.8455436857485,677.0,7.15445631425148,0.06407880809741238,330,677,160632,1184
60,37,calibration,H50c_both,blur185,4.6,3.0,0.0373107412264852,12.634941818008251,360.5694013108331,365.0,4.430598689166877,0.03828770247881288,330,365,160632,1184
60,37,calibration,H50c_both,disk,5.8,2.0,0.04142058757827162,14.96097100751354,471.02149836741535,476.0,4.978501632584674,0.04533627578034406,330,476,160632,1184
60,37,calibration,H50c_both,blur185,5.8,2.0,0.02779352322861848,9.013462789378735,292.49071198499985,295.0,2.5092880150001404,0.027313523604177985,330,295,160632,1184
60,37,calibration,H50c_both,disk,5.8,3.0,0.04357123459870343,15.880090778473777,486.43352102658196,492.0,5.566478973418077,0.048121487207496295,330,492,160632,1184
60,37,calibration,H50c_both,blur185,5.8,3.0,0.03146484660366557,10.34460521950557,313.49071198499985,317.0,3.5092880150001404,0.03134728854395628,330,317,160632,1184
60,37,calibration,RANDOM_fixed_seed,disk,1.5,2.0,0.06233151554109922,31.46222344447709,1172.3191391097462,1184.0,11.68086089025395,0.09534007104386996,330,1184,160632,1184
60,37,calibration,RANDOM_fixed_seed,disk,1.5,3.0,0.06233151554109922,31.46222344447709,1172.3191391097462,1184.0,11.68086089025395,0.09534007104386996,330,1184,160632,1184
60,37,calibration,RANDOM_fixed_seed,disk,2.8,2.0,0.06167113081388186,31.12889011114376,1172.6524724430794,1184.0,11.347527556920618,0.09432997003376897,330,1184,160632,1184
60,37,calibration,RANDOM_fixed_seed,disk,2.8,3.0,0.06167113081388186,31.12889011114376,1172.6524724430794,1184.0,11.347527556920618,0.09432997003376897,330,1184,160632,1184
60,37,calibration,RANDOM_fixed_seed,disk,3.6,2.0,0.06167113081388186,31.12889011114376,1172.6524724430794,1184.0,11.347527556920616,0.09432997003376897,330,1184,160632,1184
60,37,calibration,RANDOM_fixed_seed,disk,3.6,3.0,0.06167113081388186,31.12889011114376,1172.6524724430794,1184.0,11.347527556920616,0.09432997003376897,330,1184,160632,1184
60,37,calibration,RANDOM_fixed_seed,disk,4.6,2.0,0.05760027986730082,29.053123122725538,1172.9071164505795,1184.0,11.092883549420547,0.08803976703856224,330,1184,160632,1184
60,37,calibration,RANDOM_fixed_seed,disk,4.6,3.0,0.05760027986730082,29.053123122725538,1172.9071164505795,1184.0,11.092883549420547,0.08803976703856224,330,1184,160632,1184
60,37,calibration,RANDOM_fixed_seed,disk,5.8,2.0,0.05833537241986327,29.42433995026798,1172.5737831172462,1184.0,11.426216882753879,0.08916466651596358,330,1184,160632,1184
60,37,calibration,RANDOM_fixed_seed,disk,5.8,3.0,0.05833537241986327,29.42433995026798,1172.5737831172462,1184.0,11.426216882753879,0.08916466651596358,330,1184,160632,1184
61,38,selection,R2_scarp9_topo,disk,1.5,2.0,0.013664880435412587,2.230954736878245,378.07868932583324,379.0,0.9213106741667368,0.02046747465025913,109,379,51457,379
61,38,selection,R2_scarp9_topo,blur185,1.5,2.0,0.03595983490765573,5.775935342880995,361.3333333333333,364.0,2.666666666666667,0.05299023250349537,109,364,51457,379
61,38,selection,R2_scarp9_topo,disk,1.5,3.0,0.013664880435412587,2.230954736878245,378.07868932583324,379.0,0.9213106741667368,0.02046747465025913,109,379,51457,379
61,38,selection,R2_scarp9_topo,blur185,1.5,3.0,0.06482349658842292,10.644754235182535,374.4120226591666,379.0,4.587977340833404,0.09765829573561959,109,379,51457,379
61,38,selection,R2_scarp9_topo,disk,2.8,2.0,0.0019129637121005029,0.31183496591800663,378.7453559924999,379.0,0.2546440075000701,0.0028608712469541894,109,379,51457,379
61,38,selection,R2_scarp9_topo,blur185,2.8,2.0,0.03919216043286402,5.385411051129726,245.66666666666666,248.0,2.3333333333333335,0.04940744083605253,109,248,51457,379
61,38,selection,R2_scarp9_topo,disk,2.8,3.0,0.00707763465036368,1.15445631425148,378.4120226591666,379.0,0.5879773408334035,0.010591342332582385,109,379,51457,379
61,38,selection,R2_scarp9_topo,blur185,2.8,3.0,0.06763915292061887,9.137657123388893,230.33333333333334,234.0,3.666666666666667,0.08383171672833846,109,234,51457,379
61,38,selection,R2_scarp9_topo,disk,3.6,2.0,0.06295439860530341,10.342414316299072,375.07868932583324,379.0,3.9213106741667367,0.0948845350119181,109,379,51457,379
61,38,selection,R2_scarp9_topo,blur185,3.6,2.0,0.04161497379101581,5.385411051129726,205.66666666666666,208.0,2.3333333333333335,0.04940744083605253,109,208,51457,379
61,38,selection,R2_scarp9_topo,disk,3.6,3.0,0.0775880949026357,12.768631199052951,374.07868932583324,379.0,4.921310674166737,0.11714340549589863,109,379,51457,379
61,38,selection,R2_scarp9_topo,blur185,3.6,3.0,0.07111338300965939,9.137657123388893,197.33333333333334,201.0,3.666666666666667,0.08383171672833846,109,201,51457,379
61,38,selection,R2_scarp9_topo,disk,4.6,2.0,0.03318314301525471,4.697246017047732,267.07868932583324,269.0,1.9213106741667367,0.04309400015640121,109,269,51457,379
61,38,selection,R2_scarp9_topo,blur185,4.6,2.0,0.04510001097153168,5.385411051129726,155.66666666666666,158.0,2.3333333333333335,0.04940744083605253,109,158,51457,379
61,38,selection,R2_scarp9_topo,disk,4.6,3.0,0.03859035829772492,5.418912738925837,260.688165034082,263.0,2.311834965918007,0.0497147957699618,109,263,51457,379
61,38,selection,R2_scarp9_topo,blur185,4.6,3.0,0.07558391773676885,9.137657123388893,159.33333333333331,163.0,3.666666666666667,0.08383171672833846,109,163,51457,379
61,38,selection,R2_scarp9_topo,disk,5.8,2.0,0.03845310321870103,4.697246017047732,170.07868932583324,172.0,1.9213106741667367,0.04309400015640121,109,172,51457,379
61,38,selection,R2_scarp9_topo,blur185,5.8,2.0,0.048953647020788596,5.385411051129726,108.66666666666667,111.0,2.3333333333333335,0.04940744083605253,109,111,51457,379
61,38,selection,R2_scarp9_topo,disk,5.8,3.0,0.0436230155221819,5.418912738925837,179.68816503408198,182.0,2.311834965918007,0.0497147957699618,109,182,51457,379
61,38,selection,R2_scarp9_topo,blur185,5.8,3.0,0.06300900691707884,7.2236505930502,130.0,133.0,3.0,0.06627202378945138,109,133,51457,379
61,38,selection,R7_scarp9_polarity,disk,1.5,2.0,0.0019129637121005029,0.31183496591800663,378.7453559924999,379.0,0.2546440075000701,0.0028608712469541894,109,379,51457,379
61,38,selection,R7_scarp9_polarity,blur185,1.5,2.0,0.038039675347185074,5.811627933883605,322.07868932583324,325.0,2.9213106741667367,0.05331768746682206,109,325,51457,379
61,38,selection,R7_scarp9_polarity,disk,1.5,3.0,0.0019129637121005029,0.31183496591800663,378.7453559924999,379.0,0.2546440075000701,0.0028608712469541894,109,379,51457,379
61,38,selection,R7_scarp9_polarity,blur185,1.5,3.0,0.06542593025653161,10.544566541933946,359.2954498391242,364.0,4.704550160875776,0.09673914258654996,109,364,51457,379
61,38,selection,R7_scarp9_polarity,disk,2.8,2.0,0.0019129637121005029,0.31183496591800663,378.7453559924999,379.0,0.2546440075000701,0.0028608712469541894,109,379,51457,379
61,38,selection,R7_scarp9_polarity,blur185,2.8,2.0,0.04126697805772325,5.421103642132335,215.41202265916658,218.0,2.5879773408334037,0.049734895799379224,109,218,51457,379
61,38,selection,R7_scarp9_polarity,disk,2.8,3.0,0.00707763465036368,1.15445631425148,378.4120226591666,379.0,0.5879773408334035,0.010591342332582385,109,379,51457,379
61,38,selection,R7_scarp9_polarity,blur185,2.8,3.0,0.06833581564320103,9.037469430140305,216.21676051329098,220.0,3.7832394867090384,0.08291256357926885,109,220,51457,379
61,38,selection,R7_scarp9_polarity,disk,3.6,2.0,0.06756904139332244,11.106346338799282,374.7453559924999,379.0,4.254644007500071,0.10189308567705764,109,379,51457,379
61,38,selection,R7_scarp9_polarity,blur185,3.6,2.0,0.04351971188756106,5.421103642132335,181.4120226591666,184.0,2.5879773408334037,0.049734895799379224,109,184,51457,379
61,38,selection,R7_scarp9_polarity,disk,3.6,3.0,0.07158275180063464,11.770822102259451,374.4120226591666,379.0,4.587977340833404,0.10798919359871056,109,379,51457,379
61,38,selection,R7_scarp9_polarity,blur185,3.6,3.0,0.06109428402005583,7.6662526025978615,183.74535599249992,187.0,3.25464400750007,0.07033259268438405,109,187,51457,379
61,38,selection,R7_scarp9_polarity,disk,4.6,2.0,0.05416252347673668,7.48048550375677,247.07868932583327,250.0,2.9213106741667367,0.06862830737391533,109,250,51457,379
61,38,selection,R7_scarp9_polarity,blur185,4.6,2.0,0.04707182857777923,5.421103642132335,134.4120226591666,137.0,2.5879773408334037,0.049734895799379224,109,137,51457,379
61,38,selection,R7_scarp9_polarity,disk,4.6,3.0,0.059375100232919135,8.144961267216939,241.74535599249992,245.0,3.25464400750007,0.07472441529556824,109,245,51457,379
61,38,selection,R7_scarp9_polarity,blur185,4.6,3.0,0.06536579844457979,7.6662526025978615,142.74535599249992,146.0,3.2546440075000707,0.07033259268438405,109,146,51457,379
61,38,selection,R7_scarp9_polarity,disk,5.8,2.0,0.06125929977093988,7.48048550375677,167.07868932583324,170.0,2.9213106741667367,0.06862830737391533,109,170,51457,379
61,38,selection,R7_scarp9_polarity,blur185,5.8,2.0,0.04528974145023404,4.833126301298931,92.74535599249992,95.0,2.25464400750007,0.04434060826879753,109,95,51457,379
61,38,selection,R7_scarp9_polarity,disk,5.8,3.0,0.06559098314791287,8.144961267216939,176.74535599249992,180.0,3.25464400750007,0.07472441529556824,109,180,51457,379
61,38,selection,R7_scarp9_polarity,blur185,5.8,3.0,0.05116161229207593,5.752246072259169,120.41202265916658,123.0,2.5879773408334037,0.05277289974549696,109,123,51457,379
61,38,selection,H50a_corridor,disk,1.5,2.0,0.044775555289303715,7.328220092711788,375.0,379.0,4.0,0.06723137699735586,109,379,51457,379
61,38,selection,H50a_corridor,blur185,1.5,2.0,0.0385954487702542,5.811627933883605,311.07868932583324,314.0,2.9213106741667367,0.05331768746682206,109,314,51457,379
61,38,selection,H50a_corridor,disk,1.5,3.0,0.044775555289303715,7.328220092711788,375.0,379.0,4.0,0.06723137699735586,109,379,51457,379
61,38,selection,H50a_corridor,blur185,1.5,3.0,0.06676632741021093,10.680446826185145,353.1573786516665,358.0,4.8426213483334735,0.09798575069894629,109,358,51457,379
61,38,selection,H50a_corridor,disk,2.8,2.0,0.035406428024589785,5.794511372881275,376.49071198499985,379.0,2.5092880150001404,0.05316065479707592,109,379,51457,379
61,38,selection,H50a_corridor,blur185,2.8,2.0,0.0412848248518513,5.223650593050202,191.41202265916658,194.0,2.5879773408334037,0.04792339993624038,109,194,51457,379
61,38,selection,H50a_corridor,disk,2.8,3.0,0.03945063528093481,6.4589871363414435,376.1573786516665,379.0,2.842621348333474,0.05925676271872884,109,379,51457,379
61,38,selection,H50a_corridor,blur185,2.8,3.0,0.07141549700721853,9.173349714391504,197.07868932583327,201.0,3.9213106741667367,0.08415917169166517,109,201,51457,379
61,38,selection,H50a_corridor,disk,3.6,2.0,0.06248140124974226,10.263724990465809,375.07868932583324,379.0,3.9213106741667367,0.09416261459142944,109,379,51457,379
61,38,selection,H50a_corridor,blur185,3.6,2.0,0.04263260222278655,5.223650593050202,171.4120226591666,174.0,2.5879773408334037,0.04792339993624038,109,174,51457,379
61,38,selection,H50a_corridor,disk,3.6,3.0,0.06649964979521927,10.928200753925978,374.7453559924999,379.0,4.254644007500071,0.10025872251308236,109,379,51457,379
61,38,selection,H50a_corridor,blur185,3.6,3.0,0.07394856555881887,9.173349714391504,175.07868932583327,179.0,3.9213106741667367,0.08415917169166517,109,179,51457,379
61,38,selection,H50a_corridor,disk,4.6,2.0,0.05688070207289953,7.48048550375677,214.07868932583327,217.0,2.9213106741667367,0.06862830737391533,109,217,51457,379
61,38,selection,H50a_corridor,blur185,4.6,2.0,0.04692162974868545,5.223650593050202,115.4120226591666,118.0,2.5879773408334037,0.04792339993624038,109,118,51457,379
61,38,selection,H50a_corridor,disk,4.6,3.0,0.062090879015002036,8.144961267216939,211.74535599249992,215.0,3.25464400750007,0.07472441529556824,109,215,51457,379
61,38,selection,H50a_corridor,blur185,4.6,3.0,0.08029161462428916,9.173349714391504,126.07868932583327,130.0,3.9213106741667367,0.08415917169166517,109,130,51457,379
61,38,selection,H50a_corridor,disk,5.8,2.0,0.06365729465399186,7.48048550375677,144.07868932583324,147.0,2.9213106741667367,0.06862830737391533,109,147,51457,379
61,38,selection,H50a_corridor,blur185,5.8,2.0,0.04968888965174627,5.223650593050202,84.4120226591666,87.0,2.5879773408334037,0.04792339993624038,109,87,51457,379
61,38,selection,H50a_corridor,disk,5.8,3.0,0.06834278919543943,8.144961267216939,151.74535599249992,155.0,3.25464400750007,0.07472441529556824,109,155,51457,379
61,38,selection,H50a_corridor,blur185,5.8,3.0,0.06623431509767014,7.2593431840528115,104.74535599249992,108.0,3.2546440075000707,0.0665994787527781,109,108,51457,379
61,38,selection,H50b_kth_ridge,disk,1.5,2.0,0.00035086477557016066,0.05719095841793653,378.94280904158205,379.0,0.05719095841793653,0.0005246876919076746,109,379,51457,379
61,38,selection,H50b_kth_ridge,blur185,1.5,2.0,0.012346133754619,1.7996246135028202,291.02149836741535,292.0,0.9785016325846734,0.016510317555071746,109,292,51457,379
61,38,selection,H50b_kth_ridge,disk,1.5,3.0,0.00035086477557016066,0.05719095841793653,378.94280904158205,379.0,0.05719095841793653,0.0005246876919076746,109,379,51457,379
61,38,selection,H50b_kth_ridge,blur185,1.5,3.0,0.06011095484261069,9.256420846637766,324.688165034082,329.0,4.311834965918006,0.08492129217098868,109,329,51457,379
61,38,selection,H50b_kth_ridge,disk,2.8,2.0,0.00035086477557016066,0.05719095841793653,378.94280904158205,379.0,0.05719095841793653,0.0005246876919076746,109,379,51457,379
61,38,selection,H50b_kth_ridge,blur185,2.8,2.0,0.00290088634781322,0.36902592433594317,199.688165034082,200.0,0.31183496591800663,0.003385558938861864,109,200,51457,379
61,38,selection,H50b_kth_ridge,disk,2.8,3.0,0.005516873443229587,0.8998123067514101,378.60947570824874,379.0,0.3905242917512699,0.008255158777535873,109,379,51457,379
61,38,selection,H50b_kth_ridge,blur185,2.8,3.0,0.02558226694340416,3.285223357881135,202.80473785412437,204.0,1.195262145875635,0.030139663833771882,109,204,51457,379
61,38,selection,H50b_kth_ridge,disk,3.6,2.0,0.02836510068628862,4.640055058629795,377.27614237491537,379.0,1.7238576250846032,0.04256931246449353,109,379,51457,379
61,38,selection,H50b_kth_ridge,blur185,3.6,2.0,0.00046801111634972223,0.05719095841793653,174.94280904158205,175.0,0.05719095841793653,0.0005246876919076746,109,175,51457,379
61,38,selection,H50b_kth_ridge,disk,3.6,3.0,0.0534378436138128,8.77082210225945,375.8856180831641,379.0,3.1143819168358733,0.08046625781889404,109,379,51457,379
61,38,selection,H50b_kth_ridge,blur185,3.6,3.0,0.026618674458977688,3.285223357881135,177.80473785412437,179.0,1.195262145875635,0.030139663833771882,109,179,51457,379
61,38,selection,H50b_kth_ridge,disk,4.6,2.0,0.0333097557326708,4.582864100211859,247.33333333333331,249.0,1.6666666666666667,0.042044624772585866,109,249,51457,379
61,38,selection,H50b_kth_ridge,blur185,4.6,2.0,0.0004938770156989294,0.05719095841793653,142.94280904158205,143.0,0.05719095841793653,0.0005246876919076746,109,143,51457,379
61,38,selection,H50b_kth_ridge,disk,4.6,3.0,0.041498773799897984,5.6994369202542305,245.0,247.0,2.0,0.05228841211242413,109,247,51457,379
61,38,selection,H50b_kth_ridge,blur185,4.6,3.0,0.019582439970633157,2.3282200927117884,156.13807118745768,157.0,0.8619288125423016,0.021359817364328335,109,157,51457,379
61,38,selection,H50b_kth_ridge,disk,5.8,2.0,0.03756962119956782,4.582864100211859,169.33333333333331,171.0,1.6666666666666667,0.042044624772585866,109,171,51457,379
61,38,selection,H50b_kth_ridge,blur185,5.8,2.0,0.0005246876919076697,0.05719095841793653,108.94280904158207,109.0,0.05719095841793653,0.0005246876919076746,109,109,51457,379
61,38,selection,H50b_kth_ridge,disk,5.8,3.0,0.04620919510415559,5.6994369202542305,175.0,177.0,2.0,0.05228841211242413,109,177,51457,379
61,38,selection,H50b_kth_ridge,blur185,5.8,3.0,0.020370581154456273,2.3282200927117884,133.13807118745768,134.0,0.8619288125423016,0.021359817364328335,109,134,51457,379
61,38,selection,H50c_both,disk,1.5,2.0,0.024241175538620204,3.959194168375845,376.6666666666667,379.0,2.3333333333333335,0.03632288227867748,109,379,51457,379
61,38,selection,H50c_both,blur185,1.5,2.0,0.008384330770442386,1.2116472726694167,285.35483170074866,286.0,0.64516829925134,0.011116030024490062,109,286,51457,379
61,38,selection,H50c_both,disk,1.5,3.0,0.03594965772949102,5.880504842542582,376.0,379.0,3.0,0.05394958571139983,109,379,51457,379
61,38,selection,H50c_both,blur185,1.5,3.0,0.05319893666462889,8.19703898501333,326.216760513291,330.0,3.783239486709039,0.07520219252305808,109,330,51457,379
61,38,selection,H50c_both,disk,2.8,2.0,0.00035086477557016066,0.05719095841793653,378.94280904158205,379.0,0.05719095841793653,0.0005246876919076746,109,379,51457,379
61,38,selection,H50c_both,blur185,2.8,2.0,0.0028963327749331326,0.36902592433594317,200.688165034082,201.0,0.31183496591800663,0.003385558938861864,109,201,51457,379
61,38,selection,H50c_both,disk,2.8,3.0,0.00035086477557016066,0.05719095841793653,378.94280904158205,379.0,0.05719095841793653,0.0005246876919076746,109,379,51457,379
61,38,selection,H50c_both,blur185,2.8,3.0,0.025267451844328218,3.285223357881135,210.80473785412437,212.0,1.195262145875635,0.030139663833771882,109,212,51457,379
61,38,selection,H50c_both,disk,3.6,2.0,0.03229676293527932,5.285223357881135,376.94280904158205,379.0,2.0571909584179364,0.048488287686982885,109,379,51457,379
61,38,selection,H50c_both,blur185,3.6,2.0,0.0004718725942073932,0.05719095841793653,169.94280904158205,170.0,0.05719095841793653,0.0005246876919076746,109,170,51457,379
61,38,selection,H50c_both,disk,3.6,3.0,0.0534378436138128,8.77082210225945,375.8856180831641,379.0,3.1143819168358733,0.08046625781889404,109,379,51457,379
61,38,selection,H50c_both,blur185,3.6,3.0,0.026618674458977688,3.285223357881135,177.80473785412437,179.0,1.195262145875635,0.030139663833771882,109,179,51457,379
61,38,selection,H50c_both,disk,4.6,2.0,0.03350457349459934,4.582864100211859,243.33333333333331,245.0,1.6666666666666667,0.042044624772585866,109,245,51457,379
61,38,selection,H50c_both,blur185,4.6,2.0,0.0004947314742035989,0.05719095841793653,141.94280904158205,142.0,0.05719095841793653,0.0005246876919076746,109,142,51457,379
61,38,selection,H50c_both,disk,4.6,3.0,0.041559294155560346,5.6994369202542305,244.0,246.0,2.0,0.05228841211242413,109,246,51457,379
61,38,selection,H50c_both,blur185,4.6,3.0,0.019681764853180135,2.3282200927117884,153.13807118745768,154.0,0.8619288125423016,0.021359817364328335,109,154,51457,379
61,38,selection,H50c_both,disk,5.8,2.0,0.037880156951122845,4.582864100211859,164.33333333333331,166.0,1.6666666666666667,0.042044624772585866,109,166,51457,379
61,38,selection,H50c_both,blur185,5.8,2.0,0.0005275918673241329,0.05719095841793653,105.94280904158207,106.0,0.05719095841793653,0.0005246876919076746,109,106,51457,379
61,38,selection,H50c_both,disk,5.8,3.0,0.046059819842609616,5.6994369202542305,177.0,179.0,2.0,0.05228841211242413,109,179,51457,379
61,38,selection,H50c_both,blur185,5.8,3.0,0.020370581154456273,2.3282200927117884,133.13807118745768,134.0,0.8619288125423016,0.021359817364328335,109,134,51457,379
61,38,selection,RANDOM_fixed_seed,disk,1.5,2.0,0.059252044742680324,9.7278253674288,375.15737865166653,379.0,3.8426213483334735,0.08924610428833761,109,379,51457,379
61,38,selection,RANDOM_fixed_seed,disk,1.5,3.0,0.059252044742680324,9.7278253674288,375.1573786516666,379.0,3.842621348333474,0.08924610428833761,109,379,51457,379
61,38,selection,RANDOM_fixed_seed,disk,2.8,2.0,0.059252044742680324,9.7278253674288,375.15737865166653,379.0,3.8426213483334735,0.08924610428833761,109,379,51457,379
61,38,selection,RANDOM_fixed_seed,disk,2.8,3.0,0.06600579564580834,10.84439818747117,374.6287831724576,379.0,4.371216827542442,0.09948989162817587,109,379,51457,379
61,38,selection,RANDOM_fixed_seed,disk,3.6,2.0,0.06600579564580834,10.84439818747117,374.6287831724576,379.0,4.371216827542442,0.09948989162817587,109,379,51457,379
61,38,selection,RANDOM_fixed_seed,disk,3.6,3.0,0.06600579564580834,10.84439818747117,374.6287831724576,379.0,4.371216827542442,0.09948989162817587,109,379,51457,379
61,38,selection,RANDOM_fixed_seed,disk,4.6,2.0,0.08223774384084297,13.532563221553161,373.2382588807063,379.0,5.7617411192937125,0.12415195616103818,109,379,51457,379
61,38,selection,RANDOM_fixed_seed,disk,4.6,3.0,0.08223774384084297,13.532563221553161,373.2382588807063,379.0,5.761741119293712,0.12415195616103818,109,379,51457,379
61,38,selection,RANDOM_fixed_seed,disk,5.8,2.0,0.04137252976611924,6.773013005465948,375.76685435991527,379.0,3.233145640084744,0.06213773399510044,109,379,51457,379
61,38,selection,RANDOM_fixed_seed,disk,5.8,3.0,0.05419225309457281,8.887394922301823,375.1001876932486,379.0,3.8998123067514103,0.08153573323212682,109,379,51457,379
