TP_w,FP_w,FN_w,|G|,S,Phi,DTI,role,block_id,model,spacing_px,valid_pixels,prediction_pixels
0.0,251.0,95.0,95,251.0,0.0,0.0,selection,6,raw,1.5,32038,251
0.0,251.0,95.0,95,251.0,0.0,0.0,selection,6,raw,2.8,32038,251
9.456796233134947,246.73554357532564,85.54320376686505,95,251.0,4.264456424674356,0.0743234053712602,selection,6,raw,3.6,32038,251
27.860369250196147,240.34282838036788,67.13963074980386,95,251.0,10.657171619632123,0.2149045959047771,selection,6,raw,4.6,32038,251
14.25892911998401,245.73554357532564,80.741070880016,95,251.0,5.264456424674357,0.11139884583637989,selection,6,raw,5.8,32038,251
33.537676462174716,223.12899020449197,61.462323537825284,95,251.0,27.87100979550804,0.26338489368200035,selection,6,structural,1.5,32038,251
32.427993721891575,232.8098510947459,62.572006278108425,95,251.0,18.19014890525409,0.25128713374760975,selection,6,structural,2.8,32038,251
31.9536668636855,236.41932680299465,63.0463331363145,95,251.0,14.58067319700536,0.24641423359555015,selection,6,structural,3.6,32038,251
28.964207315649187,239.90492554737295,66.03579268435081,95,251.0,11.095074452627046,0.22318989953990923,selection,6,structural,4.6,32038,251
23.129621545352304,242.74754689570642,71.87037845464769,95,251.0,8.252453104293572,0.17905588458235663,selection,6,structural,5.8,32038,251
32.1857670988411,223.83573126857422,62.8142329011589,95,251.0,27.164268731425768,0.2530242073692303,selection,6,profile,1.5,32038,251
31.092469485351742,235.16687369870107,63.90753051464826,95,251.0,15.83312630129893,0.24055721447803266,selection,6,profile,2.8,32038,251
26.10374137152398,239.6382782194921,68.89625862847602,95,251.0,11.361721780507901,0.20212205942596795,selection,6,profile,3.6,32038,251
25.61229795231557,241.22406465711902,69.38770204768443,95,251.0,9.775935342880995,0.19798127805455873,selection,6,profile,4.6,32038,251
24.398459776439662,241.90711645057945,70.60154022356033,95,251.0,9.092883549420545,0.18875328230085964,selection,6,profile,5.8,32038,251
4.73512951125684,248.62878317245756,90.26487048874316,95,251.0,2.3712168275424417,0.03738079654075146,selection,6,random,1.5,32038,251
4.73512951125684,248.62878317245756,90.26487048874316,95,251.0,2.3712168275424417,0.03738079654075146,selection,6,random,2.8,32038,251
4.73512951125684,248.62878317245756,90.26487048874316,95,251.0,2.3712168275424417,0.03738079654075146,selection,6,random,3.6,32038,251
4.73512951125684,248.62878317245756,90.26487048874316,95,251.0,2.3712168275424417,0.03738079654075146,selection,6,random,4.6,32038,251
4.73512951125684,248.62878317245756,90.26487048874316,95,251.0,2.3712168275424417,0.03738079654075146,selection,6,random,5.8,32038,251
72.32269278802144,202.72938492977494,215.67730721197856,288,251.0,48.27061507022505,0.2533989260703191,selection,9,raw,1.5,32038,251
80.78387082756939,214.76653698977552,207.2161291724306,288,251.0,36.23346301022448,0.2790364687519844,selection,9,raw,2.8,32038,251
73.04905528703316,223.28344651874343,214.95094471296684,288,251.0,27.71655348125656,0.2521833045794243,selection,9,raw,3.6,32038,251
62.9535667703373,229.89292222699217,225.0464332296627,288,251.0,21.107077773007834,0.21785555507016097,selection,9,raw,4.6,32038,251
52.425702725336876,231.87142385957685,235.57429727466314,288,251.0,19.128576140423156,0.18250298547205746,selection,9,raw,5.8,32038,251
52.51357312748408,216.25505807156887,235.48642687251592,288,251.0,34.74494192843113,0.18480691357594736,selection,9,structural,1.5,32038,251
60.28950847036508,224.1949447757359,227.7104915296349,288,251.0,26.80505522426411,0.20985089095160633,selection,9,structural,2.8,32038,251
65.61918803207482,226.3264432535741,222.38081196792518,288,251.0,24.67355674642591,0.22722181019256701,selection,9,structural,3.6,32038,251
69.41693911251087,228.12606786707693,218.58306088748913,288,251.0,22.873932132923088,0.23944422062079732,selection,9,structural,4.6,32038,251
48.11167685621236,233.47651776141257,239.88832314378763,288,251.0,17.523482238587423,0.16780159405904216,selection,9,structural,5.8,32038,251
35.89720733947611,226.41170528902686,252.1027926605239,288,251.0,24.58829471097315,0.12690723723419411,selection,9,profile,1.5,32038,251
57.896793275407305,224.01899009406907,230.1032067245927,288,251.0,26.981009905930918,0.2018835204511068,selection,9,profile,2.8,32038,251
60.309861339503044,227.27144319836265,227.69013866049696,288,251.0,23.728556801637346,0.2094701464564508,selection,9,profile,3.6,32038,251
64.58234994279485,229.5165921588282,223.41765005720515,288,251.0,21.483407841171818,0.22329851735088396,selection,9,profile,4.6,32038,251
46.81841792029465,235.06449510224598,241.18158207970535,288,251.0,15.93550489775402,0.16325746507992128,selection,9,profile,5.8,32038,251
14.105614904590734,245.9621165057909,273.8943850954093,288,251.0,5.037883494209109,0.04994666541420772,selection,9,random,1.5,32038,251
14.105614904590734,245.9621165057909,273.8943850954093,288,251.0,5.037883494209108,0.04994666541420772,selection,9,random,2.8,32038,251
14.105614904590734,245.9621165057909,273.8943850954093,288,251.0,5.037883494209109,0.04994666541420772,selection,9,random,3.6,32038,251
12.772281571257402,246.29544983912422,275.2277184287426,288,251.0,4.704550160875776,0.04525750708823639,selection,9,random,4.6,32038,251
11.458255702132895,246.76685435991524,276.5417442978671,288,251.0,4.233145640084744,0.0406256264350191,selection,9,random,5.8,32038,251
33.59998066121419,221.33155649419564,63.40001933878581,97,251.0,29.66844350580436,0.26130294377745217,selection,14,raw,1.5,32038,251
33.31872504567725,233.83354036536772,63.68127495432275,97,251.0,17.166459634632265,0.25428230050286826,selection,14,raw,2.8,32038,251
27.634210383799708,238.92861481799477,69.36578961620029,97,251.0,12.07138518200522,0.2110890606664103,selection,14,raw,3.6,32038,251
18.64621370418049,243.92642391478827,78.3537862958195,97,251.0,7.073576085211718,0.1433061631090402,selection,14,raw,4.6,32038,251
18.156233153389177,244.6903559372885,78.84376684661082,97,251.0,6.3096440627115085,0.13948166478644325,selection,14,raw,5.8,32038,251
44.06408103817718,214.92245617244407,52.93591896182282,97,251.0,36.077543827555914,0.3405332144015886,selection,14,structural,1.5,32038,251
41.248385268601176,227.80077011178017,55.751614731398824,97,251.0,23.19922988821983,0.3138911672804868,selection,14,structural,2.8,32038,251
35.093197520141146,234.6962006121186,61.906802479858854,97,251.0,16.30379938788142,0.2667510119483946,selection,14,structural,3.6,32038,251
24.73106167556444,240.912229691201,72.26893832443557,97,251.0,10.087770308799001,0.18917857799666155,selection,14,structural,4.6,32038,251
21.503029276101245,242.75266013632796,75.49697072389876,97,251.0,8.247339863672028,0.16483588894005505,selection,14,structural,5.8,32038,251
43.73293860805035,213.57054680911048,53.26706139194965,97,251.0,37.429453190889525,0.33885558962833506,selection,14,profile,1.5,32038,251
39.638909560352445,228.07910338990206,57.361090439647555,97,251.0,22.920896610097934,0.30225576221405115,selection,14,profile,2.8,32038,251
27.93508743426607,237.39855986978785,69.06491256573393,97,251.0,13.60144013021214,0.2137888317059645,selection,14,profile,3.6,32038,251
26.39480600481606,240.30713578936528,70.60519399518394,97,251.0,10.692864210634735,0.20157879731105025,selection,14,profile,4.6,32038,251
21.147466141144037,243.04299673483064,75.85253385885596,97,251.0,7.957003265169348,0.16212645956128915,selection,14,profile,5.8,32038,251
6.916197433545192,248.5500938466243,90.0838025664548,97,251.0,2.449906153375705,0.053741722971886285,selection,14,random,1.5,32038,251
6.916197433545192,248.5500938466243,90.0838025664548,97,251.0,2.449906153375705,0.053741722971886285,selection,14,random,2.8,32038,251
6.916197433545192,248.5500938466243,90.0838025664548,97,251.0,2.449906153375705,0.053741722971886285,selection,14,random,3.6,32038,251
8.168650537838763,248.1380711874577,88.83134946216124,97,251.0,2.8619288125423017,0.06339100821395365,selection,14,random,4.6,32038,251
9.12565380300811,247.80473785412437,87.8743461969919,97,251.0,3.1952621458756347,0.07074913758956197,selection,14,random,5.8,32038,251
63.57003265169347,210.65799974776974,500.42996734830655,564,251.0,40.342000252230264,0.12562115318793776,selection,21,raw,1.5,32038,251
87.33355061012487,207.9483363462724,476.66644938987514,564,251.0,43.05166365372759,0.17115621573731934,selection,21,raw,2.8,32038,251
75.26028849563376,219.1822134205657,488.73971150436626,564,251.0,31.817786579434298,0.14754358986546287,selection,21,raw,3.6,32038,251
64.10290984396723,223.7242716891534,499.8970901560328,564,251.0,27.275728310846596,0.12599698263569442,selection,21,raw,4.6,32038,251
50.45555064150939,229.3745532290263,513.5444493584906,564,251.0,21.625446770973706,0.09948527419975242,selection,21,raw,5.8,32038,251
18.166459634632268,239.06449510224598,545.8335403653678,564,251.0,11.93550489775402,0.03614164388750774,selection,21,structural,1.5,32038,251
30.21123320860061,235.12679930128547,533.7887667913994,564,251.0,15.87320069871454,0.05991111231231179,selection,21,structural,2.8,32038,251
39.691718712357385,233.5380905262435,524.3082812876426,564,251.0,17.461909473756492,0.07846601872114217,selection,21,structural,3.6,32038,251
53.2257414029085,230.86923295637035,510.7742585970915,564,251.0,20.130767043629653,0.1047711639529036,selection,21,structural,4.6,32038,251
49.72334346766759,231.01022648124308,514.2766565323324,564,251.0,19.989773518756913,0.09800663352412885,selection,21,structural,5.8,32038,251
27.142038929801892,231.59601291887,536.8579610701981,564,251.0,19.403987081130005,0.05396593675005002,selection,21,profile,1.5,32038,251
42.10593227473048,230.30786722357382,521.8940677252696,564,251.0,20.692132776426185,0.08326550876103678,selection,21,profile,2.8,32038,251
44.80756009819121,230.5982038220765,519.1924399018088,564,251.0,20.401796177923508,0.08850331451564657,selection,21,profile,3.6,32038,251
42.42100354878413,233.48382190524063,521.5789964512159,564,251.0,17.516178094759383,0.08377290315637581,selection,21,profile,4.6,32038,251
52.706226906665265,229.5982038220765,511.2937730933347,564,251.0,21.401796177923508,0.10382172104457427,selection,21,profile,5.8,32038,251
37.41954407978618,236.04048846148441,526.5804559202138,564,251.0,14.959511538515589,0.07396745471046624,selection,21,random,1.5,32038,251
37.362353121368244,236.09767941990233,526.6376468786318,564,251.0,14.902320580097653,0.07385440497320575,selection,21,random,2.8,32038,251
39.32154728974409,235.23575060736005,524.6784527102559,564,251.0,15.764249392639954,0.07769345377482725,selection,21,random,3.6,32038,251
41.219168693289,234.37382179481773,522.780831306711,564,251.0,16.626178205182256,0.08140954894440139,selection,21,random,4.6,32038,251
42.352858074333696,233.96179913565115,521.6471419256663,564,251.0,17.038200864348852,0.08362479353374785,selection,21,random,5.8,32038,251
41.28595479208968,214.40513257940736,105.71404520791032,147,251.0,36.59486742059264,0.24467459364016314,selection,29,raw,1.5,32038,251
34.88812635651037,230.96722974641244,112.11187364348963,147,251.0,20.032770253587564,0.20429763722361066,selection,29,raw,2.8,32038,251
28.37591600409518,237.70966340149732,118.62408399590481,147,251.0,13.29033659850268,0.16611869283546282,selection,29,raw,3.6,32038,251
23.115427321765022,243.4142135623731,123.88457267823497,147,251.0,7.585786437626906,0.13525234360418834,selection,29,raw,4.6,32038,251
19.868087458092997,243.94280904158205,127.131912541907,147,251.0,7.057190958417937,0.11662264206607609,selection,29,raw,5.8,32038,251
44.51617809475938,210.7220807859469,102.48382190524062,147,251.0,40.2779192140531,0.2639596675431275,selection,29,structural,1.5,32038,251
37.94020407430676,230.83134946216123,109.05979592569324,147,251.0,20.168650537838765,0.22141377078698646,selection,29,structural,2.8,32038,251
36.5875632767646,235.00730414382804,110.4124367232354,147,251.0,15.992695856171956,0.21281864668732725,selection,29,structural,3.6,32038,251
26.632019480593208,240.76904526312177,120.36798051940679,147,251.0,10.230954736878244,0.15566978215401436,selection,29,structural,4.6,32038,251
26.127113272006063,241.2761423749154,120.87288672799394,147,251.0,9.723857625084603,0.15271810750969575,selection,29,structural,5.8,32038,251
44.57336905317732,212.19567620994445,102.42663094682268,147,251.0,38.80432379005556,0.26381985291195165,selection,29,profile,1.5,32038,251
36.9995859359312,230.89073132378567,110.00041406406879,147,251.0,20.109268676214327,0.21614677248827788,selection,29,profile,2.8,32038,251
28.879359344265236,237.912229691201,118.12064065573476,147,251.0,13.087770308799,0.1689263190858737,selection,29,profile,3.6,32038,251
26.876437006850185,240.7905436305371,120.12356299314982,147,251.0,10.209456369462918,0.15704963271359318,selection,29,profile,4.6,32038,251
19.17261828018296,243.71185430470382,127.82738171981704,147,251.0,7.288145695296182,0.11266287550141092,selection,29,profile,5.8,32038,251
15.39668293730196,245.74754689570642,131.60331706269804,147,251.0,5.252453104293572,0.09065999859841156,selection,29,random,1.5,32038,251
15.39668293730196,245.74754689570642,131.60331706269804,147,251.0,5.252453104293572,0.09065999859841156,selection,29,random,2.8,32038,251
15.39668293730196,245.74754689570642,131.60331706269804,147,251.0,5.252453104293572,0.09065999859841156,selection,29,random,3.6,32038,251
23.06042726655358,243.08088022903976,123.93957273344643,147,251.0,7.919119770960238,0.13499187467099846,selection,29,random,4.6,32038,251
16.78939813225973,245.47140452079103,130.21060186774028,147,251.0,5.528595479208969,0.09873087222104161,selection,29,random,5.8,32038,251
31.11323641855852,231.21425223994473,271.88676358144147,303,251.0,19.78574776005528,0.10551670730520187,selection,31,raw,1.5,32038,251
30.526718546723068,237.92861481799477,272.4732814532769,303,251.0,13.071385182005223,0.10309908667539196,selection,31,raw,2.8,32038,251
34.96274784665124,236.87142385957685,268.03725215334873,303,251.0,14.128576140423158,0.11781218047582888,selection,31,raw,3.6,32038,251
27.794825343601875,240.28125561553694,275.2051746563981,303,251.0,10.718744384463058,0.09389661011746739,selection,31,raw,4.6,32038,251
26.258925720564864,240.82842712474618,276.7410742794351,303,251.0,10.17157287525381,0.08876732557428313,selection,31,raw,5.8,32038,251
90.319042415817,187.97202561689423,212.680957584183,303,251.0,63.027974383105764,0.3030248397551106,selection,31,structural,1.5,32038,251
94.61553765987037,204.52900954327777,208.38446234012963,303,251.0,46.47099045672223,0.31305919025081486,selection,31,structural,2.8,32038,251
81.76560876828971,218.32936559098914,221.23439123171028,303,251.0,32.67063440901086,0.27037193481492894,selection,31,structural,3.6,32038,251
57.301094327257914,229.97891569665347,245.6989056727421,303,251.0,21.021084303346523,0.1910953722591954,selection,31,structural,4.6,32038,251
41.68472853924994,235.81934614178044,261.31527146075007,303,251.0,15.180653858219548,0.13992821250984663,selection,31,structural,5.8,32038,251
77.65602612135478,197.37674413223277,225.34397387864522,303,251.0,53.62325586776721,0.2611106751470981,selection,31,profile,1.5,32038,251
91.94375775258216,207.78146264757135,211.05624224741786,303,251.0,43.218537352428655,0.3041020832087615,selection,31,profile,2.8,32038,251
72.52954079078991,220.98872811382776,230.4704592092101,303,251.0,30.01127188617224,0.2408789793150794,selection,31,profile,3.6,32038,251
50.82895837225833,232.1504885719073,252.17104162774166,303,251.0,18.849511428092715,0.1699988534161991,selection,31,profile,4.6,32038,251
42.725534370874094,234.85503873278307,260.2744656291259,303,251.0,16.14496126721694,0.14341464685543026,selection,31,profile,5.8,32038,251
29.381343215437326,240.82842712474618,273.6186567845627,303,251.0,10.17157287525381,0.09911330974661564,selection,31,random,1.5,32038,251
31.693178181355336,240.21895141649745,271.30682181864466,303,251.0,10.78104858350254,0.10678926854632671,selection,31,random,2.8,32038,251
34.14308433473104,239.5522847498308,268.85691566526896,303,251.0,11.447715250169207,0.1149060737658788,selection,31,random,3.6,32038,251
33.55510699389764,239.88561808316413,269.44489300610235,303,251.0,11.114381916835875,0.11294663741010892,selection,31,random,4.6,32038,251
31.14308433473104,240.74754689570642,271.85691566526896,303,251.0,10.252453104293572,0.10493726316240468,selection,31,random,5.8,32038,251
7.195262145875636,242.2976407423307,227.80473785412437,235,250.0,7.7023592576692765,0.030245082288447567,selection,44,raw,1.5,31845,250
6.447715250169207,246.2761423749154,228.5522847498308,235,250.0,3.7238576250846034,0.027029371505185203,selection,44,raw,2.8,31845,250
4.761741119293711,247.60947570824874,230.2382588807063,235,250.0,2.39052429175127,0.019967527948061916,selection,44,raw,3.6,31845,250
9.791589035466227,245.3956375323728,225.20841096453378,235,250.0,4.604362467627185,0.04096257397087591,selection,44,raw,4.6,31845,250
19.28700019701883,241.8076601915394,215.71299980298116,235,250.0,8.192339808460588,0.08028925959415813,selection,44,raw,5.8,31845,250
25.43748876892612,235.535899623037,209.56251123107387,235,250.0,14.464100376962989,0.10590363206542615,selection,44,structural,1.5,31845,250
31.43237552830457,234.45940120041024,203.56762447169544,235,250.0,15.540598799589755,0.13032834345040814,selection,44,structural,2.8,31845,250
34.79336587460392,234.5737831172461,200.20663412539608,235,250.0,15.42621688275388,0.14384947492417124,selection,44,structural,3.6,31845,250
37.79514271374162,234.61677985207677,197.20485728625837,235,250.0,15.383220147923229,0.1558675810188176,selection,44,structural,4.6,31845,250
29.190780246114432,238.03099341444988,205.80921975388557,235,250.0,11.969006585550131,0.1209006533969376,selection,44,structural,5.8,31845,250
23.845129621679714,236.34282838036788,211.15487037832028,235,250.0,13.657171619632123,0.09933914710065367,selection,44,profile,1.5,31845,250
33.491757389929006,232.8098510947459,201.508242610071,235,250.0,17.19014890525409,0.13881999806002285,selection,44,profile,2.8,31845,250
37.53141772327581,233.51951449624323,197.4685822767242,235,250.0,16.480485503756768,0.15495391946270656,selection,44,profile,3.6,31845,250
39.504806115238935,234.5337087198305,195.49519388476108,235,250.0,15.466291280169488,0.16269997052196392,selection,44,profile,4.6,31845,250
32.117204160902716,236.06449510224598,202.8827958390973,235,250.0,13.935504897754022,0.1329154554339405,selection,44,profile,5.8,31845,250
10.037469430140305,246.0881843728678,224.9625305698597,235,250.0,3.911815627132195,0.04195825663560842,selection,44,random,1.5,31845,250
10.292113437640374,245.83354036536772,224.70788656235962,235,250.0,4.166459634632265,0.0430227100510604,selection,44,random,2.8,31845,250
12.525259077725117,245.16687369870107,222.4747409222749,235,250.0,4.833126301298932,0.052289143156888436,selection,44,random,3.6,31845,250
12.525259077725117,245.22406465711902,222.4747409222749,235,250.0,4.775935342880995,0.05228664641892103,selection,44,random,4.6,31845,250
15.91286103206134,243.7741585037433,219.08713896793867,235,250.0,6.225841496256701,0.06632088525146546,selection,44,random,5.8,31845,250
10.252453104293572,241.20037538649717,91.74754689570642,102,251.0,9.799624613502822,0.07773454492383565,selection,47,raw,1.5,32038,251
11.288145695296182,243.7883527273306,90.71185430470382,102,251.0,7.211647272669418,0.08511948260984381,selection,47,raw,2.8,32038,251
9.720935287669558,244.90492554737295,92.27906471233044,102,251.0,6.0950744526270455,0.07335161410255868,selection,47,raw,3.6,32038,251
10.499061533757054,246.37413916495748,91.50093846624294,102,251.0,4.625860835042513,0.0789553671491316,selection,47,raw,4.6,32038,251
9.006890079759241,247.49290288820634,92.99310992024076,102,251.0,3.507097111793642,0.0677719555000181,selection,47,raw,5.8,32038,251
10.759550216087213,241.22187375391252,91.2404497839128,102,251.0,9.778126246087494,0.08151403831463218,selection,47,structural,1.5,32038,251
10.369025924335944,244.86704205316386,91.63097407566406,102,251.0,6.132957946836154,0.07816994901947726,selection,47,structural,2.8,32038,251
11.954080927754303,245.04518763803716,90.0459190722457,102,251.0,5.954812361962849,0.08988040658703092,selection,47,structural,3.6,32038,251
17.3624498152973,243.25756634491512,84.6375501847027,102,251.0,7.742433655084884,0.12983794528772355,selection,47,structural,4.6,32038,251
23.95585776689199,241.62878317245756,78.044142233108,102,251.0,9.371216827542442,0.1778236639532359,selection,47,structural,5.8,32038,251
9.921310674166739,241.67177990728823,92.07868932583327,102,251.0,9.328220092711788,0.07520781233033191,selection,47,profile,1.5,32038,251
9.68305179346045,246.04080583162414,92.31694820653955,102,251.0,4.959194168375845,0.07294488274165732,selection,47,profile,2.8,32038,251
12.816009740296604,244.76685435991524,89.18399025970339,102,251.0,6.233145640084744,0.09627659027566994,selection,47,profile,3.6,32038,251
22.568983847345176,241.69108737149705,79.43101615265482,102,251.0,9.308912628502961,0.16785902371404005,selection,47,profile,4.6,32038,251
18.9959321643076,243.00292233741504,83.0040678356924,102,251.0,7.997077662584955,0.1417609301618497,selection,47,profile,5.8,32038,251
4.740242751878386,248.43352102658193,97.25975724812162,102,251.0,2.566478973418077,0.03584717824244082,selection,47,random,1.5,32038,251
4.740242751878386,248.43352102658193,97.25975724812162,102,251.0,2.566478973418077,0.03584717824244082,selection,47,random,2.8,32038,251
4.132957946836154,248.62878317245756,97.86704205316384,102,251.0,2.371216827542442,0.03127419226660393,selection,47,random,3.6,32038,251
4.132957946836154,248.62878317245756,97.86704205316384,102,251.0,2.371216827542442,0.03127419226660393,selection,47,random,4.6,32038,251
5.466291280169488,248.29544983912422,96.53370871983051,102,251.0,2.704550160875775,0.04130105248245302,selection,47,random,5.8,32038,251
0.0,251.0,100.0,100,251.0,0.0,0.0,selection,54,raw,1.5,32038,251
0.0,251.0,100.0,100,251.0,0.0,0.0,selection,54,raw,2.8,32038,251
0.0,251.0,100.0,100,251.0,0.0,0.0,selection,54,raw,3.6,32038,251
0.0,251.0,100.0,100,251.0,0.0,0.0,selection,54,raw,4.6,32038,251
0.31183496591800663,250.74535599249992,99.68816503408199,100,251.0,0.2546440075000701,0.0023948354326518997,selection,54,raw,5.8,32038,251
0.0,251.0,100.0,100,251.0,0.0,0.0,selection,54,structural,1.5,32038,251
0.0,251.0,100.0,100,251.0,0.0,0.0,selection,54,structural,2.8,32038,251
0.0,251.0,100.0,100,251.0,0.0,0.0,selection,54,structural,3.6,32038,251
0.0,251.0,100.0,100,251.0,0.0,0.0,selection,54,structural,4.6,32038,251
0.0,251.0,100.0,100,251.0,0.0,0.0,selection,54,structural,5.8,32038,251
0.0,251.0,100.0,100,251.0,0.0,0.0,selection,54,profile,1.5,32038,251
0.0,251.0,100.0,100,251.0,0.0,0.0,selection,54,profile,2.8,32038,251
0.0,251.0,100.0,100,251.0,0.0,0.0,selection,54,profile,3.6,32038,251
0.0,251.0,100.0,100,251.0,0.0,0.0,selection,54,profile,4.6,32038,251
0.0,251.0,100.0,100,251.0,0.0,0.0,selection,54,profile,5.8,32038,251
9.637864155423296,247.66666666666666,90.3621358445767,100,251.0,3.333333333333334,0.07331353812036889,selection,54,random,1.5,32038,251
9.637864155423296,247.66666666666666,90.3621358445767,100,251.0,3.333333333333334,0.07331353812036889,selection,54,random,2.8,32038,251
10.792320469674777,247.33333333333334,89.20767953032522,100,251.0,3.666666666666667,0.08199285658681497,selection,54,random,3.6,32038,251
9.046964477174848,248.0,90.95303552282515,100,251.0,3.0,0.06884564548877944,selection,54,random,4.6,32038,251
9.046964477174848,248.0,90.95303552282515,100,251.0,3.0,0.06884564548877944,selection,54,random,5.8,32038,251
13.957003265169346,32.728970865706145,71.04299673483065,85,44.0,11.271029134293853,0.18046947909785757,selection,58,raw,1.5,5644,44
13.00689007975924,35.650281539872886,71.99310992024076,85,44.0,8.349718460127116,0.16733114721074435,selection,58,raw,2.8,5644,44
18.51617809475938,35.59966329107444,66.48382190524062,85,44.0,8.400336708925556,0.23490781326691593,selection,58,raw,3.6,5644,44
15.927469319717432,37.37633006816399,69.07253068028257,85,44.0,6.623669931836013,0.20248303403763399,selection,58,raw,4.6,5644,44
15.461178039547944,38.15737865166653,69.53882196045205,85,44.0,5.8426213483334735,0.1963979819640073,selection,58,raw,5.8,5644,44
14.466291280169488,34.76685435991526,70.53370871983051,85,44.0,9.233145640084743,0.18583067041194565,selection,58,structural,1.5,5644,44
22.38248871371468,33.82623622153969,62.61751128628532,85,44.0,10.17376377846031,0.28245830171170844,selection,58,structural,2.8,5644,44
24.179922424011,34.02368927062183,60.820077575989,85,44.0,9.976310729378174,0.3036125453647776,selection,58,structural,3.6,5644,44
21.761327055224907,36.412022659166595,63.23867294477509,85,44.0,7.587977340833404,0.27326448481338894,selection,58,structural,4.6,5644,44
19.966084248135086,36.80473785412437,65.03391575186491,85,44.0,7.195262145875635,0.25160726464645683,selection,58,structural,5.8,5644,44
11.190148905254091,35.70966340149732,73.80985109474591,85,44.0,8.29033659850268,0.14461300508957137,selection,58,profile,1.5,5644,44
23.10415543559278,33.080880229039764,61.89584456440722,85,44.0,10.919119770960238,0.2915828887483557,selection,58,profile,2.8,5644,44
17.48956648672251,36.397828435579314,67.51043351327749,85,44.0,7.602171564420686,0.22201226431950807,selection,58,profile,3.6,5644,44
17.58902274576255,36.76685435991526,67.41097725423745,85,44.0,7.233145640084744,0.2230095171251767,selection,58,profile,4.6,5644,44
13.669902974802314,38.70966340149732,71.33009702519769,85,44.0,5.290336598502679,0.17419234009872742,selection,58,profile,5.8,5644,44
0.7832394867090383,43.47140452079103,84.21676051329096,85,44.0,0.5285954792089682,0.010191672357429604,selection,58,random,1.5,5644,44
0.7832394867090383,43.47140452079103,84.21676051329096,85,44.0,0.5285954792089682,0.010191672357429604,selection,58,random,2.8,5644,44
0.7832394867090383,43.47140452079103,84.21676051329096,85,44.0,0.5285954792089682,0.010191672357429604,selection,58,random,3.6,5644,44
2.2116472726694165,42.942809041582066,82.78835272733059,85,44.0,1.0571909584179364,0.02871117335411161,selection,58,random,4.6,5644,44
2.2116472726694165,42.942809041582066,82.78835272733059,85,44.0,1.0571909584179364,0.02871117335411161,selection,58,random,5.8,5644,44
16.916197433545193,32.08380256645481,13.083802566454807,30,44.0,11.916197433545193,0.5004792140102129,selection,59,raw,1.5,5644,44
17.602171564420686,34.80766019153941,12.397828435579314,30,44.0,9.192339808460588,0.5104747039407801,selection,59,raw,2.8,5644,44
15.092152115211997,37.70966340149732,14.907847884788003,30,44.0,6.29033659850268,0.43668962823346724,selection,59,raw,3.6,5644,44
9.382488713714679,40.74535599249993,20.61751128628532,30,44.0,3.25464400750007,0.2757481801382024,selection,59,raw,4.6,5644,44
8.737320414463339,41.07868932583327,21.26267958553666,30,44.0,2.9213106741667367,0.2572584418814668,selection,59,raw,5.8,5644,44
19.645168299251342,28.59528148466145,10.354831700748658,30,44.0,15.404718515338553,0.5838420048354453,selection,59,structural,1.5,5644,44
18.128576140423156,32.65247244307938,11.871423859576844,30,44.0,11.347527556920618,0.5307549136975606,selection,59,structural,2.8,5644,44
13.816009740296602,37.96211650579089,16.1839902597034,30,44.0,6.037883494209109,0.4021469450803048,selection,59,structural,3.6,5644,44
9.954080927754303,40.47140452079103,20.045919072245695,30,44.0,3.528595479208968,0.2920361617734581,selection,59,structural,4.6,5644,44
9.754436975465667,40.60947570824873,20.245563024534334,30,44.0,3.3905242917512703,0.2862823711255994,selection,59,structural,5.8,5644,44
19.035692591002615,28.788352727330583,10.964307408997385,30,44.0,15.211647272669417,0.5671324557483762,selection,59,profile,1.5,5644,44
16.052077717796394,34.71185430470382,13.947922282203606,30,44.0,9.288145695296182,0.4700078502432627,selection,59,profile,2.8,5644,44
14.151533976836433,37.295449839124224,15.848466023163567,30,44.0,6.704550160875775,0.4127087470966349,selection,59,profile,3.6,5644,44
9.482676406963268,40.47140452079103,20.517323593036732,30,44.0,3.5285954792089687,0.2789776025147126,selection,59,profile,4.6,5644,44
9.401796177923506,40.55009384662429,20.598203822076492,30,44.0,3.4499061533757054,0.27660169523756145,selection,59,profile,5.8,5644,44
4.7952428070898225,41.88342717995763,25.20475719291018,30,44.0,2.116572820042372,0.14384692436838076,selection,59,random,1.5,5644,44
2.9926958561719568,42.55009384662429,27.007304143828044,30,44.0,1.449906153375705,0.09039040182737133,selection,59,random,2.8,5644,44
2.9926958561719568,42.55009384662429,27.007304143828044,30,44.0,1.449906153375705,0.09039040182737133,selection,59,random,3.6,5644,44
2.9926958561719568,42.55009384662429,27.007304143828044,30,44.0,1.449906153375705,0.09039040182737133,selection,59,random,4.6,5644,44
2.9926958561719568,42.55009384662429,27.007304143828044,30,44.0,1.449906153375705,0.09039040182737133,selection,59,random,5.8,5644,44
7.057190958417937,39.43352102658192,59.942809041582066,67,44.0,4.566478973418077,0.11220030814065093,selection,61,raw,1.5,5644,44
5.03569259100261,41.35483170074866,61.96430740899739,67,44.0,2.64516829925134,0.08008658343547176,selection,61,raw,2.8,5644,44
3.3497184601271153,42.63097407566406,63.650281539872886,67,44.0,1.369025924335943,0.05334274590379909,selection,61,raw,3.6,5644,44
0.8404304451269748,43.41421356237309,66.15956955487303,67,44.0,0.5857864376269047,0.013457453095666183,selection,61,raw,4.6,5644,44
2.521291335380925,42.885618083164125,64.47870866461908,67,44.0,1.1143819168358733,0.040223927099415344,selection,61,raw,5.8,5644,44
0.0,44.0,67.0,67,44.0,0.0,0.0,selection,61,structural,1.5,5644,44
3.3876019543362235,42.333333333333336,63.612398045663774,67,44.0,1.6666666666666667,0.05399069002567406,selection,61,structural,2.8,5644,44
6.092152115211999,41.276142374915395,60.907847884788,67,44.0,2.7238576250846034,0.09658789773178536,selection,61,structural,3.6,5644,44
6.285223357881135,41.080880229039764,60.71477664211886,67,44.0,2.919119770960238,0.09964963397134415,selection,61,structural,4.6,5644,44
4.147152170423437,42.35483170074866,62.85284782957656,67,44.0,1.6451682992513401,0.0659320510379072,selection,61,structural,5.8,5644,44
3.1329579468361537,42.333333333333336,63.86704205316384,67,44.0,1.666666666666667,0.0499728046362086,selection,61,profile,1.5,5644,44
3.1329579468361537,42.333333333333336,63.86704205316384,67,44.0,1.6666666666666667,0.0499728046362086,selection,61,profile,2.8,5644,44
5.740242751878386,41.333333333333336,61.259757248121616,67,44.0,2.666666666666667,0.0910936871190673,selection,61,profile,3.6,5644,44
4.813818837090103,42.1380711874577,62.1861811629099,67,44.0,1.8619288125423017,0.07642149467201018,selection,61,profile,4.6,5644,44
8.401796177923506,41.0,58.59820382207649,67,44.0,3.0,0.13235268796673375,selection,61,profile,5.8,5644,44
2.29033659850268,43.276142374915395,64.70966340149732,67,44.0,0.7238576250846033,0.036520750017683457,selection,61,random,1.5,5644,44
2.29033659850268,43.276142374915395,64.70966340149732,67,44.0,0.7238576250846033,0.036520750017683457,selection,61,random,2.8,5644,44
2.29033659850268,43.276142374915395,64.70966340149732,67,44.0,0.7238576250846033,0.036520750017683457,selection,61,random,3.6,5644,44
2.29033659850268,43.276142374915395,64.70966340149732,67,44.0,0.7238576250846033,0.036520750017683457,selection,61,random,4.6,5644,44
2.29033659850268,43.276142374915395,64.70966340149732,67,44.0,0.7238576250846033,0.036520750017683457,selection,61,random,5.8,5644,44
8.602171564420686,31.414213562373096,128.3978284355793,137,37.0,5.585786437626905,0.07314567911713722,selection,64,raw,1.5,4672,37
9.93550489775402,31.35702260395516,127.06449510224598,137,37.0,5.6429773960448415,0.08430027901316976,selection,64,raw,2.8,4672,37
9.640055058629795,31.88342717995763,127.3599449413702,137,37.0,5.116572820042372,0.08176141705181766,selection,64,raw,3.6,4672,37
8.066271941383675,33.41421356237309,128.93372805861634,137,37.0,3.585786437626905,0.06841848152522317,selection,64,raw,4.6,4672,37
10.301608484674917,32.49290288820636,126.69839151532508,137,37.0,4.507097111793642,0.08718436179049938,selection,64,raw,5.8,4672,37
10.368294490127395,31.62878317245756,126.6317055098726,137,37.0,5.371216827542442,0.08786733767567022,selection,64,structural,1.5,4672,37
11.423294545338834,30.433521026581925,125.57670545466117,137,37.0,6.566478973418076,0.0968310803890847,selection,64,structural,2.8,4672,37
13.930391657132477,30.29764074233072,123.06960834286753,137,37.0,6.702359257669277,0.11761003274948238,selection,64,structural,3.6,4672,37
14.107805807797234,31.121686060663915,122.89219419220277,137,37.0,5.878313939336085,0.11890681432039632,selection,64,structural,4.6,4672,37
13.79158903546623,31.550093846624293,123.20841096453377,137,37.0,5.449906153375705,0.11621962044260177,selection,64,structural,5.8,4672,37
13.700168354462779,28.21676051329096,123.29983164553722,137,37.0,8.78323948670904,0.11611947109873541,selection,64,profile,1.5,4672,37
14.07138518200522,29.49290288820636,122.92861481799478,137,37.0,7.507097111793643,0.11893369381634405,selection,64,profile,2.8,4672,37
15.890317259716868,29.652472443079382,121.10968274028313,137,37.0,7.347527556920617,0.1338599131805948,selection,64,profile,3.6,4672,37
12.163537297217218,31.964307408997392,124.83646270278278,137,37.0,5.03569259100261,0.10271039781326431,selection,64,profile,4.6,4672,37
10.749323734844124,32.82623622153969,126.25067626515587,137,37.0,4.173763778460309,0.09085334539206334,selection,64,profile,5.8,4672,37
4.68086089025395,35.1380711874577,132.31913910974606,137,37.0,1.8619288125423017,0.03981549959363272,selection,64,random,1.5,4672,37
4.68086089025395,35.1380711874577,132.31913910974606,137,37.0,1.8619288125423017,0.03981549959363272,selection,64,random,2.8,4672,37
4.68086089025395,35.1380711874577,132.31913910974606,137,37.0,1.8619288125423017,0.03981549959363272,selection,64,random,3.6,4672,37
4.68086089025395,35.1380711874577,132.31913910974606,137,37.0,1.8619288125423017,0.03981549959363272,selection,64,random,4.6,4672,37
6.68086089025395,34.1380711874577,130.31913910974606,137,37.0,2.8619288125423017,0.05673102991678448,selection,64,random,5.8,4672,37
24.832394867090386,223.20329772391221,574.1676051329096,599,241.0,17.796702276087775,0.04695926559666838,selection,71,raw,1.5,30725,241
32.50522017930774,223.73408410632769,566.4947798206922,599,241.0,17.265915893672307,0.061278822251793055,selection,71,raw,2.8,30725,241
64.83521711115722,215.03391575186492,534.1647828888428,599,241.0,25.96608424813509,0.12114795958236449,selection,71,raw,3.6,30725,241
77.88103269063558,213.3220614471611,521.1189673093644,599,241.0,27.677938552838906,0.14491095381018107,selection,71,raw,4.6,30725,241
82.763317771735,213.3220614471611,516.236682228265,599,241.0,27.677938552838903,0.1537159972908226,selection,71,raw,5.8,30725,241
35.944585880719764,206.42193177026994,563.0554141192803,599,241.0,34.57806822973006,0.06811901538365907,selection,71,structural,1.5,30725,241
86.41443083916464,197.5297409774863,512.5855691608353,599,241.0,43.47025902251369,0.1612243115881533,selection,71,structural,2.8,30725,241
115.271560381806,191.58150132514297,483.728439618194,599,241.0,49.418498674857034,0.21324052353221132,selection,71,structural,3.6,30725,241
103.7261623123153,203.48163100203413,495.2738376876847,599,241.0,37.51836899796588,0.19185754526317547,selection,71,structural,4.6,30725,241
96.89481624957321,206.71696754532536,502.1051837504268,599,241.0,34.28303245467464,0.17946064843695084,selection,71,structural,5.8,30725,241
40.15404225018268,208.73376673618793,558.8459577498173,599,241.0,32.266233263812055,0.07590878167639813,selection,71,profile,1.5,30725,241
88.7215666285299,195.90826194885682,510.2784333714701,599,241.0,45.091738051143196,0.1654864198008543,selection,71,profile,2.8,30725,241
106.16229170559166,197.86745611723265,492.83770829440834,599,241.0,43.13254388276735,0.19659467046834556,selection,71,profile,3.6,30725,241
110.21687429731516,202.2120613367382,488.78312570268486,599,241.0,38.787938663261784,0.20347012403984852,selection,71,profile,4.6,30725,241
95.46859936681932,208.3687085541962,503.5314006331807,599,241.0,32.6312914458038,0.17680435611198736,selection,71,profile,5.8,30725,241
42.14527523793754,226.98799667961922,556.8547247620625,599,241.0,14.012003320380787,0.07906785690986123,selection,71,random,1.5,30725,241
41.84763449560681,227.90711645057945,557.1523655043932,599,241.0,13.092883549420549,0.07849115617397542,selection,71,random,2.8,30725,241
44.35473160740045,227.2404497839128,554.6452683925995,599,241.0,13.759550216087213,0.08313617432812043,selection,71,random,3.6,30725,241
48.677107025282154,226.31913910974606,550.3228929747179,599,241.0,14.68086089025395,0.09112163129341469,selection,71,random,4.6,30725,241
51.217705824871906,225.37852097137048,547.7822941751281,599,241.0,15.621479028629514,0.09582013420386512,selection,71,random,5.8,30725,241
0.0,4.0,0.0,0,4.0,0.0,0.0,selection,72,raw,1.5,540,4
0.0,4.0,0.0,0,4.0,0.0,0.0,selection,72,raw,2.8,540,4
0.0,4.0,0.0,0,4.0,0.0,0.0,selection,72,raw,3.6,540,4
0.0,4.0,0.0,0,4.0,0.0,0.0,selection,72,raw,4.6,540,4
0.0,4.0,0.0,0,4.0,0.0,0.0,selection,72,raw,5.8,540,4
0.0,4.0,0.0,0,4.0,0.0,0.0,selection,72,structural,1.5,540,4
0.0,4.0,0.0,0,4.0,0.0,0.0,selection,72,structural,2.8,540,4
0.0,4.0,0.0,0,4.0,0.0,0.0,selection,72,structural,3.6,540,4
0.0,4.0,0.0,0,4.0,0.0,0.0,selection,72,structural,4.6,540,4
0.0,4.0,0.0,0,4.0,0.0,0.0,selection,72,structural,5.8,540,4
0.0,4.0,0.0,0,4.0,0.0,0.0,selection,72,profile,1.5,540,4
0.0,4.0,0.0,0,4.0,0.0,0.0,selection,72,profile,2.8,540,4
0.0,4.0,0.0,0,4.0,0.0,0.0,selection,72,profile,3.6,540,4
0.0,4.0,0.0,0,4.0,0.0,0.0,selection,72,profile,4.6,540,4
0.0,4.0,0.0,0,4.0,0.0,0.0,selection,72,profile,5.8,540,4
0.0,4.0,0.0,0,4.0,0.0,0.0,selection,72,random,1.5,540,4
0.0,4.0,0.0,0,4.0,0.0,0.0,selection,72,random,2.8,540,4
0.0,4.0,0.0,0,4.0,0.0,0.0,selection,72,random,3.6,540,4
0.0,4.0,0.0,0,4.0,0.0,0.0,selection,72,random,4.6,540,4
0.0,4.0,0.0,0,4.0,0.0,0.0,selection,72,random,5.8,540,4
5.539867365381205,235.04299673483067,471.4601326346188,477,238.0,2.9570032651693468,0.012891909960617698,selection,83,raw,1.5,30357,238
8.167919103630215,234.37413916495748,468.8320808963698,477,238.0,3.625860835042512,0.018990372850941236,selection,83,raw,2.8,30357,238
16.122731465593063,231.49509379141287,460.87726853440694,477,238.0,6.504906208587142,0.03739700812612925,selection,83,raw,3.6,30357,238
26.449488689887758,227.02661160803686,450.55051131011226,477,238.0,10.973388391963129,0.06118385645402723,selection,83,raw,4.6,30357,238
33.12596777372871,225.33844657395488,443.8740322262713,477,238.0,12.661553426045122,0.0764516775681793,selection,83,raw,5.8,30357,238
6.840430445126976,232.5715922140396,470.15956955487303,477,238.0,5.4284077859603785,0.015927149454664006,selection,83,structural,1.5,30357,238
14.892508162923367,231.2382588807063,462.1074918370766,477,238.0,6.761741119293712,0.03456732615950268,selection,83,structural,2.8,30357,238
23.763517958431407,227.45721029720374,453.2364820415686,477,238.0,10.542789702796252,0.05502799609011994,selection,83,structural,3.6,30357,238
27.912129597852797,227.8499254921615,449.0878704021472,477,238.0,10.150074507838484,0.06449907357463949,selection,83,structural,4.6,30357,238
32.0414371724845,226.2641390545346,444.9585628275155,477,238.0,11.735860945465387,0.07395410306862152,selection,83,structural,5.8,30357,238
6.39052429175127,233.43571192978843,470.60947570824874,477,238.0,4.564288070211578,0.014876725556238415,selection,83,profile,1.5,30357,238
9.29722667826192,233.10018769324859,467.7027733217381,477,238.0,4.899812306751411,0.02161746153554409,selection,83,profile,2.8,30357,238
21.110314081143475,229.20037538649717,455.8896859188565,477,238.0,8.799624613502822,0.0489047155818666,selection,83,profile,3.6,30357,238
25.07858923248506,227.4808995678256,451.92141076751494,477,238.0,10.519100432174426,0.05803725692924659,selection,83,profile,4.6,30357,238
29.41411346902489,225.61458894887028,447.58588653097513,477,238.0,12.385411051129724,0.06799288755656582,selection,83,profile,5.8,30357,238
33.957634606029686,225.73116176891264,443.04236539397033,477,238.0,12.268838231087354,0.07832682131959516,selection,83,random,1.5,30357,238
34.01482556444763,226.20256628970367,442.9851744355524,477,238.0,11.797433710296323,0.07843961055805351,selection,83,random,2.8,30357,238
37.264356331326155,225.06668600545248,439.73564366867384,477,238.0,12.933313994547524,0.0858494755049071,selection,83,random,3.6,30357,238
38.968906492201924,224.47870866461906,438.03109350779806,477,238.0,13.521291335380926,0.08973024773933495,selection,83,random,4.6,30357,238
39.80933693732891,223.95011318541012,437.1906630626711,477,238.0,14.049886814589893,0.09165227054745645,selection,83,random,5.8,30357,238
6.978501632584673,246.66666666666666,185.02149836741532,192,251.0,4.333333333333334,0.03415325520602174,selection,101,raw,1.5,32038,251
14.26153408725931,244.02368927062182,177.73846591274068,192,251.0,6.976310729378175,0.06948133794910002,selection,101,raw,2.8,32038,251
16.84220728426467,243.76904526312177,175.15779271573533,192,251.0,7.230954736878246,0.08186867119407086,selection,101,raw,3.6,32038,251
22.24108112477313,242.20037538649717,169.75891887522687,192,251.0,8.799624613502822,0.1077111006367766,selection,101,raw,4.6,32038,251
27.750369139773273,240.12606786707693,164.24963086022672,192,251.0,10.873932132923088,0.13394632867582912,selection,101,raw,5.8,32038,251
5.406909418545051,246.70966340149732,186.59309058145496,192,251.0,4.29033659850268,0.026501429163129957,selection,101,structural,1.5,32038,251
13.71436257805006,243.6717799072882,178.28563742194993,192,251.0,7.328220092711789,0.06687413653167328,selection,101,structural,2.8,32038,251
12.65205837901058,245.59528148466146,179.34794162098942,192,251.0,5.404718515338553,0.06164234433334217,selection,101,structural,3.6,32038,251
15.4057639202677,244.92861481799477,176.5942360797323,192,251.0,6.071385182005219,0.07490639347859857,selection,101,structural,4.6,32038,251
19.929246158855126,242.8120419979524,172.07075384114486,192,251.0,8.18795800204759,0.09667433713891974,selection,101,structural,5.8,32038,251
4.152265411044982,248.5522847498308,187.847734588955,192,251.0,2.4477152501692068,0.020340192518934756,selection,101,profile,1.5,32038,251
7.3067217252964625,247.688165034082,184.69327827470354,192,251.0,3.3118349659180066,0.03571240589697638,selection,101,profile,2.8,32038,251
10.792320469674777,246.82842712474618,181.2076795303252,192,251.0,4.17157287525381,0.05261360251822134,selection,101,profile,3.6,32038,251
10.844398187471167,247.04737854124366,181.15560181252883,192,251.0,3.9526214587563495,0.052853519413377854,selection,101,profile,4.6,32038,251
18.42726228768303,243.5737831172461,173.57273771231698,192,251.0,7.426216882753879,0.08945263876134528,selection,101,profile,5.8,32038,251
13.101233098177737,245.8262362215397,178.89876690182226,192,251.0,5.173763778460309,0.06378850254564024,selection,101,random,1.5,32038,251
13.101233098177737,245.8262362215397,178.89876690182226,192,251.0,5.173763778460309,0.06378850254564024,selection,101,random,2.8,32038,251
13.101233098177737,245.8262362215397,178.89876690182226,192,251.0,5.173763778460309,0.06378850254564024,selection,101,random,3.6,32038,251
12.372993666680138,246.10237859645508,179.62700633331986,192,251.0,4.897621403544911,0.060269315762542915,selection,101,random,4.6,32038,251
11.634941818008251,246.4142135623731,180.36505818199174,192,251.0,4.585786437626905,0.056697779813945144,selection,101,random,5.8,32038,251
34.89543050033841,227.98580577641272,82.10456949966158,117,251.0,23.014194223587285,0.23872161965808844,selection,201,raw,1.5,32038,251
28.085579405592505,239.08088022903976,88.91442059440749,117,251.0,11.919119770960238,0.1910151030254472,selection,201,raw,2.8,32038,251
22.41599040151079,244.07868932583327,94.58400959848922,117,251.0,6.921310674166737,0.15259464105194037,selection,201,raw,3.6,32038,251
15.104155435592784,246.1380711874577,101.89584456440721,117,251.0,4.861928812542302,0.10356062008049492,selection,201,raw,4.6,32038,251
9.768631199052951,248.08088022903976,107.23136880094705,117,251.0,2.919119770960238,0.06729102276195921,selection,201,raw,5.8,32038,251
1.7832394867090384,250.33333333333334,115.21676051329096,117,251.0,0.6666666666666667,0.012381602882195235,selection,201,structural,1.5,32038,251
4.978501632584674,248.80473785412437,112.02149836741532,117,251.0,2.1952621458756347,0.03448751204118496,selection,201,structural,2.8,32038,251
4.54498060600275,249.1380711874577,112.45501939399725,117,251.0,1.8619288125423017,0.03148875808229098,selection,201,structural,3.6,32038,251
9.456796233134943,248.1380711874577,107.54320376686506,117,251.0,2.8619288125423017,0.06516581537265263,selection,201,structural,4.6,32038,251
8.994886759378456,248.33333333333334,108.00511324062154,117,251.0,2.666666666666667,0.062005630762778846,selection,201,structural,5.8,32038,251
0.0,251.0,117.0,117,251.0,0.0,0.0,selection,201,profile,1.5,32038,251
0.05719095841793653,250.94280904158205,116.94280904158207,117,251.0,0.05719095841793653,0.000397711810973133,selection,201,profile,2.8,32038,251
4.621479028629515,249.2761423749154,112.37852097137049,117,251.0,1.7238576250846034,0.032009241280254064,selection,201,profile,3.6,32038,251
4.621479028629515,249.2761423749154,112.37852097137049,117,251.0,1.7238576250846034,0.032009241280254064,selection,201,profile,4.6,32038,251
3.8189320777116484,249.60947570824874,113.18106792228835,117,251.0,1.39052429175127,0.026467852086888448,selection,201,profile,5.8,32038,251
8.104155435592784,249.1380711874577,108.89584456440721,117,251.0,1.8619288125423017,0.05587205996904102,selection,201,random,1.5,32038,251
8.104155435592784,249.1380711874577,108.89584456440721,117,251.0,1.8619288125423017,0.05587205996904102,selection,201,random,2.8,32038,251
8.104155435592784,249.1380711874577,108.89584456440721,117,251.0,1.8619288125423017,0.05587205996904102,selection,201,random,3.6,32038,251
8.104155435592784,249.1380711874577,108.89584456440721,117,251.0,1.8619288125423017,0.05587205996904102,selection,201,random,4.6,32038,251
8.104155435592784,249.1380711874577,108.89584456440721,117,251.0,1.8619288125423017,0.05587205996904102,selection,201,random,5.8,32038,251
0.0,215.0,261.0,261,215.0,0.0,0.0,selection,215,raw,1.5,27410,215
0.0,215.0,261.0,261,215.0,0.0,0.0,selection,215,raw,2.8,27410,215
0.05719095841793653,214.94280904158205,260.94280904158205,261,215.0,0.05719095841793653,0.00022712850841118557,selection,215,raw,3.6,27410,215
0.0,215.0,261.0,261,215.0,0.0,0.0,selection,215,raw,4.6,27410,215
0.0,215.0,261.0,261,215.0,0.0,0.0,selection,215,raw,5.8,27410,215
0.0,215.0,261.0,261,215.0,0.0,0.0,selection,215,structural,1.5,27410,215
0.0,215.0,261.0,261,215.0,0.0,0.0,selection,215,structural,2.8,27410,215
2.921310674166737,214.0,258.07868932583324,261,215.0,1.0,0.01158403244293184,selection,215,structural,3.6,27410,215
6.403987081130006,212.74535599249992,254.59601291887,261,215.0,2.2546440075000707,0.025349287145837958,selection,215,structural,4.6,27410,215
10.475372263135224,211.47140452079103,250.52462773686477,261,215.0,3.5285954792089687,0.041373667737230536,selection,215,structural,5.8,27410,215
0.0,215.0,261.0,261,215.0,0.0,0.0,selection,215,profile,1.5,27410,215
0.05719095841793653,214.94280904158205,260.94280904158205,261,215.0,0.05719095841793653,0.00022712850841118557,selection,215,profile,2.8,27410,215
2.7832394867090384,214.0,258.216760513291,261,215.0,1.0,0.011037739872883116,selection,215,profile,3.6,27410,215
3.89981230675141,213.47140452079103,257.1001876932486,261,215.0,1.5285954792089682,0.015458622547927542,selection,215,profile,4.6,27410,215
11.144961267216939,211.08088022903976,249.85503873278307,261,215.0,3.919119770960238,0.044008584021817586,selection,215,profile,5.8,27410,215
17.143815768939586,208.20475719291017,243.8561842310604,261,215.0,6.7952428070898225,0.06752997613940218,selection,215,random,1.5,27410,215
17.71029474235766,208.20475719291017,243.28970525764234,261,215.0,6.7952428070898225,0.06973023398442409,selection,215,random,2.8,27410,215
17.71029474235766,208.20475719291017,243.28970525764234,261,215.0,6.7952428070898225,0.06973023398442409,selection,215,random,3.6,27410,215
15.417767240648484,209.14756623449225,245.5822327593515,261,215.0,5.85243376550776,0.060768518710867865,selection,215,random,4.6,27410,215
17.160200895733368,208.5380905262435,243.83979910426663,261,215.0,6.46190947375649,0.06757589976952356,selection,215,random,5.8,27410,215
39.406495354476256,225.3264432535741,560.5935046455237,600,250.0,24.673556746425906,0.07394079681219505,selection,216,raw,1.5,31845,250
61.29169937357158,222.1482976687008,538.7083006264285,600,250.0,27.851702331299215,0.11420359583431752,selection,216,raw,2.8,31845,250
66.74703273828942,224.25505807156887,533.2529672617106,600,250.0,25.744941928431125,0.12401891653343507,selection,216,raw,3.6,31845,250
73.97245677105818,224.51732359303674,526.0275432289418,600,250.0,25.482676406963268,0.13706269578882269,selection,216,raw,4.6,31845,250
65.97172873626877,228.16468279549457,534.0282712637312,600,250.0,21.83531720450543,0.12243576170436049,selection,216,raw,5.8,31845,250
101.5871492126958,180.70496422494455,498.4128507873042,600,250.0,69.29503577505544,0.1893663048550315,selection,216,structural,1.5,31845,250
113.65300709001066,198.755582473743,486.34699290998935,600,250.0,51.24441752625699,0.20950569085959475,selection,216,structural,2.8,31845,250
112.93895848268122,206.95960823244465,487.0610415173188,600,250.0,43.04039176755535,0.2076161219112663,selection,216,structural,3.6,31845,250
121.05615924416477,210.06449510224598,478.94384075583525,600,250.0,39.93550489775402,0.2216236017466151,selection,216,structural,4.6,31845,250
98.1257675870323,217.00730414382804,501.8742324129677,600,250.0,32.992695856171956,0.180701580723037,selection,216,structural,5.8,31845,250
111.98059584186213,174.86234287661108,488.0194041581379,600,250.0,75.1376571233889,0.20838694035326236,selection,216,profile,1.5,31845,250
123.70435337359851,192.94103220244438,476.2956466264015,600,250.0,57.05896779755564,0.22767850752697338,selection,216,profile,2.8,31845,250
110.05260896530854,207.31224902998682,489.94739103469146,600,250.0,42.68775097001319,0.20249877126639995,selection,216,profile,3.6,31845,250
115.58224645002753,212.7741585037433,484.4177535499725,600,250.0,37.2258414962567,0.21181662014568425,selection,216,profile,4.6,31845,250
105.43874805122766,215.8120419979524,494.56125194877234,600,250.0,34.187958002047594,0.1937321404495065,selection,216,profile,5.8,31845,250
33.045404914828694,237.84011307498724,566.9545950851713,600,250.0,12.159886925012769,0.06186226383019891,selection,216,random,1.5,31845,250
31.595498761452983,238.5045888384474,568.404501238547,600,250.0,11.495411161552601,0.059165382803783854,selection,216,random,2.8,31845,250
32.43812010978646,237.97380245603193,567.5618798902135,600,250.0,12.026197543968067,0.0607361730144967,selection,216,random,3.6,31845,250
35.37873824816202,237.3665176509897,564.621261751838,600,250.0,12.6334823490103,0.0661842690957468,selection,216,random,4.6,31845,250
35.80933693732891,237.3621358445767,564.1906630626711,600,250.0,12.637864155423298,0.06697912442568262,selection,216,random,5.8,31845,250
28.79012956646828,228.34063747716138,152.2098704335317,181,251.0,22.659362522838627,0.1467191251846046,selection,217,raw,1.5,32038,251
37.3158027082622,233.67397081049472,143.6841972917378,181,251.0,17.32602918950529,0.18751852381505277,selection,217,raw,2.8,32038,251
34.28919110022533,236.65028153987288,146.71080889977466,181,251.0,14.349718460127116,0.17231797532988644,selection,217,raw,3.6,32038,251
26.819977482640798,241.18106792228835,154.1800225173592,181,251.0,9.818932077711649,0.13518119565939085,selection,217,raw,4.6,32038,251
23.484453246100966,242.31913910974606,157.51554675389903,181,251.0,8.68086089025395,0.11863188529254198,selection,217,raw,5.8,32038,251
9.602171564420686,245.9643074089974,171.3978284355793,181,251.0,5.03569259100261,0.04901235276284528,selection,217,structural,1.5,32038,251
15.966084248135086,243.8262362215397,165.03391575186492,181,251.0,7.173763778460309,0.08114560317218512,selection,217,structural,2.8,32038,251
18.16134639401072,243.8240453183332,162.8386536059893,181,251.0,7.175954681666807,0.09209744153749691,selection,217,structural,3.6,32038,251
18.410877160889243,244.4120226591666,162.58912283911076,181,251.0,6.587977340833405,0.09328359305528079,selection,217,structural,4.6,32038,251
18.50595161351629,243.76685435991527,162.4940483864837,181,251.0,7.233145640084743,0.09381761061155532,selection,217,structural,5.8,32038,251
15.242226623050483,242.4142135623731,165.75777337694953,181,251.0,8.585786437626904,0.0776352397798735,selection,217,profile,1.5,32038,251
18.137657123388898,242.37633006816398,162.8623428766111,181,251.0,8.623669931836014,0.09211477622135564,selection,217,profile,2.8,32038,251
19.915783369476387,242.85211639536803,161.0842166305236,181,251.0,8.147883604631984,0.10091422397416097,selection,217,profile,3.6,32038,251
25.269883636016502,241.77123616632826,155.73011636398348,181,251.0,9.228763833671747,0.1274916001520521,selection,217,profile,4.6,32038,251
20.174809183389456,243.688165034082,160.82519081661053,181,251.0,7.311834965918007,0.10211339887179588,selection,217,profile,5.8,32038,251
14.1777315208045,245.49509379141287,166.8222684791955,181,251.0,5.504906208587143,0.07206528001983024,selection,217,random,1.5,32038,251
14.1777315208045,245.49509379141287,166.8222684791955,181,251.0,5.504906208587143,0.07206528001983024,selection,217,random,2.8,32038,251
14.041851236553303,245.49509379141287,166.9581487634467,181,251.0,5.504906208587143,0.07138446251327159,selection,217,random,3.6,32038,251
14.353686202471309,245.2404497839128,166.6463137975287,181,251.0,5.759550216087213,0.07296549296767059,selection,217,random,4.6,32038,251
15.158424056595674,244.9664983122039,165.84157594340434,181,251.0,6.033501687796112,0.07701473518275087,selection,217,random,5.8,32038,251
23.9518900245478,232.3220614471611,368.0481099754522,392,251.0,18.677938552838903,0.06564773345917956,calibration,10,raw,1.5,32038,251
28.801401452640516,235.3264432535741,363.1985985473595,392,251.0,15.673556746425907,0.07860095990533586,calibration,10,raw,2.8,32038,251
29.95512633268345,235.96942064961894,362.04487366731655,392,251.0,15.030579350381064,0.08166946230687135,calibration,10,raw,3.6,32038,251
33.51973177303477,237.24994483094733,358.4802682269652,392,251.0,13.750055169052674,0.09114717356809542,calibration,10,raw,4.6,32038,251
43.98602305320425,233.54539467007154,348.01397694679576,392,251.0,17.454605329928448,0.1191689901098168,calibration,10,raw,5.8,32038,251
66.44437884868536,199.7723816646056,325.55562115131465,392,251.0,51.227618335394396,0.1811246638867574,calibration,10,structural,1.5,32038,251
76.85379654057665,211.15017120176753,315.14620345942336,392,251.0,39.84982879823246,0.20704103513868596,calibration,10,structural,2.8,32038,251
76.47235323179112,217.828841188815,315.5276467682089,392,251.0,33.171158811185,0.20531682377936444,calibration,10,structural,3.6,32038,251
67.41255390667874,224.39312925902658,324.58744609332126,392,251.0,26.606870740973427,0.18123547668682005,calibration,10,structural,4.6,32038,251
60.51347303413588,228.3523234274024,331.48652696586413,392,251.0,22.647676572597582,0.1629451981652388,calibration,10,structural,5.8,32038,251
63.227618335394396,204.0463331363145,328.77238166460563,392,251.0,46.9536668636855,0.17225662219172255,calibration,10,profile,1.5,32038,251
75.54049870624155,212.2200969147748,316.4595012937584,392,251.0,38.779903085225186,0.20352975185617217,calibration,10,profile,2.8,32038,251
74.73722032111515,218.48674424265567,317.26277967888484,392,251.0,32.51325575734433,0.2007743875644538,calibration,10,profile,3.6,32038,251
65.70038223183518,225.6841972917378,326.2996177681648,392,251.0,25.315802708262197,0.17667238653950085,calibration,10,profile,4.6,32038,251
62.32478359787973,226.52170539944973,329.67521640212027,392,251.0,24.478294600550278,0.16782427617787138,calibration,10,profile,5.8,32038,251
29.612297952315572,237.97161155282544,362.38770204768446,392,251.0,13.028388447174567,0.08066179322823441,calibration,10,random,1.5,32038,251
25.73106167556444,240.30494488615878,366.26893832443557,392,251.0,10.695055113841232,0.07014873640295262,calibration,10,random,2.8,32038,251
25.78825263398238,240.30494488615878,366.2117473660176,392,251.0,10.695055113841233,0.07030245973555328,calibration,10,random,3.6,32038,251
23.06220410569128,241.44520697682296,368.9377958943087,392,251.0,9.554793023177035,0.06292526831328824,calibration,10,random,4.6,32038,251
24.583495441072202,240.74065681594718,367.4165045589278,392,251.0,10.259343184052812,0.0670462324156022,calibration,10,random,5.8,32038,251
0.0,251.0,203.0,203,251.0,0.0,0.0,calibration,15,raw,1.5,32038,251
3.0,250.0,200.0,203,251.0,1.0,0.014084507042253521,calibration,15,raw,2.8,32038,251
7.720935287669557,248.07868932583327,195.27906471233044,203,251.0,2.9213106741667367,0.036153483807714396,calibration,15,raw,3.6,32038,251
10.032770253587564,246.88342717995764,192.96722974641244,203,251.0,4.116572820042372,0.04692963900105604,calibration,15,raw,4.6,32038,251
14.825090723262338,244.9643074089974,188.17490927673765,203,251.0,6.03569259100261,0.06916046542864249,calibration,15,raw,5.8,32038,251
17.421103642132337,240.82842712474618,185.57889635786768,203,251.0,10.17157287525381,0.08138804615802721,calibration,15,structural,1.5,32038,251
17.903780049095605,243.5737831172461,185.09621995090438,203,251.0,7.426216882753881,0.08339149630797318,calibration,15,structural,2.8,32038,251
25.431644094096026,241.49290288820634,177.56835590590399,203,251.0,9.507097111793643,0.11785645328594596,calibration,15,structural,3.6,32038,251
20.868087458092994,243.8262362215397,182.131912541907,203,251.0,7.173763778460309,0.09690813353030285,calibration,15,structural,4.6,32038,251
14.251307606016221,245.70966340149732,188.7486923939838,203,251.0,5.29033659850268,0.06647307127526161,calibration,15,structural,5.8,32038,251
18.71655348125656,241.16176045807953,184.28344651874343,203,251.0,9.838239541920476,0.08730726817519997,calibration,15,profile,1.5,32038,251
22.11323641855852,242.02368927062182,180.88676358144147,203,251.0,8.976310729378174,0.102743600236544,calibration,15,profile,2.8,32038,251
19.47464082892668,243.76904526312177,183.52535917107332,203,251.0,7.230954736878245,0.09055919639810614,calibration,15,profile,3.6,32038,251
20.194116647598285,243.65247244307938,182.8058833524017,203,251.0,7.347527556920617,0.09385221300309493,calibration,15,profile,4.6,32038,251
15.191925744391785,245.1216860606639,187.8080742556082,203,251.0,5.878313939336084,0.07083713932726635,calibration,15,profile,5.8,32038,251
11.78939813225973,246.3956375323728,191.21060186774028,203,251.0,4.604362467627185,0.05508112027065482,calibration,15,random,1.5,32038,251
11.78939813225973,246.3956375323728,191.21060186774028,203,251.0,4.604362467627185,0.05508112027065482,calibration,15,random,2.8,32038,251
11.78939813225973,246.3956375323728,191.21060186774028,203,251.0,4.604362467627185,0.05508112027065482,calibration,15,random,3.6,32038,251
12.320184514675198,246.31694820653956,190.6798154853248,203,251.0,4.683051793460448,0.05753669538511734,calibration,15,random,4.6,32038,251
12.905970952302104,246.1216860606639,190.0940290476979,203,251.0,4.878313939336084,0.06025040935122118,calibration,15,random,5.8,32038,251
28.695055113841228,222.67616171370122,298.30494488615875,327,241.0,18.323838286298795,0.09200841596980283,calibration,33,raw,1.5,30728,241
30.782093988431683,226.34282838036788,296.2179060115683,327,241.0,14.657171619632125,0.0983374986510448,calibration,33,raw,2.8,30728,241
28.171886845974402,229.61677985207677,298.8281131540256,327,241.0,11.383220147923225,0.08996069343567138,calibration,33,raw,3.6,30728,241
38.846903061398265,226.2076795303252,288.1530969386017,327,241.0,14.792320469674777,0.12347601758800744,calibration,33,raw,4.6,30728,241
50.47965397620003,222.0503008786587,276.52034602379996,327,241.0,18.949699121341304,0.15969217736476118,calibration,33,raw,5.8,30728,241
29.837094043643127,222.9647214730662,297.1629059563569,327,241.0,18.035278526933805,0.09558258373041886,calibration,33,structural,1.5,30728,241
44.290236505154475,219.06271826310828,282.7097634948455,327,241.0,21.937281736891713,0.14093026131002576,calibration,33,structural,2.8,30728,241
48.973288298614925,219.05979592569324,278.02671170138507,327,241.0,21.940204074306763,0.15536884596150022,calibration,33,structural,3.6,30728,241
48.016602403585324,222.0805628589,278.98339759641465,327,241.0,18.919437141099984,0.15213449292141243,calibration,33,structural,4.6,30728,241
42.311320808500994,223.7264625923599,284.688679191499,327,241.0,17.273537407640095,0.1344037648101537,calibration,33,structural,5.8,30728,241
36.4057639202677,219.01972152827764,290.5942360797323,327,241.0,21.980278471722368,0.11642948211830806,calibration,33,profile,1.5,30728,241
47.568569783276374,219.0197215282776,279.43143021672364,327,241.0,21.98027847172237,0.15105081768280554,calibration,33,profile,2.8,30728,241
45.222819065493454,221.76507752077757,281.77718093450653,327,241.0,19.234922479222437,0.1435656082294736,calibration,33,profile,3.6,30728,241
48.860683220916755,221.91953383502903,278.13931677908323,327,241.0,19.08046616497096,0.1547418782331541,calibration,33,profile,4.6,30728,241
43.27270588008335,223.52681864007127,283.7272941199167,327,241.0,17.473181359928727,0.1373911574340507,calibration,33,profile,5.8,30728,241
23.93362796526812,232.33844657395488,303.0663720347319,327,241.0,8.661553426045122,0.07650084775795184,calibration,33,random,1.5,30728,241
23.93362796526812,232.33844657395488,303.0663720347319,327,241.0,8.661553426045122,0.07650084775795184,calibration,33,random,2.8,30728,241
21.757673283601314,232.94792228220362,305.2423267163987,327,241.0,8.052077717796392,0.0696153944330236,calibration,33,random,3.6,30728,241
20.44364741447681,233.61458894887028,306.5563525855232,327,241.0,7.385411051129726,0.06543817297769894,calibration,33,random,4.6,30728,241
20.189003406976738,233.8120419979524,306.8109965930233,327,241.0,7.1879580020475915,0.06462544780737643,calibration,33,random,5.8,30728,241
4.152265411044982,248.94280904158205,170.847734588955,175,251.0,2.057190958417937,0.02178305985596281,calibration,39,raw,1.5,32038,251
10.345336653714117,244.9643074089974,164.65466334628587,175,251.0,6.03569259100261,0.054146510076658425,calibration,39,raw,2.8,32038,251
9.796702276087776,246.5144012556217,165.20329772391221,175,251.0,4.485598744378315,0.051221314067712985,calibration,39,raw,3.6,32038,251
12.281569586257543,245.8098510947459,162.71843041374245,175,251.0,5.190148905254089,0.0640939336328046,calibration,39,raw,4.6,32038,251
11.903780049095605,245.8455436857485,163.09621995090438,175,251.0,5.15445631425148,0.062144549487519164,calibration,39,raw,5.8,32038,251
40.735129511256844,217.59131374231725,134.26487048874316,175,251.0,33.408686257682746,0.21253263852846793,calibration,39,structural,1.5,32038,251
40.02108430334652,228.66050802111596,134.97891569665347,175,251.0,22.339491978884027,0.20657502228008348,calibration,39,structural,2.8,32038,251
41.1340033517653,233.51732359303674,133.8659966482347,175,251.0,17.48267640696327,0.21101907017715915,calibration,39,structural,3.6,32038,251
31.719789789392205,238.847734588955,143.2802102106078,175,251.0,12.152265411044983,0.16340846459760164,calibration,39,structural,4.6,32038,251
22.736906350394538,241.79492543695008,152.26309364960545,175,251.0,9.205074563049921,0.11786498693496443,calibration,39,structural,5.8,32038,251
41.8094370306771,213.18805469597663,133.1905629693229,175,251.0,37.811945304023354,0.2188981510050086,calibration,39,profile,1.5,32038,251
39.861514748473496,228.48820371165363,135.1384852515265,175,251.0,22.511796288346385,0.20582189465527706,calibration,39,profile,2.8,32038,251
38.877168441058735,233.12899020449197,136.12283155894127,175,251.0,17.871009795508044,0.19998416725688456,calibration,39,profile,3.6,32038,251
28.152579381765584,239.14756623449225,146.84742061823442,175,251.0,11.85243376550776,0.14552142636053178,calibration,39,profile,4.6,32038,251
21.248385268601176,242.2382588807063,153.75161473139883,175,251.0,8.761741119293712,0.11026818792782561,calibration,39,profile,5.8,32038,251
11.070653747796673,246.62878317245756,163.92934625220332,175,251.0,4.371216827542442,0.057798163604425856,calibration,39,random,1.5,32038,251
11.070653747796673,246.62878317245756,163.92934625220332,175,251.0,4.371216827542442,0.057798163604425856,calibration,39,random,2.8,32038,251
10.816009740296604,246.88342717995764,164.1839902597034,175,251.0,4.116572820042372,0.05646870679530968,calibration,39,random,3.6,32038,251
7.720935287669558,248.07868932583327,167.27906471233044,175,251.0,2.9213106741667367,0.040389926344612644,calibration,39,random,4.6,32038,251
7.720935287669558,248.07868932583327,167.27906471233044,175,251.0,2.9213106741667376,0.040389926344612644,calibration,39,random,5.8,32038,251
47.978087568515875,215.57889635786768,196.0219124314841,244,251.0,35.42110364213234,0.1935291728845814,calibration,42,raw,1.5,32038,251
54.86840482823274,222.36505818199174,189.13159517176726,244,251.0,28.634941818008254,0.21890735624167218,calibration,42,raw,2.8,32038,251
58.30589359715886,225.13118110769847,185.69410640284116,244,251.0,25.86881889230154,0.23147600927510628,calibration,42,raw,3.6,32038,251
53.10916858286613,231.6382782194921,190.89083141713388,244,251.0,19.3617217805079,0.2106257233261398,calibration,42,raw,4.6,32038,251
45.78021705594579,233.61458894887028,198.2197829440542,244,251.0,17.385411051129726,0.18233394322236093,calibration,42,raw,5.8,32038,251
74.9952041295182,192.6885790981508,169.00479587048181,244,251.0,58.3114209018492,0.30150430978076664,calibration,42,structural,1.5,32038,251
72.58130793728486,211.6025856284895,171.41869206271514,244,251.0,39.397414371510514,0.287979033488165,calibration,42,structural,2.8,32038,251
70.5368483340371,220.58327816428067,173.4631516659629,244,251.0,30.416721835719336,0.2783352851042049,calibration,42,structural,3.6,32038,251
62.60603921341668,228.20475719291017,181.3939607865833,244,251.0,22.79524280708982,0.2471009853682046,calibration,42,structural,4.6,32038,251
51.8636055583318,231.7883527273306,192.1363944416682,244,251.0,19.211647272669417,0.20586482328387026,calibration,42,structural,5.8,32038,251
75.3114209018492,192.5905823081087,168.6885790981508,244,251.0,58.409417691891306,0.3027224841969219,calibration,42,profile,1.5,32038,251
75.54196157465864,211.3078672235738,168.45803842534136,244,251.0,39.69213277642619,0.29909320907358694,calibration,42,profile,2.8,32038,251
74.16782240970116,218.79784777436512,169.83217759029884,244,251.0,32.202152225634876,0.29223730851183294,calibration,42,profile,3.6,32038,251
63.98163784737211,227.61458894887028,180.0183621526279,244,251.0,23.38541105112973,0.25237388884109047,calibration,42,profile,4.6,32038,251
58.02025277578977,229.92423301158178,185.97974722421023,244,251.0,21.07576698841822,0.22952057399754455,calibration,42,profile,5.8,32038,251
16.15331081597413,243.90492554737295,227.84668918402588,244,251.0,7.095074452627045,0.0653420297715882,calibration,42,random,1.5,32038,251
18.445838317683307,243.5715922140396,225.5541616823167,244,251.0,7.4284077859603785,0.07449749035343105,calibration,42,random,2.8,32038,251
18.445838317683307,243.5715922140396,225.5541616823167,244,251.0,7.4284077859603785,0.07449749035343105,calibration,42,random,3.6,32038,251
21.19119431018324,242.8262362215397,222.80880568981675,244,251.0,8.173763778460309,0.08544716303341154,calibration,42,random,4.6,32038,251
19.16969594276791,243.31694820653956,224.8303040572321,244,251.0,7.683051793460448,0.07739161352012479,calibration,42,random,5.8,32038,251
7.037883494209109,246.02149836741532,329.9621165057909,337,251.0,4.978501632584674,0.02197883343347903,calibration,43,raw,1.5,32038,251
21.018893400140023,240.2619481513281,315.98110659985997,337,251.0,10.738051848671887,0.06530523715138566,calibration,43,raw,2.8,32038,251
31.17261828018296,237.22406465711902,305.827381719817,337,251.0,13.775935342880995,0.09642626283894726,calibration,43,raw,3.6,32038,251
43.811527840535405,233.5380905262435,293.1884721594646,337,251.0,17.461909473756492,0.13477570408685088,calibration,43,raw,4.6,32038,251
39.602802905281024,235.73554357532564,297.397197094719,337,251.0,15.264456424674357,0.12197950905040775,calibration,43,raw,5.8,32038,251
49.297226678261914,214.64339146011366,287.7027733217381,337,251.0,36.35660853988635,0.1529126635421443,calibration,43,structural,1.5,32038,251
67.87967671440498,219.22917789774056,269.120323285595,337,251.0,31.77082210225945,0.2075692897232408,calibration,43,structural,2.8,32038,251
83.96744702320399,218.2076795303252,253.032552976796,337,251.0,32.79232046967478,0.25441980572866246,calibration,43,structural,3.6,32038,251
73.14632064286668,224.43863426720347,263.85367935713333,337,251.0,26.56136573279653,0.22225021085849703,calibration,43,structural,4.6,32038,251
61.81298730953336,229.24337212132784,275.18701269046664,337,251.0,21.75662787867217,0.18856272682105038,calibration,43,structural,5.8,32038,251
58.93435939947667,209.61062120652608,278.06564060052335,337,251.0,41.38937879347392,0.1822849351750906,calibration,43,profile,1.5,32038,251
78.68076079690574,213.6463137975287,258.31923920309424,337,251.0,37.35368620247131,0.23983253710653807,calibration,43,profile,2.8,32038,251
82.1375570300407,217.8667246830241,254.86244296995932,337,251.0,33.1332753169759,0.2492031056638411,calibration,43,profile,3.6,32038,251
76.06032717320538,223.7577733769495,260.9396728267946,337,251.0,27.242226623050485,0.230791029506871,calibration,43,profile,4.6,32038,251
58.55615239882678,229.288559759365,278.4438476011732,337,251.0,21.711440240635014,0.178978334445856,calibration,43,profile,5.8,32038,251
26.600294631934787,240.2262555603255,310.3997053680652,337,251.0,10.773744439674497,0.08236269904271691,calibration,43,random,1.5,32038,251
27.109582646934932,239.97161155282544,309.89041735306506,337,251.0,11.028388447174567,0.08392637702764899,calibration,43,random,2.8,32038,251
23.635987222937402,241.38363421199202,313.3640127770626,337,251.0,9.61636578800797,0.07326627310928498,calibration,43,random,3.6,32038,251
19.831249368813033,242.600394725283,317.168750631187,337,251.0,8.39960527471701,0.061571223595673186,calibration,43,random,4.6,32038,251
18.676793054561553,243.24556302453433,318.32320694543847,337,251.0,7.754436975465669,0.05800526026624093,calibration,43,random,5.8,32038,251
0.0,251.0,38.0,38,251.0,0.0,0.0,calibration,55,raw,1.5,32038,251
0.0,251.0,38.0,38,251.0,0.0,0.0,calibration,55,raw,2.8,32038,251
0.0,251.0,38.0,38,251.0,0.0,0.0,calibration,55,raw,3.6,32038,251
0.9570032651693466,250.66666666666666,37.04299673483065,38,251.0,0.33333333333333337,0.011855143001536127,calibration,55,raw,4.6,32038,251
0.9570032651693466,250.66666666666666,37.04299673483065,38,251.0,0.33333333333333337,0.011855143001536127,calibration,55,raw,5.8,32038,251
0.0,251.0,38.0,38,251.0,0.0,0.0,calibration,55,structural,1.5,32038,251
0.0,251.0,38.0,38,251.0,0.0,0.0,calibration,55,structural,2.8,32038,251
0.0,251.0,38.0,38,251.0,0.0,0.0,calibration,55,structural,3.6,32038,251
0.0,251.0,38.0,38,251.0,0.0,0.0,calibration,55,structural,4.6,32038,251
2.0571909584179364,250.0,35.942809041582066,38,251.0,1.0,0.025456680445883274,calibration,55,structural,5.8,32038,251
0.0,251.0,38.0,38,251.0,0.0,0.0,calibration,55,profile,1.5,32038,251
0.0,251.0,38.0,38,251.0,0.0,0.0,calibration,55,profile,2.8,32038,251
0.0,251.0,38.0,38,251.0,0.0,0.0,calibration,55,profile,3.6,32038,251
0.0,251.0,38.0,38,251.0,0.0,0.0,calibration,55,profile,4.6,32038,251
0.0,251.0,38.0,38,251.0,0.0,0.0,calibration,55,profile,5.8,32038,251
1.095074452627045,250.21676051329095,36.904925547372954,38,251.0,0.7832394867090383,0.013576026757553305,calibration,55,random,1.5,32038,251
1.095074452627045,250.21676051329095,36.904925547372954,38,251.0,0.7832394867090383,0.013576026757553305,calibration,55,random,2.8,32038,251
1.095074452627045,250.21676051329095,36.904925547372954,38,251.0,0.7832394867090383,0.013576026757553305,calibration,55,random,3.6,32038,251
0.31183496591800663,250.74535599249992,37.68816503408199,38,251.0,0.2546440075000701,0.0038683712003314387,calibration,55,random,4.6,32038,251
3.211647272669417,249.4120226591666,34.78835272733058,38,251.0,1.5879773408334035,0.03968684374310651,calibration,55,random,5.8,32038,251
16.416721835719336,32.47651776141258,71.58327816428067,88,44.0,11.523482238587423,0.20475179192616128,calibration,62,raw,1.5,5644,44
17.121271996595112,35.70966340149732,70.87872800340489,88,44.0,8.29033659850268,0.21146200178302613,calibration,62,raw,2.8,5644,44
20.456796233134945,34.57159221403962,67.54320376686505,88,44.0,9.42840778596038,0.2512944651253716,calibration,62,raw,3.6,5644,44
15.413068064095745,37.20475719291018,72.58693193590426,88,44.0,6.7952428070898225,0.19046452111082401,calibration,62,raw,4.6,5644,44
11.865165120677947,38.59089967824845,76.13483487932206,88,44.0,5.40910032175155,0.14740944612930576,calibration,62,raw,5.8,5644,44
17.242226623050485,31.53370871983051,70.75777337694952,88,44.0,12.46629128016949,0.21511055308621538,calibration,62,structural,1.5,5644,44
23.613443450592925,31.31694820653955,64.38655654940708,88,44.0,12.683051793460448,0.2901410650901803,calibration,62,structural,2.8,5644,44
23.237113382428937,33.45501939399725,64.76288661757107,88,44.0,10.544980606002751,0.28428628200607825,calibration,62,structural,3.6,5644,44
18.47025902251368,35.76685435991526,69.52974097748631,88,44.0,8.233145640084743,0.2273334761160276,calibration,62,structural,4.6,5644,44
19.274996876638046,35.942809041582066,68.72500312336196,88,44.0,8.057190958417937,0.23666692119682214,calibration,62,structural,5.8,5644,44
19.01127188617224,30.847734588955017,68.98872811382776,88,44.0,13.152265411044983,0.23654156781165644,calibration,62,profile,1.5,5644,44
22.53256322155316,32.514401255621685,65.46743677844684,88,44.0,11.485598744378315,0.27678087773599735,calibration,62,profile,2.8,5644,44
24.07973473076241,32.885618083164125,63.92026526923759,88,44.0,11.114381916835873,0.29439822426373546,calibration,62,profile,3.6,5644,44
19.38864735926537,35.885618083164125,68.61135264073462,88,44.0,8.114381916835873,0.23802936994070972,calibration,62,profile,4.6,5644,44
18.448760655098354,36.021498367415326,69.55123934490165,88,44.0,7.978501632584673,0.22693862891056574,calibration,62,profile,5.8,5644,44
2.523482238587423,42.45501939399725,85.47651776141258,88,44.0,1.54498060600275,0.031783613321748345,calibration,62,random,1.5,5644,44
3.0327702535875636,42.20037538649718,84.96722974641244,88,44.0,1.7996246135028202,0.03817368070709061,calibration,62,random,2.8,5644,44
3.0327702535875636,42.45501939399725,84.96722974641244,88,44.0,1.54498060600275,0.03814922536710419,calibration,62,random,3.6,5644,44
5.778126246087494,41.70966340149732,82.2218737539125,88,44.0,2.2903365985026802,0.07231918466375117,calibration,62,random,4.6,5644,44
5.778126246087494,41.70966340149732,82.2218737539125,88,44.0,2.2903365985026802,0.07231918466375117,calibration,62,random,5.8,5644,44
38.69610051877038,228.5862005016957,663.3038994812296,702,251.0,22.413799498304293,0.06291471274999684,calibration,66,raw,1.5,32038,251
48.679301327907794,227.09548851669584,653.3206986720922,702,251.0,23.904511483304155,0.07892810702035868,calibration,66,raw,2.8,32038,251
58.182744668077845,225.78146264757135,643.8172553319222,702,251.0,25.218537352428655,0.09408702812667802,calibration,66,raw,3.6,32038,251
83.4883174956778,220.1504885719073,618.5116825043222,702,251.0,30.849511428092715,0.13415489826916696,calibration,66,raw,4.6,32038,251
76.15644703076157,221.13337201090496,625.8435529692384,702,251.0,29.866627989095043,0.12262373476989089,calibration,66,raw,5.8,32038,251
45.94124947923591,220.33228792840418,656.0587505207641,702,251.0,30.667712071595815,0.07471887084903893,calibration,66,structural,1.5,32038,251
57.752145978910974,221.7486923939838,644.247854021089,702,251.0,29.25130760601622,0.09352571708020363,calibration,66,structural,2.8,32038,251
69.7673856074274,221.1443299263566,632.2326143925726,702,251.0,29.855670073643406,0.11256755921394496,calibration,66,structural,3.6,32038,251
80.41181907305105,220.46305497203383,621.588180926949,702,251.0,30.53694502796616,0.12932623912332616,calibration,66,structural,4.6,32038,251
77.83000377718749,223.87507763120044,624.1699962228125,702,251.0,27.12492236879956,0.12514049039971697,calibration,66,structural,5.8,32038,251
36.38207464964587,228.2743655357777,665.6179253503541,702,251.0,22.7256344642223,0.059202965508650146,calibration,66,profile,1.5,32038,251
48.1736636851121,226.5060517068645,653.8263363148878,702,251.0,24.49394829313551,0.07813601822560182,calibration,66,profile,2.8,32038,251
61.0395602399986,225.3144399331933,640.9604397600013,702,251.0,25.68556006680669,0.09863053845258525,calibration,66,profile,3.6,32038,251
79.18264457472964,222.32936559098914,622.8173554252703,702,251.0,28.67063440901086,0.1273232653803284,calibration,66,profile,4.6,32038,251
63.944799758092145,227.60112615949154,638.0552002419079,702,251.0,23.398873840508465,0.10315188302809554,calibration,66,profile,5.8,32038,251
49.66907144724556,232.22698699453406,652.3309285527545,702,251.0,18.77301300546595,0.08037336937523627,calibration,66,random,1.5,32038,251
51.411505102330445,231.63900965370064,650.5884948976695,702,251.0,19.360990346299353,0.08316186496613795,calibration,66,random,2.8,32038,251
49.571074657203475,233.08891580707635,652.4289253427966,702,251.0,17.911084192923646,0.08019496614015585,calibration,66,random,3.6,32038,251
56.09455689579089,231.56032032786737,645.9054431042091,702,251.0,19.439679672132616,0.09060208440628781,calibration,66,random,4.6,32038,251
46.882181588332074,234.2054886271187,655.1178184116679,702,251.0,16.794511372881274,0.07588354005029296,calibration,66,random,5.8,32038,251
3.1522654110449815,250.07868932583327,803.8477345889551,807,251.0,0.9213106741667368,0.004527515485227608,calibration,70,raw,1.5,32038,251
3.7759353428809947,249.56940131083311,803.224064657119,807,251.0,1.4305986891668772,0.005423097937348614,calibration,70,raw,2.8,32038,251
8.659362522838622,247.43352102658193,798.3406374771614,807,251.0,3.566478973418077,0.012426997230362145,calibration,70,raw,3.6,32038,251
24.036006561723212,242.82842712474618,782.9639934382768,807,251.0,8.17157287525381,0.03438760933048472,calibration,70,raw,4.6,32038,251
43.97328829861493,235.98580577641272,763.026711701385,807,251.0,15.014194223587284,0.0626764553396392,calibration,70,raw,5.8,32038,251
4.718744384463058,248.21676051329095,802.2812556155369,807,251.0,2.783239486709039,0.006777983070676947,calibration,70,structural,1.5,32038,251
11.044773573968348,245.76904526312177,795.9552264260317,807,251.0,5.230954736878244,0.015847006681197786,calibration,70,structural,2.8,32038,251
10.47829460055027,246.10237859645508,796.5217053994497,807,251.0,4.897621403544911,0.015035230323619869,calibration,70,structural,3.6,32038,251
18.280110117259596,244.74754689570642,788.7198898827404,807,251.0,6.252453104293571,0.026181560149684747,calibration,70,structural,4.6,32038,251
28.405032486059156,242.10018769324859,778.5949675139409,807,251.0,8.89981230675141,0.040595955555846386,calibration,70,structural,5.8,32038,251
1.9785016325846732,250.33333333333334,805.0214983674153,807,251.0,0.6666666666666667,0.0028424200565982443,calibration,70,profile,1.5,32038,251
4.892508162923367,248.5715922140396,802.1074918370766,807,251.0,2.4284077859603785,0.007026509568766801,calibration,70,profile,2.8,32038,251
8.813818837090103,246.5144012556217,798.1861811629099,807,251.0,4.485598744378315,0.012651433169934695,calibration,70,profile,3.6,32038,251
14.15185134697618,245.2976407423307,792.8481486530238,807,251.0,5.7023592576692765,0.020289686458653058,calibration,70,profile,4.6,32038,251
22.05531402593204,243.0623041990395,784.944685974068,807,251.0,7.937695800960519,0.03156966990012127,calibration,70,profile,5.8,32038,251
68.53100025978787,224.4980161288279,738.4689997402121,807,251.0,26.501983871172097,0.09731672181741559,calibration,70,random,1.5,32038,251
63.948136159576,226.0859934696613,743.051863840424,807,251.0,24.914006530338693,0.09088617933094845,calibration,70,random,2.8,32038,251
72.6446507424152,223.7741585037433,734.3553492575847,807,251.0,27.225841496256702,0.1030590498379976,calibration,70,random,3.6,32038,251
75.80818803963241,224.07179924607402,731.1918119603675,807,251.0,26.928200753925978,0.10744156308156899,calibration,70,random,4.6,32038,251
70.75611032183602,226.71696754532536,736.243889678164,807,251.0,24.283032454674636,0.1003498094568375,calibration,70,random,5.8,32038,251
9.516178094759379,98.33333333333333,241.48382190524063,251,102.0,3.666666666666667,0.04279436199300261,calibration,88,raw,1.5,13049,102
16.670634409010862,94.41421356237309,234.32936559098914,251,102.0,7.585786437626904,0.07475051983415827,calibration,88,raw,2.8,13049,102
18.21561501501361,93.76904526312175,232.7843849849864,251,102.0,8.230954736878244,0.0816123001658184,calibration,88,raw,3.6,13049,102
23.400650679646155,92.73116176891264,227.59934932035384,251,102.0,9.268838231087354,0.10445489727005147,calibration,88,raw,4.6,13049,102
17.779903085225186,94.65247244307939,233.2200969147748,251,102.0,7.347527556920617,0.07962821338288222,calibration,88,raw,5.8,13049,102
18.530372318346664,89.51221035241518,232.46962768165332,251,102.0,12.487789647584815,0.08331682890165404,calibration,88,structural,1.5,13049,102
26.19265717860033,89.10237859645508,224.80734282139966,251,102.0,12.897621403544914,0.11700515208871286,calibration,88,structural,2.8,13049,102
23.258611749844267,91.98580577641272,227.74138825015572,251,102.0,10.014194223587285,0.10390318408400116,calibration,88,structural,3.6,13049,102
25.53579952968881,92.60947570824872,225.4642004703112,251,102.0,9.390524291751271,0.11378116583110974,calibration,88,structural,4.6,13049,102
25.983514779858016,92.77123616632825,225.016485220142,251,102.0,9.228763833671747,0.1157132256976012,calibration,88,structural,5.8,13049,102
20.020352869137977,89.57159221403961,230.97964713086202,251,102.0,12.428407785960381,0.08989088398822154,calibration,88,profile,1.5,13049,102
26.33072836605803,88.04518763803715,224.66927163394197,251,102.0,13.954812361962848,0.11771859528295499,calibration,88,profile,2.8,13049,102
26.668443505804365,90.84992549216152,224.33155649419564,251,102.0,11.150074507838484,0.11889436786323708,calibration,88,profile,3.6,13049,102
20.382074649645876,94.10018769324859,230.6179253503541,251,102.0,7.89981230675141,0.09111487654239313,calibration,88,profile,4.6,13049,102
19.163123233148415,94.37852097137049,231.8368767668516,251,102.0,7.621479028629515,0.08573784848433537,calibration,88,profile,5.8,13049,102
19.17261828018296,95.06449510224598,231.82738171981703,251,102.0,6.93550489775402,0.08572698066776675,calibration,88,random,1.5,13049,102
18.269883636016502,95.39782843557931,232.73011636398348,251,102.0,6.602171564420686,0.08173217960351244,calibration,88,random,2.8,13049,102
24.598103728728287,93.06449510224598,226.4018962712717,251,102.0,8.935504897754022,0.10965019139608054,calibration,88,random,3.6,13049,102
22.03162475531021,94.31913910974605,228.96837524468978,251,102.0,7.6808608902539515,0.09832467413733952,calibration,88,random,4.6,13049,102
22.85567007364341,93.98580577641272,228.1443299263566,251,102.0,8.014194223587282,0.1019576388191268,calibration,88,random,5.8,13049,102
0.0,251.0,457.0,457,251.0,0.0,0.0,calibration,102,raw,1.5,32038,251
4.897621403544911,248.80473785412437,452.1023785964551,457,251.0,2.1952621458756347,0.011763500631500924,calibration,102,raw,2.8,32038,251
17.136925689180348,245.10237859645508,439.8630743108196,457,251.0,5.897621403544911,0.04099273622413558,calibration,102,raw,3.6,32038,251
29.513569728064937,239.02880251124338,427.4864302719351,457,251.0,11.971197488756628,0.07038629440277329,calibration,102,raw,4.6,32038,251
44.94197751402531,234.5337087198305,412.0580224859747,457,251.0,16.466291280169486,0.1066251388037089,calibration,102,raw,5.8,32038,251
15.535485558968208,243.70747249829083,441.4645144410318,457,251.0,7.29252750170918,0.037215326320775226,calibration,102,structural,1.5,32038,251
29.25892911998401,238.6404691226986,427.74107088001597,457,251.0,12.3595308773014,0.06980041395239749,calibration,102,structural,2.8,32038,251
42.12231740152426,234.88854042057918,414.87768259847576,457,251.0,16.111459579420824,0.10005249437312892,calibration,102,structural,3.6,32038,251
45.47819450720206,235.2262555603255,411.52180549279797,457,251.0,15.773744439674495,0.10783444428579286,calibration,102,structural,4.6,32038,251
38.95033046220165,235.42151770620114,418.04966953779837,457,251.0,15.578482293798862,0.09263425615248648,calibration,102,structural,5.8,32038,251
34.36130771643909,232.16687369870107,422.6386922835609,457,251.0,18.833126301298933,0.08202636761187747,calibration,102,profile,1.5,32038,251
39.06512644310632,233.89073132378567,417.93487355689365,457,251.0,17.10926867621433,0.09296988867873857,calibration,102,profile,2.8,32038,251
53.56053760465893,229.27144319836265,403.4394623953411,457,251.0,21.728556801637346,0.12687067964614349,calibration,102,profile,3.6,32038,251
52.84648899732946,232.58108726107417,404.15351100267054,457,251.0,18.418912738925837,0.125025549943113,calibration,102,profile,4.6,32038,251
42.059599138415976,236.16687369870107,414.940400861584,457,251.0,14.833126301298934,0.09984586102405477,calibration,102,profile,5.8,32038,251
33.86986429723069,236.71477664211886,423.1301357027693,457,251.0,14.285223357881137,0.08069692219340309,calibration,102,random,1.5,32038,251
34.493534229066704,237.06960834286753,422.5064657709333,457,251.0,13.930391657132475,0.08214455076309976,calibration,102,random,2.8,32038,251
32.31465720998485,238.12679930128547,424.68534279001517,457,251.0,12.873200698714538,0.07699680424658846,calibration,102,random,3.6,32038,251
40.323738192950586,235.79346596795213,416.6762618070494,457,251.0,15.206534032047871,0.09582103628355441,calibration,102,random,4.6,32038,251
39.58057310365716,236.57670545466118,417.4194268963428,457,251.0,14.423294545338834,0.09405326661411957,calibration,102,random,5.8,32038,251
3.79962461350282,250.94280904158205,204.20037538649717,208,253.0,2.057190958417937,0.01748171643911699,calibration,117,raw,1.5,32204,253
8.56355663600303,249.10018769324859,199.43644336399697,208,253.0,3.89981230675141,0.03929449190435519,calibration,117,raw,2.8,32204,253
9.39960527471701,249.16176045807953,198.600394725283,208,253.0,3.8382395419204762,0.04309526070731929,calibration,117,raw,3.6,32204,253
7.989773518756911,250.21895141649745,200.01022648124308,208,253.0,2.78104858350254,0.036643320384504394,calibration,117,raw,4.6,32204,253
18.87497753785223,246.92861481799477,189.12502246214777,208,253.0,6.071385182005219,0.0859670057070373,calibration,117,raw,5.8,32204,253
36.74421049422258,232.74065681594718,171.25578950577741,208,253.0,20.259343184052813,0.16679398684773616,calibration,117,structural,1.5,32204,253
41.24327202797963,232.60331706269804,166.75672797202037,208,253.0,20.39668293730196,0.18647827119444027,calibration,117,structural,2.8,32204,253
41.8574469127811,235.74357915336225,166.14255308721891,208,253.0,17.256420846637766,0.18861485312958773,calibration,117,structural,3.6,32204,253
31.07639832927856,241.07399014928052,176.92360167072144,208,253.0,11.926009850719478,0.14072538783462113,calibration,117,structural,4.6,32204,253
25.624301272696357,243.20987043353173,182.37569872730364,208,253.0,9.790129566468279,0.11638583690121193,calibration,117,structural,5.8,32204,253
36.12523973893931,235.48820371165363,171.8747602610607,208,253.0,17.511796288346382,0.16366799422988623,calibration,117,profile,1.5,32204,253
37.72448896594494,236.11479598090466,170.27551103405506,208,253.0,16.885204019095326,0.17056949178540942,calibration,117,profile,2.8,32204,253
43.28366379553498,235.74065681594718,164.71633620446502,208,253.0,17.259343184052813,0.19479170254217587,calibration,117,profile,3.6,32204,253
33.24755714046357,240.56251123107387,174.75244285953642,208,253.0,12.43748876892612,0.15033122817115113,calibration,117,profile,4.6,32204,253
22.49896483982799,244.71915844853186,185.50103516017202,208,253.0,8.280841551468137,0.1023407655094029,calibration,117,profile,5.8,32204,253
15.649136041595533,246.67616171370122,192.35086395840446,208,253.0,6.323838286298791,0.07150129889940118,calibration,117,random,1.5,32204,253
15.649136041595533,246.67616171370122,192.35086395840446,208,253.0,6.323838286298791,0.07150129889940118,calibration,117,random,2.8,32204,253
16.491757389929006,246.40001933878582,191.508242610071,208,253.0,6.599980661214189,0.07531227168041481,calibration,117,random,3.6,32204,253
18.056045460140588,245.98799667961922,189.94395453985942,208,253.0,7.012003320380785,0.08236916020678578,calibration,117,random,4.6,32204,253
15.803592355847016,246.65466334628587,192.196407644153,208,253.0,6.345336653714118,0.07219824179456008,calibration,117,random,5.8,32204,253
24.554061588968487,54.40513257940736,187.4459384110315,212,68.0,13.594867420592644,0.13244413423719928,calibration,132,raw,1.5,8706,68
50.4512689284446,46.50239793524089,161.5487310715554,212,68.0,21.497602064759104,0.26695101938644816,calibration,132,raw,2.8,8706,68
52.210087710323265,46.328634156780595,159.78991228967675,212,68.0,21.67136584321941,0.2757947799923904,calibration,132,raw,3.6,8706,68
44.64652767490109,51.67908405111625,167.35347232509892,212,68.0,16.320915948883748,0.23639371378108212,calibration,132,raw,4.6,8706,68
35.91463787119904,54.192753872529394,176.08536212880097,212,68.0,13.80724612747061,0.19142071679257258,calibration,132,raw,5.8,8706,68
34.73293860805035,40.09548851669585,177.26706139194965,212,68.0,27.904511483304148,0.18818741158780541,calibration,132,structural,1.5,8706,68
42.14819757535258,46.933728058616325,169.85180242464742,212,68.0,21.066271941383675,0.22489067616386818,calibration,132,structural,2.8,8706,68
48.18315873214665,47.10530093387014,163.81684126785336,212,68.0,20.894699066129863,0.2553999163161951,calibration,132,structural,3.6,8706,68
46.17439171990151,50.914420594407495,165.8256082800985,212,68.0,17.085579405592505,0.24428599258746303,calibration,132,structural,4.6,8706,68
45.24869923932177,50.16687369870107,166.75130076067822,212,68.0,17.833126301298933,0.23981318804398388,calibration,132,structural,5.8,8706,68
39.10415543559279,41.26925229515615,172.8958445644072,212,68.0,26.730747704843846,0.21060574931361,calibration,132,profile,1.5,8706,68
52.69536908456183,44.381443308785535,159.30463091543817,212,68.0,23.618556691214465,0.27878881585886195,calibration,132,profile,2.8,8706,68
48.587877247485196,48.14829766870079,163.4121227525148,212,68.0,19.85170233129921,0.25715050686926305,calibration,132,profile,3.6,8706,68
51.76310049494346,48.55520708724583,160.23689950505656,212,68.0,19.444792912754163,0.2729204955818974,calibration,132,profile,4.6,8706,68
47.59695823045094,49.75485103953447,164.40304176954908,212,68.0,18.24514896046553,0.2517420380630889,calibration,132,profile,5.8,8706,68
16.663330265182818,62.276142374915395,195.33666973481718,212,68.0,5.723857625084603,0.08988359411279852,calibration,132,random,1.5,8706,68
16.663330265182818,62.276142374915395,195.33666973481718,212,68.0,5.723857625084603,0.08988359411279852,calibration,132,random,2.8,8706,68
18.189734841185288,61.60947570824873,193.8102651588147,212,68.0,6.39052429175127,0.09802624659711391,calibration,132,random,3.6,8706,68
18.932168496270172,61.24044978391279,193.06783150372982,212,68.0,6.759550216087214,0.1019862476192721,calibration,132,random,4.6,8706,68
18.363498619645593,61.18325882549485,193.63650138035442,212,68.0,6.816741174505149,0.09898961142523155,calibration,132,random,5.8,8706,68
5.271029134293852,248.33333333333334,297.7289708657062,303,251.0,2.666666666666667,0.017982442155873017,calibration,133,raw,1.5,32038,251
13.185767098841092,244.18325882549485,289.8142329011589,303,251.0,6.81674117450515,0.044868807175741036,calibration,133,raw,2.8,32038,251
12.323838286298791,245.71185430470382,290.6761617137012,303,251.0,5.288145695296182,0.04191679953218511,calibration,133,raw,3.6,32038,251
12.411608595097793,246.06668600545248,290.5883914049022,303,251.0,4.933313994547522,0.04220262427766524,calibration,133,raw,4.6,32038,251
30.434883801650816,240.12606786707693,272.5651161983492,303,251.0,10.873932132923086,0.10264294283278602,calibration,133,raw,5.8,32038,251
4.878313939336083,248.8240453183332,298.12168606066393,303,251.0,2.175954681666807,0.01664155723201125,calibration,133,structural,1.5,32038,251
16.434566431511072,243.5380905262435,286.5654335684889,303,251.0,7.4619094737564895,0.055824971862852825,calibration,133,structural,2.8,32038,251
18.546757445140447,242.8098510947459,284.45324255485957,303,251.0,8.19014890525409,0.0629404902304015,calibration,133,structural,3.6,32038,251
21.945631285648908,242.0481099754522,281.0543687143511,303,251.0,8.951890024547803,0.07434188463054857,calibration,133,structural,4.6,32038,251
23.809751001397707,241.4980161288279,279.19024899860227,303,251.0,9.501983871172097,0.08058493812582405,calibration,133,structural,5.8,32038,251
1.449906153375705,250.33333333333334,301.5500938466243,303,251.0,0.6666666666666667,0.004952598561943261,calibration,133,profile,1.5,32038,251
14.456064798926397,244.61458894887028,288.5439352010736,303,251.0,6.385411051129725,0.04913450201082174,calibration,133,profile,2.8,32038,251
16.70851790321997,243.28125561553694,286.29148209678004,303,251.0,7.718744384463059,0.05675487086869716,calibration,133,profile,3.6,32038,251
27.286268762810284,240.28125561553694,275.71373123718973,303,251.0,10.71874438446306,0.09221028548282999,calibration,133,profile,4.6,32038,251
24.774789844603646,241.47870866461906,278.2252101553963,303,251.0,9.521291335380926,0.0837975011376206,calibration,133,profile,5.8,32038,251
27.757673283601314,239.47651776141257,275.2423267163987,303,251.0,11.523482238587425,0.09382447164769676,calibration,133,random,1.5,32038,251
28.209770340183518,239.8098510947459,274.7902296598165,303,251.0,11.190148905254091,0.09530201468826872,calibration,133,random,2.8,32038,251
27.46441434768359,240.14318442807925,275.5355856523164,303,251.0,10.856815571920755,0.09280979082024124,calibration,133,random,3.6,32038,251
30.65967649355922,239.59528148466146,272.34032350644077,303,251.0,11.404718515338553,0.1034224116726136,calibration,133,random,4.6,32038,251
28.66186739676572,240.39782843557933,274.33813260323427,303,251.0,10.602171564420685,0.09676135093480466,calibration,133,random,5.8,32038,251
2.29033659850268,127.02149836741533,16.70966340149732,19,128.0,0.9785016325846734,0.05577702325058071,calibration,165,raw,1.5,16301,128
9.07138518200522,122.59528148466144,9.92861481799478,19,128.0,5.404718515338553,0.21841216329065535,calibration,165,raw,2.8,16301,128
7.4469838159606585,124.82404531833319,11.553016184039341,19,128.0,3.1759546816668074,0.1787810778799873,calibration,165,raw,3.6,16301,128
4.306721725296462,125.90273464416646,14.693278274703538,19,128.0,2.0972653558335437,0.10442590269915074,calibration,165,raw,4.6,16301,128
3.797433710296322,126.4120226591666,15.202566289703679,19,128.0,1.5879773408334037,0.09207709910966708,calibration,165,raw,5.8,16301,128
10.152265411044981,120.61239804566378,8.847734588955019,19,128.0,7.387601954336224,0.24550291237677094,calibration,165,structural,1.5,16301,128
11.347527556920616,121.62878317245756,7.652472443079384,19,128.0,6.371216827542442,0.27150272481399884,calibration,165,structural,2.8,16301,128
6.326029189505291,125.21895141649746,12.673970810494708,19,128.0,2.78104858350254,0.15240140163915689,calibration,165,structural,3.6,16301,128
2.464100376962988,126.74535599249992,16.53589962303701,19,128.0,1.2546440075000702,0.060038665385053605,calibration,165,structural,4.6,16301,128
1.2116472726694167,127.35483170074866,17.788352727330583,19,128.0,0.64516829925134,0.02961500043286323,calibration,165,structural,5.8,16301,128
8.211647272669417,121.98361487320622,10.788352727330583,19,128.0,6.016385126793782,0.1991230833145908,calibration,165,profile,1.5,16301,128
9.878313939336083,122.16176045807953,9.121686060663917,19,128.0,5.838239541920476,0.23741372829125454,calibration,165,profile,2.8,16301,128
6.602171564420686,124.63097407566406,12.397828435579314,19,128.0,3.369025924335943,0.15929332983940478,calibration,165,profile,3.6,16301,128
4.0950744526270455,126.21676051329096,14.904925547372954,19,128.0,1.7832394867090384,0.09924477801536535,calibration,165,profile,4.6,16301,128
3.5642880702115787,126.41421356237309,15.435711929788422,19,128.0,1.5857864376269046,0.0865208757700694,calibration,165,profile,5.8,16301,128
0.0,128.0,19.0,19,128.0,0.0,0.0,calibration,165,random,1.5,16301,128
0.0,128.0,19.0,19,128.0,0.0,0.0,calibration,165,random,2.8,16301,128
1.195262145875635,127.47140452079103,17.804737854124365,19,128.0,0.5285954792089682,0.029200215290121373,calibration,165,random,3.6,16301,128
1.195262145875635,127.47140452079103,17.804737854124365,19,128.0,0.5285954792089682,0.029200215290121373,calibration,165,random,4.6,16301,128
0.0,128.0,19.0,19,128.0,0.0,0.0,calibration,165,random,5.8,16301,128
45.39230113088897,44.60258562848949,693.607698869111,739,75.0,30.39741437151051,0.07451145326639345,calibration,198,raw,1.5,9540,75
55.42977056102927,49.29732337219098,683.5702294389707,739,75.0,25.70267662780902,0.09055000472093487,calibration,198,raw,2.8,9540,75
64.41662174237113,51.21644314315122,674.5833782576289,739,75.0,23.783556856848783,0.10485728663161774,calibration,198,raw,3.6,9540,75
73.72114916504195,50.83573126857423,665.278850834958,739,75.0,24.16426873142577,0.11965555584006135,calibration,198,raw,4.6,9540,75
60.88249895847182,53.48382190524062,678.1175010415282,739,75.0,21.51617809475938,0.09914533413287507,calibration,198,raw,5.8,9540,75
67.03632393186295,41.44082517040996,671.963676068137,739,75.0,33.55917482959004,0.10937644607906602,calibration,198,structural,1.5,9540,75
74.29566711591576,44.3621358445767,664.7043328840842,739,75.0,30.637864155423298,0.1208194080075818,calibration,198,structural,2.8,9540,75
76.46869946016753,47.00949504703454,662.5313005398325,739,75.0,27.99050495296546,0.12415853373562291,calibration,198,structural,3.6,9540,75
74.03152466196201,49.304944886158765,664.9684753380379,739,75.0,25.69505511384123,0.1202069429470723,calibration,198,structural,4.6,9540,75
69.49197466672055,51.169064601907564,669.5080253332794,739,75.0,23.830935398092436,0.11293407655209219,calibration,198,structural,5.8,9540,75
43.77259894139715,49.60039472528299,695.2274010586028,739,75.0,25.39960527471701,0.0717731137389712,calibration,198,profile,1.5,9540,75
52.635573158868596,52.99091901703426,686.3644268411314,739,75.0,22.009080982965738,0.08596014780604477,calibration,198,profile,2.8,9540,75
58.80860550312036,51.4601326346188,680.1913944968796,739,75.0,23.539867365381202,0.09589603933221627,calibration,198,profile,3.6,9540,75
68.24317193463143,51.28125561553694,670.7568280653686,739,75.0,23.718744384463058,0.11094558593538961,calibration,198,profile,4.6,9540,75
61.43916551471561,52.85284782957656,677.5608344852844,739,75.0,22.147152170423436,0.10005427048581197,calibration,198,profile,5.8,9540,75
51.21332401845891,54.752660136327975,687.7866759815411,739,75.0,20.24733986367203,0.08362817268950758,calibration,198,random,1.5,9540,75
54.76268643087466,55.007304143828044,684.2373135691254,739,75.0,19.992695856171956,0.08931310339528922,calibration,198,random,2.8,9540,75
55.48654405595926,55.53589962303701,683.5134559440407,739,75.0,19.46410037696299,0.09045669713033022,calibration,198,random,3.6,9540,75
53.95502623933525,56.67397081049471,685.0449737606648,739,75.0,18.32602918950529,0.08797123207802648,calibration,198,random,4.6,9540,75
52.19328512004154,57.34063747716138,686.8067148799585,739,75.0,17.659362522838624,0.08512919190896112,calibration,198,random,5.8,9540,75
38.39522346830401,218.7785403101563,264.60477653169596,303,245.0,26.221459689843705,0.1306694429716678,calibration,218,raw,1.5,31238,245
45.520877271312116,223.5067797416539,257.4791227286879,303,245.0,21.493220258346103,0.15368003782968379,calibration,218,raw,2.8,31238,245
49.36788042605859,225.535899623037,253.6321195739414,303,245.0,19.46410037696299,0.1660089949614242,calibration,218,raw,3.6,31238,245
43.128476047074955,228.9479222822036,259.87152395292503,303,245.0,16.052077717796394,0.14530409652639004,calibration,218,raw,4.6,31238,245
43.42319445199063,229.31913910974606,259.57680554800936,303,245.0,15.680860890253951,0.14623141494128167,calibration,218,raw,5.8,31238,245
116.17804889094425,164.59569554873025,186.82195110905576,303,245.0,80.40430445126975,0.3891348214144558,calibration,218,structural,1.5,31238,245
116.50042430882593,191.54101286365855,186.49957569117407,303,245.0,53.45898713634145,0.383214633035054,calibration,218,structural,2.8,31238,245
99.04905528703316,205.93153715540984,203.95094471296684,303,245.0,39.06846284459017,0.32646777348534617,calibration,218,structural,3.6,31238,245
89.81695505187756,214.37633006816398,213.18304494812244,303,245.0,30.623669931836016,0.29619229927128476,calibration,218,structural,4.6,31238,245
84.26028849563374,215.847734588955,218.73971150436626,303,245.0,29.15226541104498,0.2786186145740731,calibration,218,structural,5.8,31238,245
111.54926571848668,173.2321002351556,191.45073428151332,303,245.0,71.7678997648444,0.3726304597846709,calibration,218,profile,1.5,31238,245
110.02463798162191,195.0546826850717,192.9753620183781,303,245.0,49.9453173149283,0.3626199252827157,calibration,218,profile,2.8,31238,245
106.29712658491371,203.55958889365883,196.7028734150863,303,245.0,41.440411106341166,0.34923500190189344,calibration,218,profile,3.6,31238,245
84.99729153995736,216.3978284355793,218.00270846004264,303,245.0,28.602171564420686,0.2808165905191081,calibration,218,profile,4.6,31238,245
84.79618811867077,217.12606786707693,218.20381188132922,303,245.0,27.873932132923088,0.28005463220916227,calibration,218,profile,5.8,31238,245
31.965666784647137,233.0623041990395,271.0343332153529,303,245.0,11.937695800960519,0.1082094158425392,calibration,218,random,1.5,31238,245
27.730330241355894,234.98361487320622,275.2696697586441,303,245.0,10.016385126793782,0.09401935315394908,calibration,218,random,2.8,31238,245
28.042165207273904,234.72897086570615,274.9578347927261,303,245.0,10.271029134293851,0.09507293884915786,calibration,218,random,3.6,31238,245
27.004281713064792,235.25756634491512,275.9957182869352,303,245.0,9.742433655084884,0.09158577137649283,calibration,218,random,4.6,31238,245
22.885517989815924,236.59089967824843,280.1144820101841,303,245.0,8.409100321751552,0.07776379463180239,calibration,218,random,5.8,31238,245
0.5092880150001402,33.49071198499986,45.49071198499986,46,34.0,0.5092880150001402,0.011680917775232572,calibration,231,raw,1.5,4327,34
4.014194223587284,31.35702260395516,41.98580577641272,46,34.0,2.642977396044841,0.09149318405666276,calibration,231,raw,2.8,4327,34
5.542058268587703,31.240449783912787,40.4579417314123,46,34.0,2.759550216087213,0.12550945084992515,calibration,231,raw,3.6,4327,34
7.068462844590173,31.35702260395516,38.93153715540983,46,34.0,2.6429773960448415,0.15889507513799156,calibration,231,raw,4.6,4327,34
4.6400550586297955,31.43571192978842,41.3599449413702,46,34.0,2.5642880702115782,0.10541949079913883,calibration,231,raw,5.8,4327,34
5.173763778460308,31.550093846624293,40.826236221539695,46,34.0,2.4499061533757054,0.1171999219778117,calibration,231,structural,1.5,4327,34
5.152265411044982,32.080880229039764,40.84773458895502,46,34.0,1.9191197709602381,0.11644424699875204,calibration,231,structural,2.8,4327,34
5.975579295169627,31.297640742330724,40.024420704830376,46,34.0,2.7023592576692765,0.1350271689939911,calibration,231,structural,3.6,4327,34
5.38029781050818,31.652472443079382,40.61970218949182,46,34.0,2.3475275569206167,0.12170814771799325,calibration,231,structural,4.6,4327,34
6.439679672132616,31.630974075664056,39.56032032786739,46,34.0,2.3690259243359435,0.14499168538149332,calibration,231,structural,5.8,4327,34
4.623669931836013,32.080880229039764,41.37633006816399,46,34.0,1.9191197709602381,0.1047479521483751,calibration,231,profile,1.5,4327,34
6.211647272669417,31.276142374915395,39.78835272733058,46,34.0,2.7238576250846034,0.14022550142725557,calibration,231,profile,2.8,4327,34
6.48048550375677,31.630974075664056,39.51951449624323,46,34.0,2.3690259243359435,0.14588363689176356,calibration,231,profile,3.6,4327,34
6.046964477174846,31.31913910974605,39.953035522825154,46,34.0,2.68086089025395,0.13658289094835302,calibration,231,profile,4.6,4327,34
6.049155380381345,31.257566344915116,39.95084461961866,46,34.0,2.742433655084884,0.136669038636116,calibration,231,profile,5.8,4327,34
4.8211229809181475,31.804737854124365,41.17887701908185,46,34.0,2.1952621458756347,0.10926015115976825,calibration,231,random,1.5,4327,34
4.8211229809181475,31.804737854124365,41.17887701908185,46,34.0,2.1952621458756347,0.10926015115976825,calibration,231,random,2.8,4327,34
4.8211229809181475,31.804737854124365,41.17887701908185,46,34.0,2.1952621458756347,0.10926015115976825,calibration,231,random,3.6,4327,34
4.8211229809181475,31.804737854124365,41.17887701908185,46,34.0,2.1952621458756347,0.10926015115976825,calibration,231,random,4.6,4327,34
6.016385126793782,31.276142374915395,39.98361487320622,46,34.0,2.7238576250846034,0.1359373765286158,calibration,231,random,5.8,4327,34
0.0,197.0,11.0,11,197.0,0.0,0.0,calibration,249,raw,1.5,25074,197
0.0,197.0,11.0,11,197.0,0.0,0.0,calibration,249,raw,2.8,25074,197
0.0,197.0,11.0,11,197.0,0.0,0.0,calibration,249,raw,3.6,25074,197
0.0,197.0,11.0,11,197.0,0.0,0.0,calibration,249,raw,4.6,25074,197
0.0,197.0,11.0,11,197.0,0.0,0.0,calibration,249,raw,5.8,25074,197
0.0,197.0,11.0,11,197.0,0.0,0.0,calibration,249,structural,1.5,25074,197
0.0,197.0,11.0,11,197.0,0.0,0.0,calibration,249,structural,2.8,25074,197
0.0,197.0,11.0,11,197.0,0.0,0.0,calibration,249,structural,3.6,25074,197
0.0,197.0,11.0,11,197.0,0.0,0.0,calibration,249,structural,4.6,25074,197
0.0,197.0,11.0,11,197.0,0.0,0.0,calibration,249,structural,5.8,25074,197
0.0,197.0,11.0,11,197.0,0.0,0.0,calibration,249,profile,1.5,25074,197
0.0,197.0,11.0,11,197.0,0.0,0.0,calibration,249,profile,2.8,25074,197
0.0,197.0,11.0,11,197.0,0.0,0.0,calibration,249,profile,3.6,25074,197
0.0,197.0,11.0,11,197.0,0.0,0.0,calibration,249,profile,4.6,25074,197
0.0,197.0,11.0,11,197.0,0.0,0.0,calibration,249,profile,5.8,25074,197
0.64516829925134,196.66666666666666,10.35483170074866,11,197.0,0.33333333333333337,0.013367937369140248,calibration,249,random,1.5,25074,197
0.64516829925134,196.66666666666666,10.35483170074866,11,197.0,0.33333333333333337,0.013367937369140248,calibration,249,random,2.8,25074,197
0.64516829925134,196.66666666666666,10.35483170074866,11,197.0,0.33333333333333337,0.013367937369140248,calibration,249,random,3.6,25074,197
0.64516829925134,196.66666666666666,10.35483170074866,11,197.0,0.33333333333333337,0.013367937369140248,calibration,249,random,4.6,25074,197
0.64516829925134,196.66666666666666,10.35483170074866,11,197.0,0.33333333333333337,0.013367937369140248,calibration,249,random,5.8,25074,197
0.0,4.0,10.0,10,4.0,0.0,0.0,calibration,250,raw,1.5,529,4
0.0,4.0,10.0,10,4.0,0.0,0.0,calibration,250,raw,2.8,529,4
0.0,4.0,10.0,10,4.0,0.0,0.0,calibration,250,raw,3.6,529,4
0.0,4.0,10.0,10,4.0,0.0,0.0,calibration,250,raw,4.6,529,4
0.0,4.0,10.0,10,4.0,0.0,0.0,calibration,250,raw,5.8,529,4
0.7832394867090383,3.471404520791032,9.216760513290962,10,4.0,0.5285954792089682,0.08849234970416874,calibration,250,structural,1.5,529,4
0.7832394867090383,3.471404520791032,9.216760513290962,10,4.0,0.5285954792089682,0.08849234970416874,calibration,250,structural,2.8,529,4
1.449906153375705,2.8047378541243653,8.550093846624295,10,4.0,1.195262145875635,0.16381401160180856,calibration,250,structural,3.6,529,4
1.449906153375705,2.8047378541243653,8.550093846624295,10,4.0,1.195262145875635,0.16381401160180856,calibration,250,structural,4.6,529,4
1.449906153375705,2.8047378541243653,8.550093846624295,10,4.0,1.195262145875635,0.16381401160180856,calibration,250,structural,5.8,529,4
0.0,4.0,10.0,10,4.0,0.0,0.0,calibration,250,profile,1.5,529,4
0.0,4.0,10.0,10,4.0,0.0,0.0,calibration,250,profile,2.8,529,4
0.33333333333333337,3.6666666666666665,9.666666666666666,10,4.0,0.33333333333333337,0.03787878787878788,calibration,250,profile,3.6,529,4
1.1165728200423717,3.1380711874576983,8.883427179957629,10,4.0,0.8619288125423016,0.12615318065298867,calibration,250,profile,4.6,529,4
1.1165728200423717,3.1380711874576983,8.883427179957629,10,4.0,0.8619288125423016,0.12615318065298867,calibration,250,profile,5.8,529,4
0.0,4.0,10.0,10,4.0,0.0,0.0,calibration,250,random,1.5,529,4
0.0,4.0,10.0,10,4.0,0.0,0.0,calibration,250,random,2.8,529,4
0.0,4.0,10.0,10,4.0,0.0,0.0,calibration,250,random,3.6,529,4
0.0,4.0,10.0,10,4.0,0.0,0.0,calibration,250,random,4.6,529,4
0.0,4.0,10.0,10,4.0,0.0,0.0,calibration,250,random,5.8,529,4
0.0,6.0,0.0,0,6.0,0.0,0.0,test,1,raw,1.5,820,6
0.0,6.0,0.0,0,6.0,0.0,0.0,test,1,raw,2.8,820,6
0.0,6.0,0.0,0,6.0,0.0,0.0,test,1,raw,3.6,820,6
0.0,6.0,0.0,0,6.0,0.0,0.0,test,1,raw,4.6,820,6
0.0,6.0,0.0,0,6.0,0.0,0.0,test,1,raw,5.8,820,6
0.0,6.0,0.0,0,6.0,0.0,0.0,test,1,structural,1.5,820,6
0.0,6.0,0.0,0,6.0,0.0,0.0,test,1,structural,2.8,820,6
0.0,6.0,0.0,0,6.0,0.0,0.0,test,1,structural,3.6,820,6
0.0,6.0,0.0,0,6.0,0.0,0.0,test,1,structural,4.6,820,6
0.0,6.0,0.0,0,6.0,0.0,0.0,test,1,structural,5.8,820,6
0.0,6.0,0.0,0,6.0,0.0,0.0,test,1,profile,1.5,820,6
0.0,6.0,0.0,0,6.0,0.0,0.0,test,1,profile,2.8,820,6
0.0,6.0,0.0,0,6.0,0.0,0.0,test,1,profile,3.6,820,6
0.0,6.0,0.0,0,6.0,0.0,0.0,test,1,profile,4.6,820,6
0.0,6.0,0.0,0,6.0,0.0,0.0,test,1,profile,5.8,820,6
0.0,6.0,0.0,0,6.0,0.0,0.0,test,1,random,1.5,820,6
0.0,6.0,0.0,0,6.0,0.0,0.0,test,1,random,2.8,820,6
0.0,6.0,0.0,0,6.0,0.0,0.0,test,1,random,3.6,820,6
0.0,6.0,0.0,0,6.0,0.0,0.0,test,1,random,4.6,820,6
0.0,6.0,0.0,0,6.0,0.0,0.0,test,1,random,5.8,820,6
0.36902592433594317,250.688165034082,323.6309740756641,324,251.0,0.31183496591800663,0.0011926705958017227,test,3,raw,1.5,32029,251
16.220728255635155,243.65247244307938,307.77927174436485,324,251.0,7.347527556920616,0.05212741066672631,test,3,raw,2.8,32029,251
19.024734675550974,243.02149836741532,304.975265324449,324,251.0,7.978501632584674,0.06105317760177893,test,3,raw,3.6,32029,251
22.546757445140443,241.98361487320622,301.45324255485957,324,251.0,9.016385126793782,0.07224068766968197,test,3,raw,4.6,32029,251
16.56314257193423,244.10237859645508,307.43685742806576,324,251.0,6.897621403544912,0.053200711221195414,test,3,raw,5.8,32029,251
61.003553678275395,214.13629434832,262.9964463217246,324,251.0,36.86370565168,0.19413788579959296,test,3,structural,1.5,32029,251
65.46911352423632,219.48163100203413,258.5308864757637,324,251.0,31.51836899796588,0.20705614564814934,test,3,structural,2.8,32029,251
65.94448578737155,222.36286727878525,258.05551421262845,324,251.0,28.63713272121475,0.20811771674147453,test,3,structural,3.6,32029,251
64.62461524341695,223.50312936944945,259.37538475658306,324,251.0,27.496870630550553,0.20397539107305418,test,3,structural,4.6,32029,251
59.62753758083201,226.61532038307882,264.37246241916796,324,251.0,24.384679616921176,0.18842726096284282,test,3,structural,5.8,32029,251
35.506683047724835,230.42370860940764,288.49331695227517,324,251.0,20.576291390592363,0.11366282145920076,test,3,profile,1.5,32029,251
55.91536930540758,225.24994483094733,268.0846306945924,324,251.0,25.750055169052672,0.17726540396314275,test,3,profile,2.8,32029,251
62.104786776453125,224.15267947511379,261.8952132235469,324,251.0,26.847320524886214,0.19625373272398552,test,3,profile,3.6,32029,251
57.72699383987205,226.7406568159472,266.2730061601279,324,251.0,24.25934318405281,0.18262630625789172,test,3,profile,4.6,32029,251
43.177631427456305,232.71915844853186,280.8223685725437,324,251.0,18.280841551468136,0.13734245055256689,test,3,profile,5.8,32029,251
27.59591282552179,238.535899623037,296.4040871744782,324,251.0,12.464100376962987,0.08832773459195693,test,3,random,1.5,32029,251
28.86986429723069,238.28125561553694,295.1301357027693,324,251.0,12.718744384463058,0.09234508400839002,test,3,random,2.8,32029,251
27.47934000547942,238.94792228220362,296.5206599945206,324,251.0,12.05207771779639,0.08793798171840835,test,3,random,3.6,32029,251
28.891362664646017,238.73116176891264,295.108637335354,324,251.0,12.268838231087354,0.09238598898769465,test,3,random,4.6,32029,251
26.108123177936978,239.73116176891264,297.891876822063,324,251.0,11.268838231087354,0.08358133717588442,test,3,random,5.8,32029,251
34.16207782821927,112.54758557327806,179.83792217178075,214,138.0,25.452414426721948,0.1703488012289174,test,17,raw,1.5,17630,138
31.998854501722654,120.57889635786766,182.00114549827734,214,138.0,17.421103642132337,0.15863355340949511,test,17,raw,2.8,17630,138
32.76675426656705,124.0503008786587,181.23324573343297,214,138.0,13.949699121341302,0.1617604783613596,test,17,raw,3.6,17630,138
30.461809380408287,125.3286341567806,183.53819061959172,214,138.0,12.671365843219407,0.15053418212725314,test,17,raw,4.6,17630,138
30.75579975053456,125.75923284594747,183.24420024946545,214,138.0,12.24076715405253,0.15187823765769057,test,17,raw,5.8,17630,138
38.403573017061206,115.7697766973303,175.5964269829388,214,138.0,22.2302233026697,0.19008407333216187,test,17,structural,1.5,17630,138
46.44323335040801,116.34282838036788,167.556766649592,214,138.0,21.657171619632127,0.2279341811543211,test,17,structural,2.8,17630,138
47.54049870624155,117.59309058145494,166.45950129375845,214,138.0,20.40690941854505,0.23278295418430006,test,17,structural,3.6,17630,138
45.30881253515476,120.32133001295254,168.69118746484526,214,138.0,17.678669987047453,0.22174762983278568,test,17,structural,4.6,17630,138
37.9517899311996,123.18106792228835,176.04821006880042,214,138.0,14.818932077711647,0.18656259916374823,test,17,structural,5.8,17630,138
33.5438351077254,119.73335267211914,180.45616489227461,214,138.0,18.266647327880854,0.16617751552233823,test,17,profile,1.5,17630,138
49.87456347378343,113.93372805861632,164.12543652621656,214,138.0,24.066271941383675,0.24452911340248154,test,17,profile,2.8,17630,138
49.92486435244213,116.61239804566378,164.0751356475579,214,138.0,21.387601954336226,0.24412246960739514,test,17,profile,3.6,17630,138
42.64725910910964,120.55520708724583,171.35274089089035,214,138.0,17.44479291275416,0.2092187790138912,test,17,profile,4.6,17630,138
44.13797109410949,120.4958252256214,169.8620289058905,214,138.0,17.504174774378598,0.2162282458863557,test,17,profile,5.8,17630,138
14.770822102259451,131.37852097137048,199.22917789774056,214,138.0,6.621479028629514,0.07369571314070206,test,17,random,1.5,17630,138
15.828013060677389,130.65466334628587,198.1719869393226,214,138.0,7.345336653714119,0.0789440727165839,test,17,random,2.8,17630,138
15.001776839137696,131.32133001295256,198.9982231608623,214,138.0,6.678669987047451,0.07483503441446382,test,17,random,3.6,17630,138
14.003967742344194,131.90711645057945,199.9960322576558,214,138.0,6.092883549420547,0.06988628014643089,test,17,random,4.6,17630,138
14.337301075677528,132.2404497839128,199.66269892432248,214,138.0,5.759550216087213,0.07150219054524702,test,17,random,5.8,17630,138
13.283032454674634,239.52389630265623,384.71696754532536,398,250.0,10.476103697343772,0.036001145289556495,test,20,raw,1.5,31845,250
22.053123122725538,239.52170539944973,375.94687687727446,398,250.0,10.478294600550273,0.059488084277417946,test,20,raw,2.8,31845,250
36.005744581481885,233.54539467007154,361.9942554185181,398,250.0,16.454605329928444,0.09670898591579437,test,20,raw,3.6,31845,250
32.47349533064933,236.2076795303252,365.5265046693507,398,250.0,13.792320469674777,0.08726238479054765,test,20,raw,4.6,31845,250
33.31684811319135,236.47870866461906,364.6831518868087,398,250.0,13.521291335380926,0.08947504464682593,test,20,raw,5.8,31845,250
48.934359399476676,216.08129429310856,349.06564060052335,398,250.0,33.91870570689144,0.13175537670394183,test,20,structural,1.5,31845,250
56.507728452653986,219.04341079889946,341.49227154734604,398,250.0,30.95658920110054,0.15128830280733363,test,20,structural,2.8,31845,250
57.38677042677948,223.4146276264419,340.6132295732205,398,250.0,26.5853723735581,0.15321104118790457,test,20,structural,3.6,31845,250
59.547385386581645,226.40513257940736,338.45261461341835,398,250.0,23.594867420592642,0.1585433732133905,test,20,structural,4.6,31845,250
55.349204302710106,227.85503873278307,342.6507956972899,398,250.0,22.14496126721694,0.14758180211109537,test,20,structural,5.8,31845,250
59.22250509477285,208.80953372460615,338.7774949052272,398,250.0,41.19046627539384,0.15919754030786276,test,20,profile,1.5,31845,250
60.94594865578865,217.00479587048181,337.05405134421136,398,250.0,32.9952041295182,0.16296137434151658,test,20,profile,2.8,31845,250
69.91098409957544,216.92172473823553,328.08901590042456,398,250.0,33.07827526176446,0.18604898608248166,test,20,profile,3.6,31845,250
51.26174796463171,229.39532016223308,346.7382520353683,398,250.0,20.60467983776693,0.136869021128109,test,20,profile,4.6,31845,250
58.20747934362881,226.87361476278335,339.7925206563712,398,250.0,23.12638523721666,0.15504785468882096,test,20,profile,5.8,31845,250
32.68149223111429,236.17887701908185,365.3185077688857,398,250.0,13.821122980918148,0.08781285466432598,test,20,random,1.5,31845,250
33.152896751905324,236.98361487320622,364.8471032480947,398,250.0,13.016385126793782,0.08901843808156779,test,20,random,2.8,31845,250
32.29096793936302,237.5122103524152,365.70903206063696,398,250.0,12.487789647584815,0.08671960687324179,test,20,random,3.6,31845,250
33.133589287696495,237.17887701908185,364.8664107123035,398,250.0,12.821122980918148,0.08895819011888202,test,20,random,4.6,31845,250
28.057822299278282,238.92423301158178,369.94217770072174,398,250.0,11.075766988418218,0.07546555443911059,test,20,random,5.8,31845,250
42.10196453238628,219.95522642603166,611.8980354676137,654,251.0,31.044773573968346,0.07314302972271021,test,26,raw,1.5,32038,251
72.73649228632573,215.9625305698597,581.2635077136742,654,251.0,35.037469430140305,0.12520486927214244,test,26,raw,2.8,32038,251
83.07922057334541,213.97202561689423,570.9207794266546,654,251.0,37.027974383105764,0.14259828192517807,test,26,raw,3.6,32038,251
85.18515284807589,218.63576994614584,568.8148471519241,654,251.0,32.36423005385415,0.14587393388248457,test,26,raw,4.6,32038,251
82.64893585489912,221.58108726107417,571.3510641451008,654,251.0,29.418912738925837,0.14151100290159715,test,26,raw,5.8,32038,251
130.00857022496785,163.20517125697899,523.9914297750322,654,251.0,87.79482874302101,0.22344279550725235,test,26,structural,1.5,32038,251
138.1301561922836,184.48131363189438,515.8698438077164,654,251.0,66.51868636810562,0.23502623196483363,test,26,structural,2.8,32038,251
138.4874893675402,194.26747545601847,515.5125106324598,654,251.0,56.73252454398154,0.23482366459674062,test,26,structural,3.6,32038,251
126.73514320193283,204.00333640148386,527.2648567980672,654,251.0,46.99666359851615,0.21504307911808537,test,26,structural,4.6,32038,251
103.63788124551843,212.67438487456351,550.3621187544816,654,251.0,38.325615125436485,0.1767169930074465,test,26,structural,5.8,32038,251
131.04060904434692,165.0842166305236,522.9593909556531,654,251.0,85.91578336947639,0.22499140127686473,test,26,profile,1.5,32038,251
143.85944102871034,183.79168912881443,510.1405589712897,654,251.0,67.20831087118557,0.24435545291845082,test,26,profile,2.8,32038,251
150.6189878453784,192.89333629106096,503.3810121546216,654,251.0,58.106663708939024,0.25446589057426505,test,26,profile,3.6,32038,251
120.34639574931926,205.6008087893518,533.6536042506807,654,251.0,45.399191210648205,0.20453527439862887,test,26,profile,4.6,32038,251
92.39565462246794,216.10790590114544,561.604345377532,654,251.0,34.892094098854564,0.15796810075677442,test,26,profile,5.8,32038,251
42.93394533540786,233.4958252256214,611.0660546645921,654,251.0,17.504174774378598,0.07421778356105116,test,26,random,1.5,32038,251
38.54342104365659,236.0838025664548,615.4565789563434,654,251.0,14.916197433545193,0.06666964997914816,test,26,random,2.8,32038,251
40.04832725224374,236.00511324062154,613.9516727477562,654,251.0,14.994886759378454,0.0692385671224296,test,26,random,3.6,32038,251
46.90660229316245,233.73116176891264,607.0933977068375,654,251.0,17.268838231087358,0.08096732507447424,test,26,random,4.6,32038,251
47.75830462446166,233.06449510224598,606.2416953755384,654,251.0,17.935504897754022,0.0824322161317,test,26,random,5.8,32038,251
7.046964477174847,246.65028153987288,113.95303552282515,121,251.0,4.349718460127115,0.047763255964574904,test,27,raw,1.5,32038,251
15.296495244053373,243.535899623037,105.70350475594662,121,251.0,7.464100376962989,0.1029606096190128,test,27,raw,2.8,32038,251
35.6819062951831,235.7905436305371,85.3180937048169,121,251.0,15.20945636946292,0.2361562377204584,test,27,raw,3.6,32038,251
25.597372294519744,241.0816116632483,95.40262770548026,121,251.0,9.91838833675169,0.17049479765347877,test,27,raw,4.6,32038,251
21.033815658516712,243.15956955487303,99.96618434148328,121,251.0,7.840430445126977,0.14056403113292512,test,27,raw,5.8,32038,251
29.833126301298933,228.4765177614126,91.16687369870107,121,251.0,22.52348223858742,0.20094799077390527,test,27,structural,1.5,32038,251
29.94020407430676,234.9100387879945,91.05979592569324,121,251.0,16.089961212005502,0.19990782108761476,test,27,structural,2.8,32038,251
29.5897541799711,238.28344651874343,91.4102458200289,121,251.0,12.716553481256561,0.19677356602465276,test,27,structural,3.6,32038,251
28.012317291101386,240.2404497839128,92.98768270889862,121,251.0,10.759550216087213,0.18618952642754463,test,27,structural,4.6,32038,251
23.891362664646017,241.5737831172461,97.10863733535399,121,251.0,9.42621688275388,0.1593894179009549,test,27,structural,5.8,32038,251
31.790129566468277,226.3599449413702,89.20987043353172,121,251.0,24.640055058629798,0.2141758834124628,test,27,profile,1.5,32038,251
28.82070891684934,235.98872811382776,92.17929108315066,121,251.0,15.011271886172235,0.19244354766103608,test,27,profile,2.8,32038,251
31.494679727344057,238.34063747716138,89.50532027265595,121,251.0,12.659362522838624,0.20889628681857028,test,27,profile,3.6,32038,251
36.030893321101665,238.37633006816398,84.96910667889833,121,251.0,12.623669931836014,0.2375431839908003,test,27,profile,4.6,32038,251
29.496456566481747,239.9643074089974,91.50354343351825,121,251.0,11.03569259100261,0.1957398313009016,test,27,profile,5.8,32038,251
8.420372207923787,247.25975724812162,112.57962779207621,121,251.0,3.7402427518783856,0.05691901047900299,test,27,random,1.5,32038,251
8.420372207923787,247.25975724812162,112.57962779207621,121,251.0,3.7402427518783856,0.05691901047900299,test,27,random,2.8,32038,251
8.420372207923787,247.25975724812162,112.57962779207621,121,251.0,3.7402427518783856,0.05691901047900299,test,27,random,3.6,32038,251
5.970466054548082,248.5144012556217,115.02953394545192,121,251.0,2.485598744378315,0.04042375354484032,test,27,random,4.6,32038,251
5.970466054548082,248.5144012556217,115.02953394545192,121,251.0,2.485598744378315,0.04042375354484032,test,27,random,5.8,32038,251
47.817786579434305,216.5428863967253,315.1822134205657,363,250.0,33.45711360327469,0.13929993658185646,test,28,raw,1.5,31845,250
62.21301004773831,215.12648193114572,300.7869899522617,363,250.0,34.87351806885429,0.1798750630986514,test,28,raw,2.8,31845,250
66.46619118682128,218.2408638479816,296.5338088131787,363,250.0,31.759136152018407,0.19135694472516931,test,28,raw,3.6,31845,250
73.41766374788115,220.74138825015575,289.58233625211886,363,250.0,29.258611749844263,0.2102261637159376,test,28,raw,4.6,31845,250
65.955343609475,222.8958445644072,297.044656390525,363,250.0,27.104155435592787,0.1894341804099316,test,28,raw,5.8,31845,250
55.135466220182394,204.8583751342669,307.86453377981763,363,250.0,45.14162486573309,0.16102705771582038,test,28,structural,1.5,31845,250
59.78533369598648,211.61500301293907,303.2146663040135,363,250.0,38.38499698706092,0.1734516711600363,test,28,structural,2.8,31845,250
50.94344038244241,222.7679998581926,312.0565596175576,363,250.0,27.232000141807394,0.1476012709730278,test,28,structural,3.6,31845,250
59.838453419292875,225.36505818199174,303.1615465807071,363,250.0,24.63494181800825,0.17222637710459202,test,28,structural,4.6,31845,250
53.282518297257624,227.448129314238,309.71748170274236,363,250.0,22.55187068576199,0.15375303244825037,test,28,structural,5.8,31845,250
53.427993721891575,205.52285089772707,309.5720062781084,363,250.0,44.477149102272925,0.15613538486481118,test,28,profile,1.5,31845,250
64.14016539673514,212.39824249964812,298.85983460326486,363,250.0,37.60175750035188,0.18553294825190833,test,28,profile,2.8,31845,250
68.20570590391027,217.02264386569266,294.79429409608974,363,250.0,32.97735613430733,0.1963061042405736,test,28,profile,3.6,31845,250
60.07159905937762,224.52900954327777,302.9284009406224,363,250.0,25.47099045672223,0.1729574398448295,test,28,profile,4.6,31845,250
58.15352809276567,225.60988977231753,304.84647190723433,363,250.0,24.390110227682467,0.16751570949770356,test,28,profile,5.8,31845,250
13.958780104307042,243.28563742194993,349.04121989569296,363,250.0,6.7143625780500615,0.04083318910150136,test,28,random,1.5,31845,250
14.801401452640516,242.95230408861661,348.1985985473595,363,250.0,7.0476959113833955,0.04328518606121351,test,28,random,2.8,31845,250
16.25130760601622,242.42370860940764,346.7486923939838,363,250.0,7.576291390592362,0.04749969296321828,test,28,random,3.6,31845,250
21.465145781892133,240.55958889365883,341.53485421810785,363,250.0,9.440411106341163,0.06261620777005673,test,28,random,4.6,31845,250
18.32488369122794,241.55958889365883,344.6751163087721,363,250.0,8.440411106341163,0.05352254776736771,test,28,random,5.8,31845,250
46.880090778473786,218.8787280034049,400.1199092215262,447,251.0,32.12127199659511,0.11413241503761189,test,35,raw,1.5,32038,251
57.917560208614084,221.62189309269831,389.0824397913859,447,251.0,29.378106907301685,0.14006397826202321,test,35,raw,2.8,32038,251
68.43519777237142,221.58400959848922,378.56480222762855,447,251.0,29.415990401510797,0.1646644976370469,test,35,raw,3.6,32038,251
60.702573135041675,227.79346596795213,386.2974268649583,447,251.0,23.206534032047873,0.1461658774973248,test,35,raw,4.6,32038,251
57.60384831021018,228.75485103953446,389.3961516897898,447,251.0,22.245148960465528,0.1388473660034483,test,35,raw,5.8,32038,251
97.8049551309159,185.9771388575158,349.1950448690841,447,251.0,65.02286114248422,0.23604064205089617,test,35,structural,1.5,32038,251
119.12326611252436,192.86745611723265,327.87673388747567,447,251.0,58.13254388276735,0.28362807714226473,test,35,structural,2.8,32038,251
111.96807836406433,201.51189298227544,335.03192163593565,447,251.0,49.48810701772456,0.2664029157801836,test,35,structural,3.6,32038,251
83.61251182968797,219.99310992024076,363.38748817031205,447,251.0,31.006890079759245,0.19987637956273535,test,35,structural,4.6,32038,251
68.85442448201785,225.0783719556935,378.14557551798214,447,251.0,25.92162804430648,0.16536178449138975,test,35,structural,5.8,32038,251
94.43373830337346,188.43215825151304,352.56626169662655,447,251.0,62.56784174848697,0.2280054407687006,test,35,profile,1.5,32038,251
101.27083234701658,202.06710006952127,345.7291676529834,447,251.0,48.93289993047872,0.24211972340117768,test,35,profile,2.8,32038,251
110.2930587492213,205.00479587048181,336.7069412507787,447,251.0,45.9952041295182,0.26219077461371576,test,35,profile,3.6,32038,251
85.10322381468782,219.07618105248702,361.8967761853122,447,251.0,31.92381894751298,0.2033841448221567,test,35,profile,4.6,32038,251
73.8573468194329,224.58327816428067,373.1426531805671,447,251.0,26.416721835719336,0.1769936463444998,test,35,profile,5.8,32038,251
26.96201641244269,240.06741743966103,420.03798358755733,447,251.0,10.932582560338975,0.06560007357632593,test,35,random,1.5,32038,251
27.604262374278985,240.1461067654943,419.39573762572104,447,251.0,10.853893234505712,0.06713914001589102,test,35,random,2.8,32038,251
30.69933682690603,238.89146275799422,416.300663173094,447,251.0,12.10853724200578,0.07460019949812018,test,35,random,3.6,32038,251
29.563456542654826,240.24337212132784,417.4365434573452,447,251.0,10.756627878672168,0.07183243862070547,test,35,random,4.6,32038,251
31.070553654448467,239.7719676005368,415.9294463455515,447,251.0,11.2280323994632,0.07545636281960298,test,35,random,5.8,32038,251
4.4284077859603785,248.60947570824874,677.5715922140396,682,251.0,2.39052429175127,0.007427627489204601,test,37,raw,1.5,32038,251
5.585055003418358,248.2761423749154,676.4149449965817,682,251.0,2.7238576250846034,0.009365048595033135,test,37,raw,2.8,32038,251
7.71801295025451,247.74754689570642,674.2819870497455,682,251.0,3.2524531042935716,0.012934643949188068,test,37,raw,3.6,32038,251
6.85389323450571,247.88561808316413,675.1461067654943,682,251.0,3.114381916835873,0.011489258797993222,test,37,raw,4.6,32038,251
14.491757389929006,245.2404497839128,667.508242610071,682,251.0,5.759550216087213,0.024252102238501928,test,37,raw,5.8,32038,251
47.05604546014059,222.8142329011589,634.9439545398594,682,251.0,28.185767098841097,0.07848245769637244,test,37,structural,1.5,32038,251
47.456382169066146,229.83573126857425,634.5436178309338,682,251.0,21.164268731425764,0.07895469122098513,test,37,structural,2.8,32038,251
53.21739185415131,229.2663299577411,628.7826081458487,682,251.0,21.733670042258893,0.08838677895611047,test,37,structural,3.6,32038,251
50.95105849699105,233.10456949966158,631.0489415030089,682,251.0,17.895430500338414,0.08457854832329093,test,37,structural,4.6,32038,251
55.98675108799367,231.14537533128575,626.0132489120064,682,251.0,19.85462466871426,0.09284294807087376,test,37,structural,5.8,32038,251
58.818518013642844,212.64777326652666,623.1814819863572,682,251.0,38.35222673347336,0.09804830643477434,test,37,profile,1.5,32038,251
60.72010715953195,223.52170539944973,621.279892840468,682,251.0,27.478294600550274,0.10078889899604135,test,37,profile,2.8,32038,251
63.34231422295087,227.55958889365883,618.6576857770491,682,251.0,23.440411106341163,0.10490952713229679,test,37,profile,3.6,32038,251
44.51169619499818,236.14756623449225,637.4883038050018,682,251.0,14.852433765507762,0.07397264414557701,test,37,profile,4.6,32038,251
54.22897771104414,232.20475719291017,627.7710222889559,682,251.0,18.795242807089824,0.0899488635015093,test,37,profile,5.8,32038,251
42.29712658491371,234.38144330878552,639.7028734150863,682,251.0,16.61855669121447,0.07038544323629618,test,37,random,1.5,32038,251
40.63484172466004,235.38144330878552,641.3651582753399,682,251.0,15.61855669121447,0.06763419014588935,test,37,random,2.8,32038,251
40.57765076624211,235.71477664211886,641.4223492337579,682,251.0,15.285223357881137,0.06753279140880142,test,37,random,3.6,32038,251
48.02025277578977,233.38144330878552,633.9797472242102,682,251.0,17.61855669121447,0.0797837205286805,test,37,random,4.6,32038,251
45.86579646153829,234.96722974641244,636.1342035384617,682,251.0,16.032770253587564,0.07621858052944733,test,37,random,5.8,32038,251
24.978087568515868,235.0903752760743,618.0219124314841,643,251.0,15.909624723925695,0.04409866480315829,test,41,raw,1.5,32038,251
46.0895471479367,227.6360873162856,596.9104528520633,643,251.0,23.363912683714396,0.08098030707836348,test,41,raw,2.8,32038,251
62.32081585553554,224.26706139194965,580.6791841444644,643,251.0,26.73293860805034,0.1090062970454206,test,41,raw,3.6,32038,251
97.94657659722985,215.6426600259051,545.0534234027701,643,251.0,35.357339974094906,0.16971676937610836,test,41,raw,4.6,32038,251
92.83324348474227,215.26706139194965,550.1667565152577,643,251.0,35.73293860805035,0.1611632124887345,test,41,raw,5.8,32038,251
87.70591293594467,195.3166308363998,555.2940870640554,643,251.0,55.68336916360019,0.15359933519134097,test,41,structural,1.5,32038,251
101.42351182213037,204.5505079106931,541.5764881778696,643,251.0,46.4494920893069,0.17620644093157242,test,41,structural,2.8,32038,251
98.45993244792238,211.88091890661138,544.5400675520776,643,251.0,39.119081093388615,0.17079855840375696,test,41,structural,3.6,32038,251
80.38667033343125,221.40513257940736,562.6133296665687,643,251.0,29.594867420592646,0.13986168074519587,test,41,structural,4.6,32038,251
82.01650231023712,221.03318431765638,560.9834976897629,643,251.0,29.966815682343636,0.14263493026173255,test,41,structural,5.8,32038,251
75.52233674031008,202.5461261042801,567.47766325969,643,251.0,48.4538738957199,0.13249214488155298,test,41,profile,1.5,32038,251
96.41150850174958,204.07399014928052,546.5884914982504,643,251.0,46.92600985071948,0.16781896470326155,test,41,profile,2.8,32038,251
95.67961529862839,211.89365366120072,547.3203847013716,643,251.0,39.106346338799284,0.16613505954163507,test,41,profile,3.6,32038,251
87.5298547615105,219.0503008786587,555.4701452384895,643,251.0,31.949699121341304,0.1520365076338211,test,41,profile,4.6,32038,251
80.62492921413757,220.57670545466118,562.3750707858625,643,251.0,30.423294545338834,0.14030503157400473,test,41,profile,5.8,32038,251
36.01409413023908,237.0459190722457,606.9859058697609,643,251.0,13.954080927754301,0.06329232768925062,test,41,random,1.5,32038,251
36.01409413023908,237.0459190722457,606.9859058697609,643,251.0,13.954080927754301,0.06329232768925062,test,41,random,2.8,32038,251
36.680760796905744,236.57670545466118,606.3192392030943,643,251.0,14.423294545338834,0.06445947551669225,test,41,random,3.6,32038,251
39.45231433337375,235.93153715540984,603.5476856666262,643,251.0,15.068462844590172,0.06927818023682634,test,41,random,4.6,32038,251
44.997294939376495,234.0503008786587,598.0027050606235,643,251.0,16.949699121341304,0.0789136158326141,test,41,random,5.8,32038,251
73.58318147035162,157.34219703950754,146.41681852964837,220,223.0,65.65780296049246,0.33117967639308277,test,46,raw,1.5,28464,223
77.93248586640992,178.0052099345506,142.06751413359007,220,223.0,44.99479006544939,0.34303151552453315,test,46,raw,2.8,28464,223
72.19078024611444,190.29586390319304,147.80921975388554,220,223.0,32.70413609680698,0.3159370860736298,test,46,raw,3.6,28464,223
56.97141136612902,200.67908405111626,163.02858863387098,220,223.0,22.320915948883748,0.25039065862329785,test,46,raw,4.6,28464,223
53.013680066170274,202.59528148466146,166.98631993382972,220,223.0,20.40471851533855,0.23341520655918713,test,46,raw,5.8,28464,223
95.70194519360048,144.98882480775683,124.29805480639952,220,223.0,78.01117519224317,0.42697748458071344,test,46,structural,1.5,28464,223
103.17033068304741,163.02232649555293,116.82966931695259,220,223.0,59.97767350444707,0.45005667257110754,test,46,structural,2.8,28464,223
93.29274477850072,178.97494795430927,126.70725522149928,220,223.0,44.02505204569072,0.4048223575428041,test,46,structural,3.6,28464,223
60.532777098925564,198.70788656235962,159.46722290107442,220,223.0,24.292113437640374,0.26567159613310176,test,46,structural,4.6,28464,223
47.63807803279569,204.85722963598957,172.3619219672043,220,223.0,18.14277036401044,0.21032351176296502,test,46,structural,5.8,28464,223
103.28042748739934,137.5520640736201,116.71957251260066,220,223.0,85.44793592637988,0.46073087756207604,test,46,profile,1.5,28464,223
108.72553777029324,161.8693296502994,111.27446222970676,220,223.0,61.130670349700594,0.4724753292791689,test,46,profile,2.8,28464,223
95.12409424066196,178.56000295772765,124.87590575933804,220,223.0,44.43999704227237,0.4122623102444665,test,46,profile,3.6,28464,223
60.865378998050346,198.63357904293935,159.13462100194965,220,223.0,24.36642095706064,0.26707079707509884,test,46,profile,4.6,28464,223
47.662498737626066,204.3523234274024,172.33750126237393,220,223.0,18.647676572597582,0.21052064780595992,test,46,profile,5.8,28464,223
14.19849845401128,217.847734588955,205.8015015459887,220,223.0,5.152265411044982,0.0638395150854429,test,46,random,1.5,28464,223
14.510333419929287,217.59309058145496,205.48966658007072,220,223.0,5.406909418545052,0.06523823732023337,test,46,random,2.8,28464,223
14.141307495593344,218.2382588807063,205.85869250440666,220,223.0,4.761741119293712,0.06356331922591957,test,46,random,3.6,28464,223
14.45314246151135,217.98361487320622,205.54685753848864,220,223.0,5.016385126793782,0.06496163654345426,test,46,random,4.6,28464,223
12.105614904590734,218.9621165057909,207.89438509540926,220,223.0,4.037883494209108,0.05447739396240025,test,46,random,5.8,28464,223
1.7238576250846034,249.76685435991524,146.2761423749154,148,251.0,1.2331456400847434,0.010218592810748457,test,50,raw,1.5,32038,251
10.838239541920476,246.47140452079103,137.16176045807953,148,251.0,4.528595479208969,0.06380617256431506,test,50,raw,2.8,32038,251
9.30964406271151,247.2761423749154,138.6903559372885,148,251.0,3.7238576250846034,0.05485387695328662,test,50,raw,3.6,32038,251
7.168650537838763,248.21676051329095,140.83134946216123,148,251.0,2.7832394867090384,0.04229864265037612,test,50,raw,4.6,32038,251
10.066271941383675,247.02149836741532,137.93372805861634,148,251.0,3.9785016325846736,0.05927698109303081,test,50,raw,5.8,32038,251
0.05719095841793653,250.94280904158205,147.94280904158205,148,251.0,0.05719095841793653,0.00033921090402097586,test,50,structural,1.5,32038,251
15.773013005465948,244.21676051329095,132.22698699453406,148,251.0,6.783239486709038,0.09256574137223901,test,50,structural,2.8,32038,251
18.104155435592784,244.02149836741532,129.8958445644072,148,251.0,6.978501632584674,0.10598063267965166,test,50,structural,3.6,32038,251
18.120540562386566,244.15737865166653,129.87945943761343,148,251.0,6.842621348333475,0.1060576432729158,test,50,structural,4.6,32038,251
19.358799443092856,244.33333333333334,128.64120055690714,148,251.0,6.666666666666667,0.11311778326324105,test,50,structural,5.8,32038,251
5.564288070211578,247.60947570824874,142.43571192978843,148,251.0,3.39052429175127,0.03291801229924422,test,50,profile,1.5,32038,251
17.458987136341445,242.31913910974606,130.54101286365855,148,251.0,8.68086089025395,0.10248553348796235,test,50,profile,2.8,32038,251
16.863705651679997,244.49290288820634,131.13629434832,148,251.0,6.507097111793641,0.09880808024990985,test,50,profile,3.6,32038,251
16.846589090677668,244.66666666666666,131.15341090932233,148,251.0,6.333333333333334,0.09868967457177484,test,50,profile,4.6,32038,251
18.90085771168056,244.08088022903976,129.09914228831946,148,251.0,6.919119770960238,0.11053369255116789,test,50,profile,5.8,32038,251
2.6735567464259065,249.88561808316413,145.3264432535741,148,251.0,1.1143819168358733,0.01582811972272612,test,50,random,1.5,32038,251
2.6735567464259065,249.88561808316413,145.3264432535741,148,251.0,1.1143819168358733,0.01582811972272612,test,50,random,2.8,32038,251
5.51617809475938,248.88561808316413,142.48382190524063,148,251.0,2.1143819168358733,0.03258604908253181,test,50,random,3.6,32038,251
4.87100979550804,249.21895141649745,143.12899020449197,148,251.0,1.7810485835025398,0.028785413010517364,test,50,random,4.6,32038,251
4.97119748875663,249.2761423749154,143.02880251124338,148,251.0,1.7238576250846034,0.029372012499073116,test,50,random,5.8,32038,251
21.28814569529618,167.58546906748717,86.71185430470382,108,181.0,13.41453093251284,0.17143702992943036,test,56,raw,1.5,23130,181
32.75005516905267,165.8980354676137,75.24994483094733,108,181.0,15.101964532386285,0.259653962767017,test,56,raw,2.8,23130,181
35.720521223600755,165.50532027265595,72.27947877639924,108,181.0,15.494679727344053,0.2820519859012412,test,56,raw,3.6,23130,181
21.576605361312964,173.12679930128547,86.42339463868703,108,181.0,7.873200698714539,0.17214367435046307,test,56,raw,4.6,23130,181
21.32488369122794,174.30275398295228,86.67511630877206,108,181.0,6.697246017047731,0.16988483625619358,test,56,raw,5.8,23130,181
29.473912794137277,161.16687369870107,78.52608720586272,108,181.0,19.833126301298936,0.23668472603726778,test,56,structural,1.5,23130,181
35.07316202114292,164.67908405111626,72.92683797885708,108,181.0,16.320915948883744,0.2775863658514899,test,56,structural,2.8,23130,181
29.209042305394117,167.6025856284895,78.79095769460588,108,181.0,13.397414371510509,0.23225590151193343,test,56,structural,3.6,23130,181
26.131812448558804,170.5715922140396,81.8681875514412,108,181.0,10.428407785960381,0.2078230549950876,test,56,structural,4.6,23130,181
21.917974272682887,172.65247244307938,86.08202572731712,108,181.0,8.347527556920618,0.17490430954386973,test,56,structural,5.8,23130,181
33.26591589367231,159.83427179957627,74.73408410632769,108,181.0,21.165728200423718,0.26608467369391253,test,56,profile,1.5,23130,181
32.73763778460308,165.54101286365855,75.26236221539692,108,181.0,15.458987136341442,0.25970765272575375,test,56,profile,2.8,23130,181
33.22688690118585,166.54320376686505,74.77311309881415,108,181.0,14.456796233134945,0.2629666028194753,test,56,profile,3.6,23130,181
35.65091288073322,168.06449510224598,72.34908711926678,108,181.0,12.935504897754019,0.28039994337912716,test,56,profile,4.6,23130,181
19.22907780439235,173.38144330878552,88.77092219560765,108,181.0,7.618556691214468,0.15392854550482418,test,56,profile,5.8,23130,181
2.130767043629655,179.5715922140396,105.86923295637034,108,181.0,1.4284077859603785,0.01735993850673002,test,56,random,1.5,23130,181
1.8189320777116484,179.8262362215397,106.18106792228835,108,181.0,1.1737637784603083,0.014820715387957106,test,56,random,2.8,23130,181
1.8189320777116484,179.8262362215397,106.18106792228835,108,181.0,1.1737637784603083,0.014820715387957106,test,56,random,3.6,23130,181
0.9570032651693466,180.35483170074866,107.04299673483065,108,181.0,0.64516829925134,0.007801930523829918,test,56,random,4.6,23130,181
0.9570032651693466,180.35483170074866,107.04299673483065,108,181.0,0.64516829925134,0.007801930523829918,test,56,random,5.8,23130,181
24.712485645564165,166.8386536059893,341.2875143544358,366,182.0,15.161346394010721,0.07463522285616697,test,65,raw,1.5,23264,182
32.29608117998457,166.81715523857395,333.7039188200154,366,182.0,15.182844761426047,0.09709525627230521,test,65,raw,2.8,23264,182
36.92194201502708,166.38144330878552,329.07805798497293,366,182.0,15.618556691214469,0.11072352620412973,test,65,raw,3.6,23264,182
43.07817516841626,164.8787280034049,322.92182483158376,366,182.0,17.121271996595116,0.12882561472336365,test,65,raw,4.6,23264,182
34.76122696187671,167.600394725283,331.23877303812327,366,182.0,14.399605274717011,0.10430277110763515,test,65,raw,5.8,23264,182
52.41265400002694,147.3144399331933,313.5873459999731,366,182.0,34.685560066806694,0.15751577945430364,test,65,structural,1.5,23264,182
59.343777091367954,154.38582511519854,306.65622290863206,366,182.0,27.61417488480147,0.1768573941036697,test,65,structural,2.8,23264,182
59.18493557128434,156.79784777436512,306.8150644287157,366,182.0,25.202152225634876,0.17614744674174224,test,65,structural,3.6,23264,182
60.928414631298374,158.55958889365883,305.0715853687016,366,182.0,23.440411106341163,0.18095886190968963,test,65,structural,4.6,23264,182
58.3641265610868,159.8743461969919,307.6358734389132,366,182.0,22.125653803008113,0.17347161982747047,test,65,structural,5.8,23264,182
46.745987333360276,149.9625305698597,319.2540126666397,366,182.0,32.037469430140305,0.14074109583173844,test,65,profile,1.5,23264,182
53.85087420316161,155.15560181252883,312.1491257968384,366,182.0,26.84439818747117,0.16094042364799718,test,65,profile,2.8,23264,182
56.790760907328625,158.5862005016957,309.2092390926714,366,182.0,23.413799498304293,0.16908282718038556,test,65,profile,3.6,23264,182
49.830417841256285,163.46524587524033,316.1695821587437,366,182.0,18.53475412475966,0.14854392972925143,test,65,profile,4.6,23264,182
43.8111137764666,164.93884129923788,322.1888862235334,366,182.0,17.061158700762128,0.1309553578032642,test,65,profile,5.8,23264,182
31.407954823474203,169.43352102658193,334.5920451765258,366,182.0,12.566478973418077,0.0943271635139842,test,65,random,1.5,23264,182
33.71978978939221,169.10018769324859,332.2802102106078,366,182.0,12.899812306751409,0.1011500649287826,test,65,random,2.8,23264,182
31.93435939947667,170.10018769324859,334.06564060052335,366,182.0,11.89981230675141,0.09583942738523331,test,65,random,3.6,23264,182
31.814864242019254,170.43352102658193,334.18513575798073,366,182.0,11.566478973418079,0.09546855235778867,test,65,random,4.6,23264,182
27.8199774826408,171.94280904158205,338.1800225173592,366,182.0,10.057190958417937,0.08360560083435839,test,65,random,5.8,23264,182
28.123462899801613,229.85503873278304,392.8765371001984,421,251.0,21.144961267216942,0.07240930544843506,test,87,raw,1.5,32038,251
76.37070267012544,219.42882185002918,344.6292973298746,421,251.0,31.57117814997082,0.1928748383971742,test,87,raw,2.8,32038,251
137.09153786444676,204.41170528902686,283.90846213555324,421,251.0,46.58829471097315,0.33841352347333475,test,87,raw,3.6,32038,251
105.76874498307714,216.83792217178075,315.2312550169229,421,251.0,34.16207782821927,0.26355126471558393,test,87,raw,4.6,32038,251
78.23837606414963,226.5023979352409,342.76162393585037,421,251.0,24.4976020647591,0.19670330363572464,test,87,raw,5.8,32038,251
92.78752459919299,189.51700622289698,328.212475400807,421,251.0,61.48299377710302,0.23594393224634322,test,87,structural,1.5,32038,251
110.13349259376744,203.00260496727532,310.8665074062326,421,251.0,47.9973950327247,0.275728561334066,test,87,structural,2.8,32038,251
145.74505571245533,202.4168185296484,275.2549442875447,421,251.0,48.583181470351605,0.35859607829423296,test,87,structural,3.6,32038,251
100.18473538458792,218.47181858485982,320.81526461541205,421,251.0,32.52818141514017,0.2501295970744775,test,87,structural,4.6,32038,251
85.75998137025114,224.39093835582008,335.2400186297489,421,251.0,26.609061644179924,0.21502881382225486,test,87,structural,5.8,32038,251
104.53757976824566,180.3833168418523,316.4624202317543,421,251.0,70.61668315814771,0.2654692221211848,test,87,profile,1.5,32038,251
115.12545701573086,202.15706128152678,305.87454298426917,421,251.0,48.84293871847322,0.28762919768489886,test,87,profile,2.8,32038,251
147.9410492925395,200.19786711315095,273.0589507074605,421,251.0,50.802132886849066,0.3640032876153162,test,87,profile,3.6,32038,251
111.97924675746921,215.07179924607402,309.02075324253076,421,251.0,35.92820075392598,0.27840975737537776,test,87,profile,4.6,32038,251
81.64633088762382,224.43101275323568,339.35366911237617,421,251.0,26.568987246764323,0.20513356214148776,test,87,profile,5.8,32038,251
40.50991935586048,238.00730414382804,380.49008064413954,421,251.0,12.992695856171956,0.10320907982560416,test,87,random,1.5,32038,251
41.352540704193956,237.67397081049472,379.647459295806,421,251.0,13.32602918950529,0.10532853341926078,test,87,random,2.8,32038,251
35.69098727814884,239.7883527273306,385.30901272185116,421,251.0,11.211647272669417,0.09107262972736685,test,87,random,3.6,32038,251
31.067317346312823,241.1216860606639,389.93268265368715,421,251.0,9.878313939336085,0.07940775991533729,test,87,random,4.6,32038,251
28.57660536131296,241.86704205316386,392.42339463868706,421,251.0,9.132957946836154,0.07310675188593131,test,87,random,5.8,32038,251
33.4013821138547,186.09329761348934,738.5986178861453,772,208.0,21.90670238651065,0.050493478218698394,test,98,raw,1.5,26467,208
46.67856989369925,187.46451444103178,725.3214301063008,772,208.0,20.535485558968208,0.07025370176529704,test,98,raw,2.8,26467,208
54.389278700125715,185.0503008786587,717.6107212998743,772,208.0,22.949699121341304,0.08172842421230497,test,98,raw,3.6,26467,208
68.43729198164885,180.99749172665375,703.5627080183511,772,208.0,27.002508273346244,0.10252978172895795,test,98,raw,4.6,26467,208
70.57536316910655,180.92099330402698,701.4246368308934,772,208.0,27.079006695973007,0.10566767505571066,test,98,raw,5.8,26467,208
32.909210659856896,187.05322321607375,739.0907893401431,772,208.0,20.94677678392626,0.04974241896286782,test,98,structural,1.5,26467,208
47.83083870416338,185.54977647648454,724.1691612958366,772,208.0,22.45022352351545,0.0720044527350291,test,98,structural,2.8,26467,208
59.31205224270955,182.36943998840474,712.6879477572904,772,208.0,25.630560011595254,0.08906565444937861,test,98,structural,3.6,26467,208
75.20706527956001,177.38655654940706,696.79293472044,772,208.0,30.61344345059293,0.11256542069068598,test,98,structural,4.6,26467,208
75.7669715433586,177.52827810906922,696.2330284566414,772,208.0,30.47172189093078,0.11337964154954595,test,98,structural,5.8,26467,208
19.673556746425906,193.26487048874316,752.3264432535741,772,208.0,14.735129511256842,0.029799945046088405,test,98,profile,1.5,26467,208
46.67460215135506,185.13118110769847,725.3253978486449,772,208.0,22.868818892301544,0.07029718784563144,test,98,profile,2.8,26467,208
56.93394533540786,184.02880251124338,715.0660546645921,772,208.0,23.97119748875663,0.08551304061938773,test,98,profile,3.6,26467,208
63.92914606550693,182.28636885615848,708.070853934493,772,208.0,25.713631143841514,0.09586834711104285,test,98,profile,4.6,26467,208
58.96776099392458,183.79127506474563,713.0322390060754,772,208.0,24.208724935254374,0.08852000453281346,test,98,profile,5.8,26467,208
65.32186126046469,183.8120419979524,706.6781387395354,772,208.0,24.187958002047594,0.09787120198665634,test,98,random,1.5,26467,208
66.56701022093021,183.69766008111654,705.4329897790698,772,208.0,24.302339918883465,0.09970301458288389,test,98,random,2.8,26467,208
60.64789044996998,185.97161155282544,711.35210955003,772,208.0,22.028388447174567,0.09093674767622578,test,98,random,3.6,26467,208
61.52401348609956,186.6382782194921,710.4759865139005,772,208.0,21.361721780507903,0.0922077646508105,test,98,random,4.6,26467,208
59.80015586101496,185.97380245603193,712.1998441389851,772,208.0,22.02619754396807,0.08968837810947929,test,98,random,5.8,26467,208
0.0,88.0,104.0,104,88.0,0.0,0.0,test,104,raw,1.5,11206,88
0.36902592433594317,87.68816503408199,103.63097407566406,104,88.0,0.31183496591800663,0.0036605560931912764,test,104,raw,2.8,11206,88
0.11438191683587307,87.88561808316413,103.88561808316413,104,88.0,0.11438191683587307,0.0011347412384511216,test,104,raw,3.6,11206,88
0.36902592433594317,87.68816503408199,103.63097407566406,104,88.0,0.31183496591800663,0.0036605560931912764,test,104,raw,4.6,11206,88
2.052077717796392,86.90492554737295,101.9479222822036,104,88.0,1.095074452627045,0.020319331195796674,test,104,raw,5.8,11206,88
35.96389334492859,58.81934614178046,68.0361066550714,104,88.0,29.180653858219546,0.35204652937583714,test,104,structural,1.5,11206,88
33.89939824268261,70.42151770620114,70.10060175731739,104,88.0,17.578482293798864,0.32575471409660645,test,104,structural,2.8,11206,88
30.36788042605859,73.38363421199203,73.63211957394141,104,88.0,14.616365788007972,0.2921384504978928,test,104,structural,3.6,11206,88
24.068048780521373,77.87142385957685,79.93195121947863,104,88.0,10.128576140423156,0.23234422217174389,test,104,structural,4.6,11206,88
19.6797153919766,79.34063747716138,84.3202846080234,104,88.0,8.659362522838624,0.1910576473564826,test,104,structural,5.8,11206,88
33.847320524886214,65.04810997545219,70.15267947511379,104,88.0,22.951890024547804,0.32868150035819715,test,104,profile,1.5,11206,88
33.02254377234448,70.71696754532536,70.97745622765552,104,88.0,17.28303245467464,0.3176835997000118,test,104,profile,2.8,11206,88
27.155501719180627,75.30713578936526,76.84449828081938,104,88.0,12.692864210634735,0.26188484718663085,test,104,profile,3.6,11206,88
19.294304340846875,78.73335267211914,84.70569565915312,104,88.0,9.266647327880854,0.18767768696500495,test,104,profile,4.6,11206,88
18.687019535804644,79.67397081049471,85.31298046419536,104,88.0,8.32602918950529,0.1816527680610401,test,104,profile,5.8,11206,88
7.399605274717009,85.10018769324859,96.600394725283,104,88.0,2.8998123067514103,0.07275917686738535,test,104,random,1.5,11206,88
7.7114402406350155,84.84554368574852,96.28855975936499,104,88.0,3.1544563142514805,0.07581687484751255,test,104,random,2.8,11206,88
7.7114402406350155,84.84554368574852,96.28855975936499,104,88.0,3.1544563142514805,0.07581687484751255,test,104,random,3.6,11206,88
5.516178094759381,85.45501939399725,98.48382190524062,104,88.0,2.54498060600275,0.05440326908198484,test,104,random,4.6,11206,88
5.516178094759381,85.45501939399725,98.48382190524062,104,88.0,2.54498060600275,0.05440326908198484,test,104,random,5.8,11206,88
20.166459634632268,238.73116176891264,535.8335403653678,556,253.0,14.268838231087354,0.04061073533759412,test,118,raw,1.5,32204,253
23.218537352428655,241.1216860606639,532.7814626475713,556,253.0,11.878313939336085,0.04665466790666856,test,118,raw,2.8,32204,253
35.43853417385527,237.34063747716138,520.5614658261447,556,253.0,15.659362522838624,0.07096849928946906,test,118,raw,3.6,32204,253
39.62210697007072,237.9479222822036,516.3778930299293,556,253.0,15.052077717796394,0.07919447888075687,test,118,raw,4.6,32204,253
45.30223982553527,236.00730414382804,510.69776017446475,556,253.0,16.99269585617196,0.09041246007820511,test,118,raw,5.8,32204,253
49.9135924662699,220.48820371165363,506.0864075337301,556,253.0,32.51179628834638,0.10005122779888666,test,118,structural,1.5,32204,253
67.87383203957488,220.759964280156,488.1261679604251,556,253.0,32.24003571984399,0.13506511004307525,test,118,structural,2.8,32204,253
71.65884836542162,223.42663094682268,484.3411516345784,556,253.0,29.57336905317732,0.14223187135552415,test,118,structural,3.6,32204,253
72.34221412960267,226.80003867757162,483.65778587039733,556,253.0,26.19996132242838,0.1433573831382611,test,118,structural,4.6,32204,253
69.94260885488566,226.99091901703426,486.05739114511437,556,253.0,26.00908098296574,0.13872362773866684,test,118,structural,5.8,32204,253
59.34711349285181,208.29148209678004,496.6528865071482,556,253.0,44.70851790321997,0.11909253933917262,test,118,profile,1.5,32204,253
75.58381281121194,217.64120055690714,480.41618718878806,556,253.0,35.358799443092856,0.15013320702323435,test,118,profile,2.8,32204,253
68.81841792029465,222.97672479344698,487.1815820797053,556,253.0,30.023275206553024,0.13677269812609127,test,118,profile,3.6,32204,253
68.25079344859921,225.78584445398434,487.7492065514008,556,253.0,27.214155546015657,0.13552382920339315,test,118,profile,4.6,32204,253
66.1349520627654,227.0881843728678,489.86504793723464,556,253.0,25.911815627132196,0.13136489790176473,test,118,profile,5.8,32204,253
30.89720394005696,240.8098510947459,525.102796059943,556,253.0,12.190148905254091,0.061900702403604214,test,118,random,1.5,32204,253
30.485181280890366,241.47651776141257,525.5148187191096,556,253.0,11.523482238587423,0.061069008576108134,test,118,random,2.8,32204,253
36.51795153447793,238.69327827470354,519.4820484655221,556,253.0,14.306721725296462,0.07305895375891482,test,118,random,3.6,32204,253
40.37695800960518,237.24337212132784,515.6230419903948,556,253.0,15.756627878672166,0.08070161071862549,test,118,random,4.6,32204,253
37.453456432231945,238.12899020449197,518.546543567768,556,253.0,14.87100979550804,0.0749194260077856,test,118,random,5.8,32204,253
0.0,216.0,72.0,72,216.0,0.0,0.0,test,149,raw,1.5,27512,216
0.0,216.0,72.0,72,216.0,0.0,0.0,test,149,raw,2.8,27512,216
0.0,216.0,72.0,72,216.0,0.0,0.0,test,149,raw,3.6,27512,216
0.0,216.0,72.0,72,216.0,0.0,0.0,test,149,raw,4.6,27512,216
0.0,216.0,72.0,72,216.0,0.0,0.0,test,149,raw,5.8,27512,216
13.461909473756489,209.0,58.53809052624351,72,216.0,7.0,0.13186007833213834,test,149,structural,1.5,27512,216
12.266647327880854,210.66666666666666,59.733352672119146,72,216.0,5.333333333333334,0.12004156894740825,test,149,structural,2.8,27512,216
11.147152170423436,211.74535599249992,60.85284782957656,72,216.0,4.254644007500071,0.10909488779260602,test,149,structural,3.6,27512,216
12.53475412475966,212.1380711874577,59.46524587524034,72,216.0,3.8619288125423017,0.12224905930137807,test,149,structural,4.6,27512,216
10.792320469674777,212.47140452079103,61.20767953032522,72,216.0,3.5285954792089687,0.10554553298178973,test,149,structural,5.8,27512,216
6.014194223587284,213.33333333333334,65.98580577641272,72,216.0,2.666666666666667,0.059270952324809896,test,149,profile,1.5,27512,216
10.756627878672168,212.0,61.24337212132783,72,216.0,4.0,0.10530091330726064,test,149,profile,2.8,27512,216
10.247339863672027,212.33333333333334,61.752660136327975,72,216.0,3.666666666666667,0.10034986047854316,test,149,profile,3.6,27512,216
12.851702331299212,211.47140452079103,59.14829766870079,72,216.0,4.528595479208969,0.12542575339091186,test,149,profile,4.6,27512,216
11.104155435592784,212.2761423749154,60.89584456440721,72,216.0,3.7238576250846034,0.10857042677568529,test,149,profile,5.8,27512,216
0.9570032651693466,215.66666666666666,71.04299673483065,72,216.0,0.33333333333333337,0.009482346173918252,test,149,random,1.5,27512,216
0.9570032651693466,215.66666666666666,71.04299673483065,72,216.0,0.33333333333333337,0.009482346173918252,test,149,random,2.8,27512,216
0.0,216.0,72.0,72,216.0,0.0,0.0,test,149,random,3.6,27512,216
0.0,216.0,72.0,72,216.0,0.0,0.0,test,149,random,4.6,27512,216
0.0,216.0,72.0,72,216.0,0.0,0.0,test,149,random,5.8,27512,216
66.60687074097343,202.7198898827404,436.3931292590266,503,245.0,42.280110117259596,0.14598274979854955,test,166,raw,1.5,31208,245
61.43707470485731,218.23136880094705,441.5629252951427,503,245.0,26.76863119905295,0.13404442269770622,test,166,raw,2.8,31208,245
47.21666041994276,227.73627500953418,455.78333958005726,503,245.0,17.26372499046581,0.10323050310406963,test,166,raw,3.6,31208,245
42.841789820776725,230.13880262166623,460.15821017922326,503,245.0,14.861197378333756,0.09374650699983107,test,166,raw,4.6,31208,245
37.845443592400315,231.3978284355793,465.15455640759967,503,245.0,13.602171564420688,0.08294916210044638,test,166,raw,5.8,31208,245
59.1838901663552,209.09767941990236,443.8161098336448,503,245.0,35.90232058009765,0.12977320642269133,test,166,structural,1.5,31208,245
63.22647283711706,215.67908405111626,439.77352716288294,503,245.0,29.32091594888375,0.13799449882822407,test,166,structural,2.8,31208,245
60.39950518136881,219.40221024199232,442.6004948186312,503,245.0,25.59778975800769,0.13177297314792194,test,166,structural,3.6,31208,245
55.874146010295476,223.0859934696613,447.1258539897045,503,245.0,21.914006530338696,0.12194482358601576,test,166,structural,4.6,31208,245
58.10583218138227,223.0881843728678,444.89416781861775,503,245.0,21.911815627132196,0.126691923496059,test,166,structural,5.8,31208,245
60.88917176143952,207.37163089161123,442.1108282385605,503,245.0,37.62836910838875,0.13351361320291924,test,166,profile,1.5,31208,245
64.7215666285299,214.98872811382776,438.2784333714701,503,245.0,30.01127188617224,0.14120800254948046,test,166,profile,2.8,31208,245
57.910984099575444,221.4503202174445,445.08901590042456,503,245.0,23.54967978255549,0.12636807645845452,test,166,profile,3.6,31208,245
53.159783432245426,226.48163100203413,449.84021656775457,503,245.0,18.51836899796588,0.11598626010467825,test,166,profile,4.6,31208,245
45.41515887395404,228.08891580707635,457.58484112604594,503,245.0,16.911084192923646,0.09935479743192378,test,166,profile,5.8,31208,245
28.469844958444877,233.5023979352409,474.53015504155513,503,245.0,11.4976020647591,0.06259936779662775,test,166,random,1.5,31208,245
30.060013202484782,234.0903752760743,472.9399867975152,503,245.0,10.909624723925695,0.06603257270398928,test,166,random,2.8,31208,245
31.626492175902857,234.28782832515643,471.37350782409715,503,245.0,10.712171674843564,0.06941984580207161,test,166,random,3.6,31208,245
32.737951755323685,233.67835261690772,470.2620482446763,503,245.0,11.321647383092294,0.07184365669368734,test,166,random,4.6,31208,245
31.56199707365688,234.01168595024103,471.43800292634313,503,245.0,10.98831404975896,0.06928864104135705,test,166,random,5.8,31208,245
33.65424928221708,214.62481543011336,346.34575071778295,380,243.0,28.375184569886635,0.09516102394078861,test,184,raw,1.5,31024,243
40.66187079618487,219.6240839959048,339.33812920381513,380,243.0,23.37591600409518,0.11420039204020334,test,184,raw,2.8,31024,243
44.536530963897356,224.44082517040997,335.46346903610265,380,243.0,18.559174829590035,0.12447483142026361,test,184,raw,3.6,31024,243
52.767799671496206,222.68346585752926,327.2322003285038,380,243.0,20.31653414247075,0.14694857132741027,test,184,raw,4.6,31024,243
66.26613317046385,218.99091901703426,313.73386682953617,380,243.0,24.009080982965738,0.18353655810447234,test,184,raw,5.8,31024,243
29.491757389929006,220.79346596795213,350.50824261007097,380,243.0,22.206534032047873,0.0832966264441528,test,184,structural,1.5,31024,243
42.77698074781014,221.93372805861634,337.22301925218983,380,243.0,21.066271941383675,0.11984289817036622,test,184,structural,2.8,31024,243
53.113550389279126,222.71477664211886,326.8864496107209,380,243.0,20.285223357881137,0.1478803669309491,test,184,structural,3.6,31024,243
56.49384819978731,222.24337212132784,323.5061518002127,380,243.0,20.75662787867217,0.15703752488565806,test,184,structural,4.6,31024,243
55.20163806821787,221.8120419979524,324.79836193178215,380,243.0,21.187958002047594,0.15359270405271822,test,184,structural,5.8,31024,243
23.887394922301823,225.2863688561585,356.11260507769816,380,243.0,17.71363114384151,0.06751003042031617,test,184,profile,1.5,31024,243
42.536530963897356,222.96942064961894,337.46346903610265,380,243.0,20.030579350381068,0.1191161836381956,test,184,profile,2.8,31024,243
44.840330351778775,225.00511324062154,335.1596696482212,380,243.0,17.994886759378456,0.1252631351838394,test,184,profile,3.6,31024,243
45.179822330662795,226.7741585037433,334.8201776693372,380,243.0,16.2258414962567,0.12606300946865065,test,184,profile,4.6,31024,243
49.63045991824705,225.67835261690772,330.369540081753,380,243.0,17.321647383092294,0.13822262658022574,test,184,profile,5.8,31024,243
19.146006672146086,235.92861481799477,360.8539933278539,380,243.0,7.07138518200522,0.05393014592274826,test,184,random,1.5,31024,243
19.146006672146086,235.92861481799477,360.8539933278539,380,243.0,7.071385182005219,0.05393014592274826,test,184,random,2.8,31024,243
19.146006672146086,235.92861481799477,360.8539933278539,380,243.0,7.07138518200522,0.05393014592274826,test,184,random,3.6,31024,243
24.235967884151584,233.92861481799477,355.7640321158484,380,243.0,9.07138518200522,0.06814883200328387,test,184,random,4.6,31024,243
28.078589232485058,232.73335267211914,351.92141076751494,380,243.0,10.266647327880856,0.07883648062932068,test,184,random,5.8,31024,243
0.0,251.0,19.0,19,251.0,0.0,0.0,test,185,raw,1.5,32038,251
0.0,251.0,19.0,19,251.0,0.0,0.0,test,185,raw,2.8,32038,251
0.0,251.0,19.0,19,251.0,0.0,0.0,test,185,raw,3.6,32038,251
0.0,251.0,19.0,19,251.0,0.0,0.0,test,185,raw,4.6,32038,251
0.0,251.0,19.0,19,251.0,0.0,0.0,test,185,raw,5.8,32038,251
0.0,251.0,19.0,19,251.0,0.0,0.0,test,185,structural,1.5,32038,251
0.0,251.0,19.0,19,251.0,0.0,0.0,test,185,structural,2.8,32038,251
0.0,251.0,19.0,19,251.0,0.0,0.0,test,185,structural,3.6,32038,251
0.0,251.0,19.0,19,251.0,0.0,0.0,test,185,structural,4.6,32038,251
0.0,251.0,19.0,19,251.0,0.0,0.0,test,185,structural,5.8,32038,251
0.0,251.0,19.0,19,251.0,0.0,0.0,test,185,profile,1.5,32038,251
0.0,251.0,19.0,19,251.0,0.0,0.0,test,185,profile,2.8,32038,251
0.0,251.0,19.0,19,251.0,0.0,0.0,test,185,profile,3.6,32038,251
0.0,251.0,19.0,19,251.0,0.0,0.0,test,185,profile,4.6,32038,251
0.0,251.0,19.0,19,251.0,0.0,0.0,test,185,profile,5.8,32038,251
2.114381916835873,249.74535599249992,16.885618083164125,19,251.0,1.2546440075000702,0.03224522062877647,test,185,random,1.5,32038,251
0.5092880150001402,250.74535599249992,18.49071198499986,19,251.0,0.2546440075000701,0.007781219064815903,test,185,random,2.8,32038,251
0.5092880150001402,250.74535599249992,18.49071198499986,19,251.0,0.2546440075000701,0.007781219064815903,test,185,random,3.6,32038,251
0.5092880150001402,250.74535599249992,18.49071198499986,19,251.0,0.2546440075000701,0.007781219064815903,test,185,random,4.6,32038,251
0.7639320225002103,250.49071198499985,18.23606797749979,19,251.0,0.5092880150001402,0.011671828597223852,test,185,random,5.8,32038,251
59.71833032039426,210.27874734219068,115.28166967960574,175,251.0,40.7212526578093,0.3078273723478545,test,233,raw,1.5,32038,251
68.88478995502652,216.68127495432276,106.11521004497348,175,251.0,34.31872504567725,0.34946815037387896,test,233,raw,2.8,32038,251
57.1609323299419,227.06668600545248,117.8390676700581,175,251.0,23.93331399454752,0.29038472028765616,test,233,raw,3.6,32038,251
43.70299059852962,234.18325882549485,131.29700940147038,175,251.0,16.81674117450515,0.22345641236018352,test,233,raw,4.6,32038,251
41.07712976348711,234.59747238786795,133.9228702365129,175,251.0,16.402527612132054,0.2105062982725611,test,233,raw,5.8,32038,251
22.415990401510793,239.98361487320622,152.58400959848922,175,251.0,11.016385126793782,0.11645885076559308,test,233,structural,1.5,32038,251
36.170427376976455,234.25975724812162,138.82957262302355,175,251.0,16.740242751878387,0.18636285201160563,test,233,structural,2.8,32038,251
31.096119857556186,238.9621165057909,143.90388014244382,175,251.0,12.03788349420911,0.1602796548284177,test,233,structural,3.6,32038,251
30.010126387894886,240.08088022903976,144.9898736121051,175,251.0,10.919119770960238,0.1546768611563119,test,233,structural,4.6,32038,251
28.40065067964615,240.88342717995764,146.59934932035384,175,251.0,10.116572820042371,0.14650323536914558,test,233,structural,5.8,32038,251
12.12784470621461,245.43352102658193,162.8721552937854,175,251.0,5.566478973418077,0.06332672317524783,test,233,profile,1.5,32038,251
32.389378793473924,236.847734588955,142.61062120652608,175,251.0,14.152265411044981,0.16708697152775115,test,233,profile,2.8,32038,251
33.03454709272526,237.76904526312177,141.96545290727474,175,251.0,13.230954736878244,0.17014021864381648,test,233,profile,3.6,32038,251
30.993009826892557,240.15956955487303,144.00699017310745,175,251.0,10.840430445126975,0.15956817952655114,test,233,profile,4.6,32038,251
25.579527698728008,241.8262362215397,149.42047230127199,175,251.0,9.173763778460309,0.1322068187555074,test,233,profile,5.8,32038,251
18.23492247922244,244.688165034082,156.76507752077757,175,251.0,6.311834965918006,0.09468524909041862,test,233,random,1.5,32038,251
18.23492247922244,244.688165034082,156.76507752077757,175,251.0,6.311834965918006,0.09468524909041862,test,233,random,2.8,32038,251
14.256420846637765,246.35483170074866,160.74357915336225,175,251.0,4.64516829925134,0.07420494403345801,test,233,random,3.6,32038,251
13.470990456722227,246.688165034082,161.52900954327777,175,251.0,4.311834965918007,0.0701497787095321,test,233,random,4.6,32038,251
13.585372373558101,246.5737831172461,161.4146276264419,175,251.0,4.426216882753881,0.07074541911030192,test,233,random,5.8,32038,251
