role,block_id,model,spacing_px,instrument,emitted,TP_w,FP_w,FN_w,|G|,S,Phi,DTI
calibration,0,h65,1.4,lappos_t200_d3,294,40.8619288125423,208.31892183295452,26.138071187457697,67,294.0,85.68107816704548,0.3950448741628955
calibration,0,h65,1.4,lapneg_t200_d3,294,47.03569259100261,203.6449510224598,23.964307408997392,71,294.0,90.3550489775402,0.4398484698560153
calibration,0,h65,1.4,step_t150_d3,294,39.29252750170917,221.14766632784045,24.707472498290826,64,294.0,72.85233367215956,0.3804170160570155
calibration,0,h65,1.4,cross_t200_d3,294,33.333333333333336,229.93090581454948,3.6666666666666643,37,294.0,64.06909418545052,0.40525445881701
calibration,0,h65,1.4,upface_t200_d3,294,22.000000000000004,246.41211935309565,0.9999999999999964,23,294.0,47.58788064690434,0.3052061628710979
calibration,0,h65,1.4,union_t200_d3,294,118.89762140354492,133.39468882137274,51.10237859645508,170,294.0,160.60531117862726,0.6376627807584294
calibration,0,h65,1.4,sgmc_offcat,294,47.93655030268317,260.9024172740267,179.06344969731683,227,294.0,33.09758272597328,0.19697162722421216
calibration,0,h65,1.6,lappos_t200_d3,294,41.30964406271151,227.21727467070798,25.690355937288487,67,294.0,66.78272532929203,0.3849727070566274
calibration,0,h65,1.6,lapneg_t200_d3,294,47.818932077711644,218.8871810449294,23.181067922288356,71,294.0,75.1128189550706,0.43416017126236295
calibration,0,h65,1.6,step_t150_d3,294,42.8619288125423,232.09371507697728,21.138071187457697,64,294.0,61.9062849230227,0.40363003299632066
calibration,0,h65,1.6,cross_t200_d3,294,31.861928812542306,243.08390265980302,5.138071187457694,37,294.0,50.916097340196984,0.3766667790722185
calibration,0,h65,1.6,upface_t200_d3,294,22.000000000000004,259.25944327740103,0.9999999999999964,23,294.0,34.74055672259899,0.2947011843401592
calibration,0,h65,1.6,union_t200_d3,294,117.99050495296547,160.77572146550858,52.009495047034534,170,294.0,133.22427853449142,0.6153246834409526
calibration,0,h65,1.6,sgmc_offcat,294,64.98643711727307,256.6619674901139,162.01356288272694,227,294.0,37.33803250988608,0.26424804388707457
calibration,0,h65,1.8,lappos_t200_d3,294,41.30964406271151,227.21727467070798,25.690355937288487,67,294.0,66.78272532929203,0.3849727070566274
calibration,0,h65,1.8,lapneg_t200_d3,294,47.818932077711644,218.8871810449294,23.181067922288356,71,294.0,75.1128189550706,0.43416017126236295
calibration,0,h65,1.8,step_t150_d3,294,42.8619288125423,232.09371507697728,21.138071187457697,64,294.0,61.9062849230227,0.40363003299632066
calibration,0,h65,1.8,cross_t200_d3,294,31.861928812542306,243.08390265980302,5.138071187457694,37,294.0,50.916097340196984,0.3766667790722185
calibration,0,h65,1.8,upface_t200_d3,294,22.000000000000004,259.25944327740103,0.9999999999999964,23,294.0,34.74055672259899,0.2947011843401592
calibration,0,h65,1.8,union_t200_d3,294,117.99050495296547,160.77572146550858,52.009495047034534,170,294.0,133.22427853449142,0.6153246834409526
calibration,0,h65,1.8,sgmc_offcat,294,64.98643711727307,256.6619674901139,162.01356288272694,227,294.0,37.33803250988608,0.26424804388707457
calibration,0,h65,2.0,lappos_t200_d3,294,41.30964406271151,227.21727467070798,25.690355937288487,67,294.0,66.78272532929203,0.3849727070566274
calibration,0,h65,2.0,lapneg_t200_d3,294,47.818932077711644,218.8871810449294,23.181067922288356,71,294.0,75.1128189550706,0.43416017126236295
calibration,0,h65,2.0,step_t150_d3,294,42.8619288125423,232.09371507697728,21.138071187457697,64,294.0,61.9062849230227,0.40363003299632066
calibration,0,h65,2.0,cross_t200_d3,294,31.861928812542306,243.08390265980302,5.138071187457694,37,294.0,50.916097340196984,0.3766667790722185
calibration,0,h65,2.0,upface_t200_d3,294,22.000000000000004,259.25944327740103,0.9999999999999964,23,294.0,34.74055672259899,0.2947011843401592
calibration,0,h65,2.0,union_t200_d3,294,117.99050495296547,160.77572146550858,52.009495047034534,170,294.0,133.22427853449142,0.6153246834409526
calibration,0,h65,2.0,sgmc_offcat,294,64.98643711727307,256.6619674901139,162.01356288272694,227,294.0,37.33803250988608,0.26424804388707457
calibration,0,h65,2.2,lappos_t200_d3,294,45.114381916835875,230.0212810906238,21.885618083164125,67,294.0,63.97871890937622,0.4153141193769837
calibration,0,h65,2.2,lapneg_t200_d3,294,51.442602009547656,222.96367946755615,19.557397990452344,71,294.0,71.03632053244381,0.46061983645196947
calibration,0,h65,2.2,step_t150_d3,294,47.114381916835875,231.51523278317842,16.885618083164125,64,294.0,62.48476721682156,0.44062637591888504
calibration,0,h65,2.2,cross_t200_d3,294,31.52859547920897,249.47369551734573,5.47140452079103,37,294.0,44.52630448265427,0.3674641854006067
calibration,0,h65,2.2,upface_t200_d3,294,22.000000000000004,263.4554368574852,0.9999999999999964,23,294.0,30.544563142514804,0.2914251306480213
calibration,0,h65,2.2,union_t200_d3,294,125.08557940559251,167.4875757702124,44.91442059440749,170,294.0,126.5124242297876,0.6430651449709255
calibration,0,h65,2.2,sgmc_offcat,294,69.88551798981592,258.60258562848946,157.11448201018408,227,294.0,35.39741437151051,0.28259680697821243
calibration,0,h65,2.4,lappos_t200_d3,294,50.65717161963212,236.1010158213862,16.342828380367877,67,294.0,57.8989841786138,0.45656984219829577
calibration,0,h65,2.4,lapneg_t200_d3,294,53.83093539809242,231.90794457871706,17.16906460190758,71,294.0,62.09205542128294,0.4724176047129087
calibration,0,h65,2.4,step_t150_d3,294,49.13076704362966,238.53380541375952,14.86923295637034,64,294.0,55.46619458624043,0.4518481572337503
calibration,0,h65,2.4,cross_t200_d3,294,29.014194223587285,260.75453366939473,7.985805776412715,37,294.0,33.245466330605275,0.33138724142351067
calibration,0,h65,2.4,upface_t200_d3,294,22.000000000000004,271.2306373667385,0.9999999999999964,23,294.0,22.7693626332615,0.2855432287315167
calibration,0,h65,2.4,union_t200_d3,294,130.50449214451837,179.66790885887306,39.495507855481634,170,294.0,114.33209114112694,0.6589988370321722
calibration,0,h65,2.4,sgmc_offcat,294,73.36235312136824,260.72134935173835,153.63764687863176,227,294.0,33.27865064826163,0.2953196832681104
calibration,1,h65,1.4,lappos_t200_d3,1283,173.12492236879956,973.517085826731,95.87507763120044,269,1283.0,309.4829141732691,0.3894575053707187
calibration,1,h65,1.4,lapneg_t200_d3,1283,274.0261975439681,830.7095291279588,108.97380245603188,383,1283.0,452.29047087204117,0.5196315178120674
calibration,1,h65,1.4,step_t150_d3,1283,235.73512951125684,886.6365843836074,108.26487048874316,344,1283.0,396.36341561639256,0.4717775345441981
calibration,1,h65,1.4,cross_t200_d3,1283,66.00000000000001,1130.5514361321789,9.999999999999986,76,1283.0,152.44856386782112,0.21991915242213014
calibration,1,h65,1.4,upface_t200_d3,1283,23.000000000000004,1219.651523732079,2.9999999999999964,26,1283.0,63.3484762679207,0.08539699987216531
calibration,1,h65,1.4,union_t200_d3,1283,486.1511199127676,620.6742438021868,211.84888008723237,698,1283.0,662.3257561978132,0.6234584452502164
calibration,1,h65,1.4,sgmc_offcat,1283,43.06074463669333,1258.762886617571,326.93925536330664,370,1283.0,24.237113382428937,0.0773966116199791
calibration,1,h65,1.6,lappos_t200_d3,1283,197.80213288684905,1010.4036594197333,71.19786711315095,269,1283.0,272.5963405802666,0.43297791633543836
calibration,1,h65,1.6,lapneg_t200_d3,1283,297.87863130947585,880.6722803740292,85.12136869052415,383,1283.0,402.32771962597076,0.5494798677743059
calibration,1,h65,1.6,step_t150_d3,1283,266.9453173149283,926.5370348300576,77.05468268507173,344,1283.0,356.4629651699425,0.5194534943820176
calibration,1,h65,1.6,cross_t200_d3,1283,64.11438191683588,1175.9237017640696,11.885618083164118,76,1283.0,107.07629823593035,0.20761917272140834
calibration,1,h65,1.6,upface_t200_d3,1283,22.666666666666668,1242.4055500428951,3.333333333333332,26,1283.0,40.5944499571047,0.08278112136824971
calibration,1,h65,1.6,union_t200_d3,1283,534.209359675534,685.1487981354419,163.79064032446604,698,1283.0,597.8512018645581,0.6658709328102663
calibration,1,h65,1.6,sgmc_offcat,1283,44.29389027677807,1259.6441228943222,325.7061097232219,370,1283.0,23.355877105677806,0.07955257995547851
calibration,1,h65,1.8,lappos_t200_d3,1283,197.80213288684905,1010.4036594197333,71.19786711315095,269,1283.0,272.5963405802666,0.43297791633543836
calibration,1,h65,1.8,lapneg_t200_d3,1283,297.87863130947585,880.6722803740292,85.12136869052415,383,1283.0,402.32771962597076,0.5494798677743059
calibration,1,h65,1.8,step_t150_d3,1283,266.9453173149283,926.5370348300576,77.05468268507173,344,1283.0,356.4629651699425,0.5194534943820176
calibration,1,h65,1.8,cross_t200_d3,1283,64.11438191683588,1175.9237017640696,11.885618083164118,76,1283.0,107.07629823593035,0.20761917272140834
calibration,1,h65,1.8,upface_t200_d3,1283,22.666666666666668,1242.4055500428951,3.333333333333332,26,1283.0,40.5944499571047,0.08278112136824971
calibration,1,h65,1.8,union_t200_d3,1283,534.209359675534,685.1487981354419,163.79064032446604,698,1283.0,597.8512018645581,0.6658709328102663
calibration,1,h65,1.8,sgmc_offcat,1283,44.29389027677807,1259.6441228943222,325.7061097232219,370,1283.0,23.355877105677806,0.07955257995547851
calibration,1,h65,2.0,lappos_t200_d3,1283,197.80213288684905,1010.4036594197333,71.19786711315095,269,1283.0,272.5963405802666,0.43297791633543836
calibration,1,h65,2.0,lapneg_t200_d3,1283,297.87863130947585,880.6722803740292,85.12136869052415,383,1283.0,402.32771962597076,0.5494798677743059
calibration,1,h65,2.0,step_t150_d3,1283,266.9453173149283,926.5370348300576,77.05468268507173,344,1283.0,356.4629651699425,0.5194534943820176
calibration,1,h65,2.0,cross_t200_d3,1283,64.11438191683588,1175.9237017640696,11.885618083164118,76,1283.0,107.07629823593035,0.20761917272140834
calibration,1,h65,2.0,upface_t200_d3,1283,22.666666666666668,1242.4055500428951,3.333333333333332,26,1283.0,40.5944499571047,0.08278112136824971
calibration,1,h65,2.0,union_t200_d3,1283,534.209359675534,685.1487981354419,163.79064032446604,698,1283.0,597.8512018645581,0.6658709328102663
calibration,1,h65,2.0,sgmc_offcat,1283,44.29389027677807,1259.6441228943222,325.7061097232219,370,1283.0,23.355877105677806,0.07955257995547851
calibration,1,h65,2.2,lappos_t200_d3,1283,205.09539182276683,1021.0768987960196,63.90460817723317,269,1283.0,261.9231012039804,0.445438841954874
calibration,1,h65,2.2,lapneg_t200_d3,1283,309.7219840920179,897.3309148620784,73.27801590798208,383,1283.0,385.66908513792157,0.5653815306200991
calibration,1,h65,2.2,step_t150_d3,1283,271.6691749400129,942.3060834925984,72.33082505998709,344,1283.0,340.6939165074016,0.5244628767311464
calibration,1,h65,2.2,cross_t200_d3,1283,63.585786437626915,1192.0730448376994,12.414213562373085,76,1283.0,90.92695516230043,0.2038451780689527
calibration,1,h65,2.2,upface_t200_d3,1283,22.666666666666668,1248.7530775998162,3.333333333333332,26,1283.0,34.246922400184076,0.08239908857333879
calibration,1,h65,2.2,union_t200_d3,1283,552.679304727327,701.4234878401976,145.320695272673,698,1283.0,581.5765121598024,0.6829773402477178
calibration,1,h65,2.2,sgmc_offcat,1283,46.44615568782305,1260.1155274151133,323.5538443121769,370,1283.0,22.884472584886772,0.08333954344068835
calibration,1,h65,2.4,lappos_t200_d3,1283,214.163854667357,1045.008329059243,54.836145332643014,269,1283.0,237.9916709407571,0.45856116341190245
calibration,1,h65,2.4,lapneg_t200_d3,1283,303.78533369598654,946.8740083373378,79.21466630401346,383,1283.0,336.12599166266216,0.5458543363666035
calibration,1,h65,2.4,step_t150_d3,1283,281.36642095706065,975.3384260844406,62.633579042939346,344,1283.0,307.6615739155594,0.5343675749927783
calibration,1,h65,2.4,cross_t200_d3,1283,61.012003320380785,1214.345847411712,14.987996679619215,76,1283.0,68.65415258828801,0.19315446240413214
calibration,1,h65,2.4,upface_t200_d3,1283,22.861928812542306,1257.783653550778,3.138071187457694,26,1283.0,25.216346449222158,0.08255516467080826
calibration,1,h65,2.4,union_t200_d3,1283,553.7896188084704,762.2380177149813,144.21038119152956,698,1283.0,520.7619822850187,0.6740334630235494
calibration,1,h65,2.4,sgmc_offcat,1283,55.49238873078935,1256.6936923387725,314.50761126921066,370,1283.0,26.306307661227656,0.09937086411793263
calibration,2,h65,1.4,lappos_t200_d3,1399,138.66666666666669,1143.8529274334105,13.333333333333314,152,1399.0,255.14707256658951,0.36674220965341076
calibration,2,h65,1.4,lapneg_t200_d3,1399,222.0,1015.3426008123195,20.0,242,1399.0,383.65739918768054,0.5033231569512775
calibration,2,h65,1.4,step_t150_d3,1399,205.50709711179366,1037.865762281348,44.492902888206345,250,1399.0,361.134237718652,0.45803152215941767
calibration,2,h65,1.4,cross_t200_d3,1399,33.333333333333336,1314.5586435820778,3.6666666666666643,37,1399.0,84.44135641792211,0.11141624478148444
calibration,2,h65,1.4,upface_t200_d3,1399,13.0,1367.2080935943939,0.0,13,1399.0,31.791906405605975,0.04538446632910035
calibration,2,h65,1.4,union_t200_d3,1399,379.0,824.5420206889783,36.0,415,1399.0,574.4579793110217,0.6617678337907027
calibration,2,h65,1.4,sgmc_offcat,1399,56.60499380848753,1361.2750969699862,300.3950061915125,357,1399.0,37.72490303001375,0.09945077094411849
calibration,2,h65,1.6,lappos_t200_d3,1399,133.4812169379653,1202.3052485656226,18.518783062034686,152,1399.0,196.6947514343775,0.3433536021236345
calibration,2,h65,1.6,lapneg_t200_d3,1399,216.28595479208968,1096.400012446948,25.714045207910317,242,1399.0,302.5999875530519,0.47416864465106856
calibration,2,h65,1.6,step_t150_d3,1399,213.45752766734353,1100.0830642404085,36.54247233265647,250,1399.0,298.91693575959147,0.46132220116208417
calibration,2,h65,1.6,cross_t200_d3,1399,31.91911977096024,1344.8649512433055,5.08088022903976,37,1399.0,54.13504875669445,0.1046676718944472
calibration,2,h65,1.6,upface_t200_d3,1399,12.666666666666668,1377.4044045446178,0.33333333333333215,13,1399.0,21.595595455382046,0.043918316231207344
calibration,2,h65,1.6,union_t200_d3,1399,366.3529581676819,944.5166853603388,48.64704183231811,415,1399.0,454.48331463966133,0.6165752828734404
calibration,2,h65,1.6,sgmc_offcat,1399,58.5834954410722,1365.0627182631083,298.4165045589278,357,1399.0,33.93728173689172,0.10271872990333951
calibration,2,h65,1.8,lappos_t200_d3,1399,133.4812169379653,1202.3052485656226,18.518783062034686,152,1399.0,196.6947514343775,0.3433536021236345
calibration,2,h65,1.8,lapneg_t200_d3,1399,216.28595479208968,1096.400012446948,25.714045207910317,242,1399.0,302.5999875530519,0.47416864465106856
calibration,2,h65,1.8,step_t150_d3,1399,213.45752766734353,1100.0830642404085,36.54247233265647,250,1399.0,298.91693575959147,0.46132220116208417
calibration,2,h65,1.8,cross_t200_d3,1399,31.91911977096024,1344.8649512433055,5.08088022903976,37,1399.0,54.13504875669445,0.1046676718944472
calibration,2,h65,1.8,upface_t200_d3,1399,12.666666666666668,1377.4044045446178,0.33333333333333215,13,1399.0,21.595595455382046,0.043918316231207344
calibration,2,h65,1.8,union_t200_d3,1399,366.3529581676819,944.5166853603388,48.64704183231811,415,1399.0,454.48331463966133,0.6165752828734404
calibration,2,h65,1.8,sgmc_offcat,1399,58.5834954410722,1365.0627182631083,298.4165045589278,357,1399.0,33.93728173689172,0.10271872990333951
calibration,2,h65,2.0,lappos_t200_d3,1399,133.4812169379653,1202.3052485656226,18.518783062034686,152,1399.0,196.6947514343775,0.3433536021236345
calibration,2,h65,2.0,lapneg_t200_d3,1399,216.28595479208968,1096.400012446948,25.714045207910317,242,1399.0,302.5999875530519,0.47416864465106856
calibration,2,h65,2.0,step_t150_d3,1399,213.45752766734353,1100.0830642404085,36.54247233265647,250,1399.0,298.91693575959147,0.46132220116208417
calibration,2,h65,2.0,cross_t200_d3,1399,31.91911977096024,1344.8649512433055,5.08088022903976,37,1399.0,54.13504875669445,0.1046676718944472
calibration,2,h65,2.0,upface_t200_d3,1399,12.666666666666668,1377.4044045446178,0.33333333333333215,13,1399.0,21.595595455382046,0.043918316231207344
calibration,2,h65,2.0,union_t200_d3,1399,366.3529581676819,944.5166853603388,48.64704183231811,415,1399.0,454.48331463966133,0.6165752828734404
calibration,2,h65,2.0,sgmc_offcat,1399,58.5834954410722,1365.0627182631083,298.4165045589278,357,1399.0,33.93728173689172,0.10271872990333951
calibration,2,h65,2.2,lappos_t200_d3,1399,131.4240259795474,1226.0207532425309,20.575974020452605,152,1399.0,172.9792467574692,0.33433660250573055
calibration,2,h65,2.2,lapneg_t200_d3,1399,213.619288125423,1128.0488311184038,28.380711874577003,242,1399.0,270.9511688815961,0.46244585173423175
calibration,2,h65,2.2,step_t150_d3,1399,215.67647908384095,1120.3147504114952,34.323520916159055,250,1399.0,278.68524958850463,0.46163803262744885
calibration,2,h65,2.2,cross_t200_d3,1399,32.25245310429357,1351.5272361035593,4.747546895706428,37,1399.0,47.47276389644078,0.10527771497274699
calibration,2,h65,2.2,upface_t200_d3,1399,12.666666666666668,1380.716239510536,0.33333333333333215,13,1399.0,18.28376048946404,0.043817685308621256
calibration,2,h65,2.2,union_t200_d3,1399,361.6291005425973,988.7079797638701,53.370899457402686,415,1399.0,410.2920202361299,0.6006455272207938
calibration,2,h65,2.2,sgmc_offcat,1399,62.07858923248507,1365.8838412440264,294.92141076751494,357,1399.0,33.11615875597357,0.10868243323167119
calibration,2,h65,2.4,lappos_t200_d3,1399,125.11908109338862,1260.2148596918714,26.880918906611385,152,1399.0,138.78514030812838,0.3138437532551583
calibration,2,h65,2.4,lapneg_t200_d3,1399,202.8517023312992,1177.8815297579574,39.14829766870079,242,1399.0,221.11847024204252,0.431832145856039
calibration,2,h65,2.4,step_t150_d3,1399,205.35441763667984,1173.1347142964596,44.64558236332016,250,1399.0,225.86528570354045,0.4316908891439324
calibration,2,h65,2.4,cross_t200_d3,1399,30.50490620858714,1363.0765951165558,6.4950937914128595,37,1399.0,35.92340488344417,0.09894029664459851
calibration,2,h65,2.4,upface_t200_d3,1399,11.861928812542303,1386.3213300129526,1.1380711874576974,13,1399.0,12.678669987047451,0.04089803388762483
calibration,2,h65,2.4,union_t200_d3,1399,342.00428511248396,1063.825166927677,72.99571488751604,415,1399.0,335.1748330723229,0.5577679555607636
calibration,2,h65,2.4,sgmc_offcat,1399,76.04978672124169,1362.7479609597751,280.9502132787583,357,1399.0,36.25203904022477,0.1326389118010837
calibration,3,h65,1.4,lappos_t200_d3,1407,83.0,1195.7002479582966,9.0,92,1407.0,211.2997520417033,0.2520191519461705
calibration,3,h65,1.4,lapneg_t200_d3,1407,175.33333333333334,1052.7689109895832,11.666666666666657,187,1407.0,354.23108901041667,0.44363426497045544
calibration,3,h65,1.4,step_t150_d3,1407,152.86192881254232,1105.7488686917468,17.138071187457683,170,1407.0,301.25113130825326,0.3942563639110333
calibration,3,h65,1.4,cross_t200_d3,1407,28.000000000000004,1324.6267890565284,3.9999999999999964,32,1407.0,82.37321094347168,0.09455455016399444
calibration,3,h65,1.4,upface_t200_d3,1407,7.333333333333334,1386.3723623258197,0.6666666666666661,8,1407.0,20.627637674180207,0.025718257827197825
calibration,3,h65,1.4,union_t200_d3,1407,290.6666666666667,896.9693796705905,24.333333333333314,315,1407.0,510.03062032940966,0.5937701953311881
calibration,3,h65,1.4,sgmc_offcat,1407,79.67022034494205,1333.0871389679387,119.32977965505795,199,1407.0,73.91286103206134,0.18035077508406439
calibration,3,h65,1.6,lappos_t200_d3,1407,77.28595479208968,1265.9583523495621,14.714045207910317,92,1407.0,141.04164765043777,0.2258180040966294
calibration,3,h65,1.6,lapneg_t200_d3,1407,167.147883604632,1149.0476856201267,19.852116395368,187,1407.0,257.9523143798735,0.40487414588193943
calibration,3,h65,1.6,step_t150_d3,1407,153.7001683544628,1175.4357016385316,16.29983164553721,170,1407.0,231.56429836146845,0.3825031712638686
calibration,3,h65,1.6,cross_t200_d3,1407,27.19526214587564,1355.7654949842654,4.804737854124362,32,1407.0,51.234505015734484,0.08999327751413329
calibration,3,h65,1.6,upface_t200_d3,1407,7.333333333333334,1392.5581294246608,0.6666666666666661,8,1407.0,14.441870575339117,0.025607155025592618
calibration,3,h65,1.6,union_t200_d3,1407,275.68629150101526,1038.96398314702,39.31370849898474,315,1407.0,368.0360168529801,0.5353859011758444
calibration,3,h65,1.6,sgmc_offcat,1407,84.14673810635463,1348.5341227838992,114.85326189364537,199,1407.0,58.46587721610069,0.1887814885993631
calibration,3,h65,1.8,lappos_t200_d3,1407,77.28595479208968,1265.9583523495621,14.714045207910317,92,1407.0,141.04164765043777,0.2258180040966294
calibration,3,h65,1.8,lapneg_t200_d3,1407,167.147883604632,1149.0476856201267,19.852116395368,187,1407.0,257.9523143798735,0.40487414588193943
calibration,3,h65,1.8,step_t150_d3,1407,153.7001683544628,1175.4357016385316,16.29983164553721,170,1407.0,231.56429836146845,0.3825031712638686
calibration,3,h65,1.8,cross_t200_d3,1407,27.19526214587564,1355.7654949842654,4.804737854124362,32,1407.0,51.234505015734484,0.08999327751413329
calibration,3,h65,1.8,upface_t200_d3,1407,7.333333333333334,1392.5581294246608,0.6666666666666661,8,1407.0,14.441870575339117,0.025607155025592618
calibration,3,h65,1.8,union_t200_d3,1407,275.68629150101526,1038.96398314702,39.31370849898474,315,1407.0,368.0360168529801,0.5353859011758444
calibration,3,h65,1.8,sgmc_offcat,1407,84.14673810635463,1348.5341227838992,114.85326189364537,199,1407.0,58.46587721610069,0.1887814885993631
calibration,3,h65,2.0,lappos_t200_d3,1407,77.28595479208968,1265.9583523495621,14.714045207910317,92,1407.0,141.04164765043777,0.2258180040966294
calibration,3,h65,2.0,lapneg_t200_d3,1407,167.147883604632,1149.0476856201267,19.852116395368,187,1407.0,257.9523143798735,0.40487414588193943
calibration,3,h65,2.0,step_t150_d3,1407,153.7001683544628,1175.4357016385316,16.29983164553721,170,1407.0,231.56429836146845,0.3825031712638686
calibration,3,h65,2.0,cross_t200_d3,1407,27.19526214587564,1355.7654949842654,4.804737854124362,32,1407.0,51.234505015734484,0.08999327751413329
calibration,3,h65,2.0,upface_t200_d3,1407,7.333333333333334,1392.5581294246608,0.6666666666666661,8,1407.0,14.441870575339117,0.025607155025592618
calibration,3,h65,2.0,union_t200_d3,1407,275.68629150101526,1038.96398314702,39.31370849898474,315,1407.0,368.0360168529801,0.5353859011758444
calibration,3,h65,2.0,sgmc_offcat,1407,84.14673810635463,1348.5341227838992,114.85326189364537,199,1407.0,58.46587721610069,0.1887814885993631
calibration,3,h65,2.2,lappos_t200_d3,1407,75.147883604632,1290.8552423188985,16.852116395368,92,1407.0,116.14475768110138,0.21668900846014333
calibration,3,h65,2.2,lapneg_t200_d3,1407,162.7336700422589,1185.5701224537847,24.266329957741107,187,1407.0,221.42987754621515,0.38814429145427787
calibration,3,h65,2.2,step_t150_d3,1407,150.75735931288074,1206.2025559984468,19.242640687119263,170,1407.0,200.79744400155315,0.37005480122528256
calibration,3,h65,2.2,cross_t200_d3,1407,26.585786437626908,1366.4365434573451,5.414213562373092,32,1407.0,40.563456542654826,0.08739446461467332
calibration,3,h65,2.2,upface_t200_d3,1407,7.333333333333334,1396.1461067654943,0.6666666666666661,8,1407.0,10.853893234505712,0.025543150004393073
calibration,3,h65,2.2,union_t200_d3,1407,269.27207793864216,1090.4568894346455,45.727922061357845,315,1407.0,316.5431105653546,0.5139311762633054
calibration,3,h65,2.2,sgmc_offcat,1407,83.86986429723069,1355.4718185848596,115.13013570276931,199,1407.0,51.52818141514017,0.1875996518552248
calibration,3,h65,2.4,lappos_t200_d3,1407,70.16207782821928,1320.56375342328,21.83792217178072,92,1407.0,86.43624657671971,0.19946849185211588
calibration,3,h65,2.4,lapneg_t200_d3,1407,159.295767209264,1230.9605330545114,27.704232790736,187,1407.0,176.0394669454887,0.3724898815675485
calibration,3,h65,2.4,step_t150_d3,1407,144.60979307838846,1246.1769761976625,25.390206921611536,170,1407.0,160.82302380233745,0.3491663053481451
calibration,3,h65,2.4,cross_t200_d3,1407,26.64297739604484,1375.4478119440982,5.3570226039551585,32,1407.0,31.552188055901734,0.08706338728937328
calibration,3,h65,2.4,upface_t200_d3,1407,6.254644007500071,1399.7267799624997,1.7453559924999293,8,1407.0,7.273220037500351,0.021748000020167635
calibration,3,h65,2.4,union_t200_d3,1407,259.35546644102817,1156.8946751771964,55.64453355897183,315,1407.0,250.10532482280354,0.4845501218436283
calibration,3,h65,2.4,sgmc_offcat,1407,81.53538546562,1365.7479609597751,117.46461453438,199,1407.0,41.25203904022477,0.1817322488386142
calibration,4,h65,1.4,lappos_t200_d3,1404,85.66666666666669,1183.2099500373656,8.333333333333314,94,1404.0,220.79004996263436,0.26040453671936625
calibration,4,h65,1.4,lapneg_t200_d3,1404,44.66666666666667,1289.479319515965,3.3333333333333286,48,1404.0,114.52068048403486,0.14633811925945503
calibration,4,h65,1.4,step_t150_d3,1404,93.66666666666669,1171.9899498165198,8.333333333333314,102,1404.0,232.01005018348008,0.27982641643506856
calibration,4,h65,1.4,cross_t200_d3,1404,10.666666666666666,1370.622307156767,1.333333333333334,12,1404.0,33.37769284323288,0.037314590898062605
calibration,4,h65,1.4,upface_t200_d3,1404,0.0,1404.0,0.0,0,1404.0,0.0,0.0
calibration,4,h65,1.4,union_t200_d3,1404,132.0,1107.2322765329186,12.0,144,1404.0,296.7677234670814,0.36358983284530044
calibration,4,h65,1.4,sgmc_offcat,1404,114.2712464110854,1303.6839766155272,204.7287535889146,319,1404.0,100.31602338447289,0.21208824377322683
calibration,4,h65,1.6,lappos_t200_d3,1404,83.25245310429358,1248.6811645697176,10.74754689570642,94,1404.0,155.3188354302823,0.24372274262530358
calibration,4,h65,1.6,lapneg_t200_d3,1404,42.05719095841794,1327.1141680394635,5.942809041582059,48,1404.0,76.88583196053652,0.13469754846583398
calibration,4,h65,1.6,step_t150_d3,1404,90.44771525016922,1240.4589734456654,11.552284749830775,102,1404.0,163.54102655433456,0.2600706404723878
calibration,4,h65,1.6,cross_t200_d3,1404,10.666666666666666,1383.0109579154516,1.333333333333334,12,1404.0,20.989042084548366,0.03699393846720221
calibration,4,h65,1.6,upface_t200_d3,1404,0.0,1404.0,0.0,0,1404.0,0.0,0.0
calibration,4,h65,1.6,union_t200_d3,1404,126.97631072937818,1195.7817697264543,17.023689270621816,144,1404.0,208.21823027354574,0.334366742231045
calibration,4,h65,1.6,sgmc_offcat,1404,143.9550296387544,1302.900737128818,175.0449703612456,319,1404.0,101.09926287118193,0.26434567595486297
calibration,4,h65,1.8,lappos_t200_d3,1404,83.25245310429358,1248.6811645697176,10.74754689570642,94,1404.0,155.3188354302823,0.24372274262530358
calibration,4,h65,1.8,lapneg_t200_d3,1404,42.05719095841794,1327.1141680394635,5.942809041582059,48,1404.0,76.88583196053652,0.13469754846583398
calibration,4,h65,1.8,step_t150_d3,1404,90.44771525016922,1240.4589734456654,11.552284749830775,102,1404.0,163.54102655433456,0.2600706404723878
calibration,4,h65,1.8,cross_t200_d3,1404,10.666666666666666,1383.0109579154516,1.333333333333334,12,1404.0,20.989042084548366,0.03699393846720221
calibration,4,h65,1.8,upface_t200_d3,1404,0.0,1404.0,0.0,0,1404.0,0.0,0.0
calibration,4,h65,1.8,union_t200_d3,1404,126.97631072937818,1195.7817697264543,17.023689270621816,144,1404.0,208.21823027354574,0.334366742231045
calibration,4,h65,1.8,sgmc_offcat,1404,143.9550296387544,1302.900737128818,175.0449703612456,319,1404.0,101.09926287118193,0.26434567595486297
calibration,4,h65,2.0,lappos_t200_d3,1404,83.25245310429358,1248.6811645697176,10.74754689570642,94,1404.0,155.3188354302823,0.24372274262530358
calibration,4,h65,2.0,lapneg_t200_d3,1404,42.05719095841794,1327.1141680394635,5.942809041582059,48,1404.0,76.88583196053652,0.13469754846583398
calibration,4,h65,2.0,step_t150_d3,1404,90.44771525016922,1240.4589734456654,11.552284749830775,102,1404.0,163.54102655433456,0.2600706404723878
calibration,4,h65,2.0,cross_t200_d3,1404,10.666666666666666,1383.0109579154516,1.333333333333334,12,1404.0,20.989042084548366,0.03699393846720221
calibration,4,h65,2.0,upface_t200_d3,1404,0.0,1404.0,0.0,0,1404.0,0.0,0.0
calibration,4,h65,2.0,union_t200_d3,1404,126.97631072937818,1195.7817697264543,17.023689270621816,144,1404.0,208.21823027354574,0.334366742231045
calibration,4,h65,2.0,sgmc_offcat,1404,143.9550296387544,1302.900737128818,175.0449703612456,319,1404.0,101.09926287118193,0.26434567595486297
calibration,4,h65,2.2,lappos_t200_d3,1404,81.58578643762691,1276.9981127762574,12.414213562373092,94,1404.0,127.00188722374276,0.23517394135446965
calibration,4,h65,2.2,lapneg_t200_d3,1404,41.05719095841794,1341.0496729372173,6.942809041582059,48,1404.0,62.950327062782506,0.13041424283230854
calibration,4,h65,2.2,step_t150_d3,1404,88.2524531042936,1267.4167081450432,13.747546895706407,102,1404.0,136.58329185495666,0.2501956008625155
calibration,4,h65,2.2,cross_t200_d3,1404,10.666666666666666,1387.3850970804092,1.333333333333334,12,1404.0,16.61490291959087,0.03688203608640769
calibration,4,h65,2.2,upface_t200_d3,1404,0.0,1404.0,0.0,0,1404.0,0.0,0.0
calibration,4,h65,2.2,union_t200_d3,1404,124.30964406271153,1231.3934363379094,19.690355937288473,144,1404.0,172.60656366209054,0.3217617793437755
calibration,4,h65,2.2,sgmc_offcat,1404,156.68765427608412,1300.9127404491987,162.31234572391588,319,1404.0,103.08725955080115,0.28659575587277886
calibration,4,h65,2.4,lappos_t200_d3,1404,78.4240259795474,1311.761937906571,15.575974020452605,94,1404.0,92.23806209342901,0.22201519993679406
calibration,4,h65,2.4,lapneg_t200_d3,1404,38.89543050033841,1358.7596469100163,9.104569499661586,48,1404.0,45.24035308998373,0.12233921387431203
calibration,4,h65,2.4,step_t150_d3,1404,84.32383828629881,1306.9903809706839,17.67616171370119,102,1404.0,97.00961902931616,0.23432215836408957
calibration,4,h65,2.4,cross_t200_d3,1404,10.195262145875635,1392.535899623037,1.8047378541243653,12,1404.0,11.464100376962989,0.03513835786585111
calibration,4,h65,2.4,upface_t200_d3,1404,0.0,1404.0,0.0,0,1404.0,0.0,0.0
calibration,4,h65,2.4,union_t200_d3,1404,118.51471862576143,1278.2166399304283,25.485281374238568,144,1404.0,125.78336006957151,0.30038230525341303
calibration,4,h65,2.4,sgmc_offcat,1404,150.84315599526474,1318.6744815684924,168.15684400473526,319,1404.0,85.32551843150742,0.27470804399769866
selection,5,h65,1.4,lappos_t200_d3,1400,179.3905242917513,1038.3375808662079,26.60947570824871,206,1400.0,361.6624191337922,0.4393105130858553
selection,5,h65,1.4,lapneg_t200_d3,1400,160.5879773408334,1065.8417556405864,22.41202265916661,183,1400.0,334.1582443594135,0.409991675055815
selection,5,h65,1.4,step_t150_d3,1400,190.54498060600275,1036.327033615406,37.45501939399725,228,1400.0,363.67296638459413,0.44543333901950277
selection,5,h65,1.4,cross_t200_d3,1400,55.33333333333333,1244.3792319160648,7.666666666666671,63,1400.0,155.62076808393525,0.1782976260311449
selection,5,h65,1.4,upface_t200_d3,1400,10.333333333333334,1368.619384819352,0.6666666666666661,11,1400.0,31.380615180647922,0.03630947536594294
selection,5,h65,1.4,union_t200_d3,1400,376.311834965918,794.9639490598291,55.688165034081976,432,1400.0,605.036050940171,0.648975577003225
selection,5,h65,1.4,sgmc_offcat,1400,224.89075181329997,1231.827575107675,434.10924818670003,659,1400.0,168.17242489232484,0.27474496636382134
selection,5,h65,1.6,lappos_t200_d3,1400,184.09069264621405,1111.703497864109,21.909307353785948,206,1400.0,288.29650213589105,0.434218315792948
selection,5,h65,1.6,lapneg_t200_d3,1400,157.147883604632,1151.4557405369487,25.852116395368,183,1400.0,248.54425946305105,0.38505244660324195
selection,5,h65,1.6,step_t150_d3,1400,203.75735931288074,1097.4568860352263,24.242640687119263,228,1400.0,302.54311396477374,0.46032000684333235
selection,5,h65,1.6,cross_t200_d3,1400,55.33333333333333,1304.2304268887851,7.666666666666671,63,1400.0,95.76957311121475,0.1716759047923325
selection,5,h65,1.6,upface_t200_d3,1400,10.0,1381.131912541907,1.0,11,1400.0,18.868087458092994,0.03484000290359356
selection,5,h65,1.6,union_t200_d3,1400,376.6291005425973,918.6740640120051,55.370899457402686,432,1400.0,481.3259359879948,0.6228768337860062
selection,5,h65,1.6,sgmc_offcat,1400,258.46266139747934,1245.9146139822656,400.53733860252066,659,1400.0,154.08538601773438,0.3121245290065668
selection,5,h65,1.8,lappos_t200_d3,1400,184.09069264621405,1111.703497864109,21.909307353785948,206,1400.0,288.29650213589105,0.434218315792948
selection,5,h65,1.8,lapneg_t200_d3,1400,157.147883604632,1151.4557405369487,25.852116395368,183,1400.0,248.54425946305105,0.38505244660324195
selection,5,h65,1.8,step_t150_d3,1400,203.75735931288074,1097.4568860352263,24.242640687119263,228,1400.0,302.54311396477374,0.46032000684333235
selection,5,h65,1.8,cross_t200_d3,1400,55.33333333333333,1304.2304268887851,7.666666666666671,63,1400.0,95.76957311121475,0.1716759047923325
selection,5,h65,1.8,upface_t200_d3,1400,10.0,1381.131912541907,1.0,11,1400.0,18.868087458092994,0.03484000290359356
selection,5,h65,1.8,union_t200_d3,1400,376.6291005425973,918.6740640120051,55.370899457402686,432,1400.0,481.3259359879948,0.6228768337860062
selection,5,h65,1.8,sgmc_offcat,1400,258.46266139747934,1245.9146139822656,400.53733860252066,659,1400.0,154.08538601773438,0.3121245290065668
selection,5,h65,2.0,lappos_t200_d3,1400,184.09069264621405,1111.703497864109,21.909307353785948,206,1400.0,288.29650213589105,0.434218315792948
selection,5,h65,2.0,lapneg_t200_d3,1400,157.147883604632,1151.4557405369487,25.852116395368,183,1400.0,248.54425946305105,0.38505244660324195
selection,5,h65,2.0,step_t150_d3,1400,203.75735931288074,1097.4568860352263,24.242640687119263,228,1400.0,302.54311396477374,0.46032000684333235
selection,5,h65,2.0,cross_t200_d3,1400,55.33333333333333,1304.2304268887851,7.666666666666671,63,1400.0,95.76957311121475,0.1716759047923325
selection,5,h65,2.0,upface_t200_d3,1400,10.0,1381.131912541907,1.0,11,1400.0,18.868087458092994,0.03484000290359356
selection,5,h65,2.0,union_t200_d3,1400,376.6291005425973,918.6740640120051,55.370899457402686,432,1400.0,481.3259359879948,0.6228768337860062
selection,5,h65,2.0,sgmc_offcat,1400,258.46266139747934,1245.9146139822656,400.53733860252066,659,1400.0,154.08538601773438,0.3121245290065668
selection,5,h65,2.2,lappos_t200_d3,1400,181.28595479208968,1146.2288570351823,24.714045207910317,206,1400.0,253.77114296481776,0.42129841215948655
selection,5,h65,2.2,lapneg_t200_d3,1400,153.5955988548012,1178.316620545143,29.40440114519879,183,1400.0,221.68337945485706,0.37209818666478156
selection,5,h65,2.2,step_t150_d3,1400,203.36683502112945,1127.417957136088,24.633164978870553,228,1400.0,272.5820428639119,0.453380181041626
selection,5,h65,2.2,cross_t200_d3,1400,55.057190958417934,1317.0049027626683,7.942809041582066,63,1400.0,82.99509723733172,0.16950457489057433
selection,5,h65,2.2,upface_t200_d3,1400,10.0,1385.1297216387004,1.0,11,1400.0,14.870278361299492,0.034743219633506066
selection,5,h65,2.2,union_t200_d3,1400,369.60541127197547,971.1324232069054,62.39458872802453,432,1400.0,428.86757679309454,0.6022107967635162
selection,5,h65,2.2,sgmc_offcat,1400,276.1234833893159,1249.3980218234374,382.8765166106841,659,1400.0,150.60197817656257,0.33175784751255183
selection,5,h65,2.4,lappos_t200_d3,1400,176.00469917655278,1201.9657429890617,29.995300823447224,206,1400.0,198.0342570109381,0.3996527287701774
selection,5,h65,2.4,lapneg_t200_d3,1400,147.09539182276683,1232.3187011567438,35.90460817723317,183,1400.0,167.68129884325617,0.34833383065847023
selection,5,h65,2.4,step_t150_d3,1400,195.55260211997057,1183.506024418512,32.44739788002943,228,1400.0,216.4939755814881,0.4267734571581585
selection,5,h65,2.4,cross_t200_d3,1400,54.25245310429357,1338.7935626618812,8.747546895706428,63,1400.0,61.20643733811881,0.164896460598476
selection,5,h65,2.4,upface_t200_d3,1400,9.8619288125423,1388.6568542494924,1.1380711874576992,11,1400.0,11.343145750507619,0.03418301698508337
selection,5,h65,2.4,union_t200_d3,1400,354.93833054124,1064.4875450824406,77.06166945875998,432,1400.0,335.5124549175593,0.5638549477688753
selection,5,h65,2.4,sgmc_offcat,1400,284.0778782877908,1263.4271417048203,374.9221217122092,659,1400.0,136.57285829517946,0.3395213785213674
selection,6,h65,1.4,lappos_t200_d3,924,5.333333333333334,905.8015015459887,0.6666666666666661,6,924.0,18.198498454011283,0.028516386805446967
selection,6,h65,1.4,lapneg_t200_d3,924,4.666666666666667,906.9075305146482,0.33333333333333304,5,924.0,17.092469485351742,0.025047208696777352
selection,6,h65,1.4,step_t150_d3,924,4.0,910.2929415657779,0.0,4,924.0,13.707058434222018,0.02149860447864718
selection,6,h65,1.4,cross_t200_d3,924,2.0,918.2834465187434,0.0,2,924.0,5.716553481256559,0.010772571715570316
selection,6,h65,1.4,upface_t200_d3,924,0.0,924.0,0.0,0,924.0,0.0,0.0
selection,6,h65,1.4,union_t200_d3,924,11.0,889.432158251513,1.0,12,924.0,34.56784174848697,0.05799044193249968
selection,6,h65,1.4,sgmc_offcat,924,66.33333333333334,832.2117439665985,15.666666666666657,82,924.0,91.78825603340152,0.27040723802567723
selection,6,h65,1.6,lappos_t200_d3,481,5.333333333333334,471.120226591666,0.6666666666666661,6,481.0,9.879773408334035,0.05328499745443477
selection,6,h65,1.6,lapneg_t200_d3,481,4.666666666666667,471.77269903474536,0.33333333333333304,5,481.0,9.227300965254653,0.047001376090241694
selection,6,h65,1.6,step_t150_d3,481,4.0,473.40513257940734,0.0,4,481.0,7.594867420592644,0.04053464116889998
selection,6,h65,1.6,cross_t200_d3,481,2.0,477.78835272733056,0.0,2,481.0,3.211647272669417,0.020500694500161242
selection,6,h65,1.6,upface_t200_d3,481,0.0,481.0,0.0,0,481.0,0.0,0.0
selection,6,h65,1.6,union_t200_d3,481,11.0,462.96869261482954,1.0,12,481.0,18.03130738517047,0.10537030434617466
selection,6,h65,1.6,sgmc_offcat,481,57.84805195909477,435.82153704498694,24.151948040905232,82,481.0,45.17846295501305,0.35201529138500864
selection,6,h65,1.8,lappos_t200_d3,481,5.333333333333334,471.120226591666,0.6666666666666661,6,481.0,9.879773408334035,0.05328499745443477
selection,6,h65,1.8,lapneg_t200_d3,481,4.666666666666667,471.77269903474536,0.33333333333333304,5,481.0,9.227300965254653,0.047001376090241694
selection,6,h65,1.8,step_t150_d3,481,4.0,473.40513257940734,0.0,4,481.0,7.594867420592644,0.04053464116889998
selection,6,h65,1.8,cross_t200_d3,481,2.0,477.78835272733056,0.0,2,481.0,3.211647272669417,0.020500694500161242
selection,6,h65,1.8,upface_t200_d3,481,0.0,481.0,0.0,0,481.0,0.0,0.0
selection,6,h65,1.8,union_t200_d3,481,11.0,462.96869261482954,1.0,12,481.0,18.03130738517047,0.10537030434617466
selection,6,h65,1.8,sgmc_offcat,481,57.84805195909477,435.82153704498694,24.151948040905232,82,481.0,45.17846295501305,0.35201529138500864
selection,6,h65,2.0,lappos_t200_d3,481,5.333333333333334,471.120226591666,0.6666666666666661,6,481.0,9.879773408334035,0.05328499745443477
selection,6,h65,2.0,lapneg_t200_d3,481,4.666666666666667,471.77269903474536,0.33333333333333304,5,481.0,9.227300965254653,0.047001376090241694
selection,6,h65,2.0,step_t150_d3,481,4.0,473.40513257940734,0.0,4,481.0,7.594867420592644,0.04053464116889998
selection,6,h65,2.0,cross_t200_d3,481,2.0,477.78835272733056,0.0,2,481.0,3.211647272669417,0.020500694500161242
selection,6,h65,2.0,upface_t200_d3,481,0.0,481.0,0.0,0,481.0,0.0,0.0
selection,6,h65,2.0,union_t200_d3,481,11.0,462.96869261482954,1.0,12,481.0,18.03130738517047,0.10537030434617466
selection,6,h65,2.0,sgmc_offcat,481,57.84805195909477,435.82153704498694,24.151948040905232,82,481.0,45.17846295501305,0.35201529138500864
selection,6,h65,2.2,lappos_t200_d3,372,5.333333333333334,363.67689314790977,0.6666666666666661,6,372.0,8.323106852090245,0.06785234803028474
selection,6,h65,2.2,lapneg_t200_d3,372,4.666666666666667,364.34136891136995,0.33333333333333304,5,372.0,7.6586310886300755,0.05998162299825365
selection,6,h65,2.2,step_t150_d3,372,4.0,365.8743461969919,0.0,4,372.0,6.12565380300811,0.05183034373005348
selection,6,h65,2.2,cross_t200_d3,372,2.0,369.12168606066393,0.0,2,372.0,2.8783139393360835,0.026376755452600913
selection,6,h65,2.2,upface_t200_d3,372,0.0,372.0,0.0,0,372.0,0.0,0.0
selection,6,h65,2.2,union_t200_d3,372,11.0,356.25140769936445,1.0,12,372.0,15.748592300635575,0.13244988212013115
selection,6,h65,2.2,sgmc_offcat,372,52.10050506338833,336.26706139194965,29.899494936611667,82,372.0,35.73293860805035,0.3636436621578692
selection,6,h65,2.4,lappos_t200_d3,243,5.000000000000001,237.4120226591666,0.9999999999999991,6,243.0,5.587977340833404,0.09383960885272512
selection,6,h65,2.4,lapneg_t200_d3,243,4.666666666666667,238.10456949966158,0.33333333333333304,5,243.0,4.895430500338413,0.08879713652739152
selection,6,h65,2.4,step_t150_d3,243,4.0,238.82842712474618,0.0,4,243.0,4.171572875253809,0.07727126506996976
selection,6,h65,2.4,cross_t200_d3,243,2.0,240.94280904158205,0.0,2,243.0,2.0571909584179364,0.03984971730488108
selection,6,h65,2.4,upface_t200_d3,243,0.0,243.0,0.0,0,243.0,0.0,0.0
selection,6,h65,2.4,union_t200_d3,243,10.666666666666666,232.49509379141284,1.333333333333334,12,243.0,10.504906208587142,0.18317423706129557
selection,6,h65,2.4,sgmc_offcat,243,47.07170255214496,220.0859934696613,34.92829744785504,82,243.0,22.914006530338693,0.3954557159118034
selection,7,h65,1.4,lappos_t200_d3,0,0.0,0.0,0.0,0,0.0,0.0,0.0
selection,7,h65,1.4,lapneg_t200_d3,0,0.0,0.0,0.0,0,0.0,0.0,0.0
selection,7,h65,1.4,step_t150_d3,0,0.0,0.0,0.0,0,0.0,0.0,0.0
selection,7,h65,1.4,cross_t200_d3,0,0.0,0.0,0.0,0,0.0,0.0,0.0
selection,7,h65,1.4,upface_t200_d3,0,0.0,0.0,0.0,0,0.0,0.0,0.0
selection,7,h65,1.4,union_t200_d3,0,0.0,0.0,0.0,0,0.0,0.0,0.0
selection,7,h65,1.4,sgmc_offcat,0,0.0,0.0,0.0,0,0.0,0.0,0.0
selection,7,h65,1.6,lappos_t200_d3,0,0.0,0.0,0.0,0,0.0,0.0,0.0
selection,7,h65,1.6,lapneg_t200_d3,0,0.0,0.0,0.0,0,0.0,0.0,0.0
selection,7,h65,1.6,step_t150_d3,0,0.0,0.0,0.0,0,0.0,0.0,0.0
selection,7,h65,1.6,cross_t200_d3,0,0.0,0.0,0.0,0,0.0,0.0,0.0
selection,7,h65,1.6,upface_t200_d3,0,0.0,0.0,0.0,0,0.0,0.0,0.0
selection,7,h65,1.6,union_t200_d3,0,0.0,0.0,0.0,0,0.0,0.0,0.0
selection,7,h65,1.6,sgmc_offcat,0,0.0,0.0,0.0,0,0.0,0.0,0.0
selection,7,h65,1.8,lappos_t200_d3,0,0.0,0.0,0.0,0,0.0,0.0,0.0
selection,7,h65,1.8,lapneg_t200_d3,0,0.0,0.0,0.0,0,0.0,0.0,0.0
selection,7,h65,1.8,step_t150_d3,0,0.0,0.0,0.0,0,0.0,0.0,0.0
selection,7,h65,1.8,cross_t200_d3,0,0.0,0.0,0.0,0,0.0,0.0,0.0
selection,7,h65,1.8,upface_t200_d3,0,0.0,0.0,0.0,0,0.0,0.0,0.0
selection,7,h65,1.8,union_t200_d3,0,0.0,0.0,0.0,0,0.0,0.0,0.0
selection,7,h65,1.8,sgmc_offcat,0,0.0,0.0,0.0,0,0.0,0.0,0.0
selection,7,h65,2.0,lappos_t200_d3,0,0.0,0.0,0.0,0,0.0,0.0,0.0
selection,7,h65,2.0,lapneg_t200_d3,0,0.0,0.0,0.0,0,0.0,0.0,0.0
selection,7,h65,2.0,step_t150_d3,0,0.0,0.0,0.0,0,0.0,0.0,0.0
selection,7,h65,2.0,cross_t200_d3,0,0.0,0.0,0.0,0,0.0,0.0,0.0
selection,7,h65,2.0,upface_t200_d3,0,0.0,0.0,0.0,0,0.0,0.0,0.0
selection,7,h65,2.0,union_t200_d3,0,0.0,0.0,0.0,0,0.0,0.0,0.0
selection,7,h65,2.0,sgmc_offcat,0,0.0,0.0,0.0,0,0.0,0.0,0.0
selection,7,h65,2.2,lappos_t200_d3,0,0.0,0.0,0.0,0,0.0,0.0,0.0
selection,7,h65,2.2,lapneg_t200_d3,0,0.0,0.0,0.0,0,0.0,0.0,0.0
selection,7,h65,2.2,step_t150_d3,0,0.0,0.0,0.0,0,0.0,0.0,0.0
selection,7,h65,2.2,cross_t200_d3,0,0.0,0.0,0.0,0,0.0,0.0,0.0
selection,7,h65,2.2,upface_t200_d3,0,0.0,0.0,0.0,0,0.0,0.0,0.0
selection,7,h65,2.2,union_t200_d3,0,0.0,0.0,0.0,0,0.0,0.0,0.0
selection,7,h65,2.2,sgmc_offcat,0,0.0,0.0,0.0,0,0.0,0.0,0.0
selection,7,h65,2.4,lappos_t200_d3,0,0.0,0.0,0.0,0,0.0,0.0,0.0
selection,7,h65,2.4,lapneg_t200_d3,0,0.0,0.0,0.0,0,0.0,0.0,0.0
selection,7,h65,2.4,step_t150_d3,0,0.0,0.0,0.0,0,0.0,0.0,0.0
selection,7,h65,2.4,cross_t200_d3,0,0.0,0.0,0.0,0,0.0,0.0,0.0
selection,7,h65,2.4,upface_t200_d3,0,0.0,0.0,0.0,0,0.0,0.0,0.0
selection,7,h65,2.4,union_t200_d3,0,0.0,0.0,0.0,0,0.0,0.0,0.0
selection,7,h65,2.4,sgmc_offcat,0,0.0,0.0,0.0,0,0.0,0.0,0.0
calibration,8,h65,1.4,lappos_t200_d3,768,14.666666666666668,722.0904753694224,1.3333333333333321,16,768.0,45.909524630577494,0.09157999283886231
calibration,8,h65,1.4,lapneg_t200_d3,768,46.0,641.3587823529978,3.0,49,768.0,126.64121764700228,0.26036985718005656
calibration,8,h65,1.4,step_t150_d3,768,40.333333333333336,649.1063258492851,2.6666666666666643,43,768.0,118.89367415071501,0.23410422833099884
calibration,8,h65,1.4,cross_t200_d3,768,1.6666666666666667,762.5165921588282,0.33333333333333326,2,768.0,5.483407841171816,0.0107919114252858
calibration,8,h65,1.4,upface_t200_d3,768,0.0,768.0,0.0,0,768.0,0.0,0.0
calibration,8,h65,1.4,union_t200_d3,768,60.66666666666667,604.8364456126876,4.333333333333329,65,768.0,163.16355438731236,0.3277496631926759
calibration,8,h65,1.4,sgmc_offcat,768,39.750055169052665,730.4510516516531,44.249944830947335,84,768.0,37.54894834834694,0.17966920718103752
calibration,8,h65,1.6,lappos_t200_d3,768,14.666666666666668,736.6365047797735,1.3333333333333321,16,768.0,31.363495220226454,0.08994609110035873
calibration,8,h65,1.6,lapneg_t200_d3,768,44.25245310429358,677.6908768935439,4.747546895706421,49,768.0,90.30912310645621,0.24104131299912376
calibration,8,h65,1.6,step_t150_d3,768,39.8619288125423,689.2639285765814,3.1380711874576974,43,768.0,78.73607142341865,0.22117847626765483
calibration,8,h65,1.6,cross_t200_d3,768,1.6666666666666667,763.6480906366664,0.33333333333333326,2,768.0,4.351909363333615,0.010776120919239778
calibration,8,h65,1.6,upface_t200_d3,768,0.0,768.0,0.0,0,768.0,0.0,0.0
calibration,8,h65,1.6,union_t200_d3,768,58.91911977096024,653.7240646106193,6.080880229039757,65,768.0,114.27593538938069,0.30288147142274774
calibration,8,h65,1.6,sgmc_offcat,768,54.359530877301395,725.710077465566,29.640469122698605,84,768.0,42.28992253443387,0.24353109551121016
calibration,8,h65,1.8,lappos_t200_d3,768,14.666666666666668,736.6365047797735,1.3333333333333321,16,768.0,31.363495220226454,0.08994609110035873
calibration,8,h65,1.8,lapneg_t200_d3,768,44.25245310429358,677.6908768935439,4.747546895706421,49,768.0,90.30912310645621,0.24104131299912376
calibration,8,h65,1.8,step_t150_d3,768,39.8619288125423,689.2639285765814,3.1380711874576974,43,768.0,78.73607142341865,0.22117847626765483
calibration,8,h65,1.8,cross_t200_d3,768,1.6666666666666667,763.6480906366664,0.33333333333333326,2,768.0,4.351909363333615,0.010776120919239778
calibration,8,h65,1.8,upface_t200_d3,768,0.0,768.0,0.0,0,768.0,0.0,0.0
calibration,8,h65,1.8,union_t200_d3,768,58.91911977096024,653.7240646106193,6.080880229039757,65,768.0,114.27593538938069,0.30288147142274774
calibration,8,h65,1.8,sgmc_offcat,768,54.359530877301395,725.710077465566,29.640469122698605,84,768.0,42.28992253443387,0.24353109551121016
calibration,8,h65,2.0,lappos_t200_d3,768,14.666666666666668,736.6365047797735,1.3333333333333321,16,768.0,31.363495220226454,0.08994609110035873
calibration,8,h65,2.0,lapneg_t200_d3,768,44.25245310429358,677.6908768935439,4.747546895706421,49,768.0,90.30912310645621,0.24104131299912376
calibration,8,h65,2.0,step_t150_d3,768,39.8619288125423,689.2639285765814,3.1380711874576974,43,768.0,78.73607142341865,0.22117847626765483
calibration,8,h65,2.0,cross_t200_d3,768,1.6666666666666667,763.6480906366664,0.33333333333333326,2,768.0,4.351909363333615,0.010776120919239778
calibration,8,h65,2.0,upface_t200_d3,768,0.0,768.0,0.0,0,768.0,0.0,0.0
calibration,8,h65,2.0,union_t200_d3,768,58.91911977096024,653.7240646106193,6.080880229039757,65,768.0,114.27593538938069,0.30288147142274774
calibration,8,h65,2.0,sgmc_offcat,768,54.359530877301395,725.710077465566,29.640469122698605,84,768.0,42.28992253443387,0.24353109551121016
calibration,8,h65,2.2,lappos_t200_d3,680,14.333333333333334,656.5312038459034,1.666666666666666,16,680.0,23.468796154096587,0.09752364284954787
calibration,8,h65,2.2,lapneg_t200_d3,680,43.723857625084605,609.4690031396312,5.276142374915395,49,680.0,70.53099686036872,0.2574436246773795
calibration,8,h65,2.2,step_t150_d3,680,39.25245310429357,616.9834043952529,3.747546895706428,43,680.0,63.01659560474704,0.23696422189928443
calibration,8,h65,2.2,cross_t200_d3,680,1.3333333333333335,677.0214983674153,0.6666666666666665,2,680.0,2.978501632584673,0.009713148882695257
calibration,8,h65,2.2,upface_t200_d3,680,0.0,680.0,0.0,0,680.0,0.0,0.0
calibration,8,h65,2.2,union_t200_d3,680,58.05719095841794,590.2639319760004,6.942809041582059,65,680.0,89.73606802399951,0.3195851637296417
calibration,8,h65,2.2,sgmc_offcat,680,55.18138529242809,640.4190094328549,28.81861470757191,84,680.0,39.5809905671451,0.26745523545055805
calibration,8,h65,2.4,lappos_t200_d3,454,14.0,437.3425110102281,2.0,16,454.0,16.65748898977187,0.13583199232444074
calibration,8,h65,2.4,lapneg_t200_d3,454,41.62366993183601,405.4172325937172,7.376330068163988,49,454.0,48.5827674062828,0.3236471410166762
calibration,8,h65,2.4,step_t150_d3,454,38.25245310429358,410.27373079549824,4.747546895706421,43,454.0,43.72626920450178,0.30822593870165055
calibration,8,h65,2.4,cross_t200_d3,454,1.195262145875635,451.8834271799576,0.804737854124365,2,454.0,2.116572820042372,0.012961585229879913
calibration,8,h65,2.4,upface_t200_d3,454,0.0,454.0,0.0,0,454.0,0.0,0.0
calibration,8,h65,2.4,union_t200_d3,454,55.62366993183602,391.7502485569107,9.37633006816398,65,454.0,62.24975144308921,0.3931702065766828
calibration,8,h65,2.4,sgmc_offcat,454,47.54967978255549,429.0124173844496,36.45032021744451,84,454.0,24.987582615550416,0.2925910521075066
selection,9,h65,1.4,lappos_t200_d3,1402,118.00000000000001,1161.253264142336,6.999999999999986,125,1402.0,240.74673585766396,0.33159978508422155
selection,9,h65,1.4,lapneg_t200_d3,1402,165.0,1094.6970150495804,12.0,177,1402.0,307.3029849504198,0.4192718663951473
selection,9,h65,1.4,step_t150_d3,1402,164.91911977096024,1088.9382861627923,20.080880229039764,185,1402.0,313.06171383720766,0.41356798956675084
selection,9,h65,1.4,cross_t200_d3,1402,29.66666666666667,1319.4322583448613,3.3333333333333286,33,1402.0,82.56774165513878,0.10015086151803013
selection,9,h65,1.4,upface_t200_d3,1402,8.333333333333334,1380.1348348793222,0.6666666666666661,9,1402.0,21.865165120677947,0.02925068288394788
selection,9,h65,1.4,union_t200_d3,1402,294.33333333333337,914.5102958403198,20.66666666666663,315,1402.0,487.4897041596802,0.5960955360948662
selection,9,h65,1.4,sgmc_offcat,1402,19.77301300546595,1386.6069674349023,147.22698699453406,167,1402.0,15.393032565097512,0.047660055515162426
selection,9,h65,1.6,lappos_t200_d3,1402,116.25245310429358,1223.9500062002242,8.74754689570642,125,1402.0,178.0499937997758,0.31586864944259846
selection,9,h65,1.6,lapneg_t200_d3,1402,162.91911977096024,1163.9934169991238,14.080880229039764,177,1402.0,238.00658300087636,0.40030988267818446
selection,9,h65,1.6,step_t150_d3,1402,164.09069264621405,1160.5195042049863,20.909307353785948,185,1402.0,241.4804957950136,0.39738903957868976
selection,9,h65,1.6,cross_t200_d3,1402,29.66666666666667,1346.9600290953517,3.3333333333333286,33,1402.0,55.039970904648264,0.09832341807951939
selection,9,h65,1.6,upface_t200_d3,1402,8.0,1386.7348155405361,1.0,9,1402.0,15.265184459463761,0.02795766173124663
selection,9,h65,1.6,union_t200_d3,1402,290.1715728752538,1023.9581452710281,24.828427124746213,315,1402.0,378.0418547289719,0.5636304395029005
selection,9,h65,1.6,sgmc_offcat,1402,31.35587710567781,1382.5453946700716,135.64412289432218,167,1402.0,19.454605329928444,0.0753058695212114
selection,9,h65,1.8,lappos_t200_d3,1402,116.25245310429358,1223.9500062002242,8.74754689570642,125,1402.0,178.0499937997758,0.31586864944259846
selection,9,h65,1.8,lapneg_t200_d3,1402,162.91911977096024,1163.9934169991238,14.080880229039764,177,1402.0,238.00658300087636,0.40030988267818446
selection,9,h65,1.8,step_t150_d3,1402,164.09069264621405,1160.5195042049863,20.909307353785948,185,1402.0,241.4804957950136,0.39738903957868976
selection,9,h65,1.8,cross_t200_d3,1402,29.66666666666667,1346.9600290953517,3.3333333333333286,33,1402.0,55.039970904648264,0.09832341807951939
selection,9,h65,1.8,upface_t200_d3,1402,8.0,1386.7348155405361,1.0,9,1402.0,15.265184459463761,0.02795766173124663
selection,9,h65,1.8,union_t200_d3,1402,290.1715728752538,1023.9581452710281,24.828427124746213,315,1402.0,378.0418547289719,0.5636304395029005
selection,9,h65,1.8,sgmc_offcat,1402,31.35587710567781,1382.5453946700716,135.64412289432218,167,1402.0,19.454605329928444,0.0753058695212114
selection,9,h65,2.0,lappos_t200_d3,1402,116.25245310429358,1223.9500062002242,8.74754689570642,125,1402.0,178.0499937997758,0.31586864944259846
selection,9,h65,2.0,lapneg_t200_d3,1402,162.91911977096024,1163.9934169991238,14.080880229039764,177,1402.0,238.00658300087636,0.40030988267818446
selection,9,h65,2.0,step_t150_d3,1402,164.09069264621405,1160.5195042049863,20.909307353785948,185,1402.0,241.4804957950136,0.39738903957868976
selection,9,h65,2.0,cross_t200_d3,1402,29.66666666666667,1346.9600290953517,3.3333333333333286,33,1402.0,55.039970904648264,0.09832341807951939
selection,9,h65,2.0,upface_t200_d3,1402,8.0,1386.7348155405361,1.0,9,1402.0,15.265184459463761,0.02795766173124663
selection,9,h65,2.0,union_t200_d3,1402,290.1715728752538,1023.9581452710281,24.828427124746213,315,1402.0,378.0418547289719,0.5636304395029005
selection,9,h65,2.0,sgmc_offcat,1402,31.35587710567781,1382.5453946700716,135.64412289432218,167,1402.0,19.454605329928444,0.0753058695212114
selection,9,h65,2.2,lappos_t200_d3,1402,111.50490620858716,1244.6374398000976,13.495093791412842,125,1402.0,157.36256019990236,0.30036733564200774
selection,9,h65,2.2,lapneg_t200_d3,1402,163.25245310429358,1184.7038118348296,13.74754689570642,177,1402.0,217.2961881651705,0.3970231660281136
selection,9,h65,2.2,step_t150_d3,1402,161.619288125423,1183.0739798580237,23.380711874577003,185,1402.0,218.92602014197632,0.3876332566703188
selection,9,h65,2.2,cross_t200_d3,1402,29.195262145875635,1356.549465905183,3.8047378541243653,33,1402.0,45.4505340948169,0.09617975146375661
selection,9,h65,2.2,upface_t200_d3,1402,8.0,1388.9278867832054,1.0,9,1402.0,13.072113216794623,0.027914873015554374
selection,9,h65,2.2,union_t200_d3,1402,285.4240259795474,1057.5523813507605,29.575974020452577,315,1402.0,344.44761864923953,0.5482647195259953
selection,9,h65,2.2,sgmc_offcat,1402,34.31068946764066,1381.3286341567805,132.68931053235934,167,1402.0,20.67136584321941,0.08233356195245506
selection,9,h65,2.4,lappos_t200_d3,1402,105.55917482959005,1283.2865622440167,19.44082517040995,125,1402.0,118.71343775598339,0.27942772868559623
selection,9,h65,2.4,lapneg_t200_d3,1402,154.06846284459016,1233.1412836066597,22.931537155409842,177,1402.0,168.8587163933401,0.3676683518333723
selection,9,h65,2.4,step_t150_d3,1402,155.02181573755507,1227.7289435773534,29.978184262444927,185,1402.0,174.2710564226464,0.3651437057725658
selection,9,h65,2.4,cross_t200_d3,1402,27.781048583502542,1369.9906016468944,5.2189514164974575,33,1402.0,32.00939835310548,0.09080129239981138
selection,9,h65,2.4,upface_t200_d3,1402,6.371216827542442,1394.1053009338702,2.628783172457558,9,1402.0,7.894699066129865,0.02217654360779682
selection,9,h65,2.4,union_t200_d3,1402,268.1941166475983,1135.260144023838,46.80588335240168,315,1402.0,266.7398559761622,0.5034704755545307
selection,9,h65,2.4,sgmc_offcat,1402,33.146006672146086,1384.095488516696,133.8539933278539,167,1402.0,17.904511483304155,0.07947762105401672
selection,10,h65,1.4,lappos_t200_d3,1396,146.0163851267938,1110.1560954804315,33.98361487320619,180,1396.0,285.84390451956847,0.3694424109223666
selection,10,h65,1.4,lapneg_t200_d3,1396,240.87612303612963,972.1019235533577,49.12387696387037,290,1396.0,423.89807644664234,0.5075397207789664
selection,10,h65,1.4,step_t150_d3,1396,247.68086089025394,971.7241340161956,57.31913910974606,305,1396.0,424.27586598380424,0.5076665445209353
selection,10,h65,1.4,cross_t200_d3,1396,54.0,1262.653814728634,7.0,61,1396.0,133.346185271366,0.1730044148496485
selection,10,h65,1.4,upface_t200_d3,1396,14.666666666666668,1362.190245599183,0.33333333333333215,15,1396.0,33.80975440081684,0.051037325085968484
selection,10,h65,1.4,union_t200_d3,1396,421.2258414962567,774.360631997131,89.77415850374331,511,1396.0,621.6393680028689,0.6501228550970424
selection,10,h65,1.4,sgmc_offcat,1396,33.384265552852376,1377.584009598489,182.61573444714762,216,1396.0,18.415990401510786,0.07337303539019996
selection,10,h65,1.6,lappos_t200_d3,1396,153.2622655214679,1163.9610540107665,26.737734478532104,180,1396.0,232.03894598923338,0.3761547986714043
selection,10,h65,1.6,lapneg_t200_d3,1396,257.23857625084605,1037.2711189363852,32.76142374915395,290,1396.0,358.72888106361484,0.5240121413153009
selection,10,h65,1.6,step_t150_d3,1396,265.8524337655078,1030.0514394850984,39.14756623449222,305,1396.0,365.9485605149017,0.5283437825110936
selection,10,h65,1.6,cross_t200_d3,1396,51.919119770960236,1310.3851971737572,9.080880229039764,61,1396.0,85.61480282624267,0.16161047201103587
selection,10,h65,1.6,upface_t200_d3,1396,14.666666666666668,1373.8987669018222,0.33333333333333215,15,1396.0,22.10123309817774,0.050624798600004586
selection,10,h65,1.6,union_t200_d3,1396,443.22469939739847,868.2008758532381,67.77530060260153,511,1396.0,527.7991241467619,0.6604597382021962
selection,10,h65,1.6,sgmc_offcat,1396,47.04289664148245,1370.9195338350291,168.95710335851754,216,1396.0,25.080466164970957,0.10307552835490591
selection,10,h65,1.8,lappos_t200_d3,1396,153.2622655214679,1163.9610540107665,26.737734478532104,180,1396.0,232.03894598923338,0.3761547986714043
selection,10,h65,1.8,lapneg_t200_d3,1396,257.23857625084605,1037.2711189363852,32.76142374915395,290,1396.0,358.72888106361484,0.5240121413153009
selection,10,h65,1.8,step_t150_d3,1396,265.8524337655078,1030.0514394850984,39.14756623449222,305,1396.0,365.9485605149017,0.5283437825110936
selection,10,h65,1.8,cross_t200_d3,1396,51.919119770960236,1310.3851971737572,9.080880229039764,61,1396.0,85.61480282624267,0.16161047201103587
selection,10,h65,1.8,upface_t200_d3,1396,14.666666666666668,1373.8987669018222,0.33333333333333215,15,1396.0,22.10123309817774,0.050624798600004586
selection,10,h65,1.8,union_t200_d3,1396,443.22469939739847,868.2008758532381,67.77530060260153,511,1396.0,527.7991241467619,0.6604597382021962
selection,10,h65,1.8,sgmc_offcat,1396,47.04289664148245,1370.9195338350291,168.95710335851754,216,1396.0,25.080466164970957,0.10307552835490591
selection,10,h65,2.0,lappos_t200_d3,1396,153.2622655214679,1163.9610540107665,26.737734478532104,180,1396.0,232.03894598923338,0.3761547986714043
selection,10,h65,2.0,lapneg_t200_d3,1396,257.23857625084605,1037.2711189363852,32.76142374915395,290,1396.0,358.72888106361484,0.5240121413153009
selection,10,h65,2.0,step_t150_d3,1396,265.8524337655078,1030.0514394850984,39.14756623449222,305,1396.0,365.9485605149017,0.5283437825110936
selection,10,h65,2.0,cross_t200_d3,1396,51.919119770960236,1310.3851971737572,9.080880229039764,61,1396.0,85.61480282624267,0.16161047201103587
selection,10,h65,2.0,upface_t200_d3,1396,14.666666666666668,1373.8987669018222,0.33333333333333215,15,1396.0,22.10123309817774,0.050624798600004586
selection,10,h65,2.0,union_t200_d3,1396,443.22469939739847,868.2008758532381,67.77530060260153,511,1396.0,527.7991241467619,0.6604597382021962
selection,10,h65,2.0,sgmc_offcat,1396,47.04289664148245,1370.9195338350291,168.95710335851754,216,1396.0,25.080466164970957,0.10307552835490591
selection,10,h65,2.2,lappos_t200_d3,1396,152.53840789638326,1187.698377824649,27.461592103616738,180,1396.0,208.30162217535093,0.3701963020794189
selection,10,h65,2.2,lapneg_t200_d3,1396,255.1241943340102,1064.2226949902124,34.87580566598979,290,1396.0,331.7773050097876,0.5144987888394008
selection,10,h65,2.2,step_t150_d3,1396,266.73586094546545,1059.0059378763406,38.26413905453455,305,1396.0,336.99406212365943,0.5238863208140606
selection,10,h65,2.2,cross_t200_d3,1396,50.78104858350254,1320.0904787688419,10.218951416497461,61,1396.0,75.90952123115835,0.15722937621781044
selection,10,h65,2.2,upface_t200_d3,1396,14.666666666666668,1375.994572788658,0.33333333333333215,15,1396.0,20.005427211342145,0.05055165971131022
selection,10,h65,2.2,union_t200_d3,1396,440.2483886680203,907.8985427331929,70.75161133197969,511,1396.0,488.101457266807,0.6489229351957402
selection,10,h65,2.2,sgmc_offcat,1396,57.72594843494291,1368.7792717443647,158.2740515650571,216,1396.0,27.22072825563516,0.12601138806927456
selection,10,h65,2.4,lappos_t200_d3,1396,141.17334971439152,1236.45750377841,38.82665028560848,180,1396.0,159.54249622158994,0.3365066581646646
selection,10,h65,2.4,lapneg_t200_d3,1396,240.95439829789404,1131.5005938077506,49.045601702105955,290,1396.0,264.49940619224935,0.4757328344413116
selection,10,h65,2.4,step_t150_d3,1396,261.70705843422206,1113.8535519754325,43.29294156577794,305,1396.0,282.14644802456746,0.5041436084840966
selection,10,h65,2.4,cross_t200_d3,1396,46.87393213292309,1342.2219704478416,14.126067867076912,61,1396.0,53.77802955215843,0.14351249078161468
selection,10,h65,2.4,upface_t200_d3,1396,14.666666666666668,1380.6568542494922,0.33333333333333215,15,1396.0,15.34314575050762,0.05038971217009403
selection,10,h65,2.4,union_t200_d3,1396,412.16344060328817,1007.3210854478084,98.83655939671183,511,1396.0,388.67891455219154,0.595012677988224
selection,10,h65,2.4,sgmc_offcat,1396,59.97328829861493,1369.2291778977403,156.02671170138507,216,1396.0,26.77082210225945,0.13076317765803325
selection,11,h65,1.4,lappos_t200_d3,1410,190.10926867621436,1045.9747203862607,48.890731323785644,239,1410.0,364.02527961373914,0.4336267899058035
selection,11,h65,1.4,lapneg_t200_d3,1410,179.22803239946322,1065.1445130229579,56.77196760053678,236,1410.0,344.8554869770421,0.40950073326035635
selection,11,h65,1.4,step_t150_d3,1410,204.3260291895053,1032.6064190972952,68.6739708104947,273,1410.0,377.3935809027048,0.43866886164905794
selection,11,h65,1.4,cross_t200_d3,1410,46.333333333333336,1292.6760445302577,4.666666666666664,51,1410.0,117.32395546974213,0.15013950659679418
selection,11,h65,1.4,upface_t200_d3,1410,11.666666666666668,1379.104255528941,0.33333333333333215,12,1410.0,30.895744471059015,0.04054386451202024
selection,11,h65,1.4,union_t200_d3,1410,391.3373010756775,809.8007325321707,107.66269892432251,499,1410.0,600.1992674678293,0.612011894641389
selection,11,h65,1.4,sgmc_offcat,1410,192.2911852161546,1263.913789253547,319.7088147838454,512,1410.0,146.08621074645285,0.2743720567391383
selection,11,h65,1.6,lappos_t200_d3,1410,198.32383828629884,1101.4219282778513,40.67616171370116,239,1410.0,308.5780717221486,0.43959705305881225
selection,11,h65,1.6,lapneg_t200_d3,1410,197.92893218813452,1109.3633677455261,38.071067811865476,236,1410.0,300.63663225447374,0.43958959081849674
selection,11,h65,1.6,step_t150_d3,1410,222.61928812542305,1080.514491057713,50.380711874576946,273,1410.0,329.48550894228697,0.46473247143912605
selection,11,h65,1.6,cross_t200_d3,1410,45.00000000000001,1332.1510027293243,5.999999999999993,51,1410.0,77.84899727067571,0.14230139917794862
selection,11,h65,1.6,upface_t200_d3,1410,11.666666666666668,1389.951576053827,0.33333333333333215,12,1410.0,20.0484239461728,0.040240479606450844
selection,11,h65,1.6,union_t200_d3,1410,416.7813659536423,886.0362965505108,82.21863404635769,499,1410.0,523.963703449489,0.6317132509186039
selection,11,h65,1.6,sgmc_offcat,1410,223.2091628882566,1273.344387942714,288.7908371117434,512,1410.0,136.65561205728596,0.314862167671198
selection,11,h65,1.8,lappos_t200_d3,1410,198.32383828629884,1101.4219282778513,40.67616171370116,239,1410.0,308.5780717221486,0.43959705305881225
selection,11,h65,1.8,lapneg_t200_d3,1410,197.92893218813452,1109.3633677455261,38.071067811865476,236,1410.0,300.63663225447374,0.43958959081849674
selection,11,h65,1.8,step_t150_d3,1410,222.61928812542305,1080.514491057713,50.380711874576946,273,1410.0,329.48550894228697,0.46473247143912605
selection,11,h65,1.8,cross_t200_d3,1410,45.00000000000001,1332.1510027293243,5.999999999999993,51,1410.0,77.84899727067571,0.14230139917794862
selection,11,h65,1.8,upface_t200_d3,1410,11.666666666666668,1389.951576053827,0.33333333333333215,12,1410.0,20.0484239461728,0.040240479606450844
selection,11,h65,1.8,union_t200_d3,1410,416.7813659536423,886.0362965505108,82.21863404635769,499,1410.0,523.963703449489,0.6317132509186039
selection,11,h65,1.8,sgmc_offcat,1410,223.2091628882566,1273.344387942714,288.7908371117434,512,1410.0,136.65561205728596,0.314862167671198
selection,11,h65,2.0,lappos_t200_d3,1410,198.32383828629884,1101.4219282778513,40.67616171370116,239,1410.0,308.5780717221486,0.43959705305881225
selection,11,h65,2.0,lapneg_t200_d3,1410,197.92893218813452,1109.3633677455261,38.071067811865476,236,1410.0,300.63663225447374,0.43958959081849674
selection,11,h65,2.0,step_t150_d3,1410,222.61928812542305,1080.514491057713,50.380711874576946,273,1410.0,329.48550894228697,0.46473247143912605
selection,11,h65,2.0,cross_t200_d3,1410,45.00000000000001,1332.1510027293243,5.999999999999993,51,1410.0,77.84899727067571,0.14230139917794862
selection,11,h65,2.0,upface_t200_d3,1410,11.666666666666668,1389.951576053827,0.33333333333333215,12,1410.0,20.0484239461728,0.040240479606450844
selection,11,h65,2.0,union_t200_d3,1410,416.7813659536423,886.0362965505108,82.21863404635769,499,1410.0,523.963703449489,0.6317132509186039
selection,11,h65,2.0,sgmc_offcat,1410,223.2091628882566,1273.344387942714,288.7908371117434,512,1410.0,136.65561205728596,0.314862167671198
selection,11,h65,2.2,lappos_t200_d3,1410,200.34314575050763,1125.409193523262,38.65685424949237,239,1410.0,284.59080647673795,0.43901159276179796
selection,11,h65,2.2,lapneg_t200_d3,1410,195.45752766734353,1136.9757623917708,40.54247233265647,236,1410.0,273.0242376082291,0.4293065132215393
selection,11,h65,2.2,step_t150_d3,1410,228.34314575050763,1100.9418534387441,44.65685424949237,273,1410.0,309.05814656125574,0.47153297903172503
selection,11,h65,2.2,cross_t200_d3,1410,44.25245310429357,1344.5112650408341,6.747546895706428,51,1410.0,65.48873495916575,0.13891719342975792
selection,11,h65,2.2,upface_t200_d3,1410,11.666666666666668,1392.716239510536,0.33333333333333215,12,1410.0,17.28376048946404,0.040163880396300936
selection,11,h65,2.2,union_t200_d3,1410,415.91505533468694,928.4986200883362,83.08494466531306,499,1410.0,481.5013799116638,0.622550222439165
selection,11,h65,2.2,sgmc_offcat,1410,240.50680363058734,1277.5137699147613,271.49319636941266,512,1410.0,132.48623008523867,0.3372201571336903
selection,11,h65,2.4,lappos_t200_d3,1410,184.65894845876983,1194.623335471601,54.34105154123017,239,1410.0,215.37666452839886,0.3953675102351679
selection,11,h65,2.4,lapneg_t200_d3,1410,185.08808767893876,1193.740318956293,50.91191232106124,236,1410.0,216.25968104370685,0.3984110215593809
selection,11,h65,2.4,step_t150_d3,1410,222.07608435855798,1156.1567234218728,50.92391564144202,273,1410.0,253.84327657812725,0.4495043618137732
selection,11,h65,2.4,cross_t200_d3,1410,41.22876383367174,1361.0653232303835,9.771236166328258,51,1410.0,48.934676769616416,0.12833504202530102
selection,11,h65,2.4,upface_t200_d3,1410,11.666666666666668,1397.7355435753257,0.33333333333333215,12,1410.0,12.264456424674355,0.040025555693131036
selection,11,h65,2.4,union_t200_d3,1410,388.58527567962904,1029.6592214504617,110.41472432037096,499,1410.0,380.34077854953813,0.5690648048290937
selection,11,h65,2.4,sgmc_offcat,1410,252.99198831089683,1286.9323652835474,259.00801168910317,512,1410.0,123.06763471645256,0.3525603710923347
selection,12,h65,1.4,lappos_t200_d3,1091,170.54717150920925,755.3433288471089,121.45282849079075,292,1091.0,335.6566711528911,0.40724949915047315
selection,12,h65,1.4,lapneg_t200_d3,1091,169.8138188370901,745.5673935042278,110.18618116290989,280,1091.0,345.4326064957721,0.417154825365002
selection,12,h65,1.4,step_t150_d3,1091,168.2258414962567,790.4751378962485,131.7741585037433,300,1091.0,300.5248621037515,0.38964600262422144
selection,12,h65,1.4,cross_t200_d3,1091,90.66666666666666,880.6768760578146,13.333333333333343,104,1091.0,210.3231239421854,0.3267635732408934
selection,12,h65,1.4,upface_t200_d3,1091,30.666666666666668,1014.8274818131653,2.333333333333332,33,1091.0,76.17251818683475,0.13022003848706087
selection,12,h65,1.4,union_t200_d3,1091,429.0276570129661,494.3437327129202,241.97234298703393,671,1091.0,596.6562672870798,0.5946541271504152
selection,12,h65,1.4,sgmc_offcat,1091,228.1518684370713,948.6551775037029,816.8481315629288,1045,1091.0,142.34482249629713,0.21295509291300463
selection,12,h65,1.6,lappos_t200_d3,1091,202.96681568234362,799.4608537775705,89.03318431765638,292,1091.0,291.5391462224295,0.46757332330924684
selection,12,h65,1.6,lapneg_t200_d3,1091,185.05677689434913,807.313701607147,94.94322310565087,280,1091.0,283.6862983928529,0.43803106220653804
selection,12,h65,1.6,step_t150_d3,1091,200.56679634355783,809.3362453794916,99.43320365644217,300,1091.0,281.6637546205085,0.45379094140523124
selection,12,h65,1.6,cross_t200_d3,1091,85.56209716700509,944.7867794743083,18.437902832994908,104,1091.0,146.21322052569155,0.29578650956502145
selection,12,h65,1.6,upface_t200_d3,1091,30.861928812542303,1040.7345015698156,2.1380711874576974,33,1091.0,50.265498430184365,0.12820713003750756
selection,12,h65,1.6,union_t200_d3,1091,471.7237609311556,570.3891512254255,199.2762390688444,671,1091.0,520.6108487745745,0.632997136764346
selection,12,h65,1.6,sgmc_offcat,1091,284.80862599263463,935.6551775037029,760.1913740073653,1045,1091.0,155.34482249629713,0.26368904260430853
selection,12,h65,1.8,lappos_t200_d3,1091,202.96681568234362,799.4608537775705,89.03318431765638,292,1091.0,291.5391462224295,0.46757332330924684
selection,12,h65,1.8,lapneg_t200_d3,1091,185.05677689434913,807.313701607147,94.94322310565087,280,1091.0,283.6862983928529,0.43803106220653804
selection,12,h65,1.8,step_t150_d3,1091,200.56679634355783,809.3362453794916,99.43320365644217,300,1091.0,281.6637546205085,0.45379094140523124
selection,12,h65,1.8,cross_t200_d3,1091,85.56209716700509,944.7867794743083,18.437902832994908,104,1091.0,146.21322052569155,0.29578650956502145
selection,12,h65,1.8,upface_t200_d3,1091,30.861928812542303,1040.7345015698156,2.1380711874576974,33,1091.0,50.265498430184365,0.12820713003750756
selection,12,h65,1.8,union_t200_d3,1091,471.7237609311556,570.3891512254255,199.2762390688444,671,1091.0,520.6108487745745,0.632997136764346
selection,12,h65,1.8,sgmc_offcat,1091,284.80862599263463,935.6551775037029,760.1913740073653,1045,1091.0,155.34482249629713,0.26368904260430853
selection,12,h65,2.0,lappos_t200_d3,1091,202.96681568234362,799.4608537775705,89.03318431765638,292,1091.0,291.5391462224295,0.46757332330924684
selection,12,h65,2.0,lapneg_t200_d3,1091,185.05677689434913,807.313701607147,94.94322310565087,280,1091.0,283.6862983928529,0.43803106220653804
selection,12,h65,2.0,step_t150_d3,1091,200.56679634355783,809.3362453794916,99.43320365644217,300,1091.0,281.6637546205085,0.45379094140523124
selection,12,h65,2.0,cross_t200_d3,1091,85.56209716700509,944.7867794743083,18.437902832994908,104,1091.0,146.21322052569155,0.29578650956502145
selection,12,h65,2.0,upface_t200_d3,1091,30.861928812542303,1040.7345015698156,2.1380711874576974,33,1091.0,50.265498430184365,0.12820713003750756
selection,12,h65,2.0,union_t200_d3,1091,471.7237609311556,570.3891512254255,199.2762390688444,671,1091.0,520.6108487745745,0.632997136764346
selection,12,h65,2.0,sgmc_offcat,1091,284.80862599263463,935.6551775037029,760.1913740073653,1045,1091.0,155.34482249629713,0.26368904260430853
selection,12,h65,2.2,lappos_t200_d3,1091,215.31215233605775,806.7993037509445,76.68784766394225,292,1091.0,284.20069624905545,0.49155523966060644
selection,12,h65,2.2,lapneg_t200_d3,1091,191.64037242876955,824.9359120699851,88.35962757123045,280,1091.0,266.06408793001486,0.4484753804934429
selection,12,h65,2.2,step_t150_d3,1091,214.04039176755538,814.7479540679375,85.95960823244462,300,1091.0,276.25204593206246,0.4801720902917742
selection,12,h65,2.2,cross_t200_d3,1091,84.61928812542303,962.9488573025276,19.380711874576974,104,1091.0,128.0511426974723,0.28908557619870806
selection,12,h65,2.2,upface_t200_d3,1091,30.861928812542303,1047.7352330040242,2.1380711874576974,33,1091.0,43.26476699597581,0.12746572429689237
selection,12,h65,2.2,union_t200_d3,1091,490.238479556917,589.6190639567938,180.761520443083,671,1091.0,501.38093604320625,0.6512447321521888
selection,12,h65,2.2,sgmc_offcat,1091,316.2060403641451,926.8861322405812,728.7939596358549,1045,1091.0,164.11386775941884,0.2915366642314233
selection,12,h65,2.4,lappos_t200_d3,1091,228.9536668636855,836.4790055452445,63.0463331363145,292,1091.0,254.52099445475545,0.5125600374976621
selection,12,h65,2.4,lapneg_t200_d3,1091,200.12012649831775,866.632002390498,79.87987350168225,280,1091.0,224.36799760950194,0.4575738691517979
selection,12,h65,2.4,step_t150_d3,1091,232.91651480368495,836.4207623830591,67.08348519631505,300,1091.0,254.57923761694082,0.5131817935243781
selection,12,h65,2.4,cross_t200_d3,1091,82.5955988548012,997.0821224212461,21.404401145198804,104,1091.0,93.91787757875383,0.27611429146759614
selection,12,h65,2.4,upface_t200_d3,1091,28.978501632584674,1059.0576050224868,4.021498367415326,33,1091.0,31.94239497751326,0.11876083615276706
selection,12,h65,2.4,union_t200_d3,1091,507.84315599526485,641.724665263708,163.15684400473515,671,1091.0,449.27533473629205,0.6623635992286745
selection,12,h65,2.4,sgmc_offcat,1091,333.85329947325476,935.7612064723623,711.1467005267452,1045,1091.0,155.23879352763757,0.30630909682603713
selection,13,h65,1.4,lappos_t200_d3,929,169.2043431288414,637.7315587428864,157.7956568711586,327,929.0,291.2684412571137,0.400022390700102
selection,13,h65,1.4,lapneg_t200_d3,929,213.3380325098861,579.2354229459634,128.6619674901139,342,929.0,349.7645770540366,0.4937069646282273
selection,13,h65,1.4,step_t150_d3,929,230.10707777300786,568.1061085724934,181.89292222699214,412,929.0,360.8938914275065,0.47033324621386297
selection,13,h65,1.4,cross_t200_d3,929,90.66666666666666,746.0826365786631,8.333333333333343,99,929.0,182.9173634213368,0.3677417072067194
selection,13,h65,1.4,upface_t200_d3,929,23.666666666666668,877.4886211751416,2.333333333333332,26,929.0,51.51137882485844,0.1177264197529209
selection,13,h65,1.4,union_t200_d3,929,439.8757089720608,380.94904729096663,293.1242910279392,733,929.0,548.0509527090334,0.5860594852423617
selection,13,h65,1.4,sgmc_offcat,929,211.87906586305888,773.5488277654844,821.1209341369411,1033,929.0,155.45117223451555,0.2070171483284199
selection,13,h65,1.6,lappos_t200_d3,929,193.35003583026685,662.7077761777546,133.64996416973315,327,929.0,266.29222382224543,0.44673029241038986
selection,13,h65,1.6,lapneg_t200_d3,929,238.9573206353091,606.3406271859045,103.04267936469091,342,929.0,322.6593728140955,0.5398218546909598
selection,13,h65,1.6,step_t150_d3,929,263.94312641172183,589.3260154988293,148.05687358827817,412,929.0,339.6739845011707,0.5276184037718405
selection,13,h65,1.6,cross_t200_d3,929,84.70016835446279,796.031510971286,14.29983164553721,99,929.0,132.96848902871398,0.3317070051837095
selection,13,h65,1.6,upface_t200_d3,929,23.000000000000004,889.0619902283188,2.9999999999999964,26,929.0,39.93800977168112,0.11318207068661022
selection,13,h65,1.6,union_t200_d3,929,484.6741914867054,415.1136401913705,248.3258085132946,733,929.0,513.8863598086295,0.6324387110891375
selection,13,h65,1.6,sgmc_offcat,929,226.03425021209978,797.515643447828,806.9657497879002,1033,929.0,131.4843565521719,0.2192144920273846
selection,13,h65,1.8,lappos_t200_d3,929,193.35003583026685,662.7077761777546,133.64996416973315,327,929.0,266.29222382224543,0.44673029241038986
selection,13,h65,1.8,lapneg_t200_d3,929,238.9573206353091,606.3406271859045,103.04267936469091,342,929.0,322.6593728140955,0.5398218546909598
selection,13,h65,1.8,step_t150_d3,929,263.94312641172183,589.3260154988293,148.05687358827817,412,929.0,339.6739845011707,0.5276184037718405
selection,13,h65,1.8,cross_t200_d3,929,84.70016835446279,796.031510971286,14.29983164553721,99,929.0,132.96848902871398,0.3317070051837095
selection,13,h65,1.8,upface_t200_d3,929,23.000000000000004,889.0619902283188,2.9999999999999964,26,929.0,39.93800977168112,0.11318207068661022
selection,13,h65,1.8,union_t200_d3,929,484.6741914867054,415.1136401913705,248.3258085132946,733,929.0,513.8863598086295,0.6324387110891375
selection,13,h65,1.8,sgmc_offcat,929,226.03425021209978,797.515643447828,806.9657497879002,1033,929.0,131.4843565521719,0.2192144920273846
selection,13,h65,2.0,lappos_t200_d3,929,193.35003583026685,662.7077761777546,133.64996416973315,327,929.0,266.29222382224543,0.44673029241038986
selection,13,h65,2.0,lapneg_t200_d3,929,238.9573206353091,606.3406271859045,103.04267936469091,342,929.0,322.6593728140955,0.5398218546909598
selection,13,h65,2.0,step_t150_d3,929,263.94312641172183,589.3260154988293,148.05687358827817,412,929.0,339.6739845011707,0.5276184037718405
selection,13,h65,2.0,cross_t200_d3,929,84.70016835446279,796.031510971286,14.29983164553721,99,929.0,132.96848902871398,0.3317070051837095
selection,13,h65,2.0,upface_t200_d3,929,23.000000000000004,889.0619902283188,2.9999999999999964,26,929.0,39.93800977168112,0.11318207068661022
selection,13,h65,2.0,union_t200_d3,929,484.6741914867054,415.1136401913705,248.3258085132946,733,929.0,513.8863598086295,0.6324387110891375
selection,13,h65,2.0,sgmc_offcat,929,226.03425021209978,797.515643447828,806.9657497879002,1033,929.0,131.4843565521719,0.2192144920273846
selection,13,h65,2.2,lappos_t200_d3,929,199.52891284934873,675.3744428444213,127.47108715065127,327,929.0,253.62555715557875,0.4570264467478772
selection,13,h65,2.2,lapneg_t200_d3,929,246.27865064826165,622.1654005390271,95.72134935173835,342,929.0,306.83459946097287,0.5506032009106512
selection,13,h65,2.2,step_t150_d3,929,279.0240066407616,591.9985268403261,132.97599335923837,412,929.0,337.00147315967394,0.5538338838421826
selection,13,h65,2.2,cross_t200_d3,929,82.75735931288072,814.9550125486593,16.242640687119277,99,929.0,114.04498745134076,0.3198445076079767
selection,13,h65,2.2,upface_t200_d3,929,23.000000000000004,897.1206406557347,2.9999999999999964,26,929.0,31.87935934426523,0.11229145809068553
selection,13,h65,2.2,union_t200_d3,929,497.17439851873985,436.6368084592373,235.82560148126015,733,929.0,492.3631915407627,0.6430401950583039
selection,13,h65,2.2,sgmc_offcat,929,241.3001661057721,805.2966920313306,791.6998338942279,1033,929.0,123.70330796866936,0.23297832667416288
selection,13,h65,2.4,lappos_t200_d3,929,217.5350714948994,691.503008786587,109.4649285051006,327,929.0,237.49699121341303,0.4905984101709239
selection,13,h65,2.4,lapneg_t200_d3,929,247.4556507348576,660.6603908376726,94.54434926514239,342,929.0,268.33960916232735,0.5435919044002127
selection,13,h65,2.4,step_t150_d3,929,300.70883527335974,609.6764551949075,111.29116472664026,412,929.0,319.32354480509247,0.5876926286156056
selection,13,h65,2.4,cross_t200_d3,929,80.4575276673435,839.6219897866272,18.5424723326565,99,929.0,89.37801021337262,0.3056712250297488
selection,13,h65,2.4,upface_t200_d3,929,22.723857625084605,905.0331843176564,3.276142374915395,26,929.0,23.96681568234363,0.11012213486954611
selection,13,h65,2.4,union_t200_d3,929,511.8216576278495,474.84876290378907,221.1783423721505,733,929.0,454.151237096211,0.6530552492322268
selection,13,h65,2.4,sgmc_offcat,929,247.77658037441734,819.81871480092,785.2234196255827,1033,929.0,109.1812851990799,0.2382652555712624
selection,14,h65,1.4,lappos_t200_d3,927,21.333333333333332,857.3772548902306,1.6666666666666679,23,927.0,69.62274510976935,0.10988513771326017
selection,14,h65,1.4,lapneg_t200_d3,927,32.333333333333336,816.3368699215135,4.666666666666664,37,927.0,110.66313007848639,0.1622067822823514
selection,14,h65,1.4,step_t150_d3,927,35.666666666666664,813.6793741329034,2.3333333333333357,38,927.0,113.32062586709657,0.17809361206534965
selection,14,h65,1.4,cross_t200_d3,927,6.333333333333334,902.8882230504394,0.6666666666666661,7,927.0,24.11177694956057,0.03378781297866314
selection,14,h65,1.4,upface_t200_d3,927,4.666666666666667,909.7220807859469,0.33333333333333304,5,927.0,17.277919214053092,0.024971761910602987
selection,14,h65,1.4,union_t200_d3,927,65.33333333333334,753.0029018479007,6.666666666666657,72,927.0,173.99709815209923,0.29526888506291443
selection,14,h65,1.4,sgmc_offcat,927,214.40169948399446,682.6657179556665,124.59830051600554,339,927.0,244.33428204433343,0.4757995651271625
selection,14,h65,1.6,lappos_t200_d3,927,21.333333333333332,884.452928584139,1.6666666666666679,23,927.0,42.54707141586105,0.10690332262310562
selection,14,h65,1.6,lapneg_t200_d3,927,31.66666666666667,862.7801032719215,5.333333333333329,37,927.0,64.2198967280784,0.15188625251595364
selection,14,h65,1.6,step_t150_d3,927,34.333333333333336,859.9167149903813,3.6666666666666643,38,927.0,67.08328500961866,0.16407804897281245
selection,14,h65,1.6,cross_t200_d3,927,5.666666666666667,914.0932976134893,1.333333333333333,7,927.0,12.90670238651065,0.02989505191312123
selection,14,h65,1.6,upface_t200_d3,927,4.333333333333334,917.9508446196187,0.6666666666666661,5,927.0,9.049155380381347,0.02299377106568414
selection,14,h65,1.6,union_t200_d3,927,63.33333333333334,821.2974302643775,8.666666666666657,72,927.0,105.70256973562255,0.27004806329241315
selection,14,h65,1.6,sgmc_offcat,927,237.83011066937402,720.1134332058358,101.16988933062598,339,927.0,206.88656679416425,0.5139064678109527
selection,14,h65,1.8,lappos_t200_d3,927,21.333333333333332,884.452928584139,1.6666666666666679,23,927.0,42.54707141586105,0.10690332262310562
selection,14,h65,1.8,lapneg_t200_d3,927,31.66666666666667,862.7801032719215,5.333333333333329,37,927.0,64.2198967280784,0.15188625251595364
selection,14,h65,1.8,step_t150_d3,927,34.333333333333336,859.9167149903813,3.6666666666666643,38,927.0,67.08328500961866,0.16407804897281245
selection,14,h65,1.8,cross_t200_d3,927,5.666666666666667,914.0932976134893,1.333333333333333,7,927.0,12.90670238651065,0.02989505191312123
selection,14,h65,1.8,upface_t200_d3,927,4.333333333333334,917.9508446196187,0.6666666666666661,5,927.0,9.049155380381347,0.02299377106568414
selection,14,h65,1.8,union_t200_d3,927,63.33333333333334,821.2974302643775,8.666666666666657,72,927.0,105.70256973562255,0.27004806329241315
selection,14,h65,1.8,sgmc_offcat,927,237.83011066937402,720.1134332058358,101.16988933062598,339,927.0,206.88656679416425,0.5139064678109527
selection,14,h65,2.0,lappos_t200_d3,927,21.333333333333332,884.452928584139,1.6666666666666679,23,927.0,42.54707141586105,0.10690332262310562
selection,14,h65,2.0,lapneg_t200_d3,927,31.66666666666667,862.7801032719215,5.333333333333329,37,927.0,64.2198967280784,0.15188625251595364
selection,14,h65,2.0,step_t150_d3,927,34.333333333333336,859.9167149903813,3.6666666666666643,38,927.0,67.08328500961866,0.16407804897281245
selection,14,h65,2.0,cross_t200_d3,927,5.666666666666667,914.0932976134893,1.333333333333333,7,927.0,12.90670238651065,0.02989505191312123
selection,14,h65,2.0,upface_t200_d3,927,4.333333333333334,917.9508446196187,0.6666666666666661,5,927.0,9.049155380381347,0.02299377106568414
selection,14,h65,2.0,union_t200_d3,927,63.33333333333334,821.2974302643775,8.666666666666657,72,927.0,105.70256973562255,0.27004806329241315
selection,14,h65,2.0,sgmc_offcat,927,237.83011066937402,720.1134332058358,101.16988933062598,339,927.0,206.88656679416425,0.5139064678109527
selection,14,h65,2.2,lappos_t200_d3,712,20.666666666666668,678.136711811808,2.333333333333332,23,712.0,33.86328818819205,0.13066880610974194
selection,14,h65,2.2,lapneg_t200_d3,712,30.861928812542306,658.4995790905932,6.138071187457694,37,712.0,53.5004209094068,0.18428079462253102
selection,14,h65,2.2,step_t150_d3,712,33.19526214587564,657.0194109569761,4.804737854124362,38,712.0,54.980589043023826,0.1970712646431275
selection,14,h65,2.2,cross_t200_d3,712,5.528595479208969,702.2291778977406,1.4714045207910313,7,712.0,9.77082210225945,0.03757075819827237
selection,14,h65,2.2,upface_t200_d3,712,4.333333333333334,704.3198705439546,0.6666666666666661,5,712.0,7.680129456045402,0.029735224591581417
selection,14,h65,2.2,union_t200_d3,712,61.58578643762691,625.6241908880912,10.414213562373092,72,712.0,86.3758091119087,0.3157565440753129
selection,14,h65,2.2,sgmc_offcat,712,225.78273212813036,553.9487504103412,113.21726787186964,339,712.0,158.0512495896588,0.5285840799138539
selection,14,h65,2.4,lappos_t200_d3,457,19.921310674166737,434.45251112065097,3.0786893258332633,23,457.0,22.54748887934899,0.1823047690016131
selection,14,h65,2.4,lapneg_t200_d3,457,29.092883549420552,422.0055273046903,7.907116450579448,37,457.0,34.99447269530965,0.24280554765571602
selection,14,h65,2.4,step_t150_d3,457,31.290336598502684,421.0219124314841,6.709663401497316,38,457.0,35.978087568515875,0.25889212612129064
selection,14,h65,2.4,cross_t200_d3,457,5.528595479208969,450.3384465739549,1.4714045207910313,7,457.0,6.6615534260451215,0.05712928344685097
selection,14,h65,2.4,upface_t200_d3,457,4.195262145875635,452.15956955487303,0.8047378541243653,5,457.0,4.840430445126975,0.0440350539837822
selection,14,h65,2.4,union_t200_d3,457,58.187958002047594,399.73887997680947,13.812041997952406,72,457.0,57.26112002319051,0.39003797047785344
selection,14,h65,2.4,sgmc_offcat,457,193.74328567215588,357.5676244716954,145.25671432784412,339,457.0,99.43237552830456,0.5078964437359168
selection,15,h65,1.4,lappos_t200_d3,0,0.0,0.0,0.0,0,0.0,0.0,0.0
selection,15,h65,1.4,lapneg_t200_d3,0,0.0,0.0,0.0,0,0.0,0.0,0.0
selection,15,h65,1.4,step_t150_d3,0,0.0,0.0,0.0,0,0.0,0.0,0.0
selection,15,h65,1.4,cross_t200_d3,0,0.0,0.0,0.0,0,0.0,0.0,0.0
selection,15,h65,1.4,upface_t200_d3,0,0.0,0.0,0.0,0,0.0,0.0,0.0
selection,15,h65,1.4,union_t200_d3,0,0.0,0.0,0.0,0,0.0,0.0,0.0
selection,15,h65,1.4,sgmc_offcat,0,0.0,0.0,0.0,0,0.0,0.0,0.0
selection,15,h65,1.6,lappos_t200_d3,0,0.0,0.0,0.0,0,0.0,0.0,0.0
selection,15,h65,1.6,lapneg_t200_d3,0,0.0,0.0,0.0,0,0.0,0.0,0.0
selection,15,h65,1.6,step_t150_d3,0,0.0,0.0,0.0,0,0.0,0.0,0.0
selection,15,h65,1.6,cross_t200_d3,0,0.0,0.0,0.0,0,0.0,0.0,0.0
selection,15,h65,1.6,upface_t200_d3,0,0.0,0.0,0.0,0,0.0,0.0,0.0
selection,15,h65,1.6,union_t200_d3,0,0.0,0.0,0.0,0,0.0,0.0,0.0
selection,15,h65,1.6,sgmc_offcat,0,0.0,0.0,0.0,0,0.0,0.0,0.0
selection,15,h65,1.8,lappos_t200_d3,0,0.0,0.0,0.0,0,0.0,0.0,0.0
selection,15,h65,1.8,lapneg_t200_d3,0,0.0,0.0,0.0,0,0.0,0.0,0.0
selection,15,h65,1.8,step_t150_d3,0,0.0,0.0,0.0,0,0.0,0.0,0.0
selection,15,h65,1.8,cross_t200_d3,0,0.0,0.0,0.0,0,0.0,0.0,0.0
selection,15,h65,1.8,upface_t200_d3,0,0.0,0.0,0.0,0,0.0,0.0,0.0
selection,15,h65,1.8,union_t200_d3,0,0.0,0.0,0.0,0,0.0,0.0,0.0
selection,15,h65,1.8,sgmc_offcat,0,0.0,0.0,0.0,0,0.0,0.0,0.0
selection,15,h65,2.0,lappos_t200_d3,0,0.0,0.0,0.0,0,0.0,0.0,0.0
selection,15,h65,2.0,lapneg_t200_d3,0,0.0,0.0,0.0,0,0.0,0.0,0.0
selection,15,h65,2.0,step_t150_d3,0,0.0,0.0,0.0,0,0.0,0.0,0.0
selection,15,h65,2.0,cross_t200_d3,0,0.0,0.0,0.0,0,0.0,0.0,0.0
selection,15,h65,2.0,upface_t200_d3,0,0.0,0.0,0.0,0,0.0,0.0,0.0
selection,15,h65,2.0,union_t200_d3,0,0.0,0.0,0.0,0,0.0,0.0,0.0
selection,15,h65,2.0,sgmc_offcat,0,0.0,0.0,0.0,0,0.0,0.0,0.0
selection,15,h65,2.2,lappos_t200_d3,0,0.0,0.0,0.0,0,0.0,0.0,0.0
selection,15,h65,2.2,lapneg_t200_d3,0,0.0,0.0,0.0,0,0.0,0.0,0.0
selection,15,h65,2.2,step_t150_d3,0,0.0,0.0,0.0,0,0.0,0.0,0.0
selection,15,h65,2.2,cross_t200_d3,0,0.0,0.0,0.0,0,0.0,0.0,0.0
selection,15,h65,2.2,upface_t200_d3,0,0.0,0.0,0.0,0,0.0,0.0,0.0
selection,15,h65,2.2,union_t200_d3,0,0.0,0.0,0.0,0,0.0,0.0,0.0
selection,15,h65,2.2,sgmc_offcat,0,0.0,0.0,0.0,0,0.0,0.0,0.0
selection,15,h65,2.4,lappos_t200_d3,0,0.0,0.0,0.0,0,0.0,0.0,0.0
selection,15,h65,2.4,lapneg_t200_d3,0,0.0,0.0,0.0,0,0.0,0.0,0.0
selection,15,h65,2.4,step_t150_d3,0,0.0,0.0,0.0,0,0.0,0.0,0.0
selection,15,h65,2.4,cross_t200_d3,0,0.0,0.0,0.0,0,0.0,0.0,0.0
selection,15,h65,2.4,upface_t200_d3,0,0.0,0.0,0.0,0,0.0,0.0,0.0
selection,15,h65,2.4,union_t200_d3,0,0.0,0.0,0.0,0,0.0,0.0,0.0
selection,15,h65,2.4,sgmc_offcat,0,0.0,0.0,0.0,0,0.0,0.0,0.0
calibration,16,h65,1.4,lappos_t200_d3,623,13.333333333333334,579.7742551976723,0.6666666666666661,14,623.0,43.22574480232764,0.10270511059274376
calibration,16,h65,1.4,lapneg_t200_d3,623,19.333333333333336,564.0376662174176,1.6666666666666643,21,623.0,58.962333782582434,0.14484696927456886
calibration,16,h65,1.4,step_t150_d3,623,25.0,548.7360577327427,2.0,27,623.0,74.26394226725735,0.183355418247515
calibration,16,h65,1.4,cross_t200_d3,623,3.0,613.0331843176564,0.0,3,623.0,9.966815682343633,0.023884088252911405
calibration,16,h65,1.4,upface_t200_d3,623,1.0,619.5715922140396,0.0,1,623.0,3.428407785960378,0.008005487380999021
calibration,16,h65,1.4,union_t200_d3,623,30.0,540.8420867014022,2.0,32,623.0,82.15791329859782,0.21464076485148814
calibration,16,h65,1.4,sgmc_offcat,623,86.25381587936246,533.9068991737879,91.74618412063754,178,623.0,89.0931008262121,0.32373652407217546
calibration,16,h65,1.6,lappos_t200_d3,623,13.195262145875635,597.9024206734458,0.8047378541243653,14,623.0,25.097579326554147,0.09890052450871258
calibration,16,h65,1.6,lapneg_t200_d3,623,19.333333333333336,587.0627216625273,1.6666666666666643,21,623.0,35.93727833747258,0.14001625004541132
calibration,16,h65,1.6,step_t150_d3,623,24.861928812542303,578.2496342596459,2.1380711874576974,27,623.0,44.75036574035413,0.17481032585894177
calibration,16,h65,1.6,cross_t200_d3,623,3.0,617.002922337415,0.0,3,623.0,5.997077662584955,0.02373406747001029
calibration,16,h65,1.6,upface_t200_d3,623,1.0,621.2360679774997,0.0,1,623.0,1.7639320225002102,0.007984209558781924
calibration,16,h65,1.6,union_t200_d3,623,29.861928812542303,572.3669385138969,2.1380711874576974,32,623.0,50.633061486103216,0.20446965430081193
calibration,16,h65,1.6,sgmc_offcat,623,100.74671876756882,541.3513747164022,77.25328123243118,178,623.0,81.64862528359768,0.3720067226014487
calibration,16,h65,1.8,lappos_t200_d3,623,13.195262145875635,597.9024206734458,0.8047378541243653,14,623.0,25.097579326554147,0.09890052450871258
calibration,16,h65,1.8,lapneg_t200_d3,623,19.333333333333336,587.0627216625273,1.6666666666666643,21,623.0,35.93727833747258,0.14001625004541132
calibration,16,h65,1.8,step_t150_d3,623,24.861928812542303,578.2496342596459,2.1380711874576974,27,623.0,44.75036574035413,0.17481032585894177
calibration,16,h65,1.8,cross_t200_d3,623,3.0,617.002922337415,0.0,3,623.0,5.997077662584955,0.02373406747001029
calibration,16,h65,1.8,upface_t200_d3,623,1.0,621.2360679774997,0.0,1,623.0,1.7639320225002102,0.007984209558781924
calibration,16,h65,1.8,union_t200_d3,623,29.861928812542303,572.3669385138969,2.1380711874576974,32,623.0,50.633061486103216,0.20446965430081193
calibration,16,h65,1.8,sgmc_offcat,623,100.74671876756882,541.3513747164022,77.25328123243118,178,623.0,81.64862528359768,0.3720067226014487
calibration,16,h65,2.0,lappos_t200_d3,623,13.195262145875635,597.9024206734458,0.8047378541243653,14,623.0,25.097579326554147,0.09890052450871258
calibration,16,h65,2.0,lapneg_t200_d3,623,19.333333333333336,587.0627216625273,1.6666666666666643,21,623.0,35.93727833747258,0.14001625004541132
calibration,16,h65,2.0,step_t150_d3,623,24.861928812542303,578.2496342596459,2.1380711874576974,27,623.0,44.75036574035413,0.17481032585894177
calibration,16,h65,2.0,cross_t200_d3,623,3.0,617.002922337415,0.0,3,623.0,5.997077662584955,0.02373406747001029
calibration,16,h65,2.0,upface_t200_d3,623,1.0,621.2360679774997,0.0,1,623.0,1.7639320225002102,0.007984209558781924
calibration,16,h65,2.0,union_t200_d3,623,29.861928812542303,572.3669385138969,2.1380711874576974,32,623.0,50.633061486103216,0.20446965430081193
calibration,16,h65,2.0,sgmc_offcat,623,100.74671876756882,541.3513747164022,77.25328123243118,178,623.0,81.64862528359768,0.3720067226014487
calibration,16,h65,2.2,lappos_t200_d3,623,13.333333333333334,602.6641617927396,0.6666666666666661,14,623.0,20.33583820726043,0.09920671899849699
calibration,16,h65,2.2,lapneg_t200_d3,623,19.333333333333336,592.0463365357336,1.6666666666666643,21,623.0,30.953663464266356,0.13901278805701545
calibration,16,h65,2.2,step_t150_d3,623,24.528595479208967,583.697349509815,2.471404520791033,27,623.0,39.30265049018492,0.17123503868311202
calibration,16,h65,2.2,cross_t200_d3,623,3.0,617.9056569815815,0.0,3,623.0,5.094343018418498,0.023700214770613758
calibration,16,h65,2.2,upface_t200_d3,623,1.0,621.433521026582,0.0,1,623.0,1.5664789734180768,0.007981692920592911
calibration,16,h65,2.2,union_t200_d3,623,30.0,580.2926309944764,2.0,32,623.0,42.707369005523475,0.20317147117932052
calibration,16,h65,2.2,sgmc_offcat,623,118.55803273073184,531.0212810906237,59.44196726926816,178,623.0,91.97871890937621,0.4353695430271742
calibration,16,h65,2.4,lappos_t200_d3,398,12.116572820042373,384.7807312133628,1.8834271799576268,14,398.0,13.219268786637205,0.13376733215383121
calibration,16,h65,2.4,lapneg_t200_d3,398,18.057190958417937,377.5712748438999,2.9428090415820627,21,398.0,20.42872515610012,0.18824144359542816
calibration,16,h65,2.4,step_t150_d3,398,21.56647897341808,372.11228770755844,5.433521026581921,27,398.0,25.887712292441563,0.21494311106784636
calibration,16,h65,2.4,cross_t200_d3,398,3.0,394.8284271247462,0.0,3,398.0,3.1715728752538093,0.03660068215676513
calibration,16,h65,2.4,upface_t200_d3,398,1.0,397.0,0.0,1,398.0,1.0,0.012437810945273476
calibration,16,h65,2.4,union_t200_d3,398,27.50709711179364,370.0306760443101,4.492902888206359,32,398.0,27.969323955689873,0.261704281945332
calibration,16,h65,2.4,sgmc_offcat,398,100.77218487732833,340.8561842310604,77.22781512267167,178,398.0,57.14381576893959,0.43676190520181235
selection,17,h65,1.4,lappos_t200_d3,1389,93.0,1188.612788220799,6.0,99,1389.0,200.38721177920084,0.2771795752064794
selection,17,h65,1.4,lapneg_t200_d3,1389,121.0,1144.5880569446672,10.0,131,1389.0,244.41194305533264,0.3380666280445033
selection,17,h65,1.4,step_t150_d3,1389,165.33333333333334,1055.3732666583721,14.666666666666657,180,1389.0,333.62673334162787,0.4259616918241003
selection,17,h65,1.4,cross_t200_d3,1389,14.666666666666668,1349.596109612799,1.3333333333333321,16,1389.0,39.403890387200946,0.051344426635805615
selection,17,h65,1.4,upface_t200_d3,1389,1.0,1385.885618083164,0.0,1,1389.0,3.1143819168358733,0.003594831907810424
selection,17,h65,1.4,union_t200_d3,1389,215.0,1000.5751015138673,17.0,232,1389.0,388.42489848613275,0.5014986408644115
selection,17,h65,1.4,sgmc_offcat,1389,67.73064761149564,1346.126481931146,252.26935238850436,320,1389.0,42.87351806885428,0.12571313984827903
selection,17,h65,1.6,lappos_t200_d3,1389,88.64297739604484,1249.0646986883614,10.357022603955159,99,1389.0,139.93530131163845,0.25564568531024073
selection,17,h65,1.6,lapneg_t200_d3,1389,118.30964406271151,1208.87236227932,12.690355937288487,131,1389.0,180.1276377206799,0.31955162608914167
selection,17,h65,1.6,step_t150_d3,1389,156.7336700422589,1151.5788860666107,23.266329957741107,180,1389.0,237.4211139333892,0.3863646891358242
selection,17,h65,1.6,cross_t200_d3,1389,14.195262145875635,1364.0700224069362,1.8047378541243653,16,1389.0,24.929977593063672,0.049211689062726625
selection,17,h65,1.6,upface_t200_d3,1389,1.0,1387.3548317007487,0.0,1,1389.0,1.6451682992513401,0.0035910386391179664
selection,17,h65,1.6,union_t200_d3,1389,207.4812169379653,1103.4152520754644,24.518783062034686,232,1389.0,285.58474792453546,0.46335598766965647
selection,17,h65,1.6,sgmc_offcat,1389,76.32770593529479,1347.557812054521,243.67229406470523,320,1389.0,41.442187945478864,0.14114448527399176
selection,17,h65,1.8,lappos_t200_d3,1389,88.64297739604484,1249.0646986883614,10.357022603955159,99,1389.0,139.93530131163845,0.25564568531024073
selection,17,h65,1.8,lapneg_t200_d3,1389,118.30964406271151,1208.87236227932,12.690355937288487,131,1389.0,180.1276377206799,0.31955162608914167
selection,17,h65,1.8,step_t150_d3,1389,156.7336700422589,1151.5788860666107,23.266329957741107,180,1389.0,237.4211139333892,0.3863646891358242
selection,17,h65,1.8,cross_t200_d3,1389,14.195262145875635,1364.0700224069362,1.8047378541243653,16,1389.0,24.929977593063672,0.049211689062726625
selection,17,h65,1.8,upface_t200_d3,1389,1.0,1387.3548317007487,0.0,1,1389.0,1.6451682992513401,0.0035910386391179664
selection,17,h65,1.8,union_t200_d3,1389,207.4812169379653,1103.4152520754644,24.518783062034686,232,1389.0,285.58474792453546,0.46335598766965647
selection,17,h65,1.8,sgmc_offcat,1389,76.32770593529479,1347.557812054521,243.67229406470523,320,1389.0,41.442187945478864,0.14114448527399176
selection,17,h65,2.0,lappos_t200_d3,1389,88.64297739604484,1249.0646986883614,10.357022603955159,99,1389.0,139.93530131163845,0.25564568531024073
selection,17,h65,2.0,lapneg_t200_d3,1389,118.30964406271151,1208.87236227932,12.690355937288487,131,1389.0,180.1276377206799,0.31955162608914167
selection,17,h65,2.0,step_t150_d3,1389,156.7336700422589,1151.5788860666107,23.266329957741107,180,1389.0,237.4211139333892,0.3863646891358242
selection,17,h65,2.0,cross_t200_d3,1389,14.195262145875635,1364.0700224069362,1.8047378541243653,16,1389.0,24.929977593063672,0.049211689062726625
selection,17,h65,2.0,upface_t200_d3,1389,1.0,1387.3548317007487,0.0,1,1389.0,1.6451682992513401,0.0035910386391179664
selection,17,h65,2.0,union_t200_d3,1389,207.4812169379653,1103.4152520754644,24.518783062034686,232,1389.0,285.58474792453546,0.46335598766965647
selection,17,h65,2.0,sgmc_offcat,1389,76.32770593529479,1347.557812054521,243.67229406470523,320,1389.0,41.442187945478864,0.14114448527399176
selection,17,h65,2.2,lappos_t200_d3,1389,87.64297739604484,1269.902938230282,11.357022603955159,99,1389.0,119.097061769718,0.24990214574660993
selection,17,h65,2.2,lapneg_t200_d3,1389,117.44771525016921,1230.0045921913666,13.55228474983079,131,1389.0,158.99540780863316,0.3137876257470108
selection,17,h65,2.2,step_t150_d3,1389,156.00981241717432,1175.9161905417075,23.990187582825683,180,1389.0,213.08380945829254,0.3801545771928604
selection,17,h65,2.2,cross_t200_d3,1389,14.195262145875635,1368.4390483312723,1.8047378541243653,16,1389.0,20.56095166872773,0.04906306328789311
selection,17,h65,2.2,upface_t200_d3,1389,1.0,1387.942809041582,0.0,1,1389.0,1.0571909584179364,0.0035895228199930513
selection,17,h65,2.2,union_t200_d3,1389,205.42402597954737,1138.7635144660128,26.575974020452634,232,1389.0,250.23648553398712,0.45204020866003136
selection,17,h65,2.2,sgmc_offcat,1389,82.73680625704634,1348.9742165201005,237.26319374295366,320,1389.0,40.02578347989927,0.15255461507899332
selection,17,h65,2.4,lappos_t200_d3,1389,86.00981241717429,1295.1331513346945,12.990187582825712,99,1389.0,93.86684866530572,0.24198900755736563
selection,17,h65,2.4,lapneg_t200_d3,1389,112.53840789638326,1264.621355046348,18.461592103616738,131,1389.0,124.37864495365213,0.2959730425868816
selection,17,h65,2.4,step_t150_d3,1389,149.9194371411,1221.757332024528,30.08056285890001,180,1389.0,167.24266797547187,0.35837142562161417
selection,17,h65,2.4,cross_t200_d3,1389,14.195262145875635,1373.278015907982,1.8047378541243653,16,1389.0,15.721984092017848,0.048899495293873614
selection,17,h65,2.4,upface_t200_d3,1389,1.0,1387.942809041582,0.0,1,1389.0,1.0571909584179364,0.0035895228199930513
selection,17,h65,2.4,union_t200_d3,1389,198.41014912609984,1191.3496911717746,33.58985087390016,232,1389.0,197.65030882822546,0.42802137149075825
selection,17,h65,2.4,sgmc_offcat,1389,99.20779671376857,1342.8197602058492,220.79220328623143,320,1389.0,46.18023979415075,0.18223143344301201
selection,18,h65,1.4,lappos_t200_d3,1290,30.66666666666667,1198.2122581240155,3.3333333333333286,34,1290.0,91.78774187598452,0.11234207705042258
selection,18,h65,1.4,lapneg_t200_d3,1290,47.333333333333336,1169.8844520953726,2.6666666666666643,50,1290.0,120.1155479046275,0.16699385874209485
selection,18,h65,1.4,step_t150_d3,1290,82.0,1080.109758944698,8.0,90,1290.0,209.8902410553021,0.2693629664947802
selection,18,h65,1.4,cross_t200_d3,1290,3.333333333333334,1275.9173429318225,0.6666666666666661,4,1290.0,14.082657068177456,0.01286752207281203
selection,18,h65,1.4,upface_t200_d3,1290,1.0,1285.7140452079102,0.0,1,1290.0,4.285954792089683,0.003873824739541416
selection,18,h65,1.4,union_t200_d3,1290,77.66666666666667,1100.8991570769576,6.333333333333329,84,1290.0,189.10084292304234,0.2563991126998166
selection,18,h65,1.4,sgmc_offcat,1290,43.15623315338918,1259.616779852077,76.84376684661082,120,1290.0,30.383220147923225,0.12103681410521984
selection,18,h65,1.6,lappos_t200_d3,1290,30.66666666666667,1236.0365241185593,3.3333333333333286,34,1290.0,53.96347588144064,0.10931274295276791
selection,18,h65,1.6,lapneg_t200_d3,1290,46.05719095841794,1211.750255355749,3.942809041582059,50,1290.0,78.24974464425092,0.15796733332260726
selection,18,h65,1.6,step_t150_d3,1290,79.97631072937818,1153.7288570816818,10.023689270621816,90,1290.0,136.27114291831805,0.2509131310630833
selection,18,h65,1.6,cross_t200_d3,1290,3.333333333333334,1283.0859934696614,0.6666666666666661,4,1290.0,6.914006530338694,0.012796697901879048
selection,18,h65,1.6,upface_t200_d3,1290,1.0,1287.9643074089975,0.0,1,1290.0,2.03569259100261,0.0038670827735528147
selection,18,h65,1.6,union_t200_d3,1290,76.39052429175128,1170.2140417619914,7.609475708248723,84,1290.0,119.78595823800855,0.24134431913788917
selection,18,h65,1.6,sgmc_offcat,1290,50.54237563872745,1259.973802456032,69.45762436127255,120,1290.0,30.02619754396807,0.14113912026337594
selection,18,h65,1.8,lappos_t200_d3,1290,30.66666666666667,1236.0365241185593,3.3333333333333286,34,1290.0,53.96347588144064,0.10931274295276791
selection,18,h65,1.8,lapneg_t200_d3,1290,46.05719095841794,1211.750255355749,3.942809041582059,50,1290.0,78.24974464425092,0.15796733332260726
selection,18,h65,1.8,step_t150_d3,1290,79.97631072937818,1153.7288570816818,10.023689270621816,90,1290.0,136.27114291831805,0.2509131310630833
selection,18,h65,1.8,cross_t200_d3,1290,3.333333333333334,1283.0859934696614,0.6666666666666661,4,1290.0,6.914006530338694,0.012796697901879048
selection,18,h65,1.8,upface_t200_d3,1290,1.0,1287.9643074089975,0.0,1,1290.0,2.03569259100261,0.0038670827735528147
selection,18,h65,1.8,union_t200_d3,1290,76.39052429175128,1170.2140417619914,7.609475708248723,84,1290.0,119.78595823800855,0.24134431913788917
selection,18,h65,1.8,sgmc_offcat,1290,50.54237563872745,1259.973802456032,69.45762436127255,120,1290.0,30.02619754396807,0.14113912026337594
selection,18,h65,2.0,lappos_t200_d3,1290,30.66666666666667,1236.0365241185593,3.3333333333333286,34,1290.0,53.96347588144064,0.10931274295276791
selection,18,h65,2.0,lapneg_t200_d3,1290,46.05719095841794,1211.750255355749,3.942809041582059,50,1290.0,78.24974464425092,0.15796733332260726
selection,18,h65,2.0,step_t150_d3,1290,79.97631072937818,1153.7288570816818,10.023689270621816,90,1290.0,136.27114291831805,0.2509131310630833
selection,18,h65,2.0,cross_t200_d3,1290,3.333333333333334,1283.0859934696614,0.6666666666666661,4,1290.0,6.914006530338694,0.012796697901879048
selection,18,h65,2.0,upface_t200_d3,1290,1.0,1287.9643074089975,0.0,1,1290.0,2.03569259100261,0.0038670827735528147
selection,18,h65,2.0,union_t200_d3,1290,76.39052429175128,1170.2140417619914,7.609475708248723,84,1290.0,119.78595823800855,0.24134431913788917
selection,18,h65,2.0,sgmc_offcat,1290,50.54237563872745,1259.973802456032,69.45762436127255,120,1290.0,30.02619754396807,0.14113912026337594
selection,18,h65,2.2,lappos_t200_d3,1290,30.66666666666667,1246.1560192760167,3.3333333333333286,34,1290.0,43.84398072398322,0.10852977861905125
selection,18,h65,2.2,lapneg_t200_d3,1290,45.52859547920897,1224.8194496345477,4.471404520791033,50,1290.0,65.18055036545219,0.15482251168527375
selection,18,h65,2.2,step_t150_d3,1290,79.64297739604484,1176.5634462513979,10.357022603955159,90,1290.0,113.43655374860204,0.246388630284945
selection,18,h65,2.2,cross_t200_d3,1290,3.333333333333334,1285.2218737539124,0.6666666666666661,4,1290.0,4.778126246087494,0.01277574653500423
selection,18,h65,2.2,upface_t200_d3,1290,1.0,1288.688165034082,0.0,1,1290.0,1.3118349659180066,0.003864919023873312
selection,18,h65,2.2,union_t200_d3,1290,75.86192881254232,1189.8132943884161,8.138071187457683,84,1290.0,100.18670561158375,0.23682057296525916
selection,18,h65,2.2,sgmc_offcat,1290,49.38280608385442,1262.7763494069497,70.61719391614558,120,1290.0,27.223650593050202,0.1377746109561631
selection,18,h65,2.4,lappos_t200_d3,1290,28.92131067416674,1257.262362215397,5.07868932583326,34,1290.0,32.73763778460308,0.10167923885458797
selection,18,h65,2.4,lapneg_t200_d3,1290,44.25245310429357,1241.2547407014292,5.747546895706428,50,1290.0,48.74525929857087,0.1489472864514476
selection,18,h65,2.4,step_t150_d3,1290,78.01200332038078,1203.2690316189455,11.987996679619215,90,1290.0,86.73096838105452,0.2376558360807003
selection,18,h65,2.4,cross_t200_d3,1290,3.333333333333334,1286.2976407423307,0.6666666666666661,4,1290.0,3.7023592576692765,0.012765220033528965
selection,18,h65,2.4,upface_t200_d3,1290,1.0,1288.942809041582,0.0,1,1290.0,1.0571909584179364,0.0038641584195699187
selection,18,h65,2.4,union_t200_d3,1290,72.84043044512697,1215.1720836332515,11.15956955487303,84,1290.0,74.82791636674833,0.22426068091742332
selection,18,h65,2.4,sgmc_offcat,1290,44.936550302683166,1269.2262555603254,75.06344969731683,120,1290.0,20.773744439674495,0.12522985694452668
selection,19,h65,1.4,lappos_t200_d3,1390,280.3493043960583,870.5220852833282,259.6506956039417,540,1390.0,519.4779147166716,0.42337691713118153
selection,19,h65,1.4,lapneg_t200_d3,1390,279.15404225018267,881.1602702083103,244.84595774981733,524,1390.0,508.83972979168965,0.4286349772535057
selection,19,h65,1.4,step_t150_d3,1390,256.86078331426495,922.4429818934261,243.13921668573505,500,1390.0,467.5570181065738,0.4039575993416988
selection,19,h65,1.4,cross_t200_d3,1390,196.3639126837144,994.82651601207,54.6360873162856,251,1390.0,395.17348398793,0.447259404279515
selection,19,h65,1.4,upface_t200_d3,1390,73.66666666666667,1216.3941575738606,6.333333333333329,80,1390.0,173.60584242613942,0.22876982520649589
selection,19,h65,1.4,union_t200_d3,1390,747.9459486557887,482.40311457454465,545.0540513442113,1293,1390.0,907.5968854254553,0.5841183769183688
selection,19,h65,1.4,sgmc_offcat,1390,207.23014369883578,1288.6507922978708,1068.7698563011643,1276,1390.0,101.34920770212925,0.15699536530164687
selection,19,h65,1.6,lappos_t200_d3,1390,322.44031441241214,940.7510731926299,217.55968558758786,540,1390.0,449.24892680737014,0.47096448591791956
selection,19,h65,1.6,lapneg_t200_d3,1390,304.25705558691726,958.57073670455,219.74294441308274,524,1390.0,431.42926329544997,0.4529214869026462
selection,19,h65,1.6,step_t150_d3,1390,292.62576414111345,979.2394975804941,207.37423585888655,500,1390.0,410.7605024195059,0.4471849247042918
selection,19,h65,1.6,cross_t200_d3,1390,211.79086100067684,1076.750144971144,39.20913899932316,251,1390.0,313.24985502885596,0.4619129176947852
selection,19,h65,1.6,upface_t200_d3,1390,72.86192881254232,1272.0879738949147,7.138071187457683,80,1390.0,117.91202610508545,0.21881117472080605
selection,19,h65,1.6,union_t200_d3,1390,820.5454219584242,569.9560442629123,472.4545780415758,1293,1390.0,820.0439557370876,0.6251773246695292
selection,19,h65,1.6,sgmc_offcat,1390,305.1250600417572,1252.7568246659494,970.8749399582427,1276,1390.0,137.2431753340506,0.2290081581468511
selection,19,h65,1.8,lappos_t200_d3,1390,322.44031441241214,940.7510731926299,217.55968558758786,540,1390.0,449.24892680737014,0.47096448591791956
selection,19,h65,1.8,lapneg_t200_d3,1390,304.25705558691726,958.57073670455,219.74294441308274,524,1390.0,431.42926329544997,0.4529214869026462
selection,19,h65,1.8,step_t150_d3,1390,292.62576414111345,979.2394975804941,207.37423585888655,500,1390.0,410.7605024195059,0.4471849247042918
selection,19,h65,1.8,cross_t200_d3,1390,211.79086100067684,1076.750144971144,39.20913899932316,251,1390.0,313.24985502885596,0.4619129176947852
selection,19,h65,1.8,upface_t200_d3,1390,72.86192881254232,1272.0879738949147,7.138071187457683,80,1390.0,117.91202610508545,0.21881117472080605
selection,19,h65,1.8,union_t200_d3,1390,820.5454219584242,569.9560442629123,472.4545780415758,1293,1390.0,820.0439557370876,0.6251773246695292
selection,19,h65,1.8,sgmc_offcat,1390,305.1250600417572,1252.7568246659494,970.8749399582427,1276,1390.0,137.2431753340506,0.2290081581468511
selection,19,h65,2.0,lappos_t200_d3,1390,322.44031441241214,940.7510731926299,217.55968558758786,540,1390.0,449.24892680737014,0.47096448591791956
selection,19,h65,2.0,lapneg_t200_d3,1390,304.25705558691726,958.57073670455,219.74294441308274,524,1390.0,431.42926329544997,0.4529214869026462
selection,19,h65,2.0,step_t150_d3,1390,292.62576414111345,979.2394975804941,207.37423585888655,500,1390.0,410.7605024195059,0.4471849247042918
selection,19,h65,2.0,cross_t200_d3,1390,211.79086100067684,1076.750144971144,39.20913899932316,251,1390.0,313.24985502885596,0.4619129176947852
selection,19,h65,2.0,upface_t200_d3,1390,72.86192881254232,1272.0879738949147,7.138071187457683,80,1390.0,117.91202610508545,0.21881117472080605
selection,19,h65,2.0,union_t200_d3,1390,820.5454219584242,569.9560442629123,472.4545780415758,1293,1390.0,820.0439557370876,0.6251773246695292
selection,19,h65,2.0,sgmc_offcat,1390,305.1250600417572,1252.7568246659494,970.8749399582427,1276,1390.0,137.2431753340506,0.2290081581468511
selection,19,h65,2.2,lappos_t200_d3,1390,339.1619811342902,956.1525553998327,200.83801886570978,540,1390.0,433.84744460016725,0.49078307857103
selection,19,h65,2.2,lapneg_t200_d3,1390,314.68838571029266,978.8556392928723,209.31161428970734,524,1390.0,411.1443607071277,0.46420460007153663
selection,19,h65,2.2,step_t150_d3,1390,306.2538158793625,991.6949310385603,193.7461841206375,500,1390.0,398.3050689614398,0.4643095441758602
selection,19,h65,2.2,cross_t200_d3,1390,208.59559885480118,1103.020856735298,42.40440114519882,251,1390.0,286.97914326470186,0.450410512395593
selection,19,h65,2.2,upface_t200_d3,1390,71.66666666666667,1289.41984775925,8.333333333333329,80,1390.0,100.58015224075007,0.21315579552769265
selection,19,h65,2.2,union_t200_d3,1390,842.9960595460084,598.1441023583081,450.0039404539916,1293,1390.0,791.8558976416919,0.6373644281745112
selection,19,h65,2.2,sgmc_offcat,1390,332.76657456938494,1242.0759637756955,943.2334254306151,1276,1390.0,147.92403622430453,0.24911994305815702
selection,19,h65,2.4,lappos_t200_d3,1390,353.40087135585685,994.2454253515767,186.59912864414315,540,1390.0,395.7545746484233,0.5037578499399833
selection,19,h65,2.4,lapneg_t200_d3,1390,328.87154444243936,1018.8315291593433,195.12845555756064,524,1390.0,371.1684708406566,0.47749695228292555
selection,19,h65,2.4,step_t150_d3,1390,329.4821656489654,1022.2707947674071,170.5178343510346,500,1390.0,367.72920523259285,0.49150723448310896
selection,19,h65,2.4,cross_t200_d3,1390,197.1645861015655,1163.028782021729,53.835413898434496,251,1390.0,226.9712179782709,0.41698066824812013
selection,19,h65,2.4,upface_t200_d3,1390,71.25245310429358,1312.4970640184088,8.74754689570642,80,1390.0,77.50293598159134,0.20910483726687926
selection,19,h65,2.4,union_t200_d3,1390,860.9707106196922,661.3182700025799,432.0292893803078,1293,1390.0,728.6817299974201,0.6430635972781529
selection,19,h65,2.4,sgmc_offcat,1390,385.0753871045397,1232.4512450395112,890.9246128954603,1276,1390.0,157.54875496048885,0.286449350109699
calibration,20,h65,1.4,lappos_t200_d3,250,68.47829460055027,145.67083119628813,127.52170539944973,196,250.0,104.32916880371187,0.34302637166506866
calibration,20,h65,1.4,lapneg_t200_d3,250,73.64256333197605,141.3367698281654,170.35743666802395,244,250.0,108.66323017183461,0.30916809923381605
calibration,20,h65,1.4,step_t150_d3,250,73.03569259100261,142.16112911721916,128.9643074089974,202,250.0,107.83887088278082,0.3568995282308909
calibration,20,h65,1.4,cross_t200_d3,250,63.38760195433622,155.340006136301,49.61239804566378,113,250.0,94.65999386369899,0.47252864791700966
calibration,20,h65,1.4,upface_t200_d3,250,45.333333333333336,176.65434937556526,4.666666666666664,50,250.0,73.34565062443473,0.5371404805268364
calibration,20,h65,1.4,union_t200_d3,250,225.8632915876112,56.46743677844684,344.13670841238877,570,250.0,193.53256322155318,0.44073797556109945
calibration,20,h65,1.4,sgmc_offcat,250,14.27791921405309,241.38071187457697,259.7220807859469,274,250.0,8.619288125423017,0.05281629135365916
calibration,20,h65,1.6,lappos_t200_d3,250,79.7879386632618,152.20485728625837,116.2120613367382,196,250.0,97.79514271374163,0.39265996265600334
calibration,20,h65,1.6,lapneg_t200_d3,250,89.60175750035188,142.8788280967531,154.39824249964812,244,250.0,107.12117190324692,0.37072071561695663
calibration,20,h65,1.6,step_t150_d3,250,87.40690941854506,143.2073655596046,114.59309058145494,202,250.0,106.79263444039536,0.4207861933169728
calibration,20,h65,1.6,cross_t200_d3,250,75.67793855283891,159.56000635714676,37.32206144716109,113,250.0,90.43999364285321,0.5505948784794664
calibration,20,h65,1.6,upface_t200_d3,250,45.0,192.44666984524008,5.0,50,250.0,57.55333015475994,0.5143484120695169
calibration,20,h65,1.6,union_t200_d3,250,261.6771104247013,54.56324266528243,308.3228895752987,570,250.0,195.43675733471758,0.5039539388432563
calibration,20,h65,1.6,sgmc_offcat,250,28.563874006142775,235.6805435201142,245.43612599385722,274,250.0,14.319456479885794,0.10499537303041824
calibration,20,h65,1.8,lappos_t200_d3,250,79.7879386632618,152.20485728625837,116.2120613367382,196,250.0,97.79514271374163,0.39265996265600334
calibration,20,h65,1.8,lapneg_t200_d3,250,89.60175750035188,142.8788280967531,154.39824249964812,244,250.0,107.12117190324692,0.37072071561695663
calibration,20,h65,1.8,step_t150_d3,250,87.40690941854506,143.2073655596046,114.59309058145494,202,250.0,106.79263444039536,0.4207861933169728
calibration,20,h65,1.8,cross_t200_d3,250,75.67793855283891,159.56000635714676,37.32206144716109,113,250.0,90.43999364285321,0.5505948784794664
calibration,20,h65,1.8,upface_t200_d3,250,45.0,192.44666984524008,5.0,50,250.0,57.55333015475994,0.5143484120695169
calibration,20,h65,1.8,union_t200_d3,250,261.6771104247013,54.56324266528243,308.3228895752987,570,250.0,195.43675733471758,0.5039539388432563
calibration,20,h65,1.8,sgmc_offcat,250,28.563874006142775,235.6805435201142,245.43612599385722,274,250.0,14.319456479885794,0.10499537303041824
calibration,20,h65,2.0,lappos_t200_d3,250,79.7879386632618,152.20485728625837,116.2120613367382,196,250.0,97.79514271374163,0.39265996265600334
calibration,20,h65,2.0,lapneg_t200_d3,250,89.60175750035188,142.8788280967531,154.39824249964812,244,250.0,107.12117190324692,0.37072071561695663
calibration,20,h65,2.0,step_t150_d3,250,87.40690941854506,143.2073655596046,114.59309058145494,202,250.0,106.79263444039536,0.4207861933169728
calibration,20,h65,2.0,cross_t200_d3,250,75.67793855283891,159.56000635714676,37.32206144716109,113,250.0,90.43999364285321,0.5505948784794664
calibration,20,h65,2.0,upface_t200_d3,250,45.0,192.44666984524008,5.0,50,250.0,57.55333015475994,0.5143484120695169
calibration,20,h65,2.0,union_t200_d3,250,261.6771104247013,54.56324266528243,308.3228895752987,570,250.0,195.43675733471758,0.5039539388432563
calibration,20,h65,2.0,sgmc_offcat,250,28.563874006142775,235.6805435201142,245.43612599385722,274,250.0,14.319456479885794,0.10499537303041824
calibration,20,h65,2.2,lappos_t200_d3,250,78.98320080913743,157.45292858413896,117.01679919086257,196,250.0,92.54707141586104,0.3870070773371103
calibration,20,h65,2.2,lapneg_t200_d3,250,92.93070902727223,143.31234912333503,151.06929097272777,244,250.0,106.68765087666499,0.3833006442167074
calibration,20,h65,2.2,step_t150_d3,250,90.6021715644207,146.2696697586441,111.3978284355793,202,250.0,103.7303302413559,0.4335563845308322
calibration,20,h65,2.2,cross_t200_d3,250,76.67793855283891,162.54069889293794,36.32206144716109,113,250.0,87.45930110706205,0.5546576321797558
calibration,20,h65,2.2,upface_t200_d3,250,44.66666666666667,195.663430358531,5.333333333333329,50,250.0,54.336569641468984,0.5071952492962358
calibration,20,h65,2.2,union_t200_d3,250,265.86799076416395,59.40878635103095,304.13200923583605,570,250.0,190.59121364896907,0.5102490320789587
calibration,20,h65,2.2,sgmc_offcat,250,27.91140156306339,236.30932669257177,246.08859843693662,274,250.0,13.690673307428238,0.10259879511929372
calibration,20,h65,2.4,lappos_t200_d3,250,78.0560454601406,165.82779578388588,117.9439545398594,196,250.0,84.17220421611417,0.3796929299212964
calibration,20,h65,2.4,lapneg_t200_d3,250,103.94198091344447,138.99321001358896,140.05801908655553,244,250.0,111.00678998641104,0.4263638530051517
calibration,20,h65,2.4,step_t150_d3,250,98.75662787867216,146.78730732240146,103.24337212132784,202,250.0,103.21269267759855,0.46868775273156293
calibration,20,h65,2.4,cross_t200_d3,250,79.5398673653812,166.86526521402615,33.4601326346188,113,250.0,83.13473478597385,0.5694393100435662
calibration,20,h65,2.4,upface_t200_d3,250,44.11438191683588,202.52608720586275,5.885618083164118,50,250.0,47.47391279413727,0.49384667273305827
calibration,20,h65,2.4,union_t200_d3,250,271.41401677509583,61.74138825015573,298.58598322490417,570,250.0,188.25861174984428,0.5193223798576047
calibration,20,h65,2.4,sgmc_offcat,250,36.374770505817835,234.28782832515643,237.62522949418218,274,250.0,15.712171674843564,0.13307882478430377
selection,24,h65,1.4,lappos_t200_d3,0,0.0,0.0,0.0,0,0.0,0.0,0.0
selection,24,h65,1.4,lapneg_t200_d3,0,0.0,0.0,0.0,0,0.0,0.0,0.0
selection,24,h65,1.4,step_t150_d3,0,0.0,0.0,0.0,0,0.0,0.0,0.0
selection,24,h65,1.4,cross_t200_d3,0,0.0,0.0,0.0,0,0.0,0.0,0.0
selection,24,h65,1.4,upface_t200_d3,0,0.0,0.0,0.0,0,0.0,0.0,0.0
selection,24,h65,1.4,union_t200_d3,0,0.0,0.0,0.0,0,0.0,0.0,0.0
selection,24,h65,1.4,sgmc_offcat,0,0.0,0.0,0.0,0,0.0,0.0,0.0
selection,24,h65,1.6,lappos_t200_d3,0,0.0,0.0,0.0,0,0.0,0.0,0.0
selection,24,h65,1.6,lapneg_t200_d3,0,0.0,0.0,0.0,0,0.0,0.0,0.0
selection,24,h65,1.6,step_t150_d3,0,0.0,0.0,0.0,0,0.0,0.0,0.0
selection,24,h65,1.6,cross_t200_d3,0,0.0,0.0,0.0,0,0.0,0.0,0.0
selection,24,h65,1.6,upface_t200_d3,0,0.0,0.0,0.0,0,0.0,0.0,0.0
selection,24,h65,1.6,union_t200_d3,0,0.0,0.0,0.0,0,0.0,0.0,0.0
selection,24,h65,1.6,sgmc_offcat,0,0.0,0.0,0.0,0,0.0,0.0,0.0
selection,24,h65,1.8,lappos_t200_d3,0,0.0,0.0,0.0,0,0.0,0.0,0.0
selection,24,h65,1.8,lapneg_t200_d3,0,0.0,0.0,0.0,0,0.0,0.0,0.0
selection,24,h65,1.8,step_t150_d3,0,0.0,0.0,0.0,0,0.0,0.0,0.0
selection,24,h65,1.8,cross_t200_d3,0,0.0,0.0,0.0,0,0.0,0.0,0.0
selection,24,h65,1.8,upface_t200_d3,0,0.0,0.0,0.0,0,0.0,0.0,0.0
selection,24,h65,1.8,union_t200_d3,0,0.0,0.0,0.0,0,0.0,0.0,0.0
selection,24,h65,1.8,sgmc_offcat,0,0.0,0.0,0.0,0,0.0,0.0,0.0
selection,24,h65,2.0,lappos_t200_d3,0,0.0,0.0,0.0,0,0.0,0.0,0.0
selection,24,h65,2.0,lapneg_t200_d3,0,0.0,0.0,0.0,0,0.0,0.0,0.0
selection,24,h65,2.0,step_t150_d3,0,0.0,0.0,0.0,0,0.0,0.0,0.0
selection,24,h65,2.0,cross_t200_d3,0,0.0,0.0,0.0,0,0.0,0.0,0.0
selection,24,h65,2.0,upface_t200_d3,0,0.0,0.0,0.0,0,0.0,0.0,0.0
selection,24,h65,2.0,union_t200_d3,0,0.0,0.0,0.0,0,0.0,0.0,0.0
selection,24,h65,2.0,sgmc_offcat,0,0.0,0.0,0.0,0,0.0,0.0,0.0
selection,24,h65,2.2,lappos_t200_d3,0,0.0,0.0,0.0,0,0.0,0.0,0.0
selection,24,h65,2.2,lapneg_t200_d3,0,0.0,0.0,0.0,0,0.0,0.0,0.0
selection,24,h65,2.2,step_t150_d3,0,0.0,0.0,0.0,0,0.0,0.0,0.0
selection,24,h65,2.2,cross_t200_d3,0,0.0,0.0,0.0,0,0.0,0.0,0.0
selection,24,h65,2.2,upface_t200_d3,0,0.0,0.0,0.0,0,0.0,0.0,0.0
selection,24,h65,2.2,union_t200_d3,0,0.0,0.0,0.0,0,0.0,0.0,0.0
selection,24,h65,2.2,sgmc_offcat,0,0.0,0.0,0.0,0,0.0,0.0,0.0
selection,24,h65,2.4,lappos_t200_d3,0,0.0,0.0,0.0,0,0.0,0.0,0.0
selection,24,h65,2.4,lapneg_t200_d3,0,0.0,0.0,0.0,0,0.0,0.0,0.0
selection,24,h65,2.4,step_t150_d3,0,0.0,0.0,0.0,0,0.0,0.0,0.0
selection,24,h65,2.4,cross_t200_d3,0,0.0,0.0,0.0,0,0.0,0.0,0.0
selection,24,h65,2.4,upface_t200_d3,0,0.0,0.0,0.0,0,0.0,0.0,0.0
selection,24,h65,2.4,union_t200_d3,0,0.0,0.0,0.0,0,0.0,0.0,0.0
selection,24,h65,2.4,sgmc_offcat,0,0.0,0.0,0.0,0,0.0,0.0,0.0
calibration,25,h65,1.4,lappos_t200_d3,927,99.19526214587565,747.3576368547203,18.804737854124355,118,927.0,179.64236314527966,0.3761520005039647
calibration,25,h65,1.4,lapneg_t200_d3,927,153.0,683.3059732009929,19.0,172,927.0,243.69402679900725,0.5018677440419146
calibration,25,h65,1.4,step_t150_d3,927,182.79743371029633,639.8422834886794,38.20256628970367,221,927.0,287.15771651132053,0.5355478132499819
calibration,25,h65,1.4,cross_t200_d3,927,11.333333333333334,900.2587118431925,0.6666666666666661,12,927.0,26.74128815680753,0.05905287246961495
calibration,25,h65,1.4,upface_t200_d3,927,3.0,921.0451876380372,0.0,3,927.0,5.954812361962848,0.016024867386851334
calibration,25,h65,1.4,union_t200_d3,927,253.52859547920897,550.8160893441305,37.471404520791026,291,927.0,376.18391065586945,0.644014733379796
calibration,25,h65,1.4,sgmc_offcat,927,163.79494592646438,818.3309251533353,520.2050540735356,684,927.0,108.66907484666471,0.22026546653582713
calibration,25,h65,1.6,lappos_t200_d3,927,100.25245310429358,782.866100141002,17.74754689570642,118,927.0,144.13389985899795,0.36990288733116505
calibration,25,h65,1.6,lapneg_t200_d3,927,155.03350168779613,724.1262714531924,16.966498312203868,172,927.0,202.87372854680754,0.49463208648174045
calibration,25,h65,1.6,step_t150_d3,927,186.1977704192219,688.9405043543513,34.80222958077809,221,927.0,238.05949564564867,0.5292300585159735
calibration,25,h65,1.6,cross_t200_d3,927,11.666666666666666,908.4823624362427,0.3333333333333339,12,927.0,18.517637563757333,0.0602524317845827
calibration,25,h65,1.6,upface_t200_d3,927,3.0,922.7096634014973,0.0,3,927.0,4.29033659850268,0.01599642254467991
calibration,25,h65,1.6,union_t200_d3,927,256.147883604632,613.4793297142226,34.852116395368,291,927.0,313.52067028577744,0.6297808219890044
calibration,25,h65,1.6,sgmc_offcat,927,166.7180334397688,835.3666177443379,517.2819665602312,684,927.0,91.63338225566208,0.22299927502572414
calibration,25,h65,1.8,lappos_t200_d3,927,100.25245310429358,782.866100141002,17.74754689570642,118,927.0,144.13389985899795,0.36990288733116505
calibration,25,h65,1.8,lapneg_t200_d3,927,155.03350168779613,724.1262714531924,16.966498312203868,172,927.0,202.87372854680754,0.49463208648174045
calibration,25,h65,1.8,step_t150_d3,927,186.1977704192219,688.9405043543513,34.80222958077809,221,927.0,238.05949564564867,0.5292300585159735
calibration,25,h65,1.8,cross_t200_d3,927,11.666666666666666,908.4823624362427,0.3333333333333339,12,927.0,18.517637563757333,0.0602524317845827
calibration,25,h65,1.8,upface_t200_d3,927,3.0,922.7096634014973,0.0,3,927.0,4.29033659850268,0.01599642254467991
calibration,25,h65,1.8,union_t200_d3,927,256.147883604632,613.4793297142226,34.852116395368,291,927.0,313.52067028577744,0.6297808219890044
calibration,25,h65,1.8,sgmc_offcat,927,166.7180334397688,835.3666177443379,517.2819665602312,684,927.0,91.63338225566208,0.22299927502572414
calibration,25,h65,2.0,lappos_t200_d3,927,100.25245310429358,782.866100141002,17.74754689570642,118,927.0,144.13389985899795,0.36990288733116505
calibration,25,h65,2.0,lapneg_t200_d3,927,155.03350168779613,724.1262714531924,16.966498312203868,172,927.0,202.87372854680754,0.49463208648174045
calibration,25,h65,2.0,step_t150_d3,927,186.1977704192219,688.9405043543513,34.80222958077809,221,927.0,238.05949564564867,0.5292300585159735
calibration,25,h65,2.0,cross_t200_d3,927,11.666666666666666,908.4823624362427,0.3333333333333339,12,927.0,18.517637563757333,0.0602524317845827
calibration,25,h65,2.0,upface_t200_d3,927,3.0,922.7096634014973,0.0,3,927.0,4.29033659850268,0.01599642254467991
calibration,25,h65,2.0,union_t200_d3,927,256.147883604632,613.4793297142226,34.852116395368,291,927.0,313.52067028577744,0.6297808219890044
calibration,25,h65,2.0,sgmc_offcat,927,166.7180334397688,835.3666177443379,517.2819665602312,684,927.0,91.63338225566208,0.22299927502572414
calibration,25,h65,2.2,lappos_t200_d3,927,99.58578643762692,796.2937764927539,18.414213562373078,118,927.0,130.70622350724614,0.3640151850221592
calibration,25,h65,2.2,lapneg_t200_d3,927,151.22876383367174,742.7914786508611,20.771236166328265,172,927.0,184.20852134913883,0.4779609001594358
calibration,25,h65,2.2,step_t150_d3,927,187.82655359167944,700.6035206488136,33.17344640832056,221,927.0,226.39647935118643,0.5298560330290174
calibration,25,h65,2.2,cross_t200_d3,927,11.333333333333334,911.869964390579,0.6666666666666661,12,927.0,15.130035609421107,0.058346863936179945
calibration,25,h65,2.2,upface_t200_d3,927,3.0,923.1216860606639,0.0,3,927.0,3.8783139393360835,0.015989396922469118
calibration,25,h65,2.2,union_t200_d3,927,251.34314575050763,641.6582067333044,39.65685424949237,291,927.0,285.34179326669556,0.6109455043551922
calibration,25,h65,2.2,sgmc_offcat,927,179.2480883879757,836.7400254750868,504.7519116120243,684,927.0,90.25997452491316,0.23887081055198345
calibration,25,h65,2.4,lappos_t200_d3,927,93.79524280708983,823.0445562971768,24.204757192910165,118,927.0,103.95544370282319,0.337674809101751
calibration,25,h65,2.4,lapneg_t200_d3,927,146.90962472392573,770.326954011572,25.09037527607427,172,927.0,156.67304598842804,0.4575949323296982
calibration,25,h65,2.4,step_t150_d3,927,186.13765712338892,726.9185851240289,34.86234287661108,221,927.0,200.08141487597106,0.5178960255873869
calibration,25,h65,2.4,cross_t200_d3,927,10.116572820042371,915.421517706201,1.8834271799576285,12,927.0,11.57848229379886,0.051957765795141275
calibration,25,h65,2.4,upface_t200_d3,927,3.0,923.942809041582,0.0,3,927.0,3.0571909584179364,0.015975413896945484
calibration,25,h65,2.4,union_t200_d3,927,242.17408114860007,686.8038858370533,48.82591885139993,291,927.0,240.19611416294669,0.5785394900677888
calibration,25,h65,2.4,sgmc_offcat,927,186.483007467779,842.6405692160467,497.516992532221,684,927.0,84.3594307839532,0.24764526803662804
calibration,26,h65,1.4,lappos_t200_d3,1403,229.7945113728813,1010.763383684893,113.20548862711871,343,1403.0,392.2366163151071,0.43978836183417697
calibration,26,h65,1.4,lapneg_t200_d3,1403,253.8873949223018,973.0876360352605,114.11260507769819,368,1403.0,429.9123639647395,0.47034039220478685
calibration,26,h65,1.4,step_t150_d3,1403,293.72052122360077,940.5259495329051,177.27947877639923,471,1403.0,462.4740504670949,0.470970662483171
calibration,26,h65,1.4,cross_t200_d3,1403,47.0,1288.885086835652,6.0,53,1403.0,114.11491316434802,0.15182005563501533
calibration,26,h65,1.4,upface_t200_d3,1403,6.666666666666667,1382.6433914601137,0.33333333333333304,7,1403.0,20.356608539886356,0.023518730529146856
calibration,26,h65,1.4,union_t200_d3,1403,511.6819062951831,691.243648512439,230.31809370481687,742,1403.0,711.756351487561,0.6133913199498271
calibration,26,h65,1.4,sgmc_offcat,1403,50.531735093415556,1372.1577927157352,318.46826490658447,369,1403.0,30.84220728426467,0.08716306905004706
calibration,26,h65,1.6,lappos_t200_d3,1403,255.2334630102245,1058.6656109704807,87.76653698977549,343,1403.0,344.33438902951934,0.4751359898120609
calibration,26,h65,1.6,lapneg_t200_d3,1403,280.1838935657744,1020.0550864578836,87.81610643422562,368,1403.0,382.9449135421164,0.5053386370813219
calibration,26,h65,1.6,step_t150_d3,1403,335.65018484594384,972.145465133377,135.34981515405616,471,1403.0,430.8545348666229,0.525801494917317
calibration,26,h65,1.6,cross_t200_d3,1403,46.52859547920896,1326.204129251469,6.47140452079104,53,1403.0,76.79587074853103,0.14680265874839002
calibration,26,h65,1.6,upface_t200_d3,1403,6.666666666666667,1390.4178673339968,0.33333333333333304,7,1403.0,12.582132666003314,0.02339042529621453
calibration,26,h65,1.6,union_t200_d3,1403,560.1412142010835,762.5400538614015,181.85878579891653,742,1403.0,640.4599461385984,0.6527415801896911
calibration,26,h65,1.6,sgmc_offcat,1403,64.15248268783652,1368.3745532290263,304.84751731216346,369,1403.0,34.62544677097371,0.11028345601679004
calibration,26,h65,1.8,lappos_t200_d3,1403,255.2334630102245,1058.6656109704807,87.76653698977549,343,1403.0,344.33438902951934,0.4751359898120609
calibration,26,h65,1.8,lapneg_t200_d3,1403,280.1838935657744,1020.0550864578836,87.81610643422562,368,1403.0,382.9449135421164,0.5053386370813219
calibration,26,h65,1.8,step_t150_d3,1403,335.65018484594384,972.145465133377,135.34981515405616,471,1403.0,430.8545348666229,0.525801494917317
calibration,26,h65,1.8,cross_t200_d3,1403,46.52859547920896,1326.204129251469,6.47140452079104,53,1403.0,76.79587074853103,0.14680265874839002
calibration,26,h65,1.8,upface_t200_d3,1403,6.666666666666667,1390.4178673339968,0.33333333333333304,7,1403.0,12.582132666003314,0.02339042529621453
calibration,26,h65,1.8,union_t200_d3,1403,560.1412142010835,762.5400538614015,181.85878579891653,742,1403.0,640.4599461385984,0.6527415801896911
calibration,26,h65,1.8,sgmc_offcat,1403,64.15248268783652,1368.3745532290263,304.84751731216346,369,1403.0,34.62544677097371,0.11028345601679004
calibration,26,h65,2.0,lappos_t200_d3,1403,255.2334630102245,1058.6656109704807,87.76653698977549,343,1403.0,344.33438902951934,0.4751359898120609
calibration,26,h65,2.0,lapneg_t200_d3,1403,280.1838935657744,1020.0550864578836,87.81610643422562,368,1403.0,382.9449135421164,0.5053386370813219
calibration,26,h65,2.0,step_t150_d3,1403,335.65018484594384,972.145465133377,135.34981515405616,471,1403.0,430.8545348666229,0.525801494917317
calibration,26,h65,2.0,cross_t200_d3,1403,46.52859547920896,1326.204129251469,6.47140452079104,53,1403.0,76.79587074853103,0.14680265874839002
calibration,26,h65,2.0,upface_t200_d3,1403,6.666666666666667,1390.4178673339968,0.33333333333333304,7,1403.0,12.582132666003314,0.02339042529621453
calibration,26,h65,2.0,union_t200_d3,1403,560.1412142010835,762.5400538614015,181.85878579891653,742,1403.0,640.4599461385984,0.6527415801896911
calibration,26,h65,2.0,sgmc_offcat,1403,64.15248268783652,1368.3745532290263,304.84751731216346,369,1403.0,34.62544677097371,0.11028345601679004
calibration,26,h65,2.2,lappos_t200_d3,1403,265.3715341976822,1069.4532356630218,77.6284658023178,343,1403.0,333.54676433697813,0.49018971813852946
calibration,26,h65,2.2,lapneg_t200_d3,1403,289.01012978731404,1040.6867919677563,78.98987021268596,368,1403.0,362.3132080322438,0.5157769342271835
calibration,26,h65,2.2,step_t150_d3,1403,349.77844361622726,982.3859149172898,121.22155638377274,471,1403.0,420.6140850827102,0.5437819785051596
calibration,26,h65,2.2,cross_t200_d3,1403,45.39052429175126,1340.3458508111312,7.609475708248738,53,1403.0,62.65414918886888,0.14204635069671082
calibration,26,h65,2.2,upface_t200_d3,1403,6.666666666666667,1393.3198705439545,0.33333333333333304,7,1403.0,9.680129456045403,0.023342890471814516
calibration,26,h65,2.2,union_t200_d3,1403,577.7721882767476,789.277795138772,164.22781172325244,742,1403.0,613.722204861228,0.666396224365479
calibration,26,h65,2.2,sgmc_offcat,1403,72.43989694892416,1367.336669734817,296.5601030510758,369,1403.0,35.66333026518282,0.12422058976781193
calibration,26,h65,2.4,lappos_t200_d3,1403,271.2968126141932,1103.2680897067835,71.70318738580681,343,1403.0,299.73191029321634,0.49388385540231383
calibration,26,h65,2.4,lapneg_t200_d3,1403,294.03559589707356,1080.4532186659262,73.96440410292644,368,1403.0,322.5467813340739,0.5164882334909405
calibration,26,h65,2.4,step_t150_d3,1403,360.9969809686559,1016.5184452023806,110.00301903134408,471,1403.0,386.4815547976193,0.5534190917386823
calibration,26,h65,2.4,cross_t200_d3,1403,43.311834965918,1354.2200969147748,9.688165034081997,53,1403.0,48.77990308522519,0.1345479207588917
calibration,26,h65,2.4,upface_t200_d3,1403,6.666666666666667,1396.0473785412437,0.33333333333333304,7,1403.0,6.95262145875635,0.023298389671214302
calibration,26,h65,2.4,union_t200_d3,1403,586.3681011022693,847.0154159262793,155.6318988977307,742,1403.0,555.9845840737206,0.6661179363644003
calibration,26,h65,2.4,sgmc_offcat,1403,80.85588735043495,1368.3537862958192,288.14411264956505,369,1403.0,34.64621370418049,0.13820528504141122
calibration,27,h65,1.4,lappos_t200_d3,1389,215.66844350580436,1015.9808790318116,122.33155649419564,338,1389.0,373.0191209681884,0.4173717416378669
calibration,27,h65,1.4,lapneg_t200_d3,1389,219.01127188617224,1012.3608560727608,83.98872811382776,303,1389.0,376.6391439272391,0.44817420437124017
calibration,27,h65,1.4,step_t150_d3,1389,240.60906164417992,980.0057104012916,155.39093835582008,396,1389.0,408.9942895987084,0.4289520686448814
calibration,27,h65,1.4,cross_t200_d3,1389,57.66666666666667,1254.2640218710912,7.333333333333329,65,1389.0,134.73597812890873,0.18342623846955108
calibration,27,h65,1.4,upface_t200_d3,1389,21.666666666666668,1339.2026629836328,0.33333333333333215,22,1389.0,49.79733701636726,0.0747709480188116
calibration,27,h65,1.4,union_t200_d3,1389,460.34638205864326,736.7274704176796,208.65361794135674,669,1389.0,652.2725295823204,0.5942907359800427
calibration,27,h65,1.4,sgmc_offcat,1389,151.01211710440498,1293.5702294389707,806.987882895595,958,1389.0,95.42977056102927,0.1430965226983817
calibration,27,h65,1.6,lappos_t200_d3,1389,242.38353751806295,1047.6430671981361,95.61646248193705,338,1389.0,341.35693280186376,0.4587076017429029
calibration,27,h65,1.6,lapneg_t200_d3,1389,236.86224618268207,1062.2721677407335,66.13775381731793,303,1389.0,326.7278322592665,0.47162398967844615
calibration,27,h65,1.6,step_t150_d3,1389,269.5780682297301,1027.5166819609194,126.42193177026991,396,1389.0,361.4833180390805,0.4678396436144471
calibration,27,h65,1.6,cross_t200_d3,1389,55.91911977096025,1297.01690268363,9.08088022903975,65,1389.0,91.98309731637008,0.17334574649111475
calibration,27,h65,1.6,upface_t200_d3,1389,21.333333333333336,1358.6040484969067,0.6666666666666643,22,1389.0,30.395951503093414,0.07266431660298286
calibration,27,h65,1.6,union_t200_d3,1389,503.774379179954,799.0110511169621,165.225620820046,669,1389.0,589.9889488830379,0.6330755804823073
calibration,27,h65,1.6,sgmc_offcat,1389,174.20477428300532,1296.9822520981375,783.7952257169947,958,1389.0,92.01774790186268,0.16424536171966886
calibration,27,h65,1.8,lappos_t200_d3,1389,242.38353751806295,1047.6430671981361,95.61646248193705,338,1389.0,341.35693280186376,0.4587076017429029
calibration,27,h65,1.8,lapneg_t200_d3,1389,236.86224618268207,1062.2721677407335,66.13775381731793,303,1389.0,326.7278322592665,0.47162398967844615
calibration,27,h65,1.8,step_t150_d3,1389,269.5780682297301,1027.5166819609194,126.42193177026991,396,1389.0,361.4833180390805,0.4678396436144471
calibration,27,h65,1.8,cross_t200_d3,1389,55.91911977096025,1297.01690268363,9.08088022903975,65,1389.0,91.98309731637008,0.17334574649111475
calibration,27,h65,1.8,upface_t200_d3,1389,21.333333333333336,1358.6040484969067,0.6666666666666643,22,1389.0,30.395951503093414,0.07266431660298286
calibration,27,h65,1.8,union_t200_d3,1389,503.774379179954,799.0110511169621,165.225620820046,669,1389.0,589.9889488830379,0.6330755804823073
calibration,27,h65,1.8,sgmc_offcat,1389,174.20477428300532,1296.9822520981375,783.7952257169947,958,1389.0,92.01774790186268,0.16424536171966886
calibration,27,h65,2.0,lappos_t200_d3,1389,242.38353751806295,1047.6430671981361,95.61646248193705,338,1389.0,341.35693280186376,0.4587076017429029
calibration,27,h65,2.0,lapneg_t200_d3,1389,236.86224618268207,1062.2721677407335,66.13775381731793,303,1389.0,326.7278322592665,0.47162398967844615
calibration,27,h65,2.0,step_t150_d3,1389,269.5780682297301,1027.5166819609194,126.42193177026991,396,1389.0,361.4833180390805,0.4678396436144471
calibration,27,h65,2.0,cross_t200_d3,1389,55.91911977096025,1297.01690268363,9.08088022903975,65,1389.0,91.98309731637008,0.17334574649111475
calibration,27,h65,2.0,upface_t200_d3,1389,21.333333333333336,1358.6040484969067,0.6666666666666643,22,1389.0,30.395951503093414,0.07266431660298286
calibration,27,h65,2.0,union_t200_d3,1389,503.774379179954,799.0110511169621,165.225620820046,669,1389.0,589.9889488830379,0.6330755804823073
calibration,27,h65,2.0,sgmc_offcat,1389,174.20477428300532,1296.9822520981375,783.7952257169947,958,1389.0,92.01774790186268,0.16424536171966886
calibration,27,h65,2.2,lappos_t200_d3,1389,248.93582226789377,1065.659455724349,89.06417773210623,338,1389.0,323.3405442756509,0.4667671624606721
calibration,27,h65,2.2,lapneg_t200_d3,1389,241.295767209264,1081.7636077605227,61.704232790736,303,1389.0,307.23639223947725,0.4759173879549455
calibration,27,h65,2.2,step_t150_d3,1389,287.30703909543615,1032.2463842608342,108.69296090456385,396,1389.0,356.75361573916575,0.4947507367770974
calibration,27,h65,2.2,cross_t200_d3,1389,55.19526214587564,1308.533494842458,9.804737854124362,65,1389.0,80.46650515754189,0.16996453966933112
calibration,27,h65,2.2,upface_t200_d3,1389,21.333333333333336,1360.2164465425703,0.6666666666666643,22,1389.0,28.783553457429637,0.0725845889178887
calibration,27,h65,2.2,union_t200_d3,1389,513.8982561438245,827.1156240160428,155.10174385617552,669,1389.0,561.8843759839572,0.6396520792247947
calibration,27,h65,2.2,sgmc_offcat,1389,198.34097193739626,1287.7491064580524,759.6590280626037,958,1389.0,101.25089354194742,0.18647763484032476
calibration,27,h65,2.4,lappos_t200_d3,1389,260.7332559781901,1099.8138017469948,77.26674402180993,338,1389.0,289.18619825300505,0.4806059589558743
calibration,27,h65,2.4,lapneg_t200_d3,1389,237.53288059169293,1120.877976079682,65.46711940830707,303,1389.0,268.12202392031793,0.4620523601804504
calibration,27,h65,2.4,step_t150_d3,1389,293.4461556878231,1069.0514258874218,102.55384431217692,396,1389.0,319.9485741125782,0.49795757091872705
calibration,27,h65,2.4,cross_t200_d3,1389,52.87612303612959,1329.633993107008,12.123876963870408,65,1389.0,59.366006892991834,0.16096133142939345
calibration,27,h65,2.4,upface_t200_d3,1389,21.195262145875635,1366.8994949366115,0.8047378541243653,22,1389.0,22.100505063388333,0.07179505937602598
calibration,27,h65,2.4,union_t200_d3,1389,520.0850686475947,882.5122899562491,148.91493135240535,669,1389.0,506.4877100437509,0.6375783424054707
calibration,27,h65,2.4,sgmc_offcat,1389,217.59081667499538,1290.2390870088439,740.4091833250046,958,1389.0,98.7609129911561,0.20374320961505135
calibration,28,h65,1.4,lappos_t200_d3,258,53.228032399463196,175.92506453913853,77.77196760053681,131,258.0,82.07493546086147,0.35336794481641814
calibration,28,h65,1.4,lapneg_t200_d3,258,61.13295794683615,163.1225175882207,81.86704205316386,143,258.0,94.87748241177934,0.38387778687334284
calibration,28,h65,1.4,step_t150_d3,258,66.07357608521173,157.58410969183743,93.92642391478827,160,258.0,100.41589030816259,0.382521785965256
calibration,28,h65,1.4,cross_t200_d3,258,34.0,201.9443686039282,5.0,39,258.0,56.05563139607178,0.43373502368594563
calibration,28,h65,1.4,upface_t200_d3,258,7.666666666666667,242.9479222822036,0.33333333333333304,8,258.0,15.052077717796394,0.13563819715006928
calibration,28,h65,1.4,union_t200_d3,258,147.36099034629936,91.08317122559446,161.63900965370064,309,258.0,166.91682877440553,0.49971709403087333
calibration,28,h65,1.4,sgmc_offcat,258,1.5857864376269046,257.0,12.414213562373096,14,258.0,1.0,0.025204356108779472
calibration,28,h65,1.6,lappos_t200_d3,258,62.480485503756775,175.6416180203951,68.51951449624323,131,258.0,82.35838197960491,0.4099112544750931
calibration,28,h65,1.6,lapneg_t200_d3,258,71.65936252283862,167.0372555527679,71.34063747716138,143,258.0,90.96274444723208,0.44196164708901714
calibration,28,h65,1.6,step_t150_d3,258,75.775935342881,161.98517783497155,84.224064657119,160,258.0,96.01482216502849,0.4316432694798978
calibration,28,h65,1.6,cross_t200_d3,258,32.58578643762691,213.15382497339112,6.414213562373092,39,258.0,44.84617502660886,0.4055585447894523
calibration,28,h65,1.6,upface_t200_d3,258,7.666666666666667,247.64809063666638,0.33333333333333304,8,258.0,10.351909363333615,0.13341929837896277
calibration,28,h65,1.6,union_t200_d3,258,165.39230113088897,97.81465036464685,143.60769886911103,309,258.0,160.18534963535316,0.5515993004364778
calibration,28,h65,1.6,sgmc_offcat,258,1.5857864376269046,257.0,12.414213562373096,14,258.0,1.0,0.025204356108779472
calibration,28,h65,1.8,lappos_t200_d3,258,62.480485503756775,175.6416180203951,68.51951449624323,131,258.0,82.35838197960491,0.4099112544750931
calibration,28,h65,1.8,lapneg_t200_d3,258,71.65936252283862,167.0372555527679,71.34063747716138,143,258.0,90.96274444723208,0.44196164708901714
calibration,28,h65,1.8,step_t150_d3,258,75.775935342881,161.98517783497155,84.224064657119,160,258.0,96.01482216502849,0.4316432694798978
calibration,28,h65,1.8,cross_t200_d3,258,32.58578643762691,213.15382497339112,6.414213562373092,39,258.0,44.84617502660886,0.4055585447894523
calibration,28,h65,1.8,upface_t200_d3,258,7.666666666666667,247.64809063666638,0.33333333333333304,8,258.0,10.351909363333615,0.13341929837896277
calibration,28,h65,1.8,union_t200_d3,258,165.39230113088897,97.81465036464685,143.60769886911103,309,258.0,160.18534963535316,0.5515993004364778
calibration,28,h65,1.8,sgmc_offcat,258,1.5857864376269046,257.0,12.414213562373096,14,258.0,1.0,0.025204356108779472
calibration,28,h65,2.0,lappos_t200_d3,258,62.480485503756775,175.6416180203951,68.51951449624323,131,258.0,82.35838197960491,0.4099112544750931
calibration,28,h65,2.0,lapneg_t200_d3,258,71.65936252283862,167.0372555527679,71.34063747716138,143,258.0,90.96274444723208,0.44196164708901714
calibration,28,h65,2.0,step_t150_d3,258,75.775935342881,161.98517783497155,84.224064657119,160,258.0,96.01482216502849,0.4316432694798978
calibration,28,h65,2.0,cross_t200_d3,258,32.58578643762691,213.15382497339112,6.414213562373092,39,258.0,44.84617502660886,0.4055585447894523
calibration,28,h65,2.0,upface_t200_d3,258,7.666666666666667,247.64809063666638,0.33333333333333304,8,258.0,10.351909363333615,0.13341929837896277
calibration,28,h65,2.0,union_t200_d3,258,165.39230113088897,97.81465036464685,143.60769886911103,309,258.0,160.18534963535316,0.5515993004364778
calibration,28,h65,2.0,sgmc_offcat,258,1.5857864376269046,257.0,12.414213562373096,14,258.0,1.0,0.025204356108779472
calibration,28,h65,2.2,lappos_t200_d3,258,65.55698392638354,178.44635587451947,65.44301607361646,131,258.0,79.55364412548055,0.42680142473975496
calibration,28,h65,2.2,lapneg_t200_d3,258,75.09069264621405,168.80556938168112,67.90930735378595,143,258.0,89.19443061831888,0.4601730400110981
calibration,28,h65,2.2,step_t150_d3,258,80.1879580020476,162.74472805105873,79.8120419979524,160,258.0,95.25527194894129,0.45410006486736876
calibration,28,h65,2.2,cross_t200_d3,258,31.91911977096024,218.08932987114514,7.08088022903976,39,258.0,39.910670128854846,0.39308442717259223
calibration,28,h65,2.2,upface_t200_d3,258,7.666666666666667,249.56940131083311,0.33333333333333304,8,258.0,8.430598689166878,0.13253303296985317
calibration,28,h65,2.2,union_t200_d3,258,170.56679634355783,101.05583158276819,138.43320365644217,309,258.0,156.94416841723182,0.565681335581189
calibration,28,h65,2.2,sgmc_offcat,258,1.5857864376269046,257.0,12.414213562373096,14,258.0,1.0,0.025204356108779472
calibration,28,h65,2.4,lappos_t200_d3,258,69.94458588071976,181.0587505207641,61.05541411928024,131,258.0,76.9412494792359,0.4512534501173109
calibration,28,h65,2.4,lapneg_t200_d3,258,80.79012956646828,172.31339452826415,62.20987043353172,143,258.0,85.68660547173585,0.4895757150904621
calibration,28,h65,2.4,step_t150_d3,258,81.65205837901058,170.88425530809525,78.34794162098942,160,258.0,87.11574469190477,0.45741588956589324
calibration,28,h65,2.4,cross_t200_d3,258,31.78104858350254,223.31663083639978,7.218951416497461,39,258.0,34.68336916360019,0.3865388954317161
calibration,28,h65,2.4,upface_t200_d3,258,7.666666666666667,250.33333333333331,0.33333333333333304,8,258.0,7.666666666666667,0.13218390804597474
calibration,28,h65,2.4,union_t200_d3,258,179.16093232994194,105.27258869664,129.83906767005806,309,258.0,152.72741130336,0.5891771322200711
calibration,28,h65,2.4,sgmc_offcat,258,1.5857864376269046,257.0,12.414213562373096,14,258.0,1.0,0.025204356108779472
calibration,33,h65,1.4,lappos_t200_d3,1,0.6666666666666667,0.33333333333333326,0.33333333333333326,1,1.0,0.6666666666666667,0.666666666666
calibration,33,h65,1.4,lapneg_t200_d3,1,1.0,0.0,0.0,1,1.0,1.0,0.9999999999989999
calibration,33,h65,1.4,step_t150_d3,1,0.6666666666666667,0.33333333333333326,0.33333333333333326,1,1.0,0.6666666666666667,0.666666666666
calibration,33,h65,1.4,cross_t200_d3,1,0.0,1.0,0.0,0,1.0,0.0,0.0
calibration,33,h65,1.4,upface_t200_d3,1,0.0,1.0,0.0,0,1.0,0.0,0.0
calibration,33,h65,1.4,union_t200_d3,1,1.6666666666666667,0.0,0.33333333333333326,2,1.0,1.0,0.8620689655167955
calibration,33,h65,1.4,sgmc_offcat,1,0.0,1.0,0.0,0,1.0,0.0,0.0
calibration,33,h65,1.6,lappos_t200_d3,1,0.6666666666666667,0.33333333333333326,0.33333333333333326,1,1.0,0.6666666666666667,0.666666666666
calibration,33,h65,1.6,lapneg_t200_d3,1,1.0,0.0,0.0,1,1.0,1.0,0.9999999999989999
calibration,33,h65,1.6,step_t150_d3,1,0.6666666666666667,0.33333333333333326,0.33333333333333326,1,1.0,0.6666666666666667,0.666666666666
calibration,33,h65,1.6,cross_t200_d3,1,0.0,1.0,0.0,0,1.0,0.0,0.0
calibration,33,h65,1.6,upface_t200_d3,1,0.0,1.0,0.0,0,1.0,0.0,0.0
calibration,33,h65,1.6,union_t200_d3,1,1.6666666666666667,0.0,0.33333333333333326,2,1.0,1.0,0.8620689655167955
calibration,33,h65,1.6,sgmc_offcat,1,0.0,1.0,0.0,0,1.0,0.0,0.0
calibration,33,h65,1.8,lappos_t200_d3,1,0.6666666666666667,0.33333333333333326,0.33333333333333326,1,1.0,0.6666666666666667,0.666666666666
calibration,33,h65,1.8,lapneg_t200_d3,1,1.0,0.0,0.0,1,1.0,1.0,0.9999999999989999
calibration,33,h65,1.8,step_t150_d3,1,0.6666666666666667,0.33333333333333326,0.33333333333333326,1,1.0,0.6666666666666667,0.666666666666
calibration,33,h65,1.8,cross_t200_d3,1,0.0,1.0,0.0,0,1.0,0.0,0.0
calibration,33,h65,1.8,upface_t200_d3,1,0.0,1.0,0.0,0,1.0,0.0,0.0
calibration,33,h65,1.8,union_t200_d3,1,1.6666666666666667,0.0,0.33333333333333326,2,1.0,1.0,0.8620689655167955
calibration,33,h65,1.8,sgmc_offcat,1,0.0,1.0,0.0,0,1.0,0.0,0.0
calibration,33,h65,2.0,lappos_t200_d3,1,0.6666666666666667,0.33333333333333326,0.33333333333333326,1,1.0,0.6666666666666667,0.666666666666
calibration,33,h65,2.0,lapneg_t200_d3,1,1.0,0.0,0.0,1,1.0,1.0,0.9999999999989999
calibration,33,h65,2.0,step_t150_d3,1,0.6666666666666667,0.33333333333333326,0.33333333333333326,1,1.0,0.6666666666666667,0.666666666666
calibration,33,h65,2.0,cross_t200_d3,1,0.0,1.0,0.0,0,1.0,0.0,0.0
calibration,33,h65,2.0,upface_t200_d3,1,0.0,1.0,0.0,0,1.0,0.0,0.0
calibration,33,h65,2.0,union_t200_d3,1,1.6666666666666667,0.0,0.33333333333333326,2,1.0,1.0,0.8620689655167955
calibration,33,h65,2.0,sgmc_offcat,1,0.0,1.0,0.0,0,1.0,0.0,0.0
calibration,33,h65,2.2,lappos_t200_d3,1,0.6666666666666667,0.33333333333333326,0.33333333333333326,1,1.0,0.6666666666666667,0.666666666666
calibration,33,h65,2.2,lapneg_t200_d3,1,1.0,0.0,0.0,1,1.0,1.0,0.9999999999989999
calibration,33,h65,2.2,step_t150_d3,1,0.6666666666666667,0.33333333333333326,0.33333333333333326,1,1.0,0.6666666666666667,0.666666666666
calibration,33,h65,2.2,cross_t200_d3,1,0.0,1.0,0.0,0,1.0,0.0,0.0
calibration,33,h65,2.2,upface_t200_d3,1,0.0,1.0,0.0,0,1.0,0.0,0.0
calibration,33,h65,2.2,union_t200_d3,1,1.6666666666666667,0.0,0.33333333333333326,2,1.0,1.0,0.8620689655167955
calibration,33,h65,2.2,sgmc_offcat,1,0.0,1.0,0.0,0,1.0,0.0,0.0
calibration,33,h65,2.4,lappos_t200_d3,1,0.6666666666666667,0.33333333333333326,0.33333333333333326,1,1.0,0.6666666666666667,0.666666666666
calibration,33,h65,2.4,lapneg_t200_d3,1,1.0,0.0,0.0,1,1.0,1.0,0.9999999999989999
calibration,33,h65,2.4,step_t150_d3,1,0.6666666666666667,0.33333333333333326,0.33333333333333326,1,1.0,0.6666666666666667,0.666666666666
calibration,33,h65,2.4,cross_t200_d3,1,0.0,1.0,0.0,0,1.0,0.0,0.0
calibration,33,h65,2.4,upface_t200_d3,1,0.0,1.0,0.0,0,1.0,0.0,0.0
calibration,33,h65,2.4,union_t200_d3,1,1.6666666666666667,0.0,0.33333333333333326,2,1.0,1.0,0.8620689655167955
calibration,33,h65,2.4,sgmc_offcat,1,0.0,1.0,0.0,0,1.0,0.0,0.0
calibration,34,h65,1.4,lappos_t200_d3,847,164.3700713292651,558.7505522363745,190.6299286707349,355,847.0,288.2494477636255,0.38348301425934733
calibration,34,h65,1.4,lapneg_t200_d3,847,201.9059709523021,513.7068274667545,226.0940290476979,428,847.0,333.2931725332455,0.4158529133719135
calibration,34,h65,1.4,step_t150_d3,847,193.96170244172208,539.7115232438881,207.03829755827792,401,847.0,307.2884767561119,0.4148605979452819
calibration,34,h65,1.4,cross_t200_d3,847,122.92131067416673,623.8709927054128,21.078689325833267,144,847.0,223.1290072945871,0.4646281595384124
calibration,34,h65,1.4,upface_t200_d3,847,42.0,756.5979865452848,3.0,45,847.0,90.40201345471505,0.21459271619938197
calibration,34,h65,1.4,union_t200_d3,847,469.86401962240063,302.30419296243593,425.13598037759937,895,847.0,544.695807037564,0.5398045257806553
calibration,34,h65,1.4,sgmc_offcat,847,17.185035664632547,834.5002070320345,47.81496433536745,65,847.0,12.4997929679656,0.07729272191715851
calibration,34,h65,1.6,lappos_t200_d3,847,184.63233685073294,588.4200479459463,170.36766314926706,355,847.0,258.57995205405365,0.42094830504436404
calibration,34,h65,1.6,lapneg_t200_d3,847,226.85421060464546,537.9410185117684,201.14578939535454,428,847.0,309.05898148823167,0.45795915612606836
calibration,34,h65,1.6,step_t150_d3,847,213.64037242876955,568.5941256951272,187.35962757123045,401,847.0,278.4058743048728,0.4476516716960073
calibration,34,h65,1.6,cross_t200_d3,847,124.89543050033842,668.968892801526,19.10456949966158,144,847.0,178.03110719847407,0.4558678855118117
calibration,34,h65,1.6,upface_t200_d3,847,41.05719095841794,781.6748023380514,3.942809041582059,45,847.0,65.32519766194854,0.20472664297586993
calibration,34,h65,1.6,union_t200_d3,847,511.0486446223835,344.89468197603475,383.9513553776165,895,847.0,502.1053180239653,0.5760315303828133
calibration,34,h65,1.6,sgmc_offcat,847,21.042582670761853,835.0859934696614,43.95741732923815,65,847.0,11.914006530338693,0.0942659435507291
calibration,34,h65,1.8,lappos_t200_d3,847,184.63233685073294,588.4200479459463,170.36766314926706,355,847.0,258.57995205405365,0.42094830504436404
calibration,34,h65,1.8,lapneg_t200_d3,847,226.85421060464546,537.9410185117684,201.14578939535454,428,847.0,309.05898148823167,0.45795915612606836
calibration,34,h65,1.8,step_t150_d3,847,213.64037242876955,568.5941256951272,187.35962757123045,401,847.0,278.4058743048728,0.4476516716960073
calibration,34,h65,1.8,cross_t200_d3,847,124.89543050033842,668.968892801526,19.10456949966158,144,847.0,178.03110719847407,0.4558678855118117
calibration,34,h65,1.8,upface_t200_d3,847,41.05719095841794,781.6748023380514,3.942809041582059,45,847.0,65.32519766194854,0.20472664297586993
calibration,34,h65,1.8,union_t200_d3,847,511.0486446223835,344.89468197603475,383.9513553776165,895,847.0,502.1053180239653,0.5760315303828133
calibration,34,h65,1.8,sgmc_offcat,847,21.042582670761853,835.0859934696614,43.95741732923815,65,847.0,11.914006530338693,0.0942659435507291
calibration,34,h65,2.0,lappos_t200_d3,847,184.63233685073294,588.4200479459463,170.36766314926706,355,847.0,258.57995205405365,0.42094830504436404
calibration,34,h65,2.0,lapneg_t200_d3,847,226.85421060464546,537.9410185117684,201.14578939535454,428,847.0,309.05898148823167,0.45795915612606836
calibration,34,h65,2.0,step_t150_d3,847,213.64037242876955,568.5941256951272,187.35962757123045,401,847.0,278.4058743048728,0.4476516716960073
calibration,34,h65,2.0,cross_t200_d3,847,124.89543050033842,668.968892801526,19.10456949966158,144,847.0,178.03110719847407,0.4558678855118117
calibration,34,h65,2.0,upface_t200_d3,847,41.05719095841794,781.6748023380514,3.942809041582059,45,847.0,65.32519766194854,0.20472664297586993
calibration,34,h65,2.0,union_t200_d3,847,511.0486446223835,344.89468197603475,383.9513553776165,895,847.0,502.1053180239653,0.5760315303828133
calibration,34,h65,2.0,sgmc_offcat,847,21.042582670761853,835.0859934696614,43.95741732923815,65,847.0,11.914006530338693,0.0942659435507291
calibration,34,h65,2.2,lappos_t200_d3,847,196.70883527335974,594.659034861442,158.29116472664026,355,847.0,252.34096513855798,0.44476732688842086
calibration,34,h65,2.2,lapneg_t200_d3,847,238.2454663306053,547.6350248212614,189.7545336693947,428,847.0,299.3649751787387,0.47689524613873907
calibration,34,h65,2.2,step_t150_d3,847,230.0093983531055,569.852102704692,170.9906016468945,401,847.0,277.147897295308,0.47841649415303555
calibration,34,h65,2.2,cross_t200_d3,847,122.97631072937818,683.9838184593218,21.023689270621816,144,847.0,163.01618154067825,0.4446126397061085
calibration,34,h65,2.2,upface_t200_d3,847,41.39052429175127,792.046019165594,3.6094757082487305,45,847.0,54.953980834406096,0.20420876155968795
calibration,34,h65,2.2,union_t200_d3,847,532.5163987709701,353.4408080803148,362.4836012290299,895,847.0,493.5591919196852,0.5961951426158192
calibration,34,h65,2.2,sgmc_offcat,847,20.96389334492859,835.6167798520768,44.03610665507141,65,847.0,11.383220147923225,0.09387540841498027
calibration,34,h65,2.4,lappos_t200_d3,847,204.10697767965962,618.620413134186,150.89302232034038,355,847.0,228.3795868658139,0.4550418800690537
calibration,34,h65,2.4,lapneg_t200_d3,847,259.9339453354079,564.2775847538182,168.06605466459212,428,847.0,282.72241524618175,0.5124453190350858
calibration,34,h65,2.4,step_t150_d3,847,255.0749388602806,573.5293030244841,145.9250611397194,401,847.0,273.4706969755159,0.5242836760463959
calibration,34,h65,2.4,cross_t200_d3,847,117.57629139059237,714.9189024941686,26.423708609407626,144,847.0,132.0810975058313,0.4173826502961134
calibration,34,h65,2.4,upface_t200_d3,847,40.723857625084605,803.4448896066831,4.276142374915395,45,847.0,43.55511039331678,0.19881419802721564
calibration,34,h65,2.4,union_t200_d3,847,554.02704616162,380.1974325595678,340.97295383838,895,847.0,466.8025674404322,0.613645875136638
calibration,34,h65,2.4,sgmc_offcat,847,20.296495244053375,837.1453753312858,44.703504755946625,65,847.0,9.854624668714258,0.09081678330884091
selection,35,h65,1.4,lappos_t200_d3,1394,166.7781262460875,1076.6927265376771,78.22187375391249,245,1394.0,317.3072734623229,0.3750400551401033
selection,35,h65,1.4,lapneg_t200_d3,1394,247.14715217042345,968.15587820364,91.85284782957655,339,1394.0,425.84412179635996,0.48058737000451657
selection,35,h65,1.4,step_t150_d3,1394,223.89031725971688,1012.1904252963652,110.10968274028312,334,1394.0,381.8095747036347,0.435231899130077
selection,35,h65,1.4,cross_t200_d3,1394,65.33333333333334,1237.7355230858113,6.666666666666657,72,1394.0,156.26447691418863,0.20531271500207776
selection,35,h65,1.4,upface_t200_d3,1394,28.333333333333336,1326.8420867014022,0.6666666666666643,29,1394.0,67.1579132985978,0.09629488417045558
selection,35,h65,1.4,union_t200_d3,1394,465.73001627063536,719.1356152295928,173.26998372936464,639,1394.0,674.8643847704072,0.6224896349509611
selection,35,h65,1.4,sgmc_offcat,1394,53.344922589645314,1342.417232593717,124.65507741035469,178,1394.0,51.5827674062828,0.12654398044499596
selection,35,h65,1.6,lappos_t200_d3,1394,188.7092493374285,1108.8226688525883,56.2907506625715,245,1394.0,285.1773311474117,0.4142845328099675
selection,35,h65,1.6,lapneg_t200_d3,1394,280.5384078963832,997.9345492949162,58.461592103616795,339,1394.0,396.0654507050838,0.53243744091318
selection,35,h65,1.6,step_t150_d3,1394,253.86443708588857,1041.772057402628,80.13556291411143,334,1394.0,352.2279425973719,0.4823318828750872
selection,35,h65,1.6,cross_t200_d3,1394,61.44771525016921,1283.6035172493944,10.55228474983079,72,1394.0,110.39648275060557,0.1881377449380953
selection,35,h65,1.6,upface_t200_d3,1394,28.333333333333336,1347.8583785336862,0.6666666666666643,29,1394.0,46.14162146631395,0.09493865000055113
selection,35,h65,1.6,union_t200_d3,1394,516.22396796319,777.2027527857241,122.77603203680997,639,1394.0,616.7972472142759,0.6705205806109706
selection,35,h65,1.6,sgmc_offcat,1394,53.76132705522491,1355.6743848745637,124.23867294477509,178,1394.0,38.325615125436485,0.12670977195514485
selection,35,h65,1.8,lappos_t200_d3,1394,188.7092493374285,1108.8226688525883,56.2907506625715,245,1394.0,285.1773311474117,0.4142845328099675
selection,35,h65,1.8,lapneg_t200_d3,1394,280.5384078963832,997.9345492949162,58.461592103616795,339,1394.0,396.0654507050838,0.53243744091318
selection,35,h65,1.8,step_t150_d3,1394,253.86443708588857,1041.772057402628,80.13556291411143,334,1394.0,352.2279425973719,0.4823318828750872
selection,35,h65,1.8,cross_t200_d3,1394,61.44771525016921,1283.6035172493944,10.55228474983079,72,1394.0,110.39648275060557,0.1881377449380953
selection,35,h65,1.8,upface_t200_d3,1394,28.333333333333336,1347.8583785336862,0.6666666666666643,29,1394.0,46.14162146631395,0.09493865000055113
selection,35,h65,1.8,union_t200_d3,1394,516.22396796319,777.2027527857241,122.77603203680997,639,1394.0,616.7972472142759,0.6705205806109706
selection,35,h65,1.8,sgmc_offcat,1394,53.76132705522491,1355.6743848745637,124.23867294477509,178,1394.0,38.325615125436485,0.12670977195514485
selection,35,h65,2.0,lappos_t200_d3,1394,188.7092493374285,1108.8226688525883,56.2907506625715,245,1394.0,285.1773311474117,0.4142845328099675
selection,35,h65,2.0,lapneg_t200_d3,1394,280.5384078963832,997.9345492949162,58.461592103616795,339,1394.0,396.0654507050838,0.53243744091318
selection,35,h65,2.0,step_t150_d3,1394,253.86443708588857,1041.772057402628,80.13556291411143,334,1394.0,352.2279425973719,0.4823318828750872
selection,35,h65,2.0,cross_t200_d3,1394,61.44771525016921,1283.6035172493944,10.55228474983079,72,1394.0,110.39648275060557,0.1881377449380953
selection,35,h65,2.0,upface_t200_d3,1394,28.333333333333336,1347.8583785336862,0.6666666666666643,29,1394.0,46.14162146631395,0.09493865000055113
selection,35,h65,2.0,union_t200_d3,1394,516.22396796319,777.2027527857241,122.77603203680997,639,1394.0,616.7972472142759,0.6705205806109706
selection,35,h65,2.0,sgmc_offcat,1394,53.76132705522491,1355.6743848745637,124.23867294477509,178,1394.0,38.325615125436485,0.12670977195514485
selection,35,h65,2.2,lappos_t200_d3,1394,188.68556006680672,1139.6802158587175,56.314439933193285,245,1394.0,254.31978414128238,0.4086994401724615
selection,35,h65,2.2,lapneg_t200_d3,1394,284.26445642467434,1029.5902614455504,54.735543575325664,339,1394.0,364.40973855444963,0.5323594098997173
selection,35,h65,2.2,step_t150_d3,1394,260.93801317110024,1060.8609732097045,73.06198682889976,334,1394.0,333.1390267902955,0.49089117444210095
selection,35,h65,2.2,cross_t200_d3,1394,60.976310729378184,1301.8960447511035,11.023689270621816,72,1394.0,92.10395524889637,0.18467905930749867
selection,35,h65,2.2,upface_t200_d3,1394,28.333333333333336,1355.4605500981068,0.6666666666666643,29,1394.0,38.53944990189326,0.09445742393784218
selection,35,h65,2.2,union_t200_d3,1394,519.8691362624413,824.7135070685604,119.13086373755868,639,1394.0,569.2864929314395,0.6663993354316999
selection,35,h65,2.2,sgmc_offcat,1394,56.21342411180712,1355.6980741451853,121.78657588819289,178,1394.0,38.30192585481466,0.13233466685862158
selection,35,h65,2.4,lappos_t200_d3,1394,185.43780613906586,1179.9242125220676,59.562193860934144,245,1394.0,214.07578747793252,0.39532874810713425
selection,35,h65,2.4,lapneg_t200_d3,1394,279.9328999304787,1086.123856474356,59.0671000695213,339,1394.0,307.8761435256439,0.5141937236830442
selection,35,h65,2.4,step_t150_d3,1394,265.9449032508595,1097.490056755206,68.05509674914049,334,1394.0,296.50994324479393,0.49259364865427513
selection,35,h65,2.4,cross_t200_d3,1394,56.538407896383255,1327.1123844014874,15.461592103616745,72,1394.0,66.8876155985125,0.1691095058755206
selection,35,h65,2.4,upface_t200_d3,1394,28.333333333333336,1364.8659932488154,0.6666666666666643,29,1394.0,29.134006751184444,0.09386875820273234
selection,35,h65,2.4,union_t200_d3,1394,509.46139871575866,905.5793866263513,129.53860128424134,639,1394.0,488.42061337364873,0.6414708715612792
selection,35,h65,2.4,sgmc_offcat,1394,52.751100573981816,1365.3596275712307,125.24889942601818,178,1394.0,28.64037242876954,0.12382243767185415
calibration,36,h65,1.4,lappos_t200_d3,702,50.0,579.1802193046365,4.0,54,702.0,122.81978069536353,0.2957949018325151
calibration,36,h65,1.4,lapneg_t200_d3,702,40.0,601.574711338732,5.0,45,702.0,100.42528866126806,0.2434349514898099
calibration,36,h65,1.4,step_t150_d3,702,64.0,552.2607821635364,5.0,69,702.0,149.73921783646352,0.35863954395044517
calibration,36,h65,1.4,cross_t200_d3,702,4.0,691.5217053994497,0.0,4,702.0,10.47829460055027,0.028108770046265587
calibration,36,h65,1.4,upface_t200_d3,702,1.0,698.0666860054525,0.0,1,702.0,3.9333139945475213,0.007111700923290778
calibration,36,h65,1.4,union_t200_d3,702,90.33333333333333,513.6014196406979,8.666666666666671,99,702.0,188.39858035930214,0.4516961384963428
calibration,36,h65,1.4,sgmc_offcat,702,114.86579986095744,600.714873336048,132.13420013904255,247,702.0,101.28512666395207,0.33713049715865673
calibration,36,h65,1.6,lappos_t200_d3,702,48.39052429175127,610.5422618547033,5.6094757082487305,54,702.0,91.45773814529674,0.2765385242041377
calibration,36,h65,1.6,lapneg_t200_d3,702,39.05719095841794,630.0267151008043,5.942809041582059,45,702.0,71.97328489919579,0.22999606210704418
calibration,36,h65,1.6,step_t150_d3,702,62.25245310429357,591.9022067960734,6.747546895706428,69,702.0,110.09779320392656,0.3346349579701153
calibration,36,h65,1.6,cross_t200_d3,702,4.0,694.4794400988276,0.0,4,702.0,7.520559901172377,0.027992408007196733
calibration,36,h65,1.6,upface_t200_d3,702,1.0,700.6309740756641,0.0,1,702.0,1.3690259243359433,0.007085856749060196
calibration,36,h65,1.6,union_t200_d3,702,87.78104858350254,561.2650740748587,11.218951416497461,99,702.0,140.73492592514128,0.41998648040627606
calibration,36,h65,1.6,sgmc_offcat,702,136.75945352215817,606.900640434889,110.24054647784183,247,702.0,95.09935956511099,0.39487961292001106
calibration,36,h65,1.8,lappos_t200_d3,702,48.39052429175127,610.5422618547033,5.6094757082487305,54,702.0,91.45773814529674,0.2765385242041377
calibration,36,h65,1.8,lapneg_t200_d3,702,39.05719095841794,630.0267151008043,5.942809041582059,45,702.0,71.97328489919579,0.22999606210704418
calibration,36,h65,1.8,step_t150_d3,702,62.25245310429357,591.9022067960734,6.747546895706428,69,702.0,110.09779320392656,0.3346349579701153
calibration,36,h65,1.8,cross_t200_d3,702,4.0,694.4794400988276,0.0,4,702.0,7.520559901172377,0.027992408007196733
calibration,36,h65,1.8,upface_t200_d3,702,1.0,700.6309740756641,0.0,1,702.0,1.3690259243359433,0.007085856749060196
calibration,36,h65,1.8,union_t200_d3,702,87.78104858350254,561.2650740748587,11.218951416497461,99,702.0,140.73492592514128,0.41998648040627606
calibration,36,h65,1.8,sgmc_offcat,702,136.75945352215817,606.900640434889,110.24054647784183,247,702.0,95.09935956511099,0.39487961292001106
calibration,36,h65,2.0,lappos_t200_d3,702,48.39052429175127,610.5422618547033,5.6094757082487305,54,702.0,91.45773814529674,0.2765385242041377
calibration,36,h65,2.0,lapneg_t200_d3,702,39.05719095841794,630.0267151008043,5.942809041582059,45,702.0,71.97328489919579,0.22999606210704418
calibration,36,h65,2.0,step_t150_d3,702,62.25245310429357,591.9022067960734,6.747546895706428,69,702.0,110.09779320392656,0.3346349579701153
calibration,36,h65,2.0,cross_t200_d3,702,4.0,694.4794400988276,0.0,4,702.0,7.520559901172377,0.027992408007196733
calibration,36,h65,2.0,upface_t200_d3,702,1.0,700.6309740756641,0.0,1,702.0,1.3690259243359433,0.007085856749060196
calibration,36,h65,2.0,union_t200_d3,702,87.78104858350254,561.2650740748587,11.218951416497461,99,702.0,140.73492592514128,0.41998648040627606
calibration,36,h65,2.0,sgmc_offcat,702,136.75945352215817,606.900640434889,110.24054647784183,247,702.0,95.09935956511099,0.39487961292001106
calibration,36,h65,2.2,lappos_t200_d3,702,45.78104858350254,627.1236664859173,8.218951416497461,54,702.0,74.87633351408283,0.2575138133895879
calibration,36,h65,2.2,lapneg_t200_d3,702,38.861928812542295,641.7505727258888,6.1380711874577045,45,702.0,60.249427274111184,0.22578064310634852
calibration,36,h65,2.2,step_t150_d3,702,59.91911977096024,609.7597538022028,9.080880229039757,69,702.0,92.24024619779723,0.316804792014444
calibration,36,h65,2.2,cross_t200_d3,702,4.0,695.2819870497455,0.0,4,702.0,6.7180129502545105,0.02796100050344051
calibration,36,h65,2.2,upface_t200_d3,702,1.0,700.6309740756641,0.0,1,702.0,1.3690259243359433,0.007085856749060196
calibration,36,h65,2.2,union_t200_d3,702,84.97631072937818,584.1404690761989,14.023689270621816,99,702.0,117.85953092380112,0.3989060746225831
calibration,36,h65,2.2,sgmc_offcat,702,137.14997781390946,615.953449586894,109.85002218609054,247,702.0,86.04655041310605,0.393859364284443
calibration,36,h65,2.4,lappos_t200_d3,702,42.42621688275388,650.0467472003834,11.573783117246123,54,702.0,51.95325279961669,0.23350291401115977
calibration,36,h65,2.4,lapneg_t200_d3,702,36.114381916835875,659.2630936496055,8.885618083164125,45,702.0,42.736906350394534,0.20627890781326472
calibration,36,h65,2.4,step_t150_d3,702,57.17157287525381,635.2456597184635,11.828427124746192,69,702.0,66.75434028153661,0.2951804808456917
calibration,36,h65,2.4,cross_t200_d3,702,3.666666666666667,697.9643074089975,0.33333333333333304,4,702.0,4.03569259100261,0.0255470206772321
calibration,36,h65,2.4,upface_t200_d3,702,1.0,700.8856180831641,0.0,1,702.0,1.114381916835873,0.007083300568691978
calibration,36,h65,2.4,union_t200_d3,702,78.87393213292309,618.5090707382086,20.126067867076912,99,702.0,83.4909292617914,0.36068757208501695
calibration,36,h65,2.4,sgmc_offcat,702,120.90148905254092,642.4918574832773,126.09851094745908,247,702.0,59.508142516722785,0.34515801173870675
calibration,42,h65,1.4,lappos_t200_d3,220,13.666666666666666,184.57346914652553,1.333333333333334,15,220.0,35.426530853474475,0.26461159152566244
calibration,42,h65,1.4,lapneg_t200_d3,220,16.666666666666668,181.74869239398376,1.3333333333333321,18,220.0,38.25130760601622,0.3081679000142935
calibration,42,h65,1.4,step_t150_d3,220,22.333333333333336,168.6868022590131,1.6666666666666643,24,220.0,51.313197740986894,0.38905516658686434
calibration,42,h65,1.4,cross_t200_d3,220,5.0,207.87142385957685,0.0,5,220.0,12.128576140423156,0.10735537914293272
calibration,42,h65,1.4,upface_t200_d3,220,1.0,217.37413916495748,0.0,1,220.0,2.625860835042512,0.02248462891762283
calibration,42,h65,1.4,union_t200_d3,220,31.000000000000004,156.8397991042666,2.9999999999999964,34,220.0,63.16020089573337,0.4786317198464304
calibration,42,h65,1.4,sgmc_offcat,220,3.5879773408334037,215.74535599249992,12.412022659166595,16,220.0,4.25464400750007,0.06331724719117658
calibration,42,h65,1.6,lappos_t200_d3,220,13.333333333333332,195.89949833603083,1.6666666666666679,15,220.0,24.10050166396919,0.24761715075127436
calibration,42,h65,1.6,lapneg_t200_d3,220,15.861928812542303,191.68273782273985,2.1380711874576974,18,220.0,28.317262177260154,0.28371009548246623
calibration,42,h65,1.6,step_t150_d3,220,21.252453104293572,184.81610983364482,2.747546895706428,24,220.0,35.1838901663552,0.35178194145048536
calibration,42,h65,1.6,cross_t200_d3,220,4.528595479208969,211.65247244307938,0.47140452079103135,5,220.0,8.347527556920618,0.09587126349811696
calibration,42,h65,1.6,upface_t200_d3,220,1.0,217.8240453183332,0.0,1,220.0,2.1759546816668074,0.02243922998910075
calibration,42,h65,1.6,union_t200_d3,220,29.723857625084605,173.5734691465255,4.276142374915395,34,220.0,46.42653085347448,0.43802080476001026
calibration,42,h65,1.6,sgmc_offcat,220,5.7023592576692765,215.5500938466243,10.297640742330724,16,220.0,4.449906153375705,0.09995285221235746
calibration,42,h65,1.8,lappos_t200_d3,220,13.333333333333332,195.89949833603083,1.6666666666666679,15,220.0,24.10050166396919,0.24761715075127436
calibration,42,h65,1.8,lapneg_t200_d3,220,15.861928812542303,191.68273782273985,2.1380711874576974,18,220.0,28.317262177260154,0.28371009548246623
calibration,42,h65,1.8,step_t150_d3,220,21.252453104293572,184.81610983364482,2.747546895706428,24,220.0,35.1838901663552,0.35178194145048536
calibration,42,h65,1.8,cross_t200_d3,220,4.528595479208969,211.65247244307938,0.47140452079103135,5,220.0,8.347527556920618,0.09587126349811696
calibration,42,h65,1.8,upface_t200_d3,220,1.0,217.8240453183332,0.0,1,220.0,2.1759546816668074,0.02243922998910075
calibration,42,h65,1.8,union_t200_d3,220,29.723857625084605,173.5734691465255,4.276142374915395,34,220.0,46.42653085347448,0.43802080476001026
calibration,42,h65,1.8,sgmc_offcat,220,5.7023592576692765,215.5500938466243,10.297640742330724,16,220.0,4.449906153375705,0.09995285221235746
calibration,42,h65,2.0,lappos_t200_d3,220,13.333333333333332,195.89949833603083,1.6666666666666679,15,220.0,24.10050166396919,0.24761715075127436
calibration,42,h65,2.0,lapneg_t200_d3,220,15.861928812542303,191.68273782273985,2.1380711874576974,18,220.0,28.317262177260154,0.28371009548246623
calibration,42,h65,2.0,step_t150_d3,220,21.252453104293572,184.81610983364482,2.747546895706428,24,220.0,35.1838901663552,0.35178194145048536
calibration,42,h65,2.0,cross_t200_d3,220,4.528595479208969,211.65247244307938,0.47140452079103135,5,220.0,8.347527556920618,0.09587126349811696
calibration,42,h65,2.0,upface_t200_d3,220,1.0,217.8240453183332,0.0,1,220.0,2.1759546816668074,0.02243922998910075
calibration,42,h65,2.0,union_t200_d3,220,29.723857625084605,173.5734691465255,4.276142374915395,34,220.0,46.42653085347448,0.43802080476001026
calibration,42,h65,2.0,sgmc_offcat,220,5.7023592576692765,215.5500938466243,10.297640742330724,16,220.0,4.449906153375705,0.09995285221235746
calibration,42,h65,2.2,lappos_t200_d3,220,13.666666666666666,199.6233559611154,1.333333333333334,15,220.0,20.376644038884585,0.2500396197280912
calibration,42,h65,2.2,lapneg_t200_d3,220,16.333333333333336,196.8015015459887,1.6666666666666643,18,220.0,23.19849845401128,0.2864142036564179
calibration,42,h65,2.2,step_t150_d3,220,21.39052429175127,189.7738445330227,2.6094757082487305,24,220.0,30.2261554669773,0.3481934505227953
calibration,42,h65,2.2,cross_t200_d3,220,4.528595479208969,213.49801612882789,0.47140452079103135,5,220.0,6.501983871172097,0.09512792390344575
calibration,42,h65,2.2,upface_t200_d3,220,1.0,218.49071198499985,0.0,1,220.0,1.5092880150001404,0.022372294381233507
calibration,42,h65,2.2,union_t200_d3,220,30.52859547920897,181.69515520718943,3.4714045207910296,34,220.0,38.30484479281056,0.4383474047797192
calibration,42,h65,2.2,sgmc_offcat,220,6.0950744526270455,215.37413916495748,9.904925547372954,16,220.0,4.625860835042513,0.10675537259145428
calibration,42,h65,2.4,lappos_t200_d3,220,12.528595479208969,204.7719676005368,2.4714045207910313,15,220.0,15.2280323994632,0.22590281354037103
calibration,42,h65,2.4,lapneg_t200_d3,220,14.116572820042373,203.24118121812134,3.8834271799576268,18,220.0,16.758818781878666,0.24392940266913113
calibration,42,h65,2.4,step_t150_d3,220,20.919119770960236,196.49039461486012,3.0808802290397637,24,220.0,23.509605385139885,0.33373459979277437
calibration,42,h65,2.4,cross_t200_d3,220,4.528595479208969,214.94280904158205,0.47140452079103135,5,220.0,5.057190958417936,0.09455399253767059
calibration,42,h65,2.4,upface_t200_d3,220,0.6666666666666667,219.07868932583327,0.33333333333333326,1,220.0,0.9213106741667368,0.014897888354138597
calibration,42,h65,2.4,union_t200_d3,220,26.840430445126977,191.755582473743,7.159569554873023,34,220.0,28.24441752625698,0.37846492159046885
calibration,42,h65,2.4,sgmc_offcat,220,8.68305179346045,214.9621165057909,7.31694820653955,16,220.0,5.037883494209108,0.15093338512863347
calibration,43,h65,1.4,lappos_t200_d3,712,64.66666666666667,580.9838150599027,9.333333333333329,74,712.0,131.0161849400974,0.34336873352465314
calibration,43,h65,1.4,lapneg_t200_d3,712,82.17376377846031,551.2287399447383,16.826236221539688,99,712.0,160.77126005526168,0.3991333005372019
calibration,43,h65,1.4,step_t150_d3,712,82.31183496591801,553.4567757436206,20.68816503408199,103,712.0,158.54322425637935,0.392795862199846
calibration,43,h65,1.4,cross_t200_d3,712,17.0,665.6303427348037,2.0,19,712.0,46.36965726519629,0.11204402883963357
calibration,43,h65,1.4,upface_t200_d3,712,4.0,703.3785209713706,0.0,4,712.0,8.621479028629516,0.027648042373643288
calibration,43,h65,1.4,union_t200_d3,712,157.50709711179366,448.78540990040125,27.492902888206345,185,712.0,263.2145900995987,0.5849661061448898
calibration,43,h65,1.4,sgmc_offcat,712,28.58067319700536,683.88165034082,22.41932680299464,51,712.0,28.11834965918007,0.1559293408084418
calibration,43,h65,1.6,lappos_t200_d3,712,60.97631072937818,606.8854076052108,13.023689270621823,74,712.0,105.11459239478913,0.316312545510864
calibration,43,h65,1.6,lapneg_t200_d3,712,86.17157287525383,578.2421128390263,12.82842712474617,99,712.0,133.75788716097372,0.4063111125221353
calibration,43,h65,1.6,step_t150_d3,712,87.03350168779612,579.5710643659465,15.966498312203882,103,712.0,132.42893563405337,0.40345416859406824
calibration,43,h65,1.6,cross_t200_d3,712,15.8619288125423,682.4539739890681,3.138071187457699,19,712.0,29.546026010931904,0.10242543615048434
calibration,43,h65,1.6,upface_t200_d3,712,4.0,705.8455436857485,0.0,4,712.0,6.1544563142514805,0.02755407148805032
calibration,43,h65,1.6,union_t200_d3,712,157.3431457505076,496.4188023543208,27.656854249492397,185,712.0,215.58119764567923,0.5644548768333603
calibration,43,h65,1.6,sgmc_offcat,712,32.40471851533855,685.4652458752404,18.59528148466145,51,712.0,26.53475412475966,0.1757553655452924
calibration,43,h65,1.8,lappos_t200_d3,712,60.97631072937818,606.8854076052108,13.023689270621823,74,712.0,105.11459239478913,0.316312545510864
calibration,43,h65,1.8,lapneg_t200_d3,712,86.17157287525383,578.2421128390263,12.82842712474617,99,712.0,133.75788716097372,0.4063111125221353
calibration,43,h65,1.8,step_t150_d3,712,87.03350168779612,579.5710643659465,15.966498312203882,103,712.0,132.42893563405337,0.40345416859406824
calibration,43,h65,1.8,cross_t200_d3,712,15.8619288125423,682.4539739890681,3.138071187457699,19,712.0,29.546026010931904,0.10242543615048434
calibration,43,h65,1.8,upface_t200_d3,712,4.0,705.8455436857485,0.0,4,712.0,6.1544563142514805,0.02755407148805032
calibration,43,h65,1.8,union_t200_d3,712,157.3431457505076,496.4188023543208,27.656854249492397,185,712.0,215.58119764567923,0.5644548768333603
calibration,43,h65,1.8,sgmc_offcat,712,32.40471851533855,685.4652458752404,18.59528148466145,51,712.0,26.53475412475966,0.1757553655452924
calibration,43,h65,2.0,lappos_t200_d3,712,60.97631072937818,606.8854076052108,13.023689270621823,74,712.0,105.11459239478913,0.316312545510864
calibration,43,h65,2.0,lapneg_t200_d3,712,86.17157287525383,578.2421128390263,12.82842712474617,99,712.0,133.75788716097372,0.4063111125221353
calibration,43,h65,2.0,step_t150_d3,712,87.03350168779612,579.5710643659465,15.966498312203882,103,712.0,132.42893563405337,0.40345416859406824
calibration,43,h65,2.0,cross_t200_d3,712,15.8619288125423,682.4539739890681,3.138071187457699,19,712.0,29.546026010931904,0.10242543615048434
calibration,43,h65,2.0,upface_t200_d3,712,4.0,705.8455436857485,0.0,4,712.0,6.1544563142514805,0.02755407148805032
calibration,43,h65,2.0,union_t200_d3,712,157.3431457505076,496.4188023543208,27.656854249492397,185,712.0,215.58119764567923,0.5644548768333603
calibration,43,h65,2.0,sgmc_offcat,712,32.40471851533855,685.4652458752404,18.59528148466145,51,712.0,26.53475412475966,0.1757553655452924
calibration,43,h65,2.2,lappos_t200_d3,712,59.83823954192048,620.1251259549151,14.16176045807952,74,712.0,91.87487404508488,0.3065598651413427
calibration,43,h65,2.2,lapneg_t200_d3,712,83.17157287525382,591.4887246679089,15.828427124746185,99,712.0,120.51127533209109,0.3884125201341018
calibration,43,h65,2.2,step_t150_d3,712,87.17157287525382,588.6697925901973,15.828427124746185,103,712.0,123.33020740980274,0.40066307295620995
calibration,43,h65,2.2,cross_t200_d3,712,15.195262145875635,686.9016892392374,3.8047378541243653,19,712.0,25.09831076076269,0.09764375839557017
calibration,43,h65,2.2,upface_t200_d3,712,4.0,707.1788770190818,0.0,4,712.0,4.8211229809181475,0.027503549170715316
calibration,43,h65,2.2,union_t200_d3,712,153.0098124171743,520.248692347484,31.990187582825712,185,712.0,191.75130765251595,0.5413369595913154
calibration,43,h65,2.2,sgmc_offcat,712,32.48340784117182,688.288559759365,18.516592158828182,51,712.0,23.711440240635017,0.17562928472764397
calibration,43,h65,2.4,lappos_t200_d3,712,54.714362578050064,645.4230772685473,19.285637421949936,74,712.0,66.57692273145271,0.2746325978194117
calibration,43,h65,2.4,lapneg_t200_d3,712,78.71436257805007,618.8682842453702,20.28563742194993,99,712.0,93.13171575462974,0.3598921526722051
calibration,43,h65,2.4,step_t150_d3,712,82.38102924471674,617.5302517354842,20.618970755283257,103,712.0,94.46974826451581,0.3704478525125391
calibration,43,h65,2.4,cross_t200_d3,712,14.114381916835875,694.4838219052406,4.885618083164125,19,712.0,17.51617809475938,0.08994656021438273
calibration,43,h65,2.4,upface_t200_d3,712,4.0,707.942809041582,0.0,4,712.0,4.057190958417936,0.02747468585661571
calibration,43,h65,2.4,union_t200_d3,712,142.9573206353091,564.8858148704414,42.04267936469091,185,712.0,147.11418512955862,0.49369063930179047
calibration,43,h65,2.4,sgmc_offcat,712,28.787938663261777,694.8765371001984,22.212061336738223,51,712.0,17.12346289980161,0.15516352849218135
selection,44,h65,1.4,lappos_t200_d3,1342,102.66666666666667,1123.3304939991713,8.333333333333329,111,1342.0,218.66950600082868,0.30738575215820285
selection,44,h65,1.4,lapneg_t200_d3,1342,144.0,1058.8558531702447,15.0,159,1342.0,283.1441468297553,0.3915478196720507
selection,44,h65,1.4,step_t150_d3,1342,164.20945636946294,1022.1521243386682,31.79054363053706,196,1342.0,319.8478756613318,0.4166987876165526
selection,44,h65,1.4,cross_t200_d3,1342,21.666666666666668,1283.8270677490964,2.333333333333332,24,1342.0,58.17293225090356,0.07729847852548093
selection,44,h65,1.4,upface_t200_d3,1342,7.666666666666667,1316.4984301928966,0.33333333333333304,8,1342.0,25.50156980710329,0.02826597839901698
selection,44,h65,1.4,union_t200_d3,1342,258.6666666666667,887.8724316848966,25.333333333333314,284,1342.0,454.1275683151034,0.5666204510001027
selection,44,h65,1.4,sgmc_offcat,1342,84.69349555149509,1274.8251908166105,174.3065044485049,259,1342.0,67.17480918338946,0.17677485889266936
selection,44,h65,1.6,lappos_t200_d3,1342,97.70016835446279,1178.920882919422,13.29983164553721,111,1342.0,163.07911708057804,0.2839096042737849
selection,44,h65,1.6,lapneg_t200_d3,1342,140.7001683544628,1127.532966994365,18.29983164553721,159,1342.0,214.4670330056349,0.3694405000695678
selection,44,h65,1.6,step_t150_d3,1342,169.67647908384095,1087.538808269776,26.323520916159055,196,1342.0,254.46119173022393,0.4156261226708274
selection,44,h65,1.6,cross_t200_d3,1342,21.19526214587564,1303.8481520524429,2.8047378541243617,24,1342.0,38.151847947557044,0.07457640609042501
selection,44,h65,1.6,upface_t200_d3,1342,7.666666666666667,1327.6768931479098,0.33333333333333304,8,1342.0,14.323106852090246,0.028034895149929632
selection,44,h65,1.6,union_t200_d3,1342,249.5955988548012,996.8478243910463,34.40440114519879,284,1342.0,345.15217560895366,0.5238227200265493
selection,44,h65,1.6,sgmc_offcat,1342,97.39877714657939,1274.4649285051005,161.6012228534206,259,1342.0,67.53507149489941,0.2022514333306472
selection,44,h65,1.8,lappos_t200_d3,1342,97.70016835446279,1178.920882919422,13.29983164553721,111,1342.0,163.07911708057804,0.2839096042737849
selection,44,h65,1.8,lapneg_t200_d3,1342,140.7001683544628,1127.532966994365,18.29983164553721,159,1342.0,214.4670330056349,0.3694405000695678
selection,44,h65,1.8,step_t150_d3,1342,169.67647908384095,1087.538808269776,26.323520916159055,196,1342.0,254.46119173022393,0.4156261226708274
selection,44,h65,1.8,cross_t200_d3,1342,21.19526214587564,1303.8481520524429,2.8047378541243617,24,1342.0,38.151847947557044,0.07457640609042501
selection,44,h65,1.8,upface_t200_d3,1342,7.666666666666667,1327.6768931479098,0.33333333333333304,8,1342.0,14.323106852090246,0.028034895149929632
selection,44,h65,1.8,union_t200_d3,1342,249.5955988548012,996.8478243910463,34.40440114519879,284,1342.0,345.15217560895366,0.5238227200265493
selection,44,h65,1.8,sgmc_offcat,1342,97.39877714657939,1274.4649285051005,161.6012228534206,259,1342.0,67.53507149489941,0.2022514333306472
selection,44,h65,2.0,lappos_t200_d3,1342,97.70016835446279,1178.920882919422,13.29983164553721,111,1342.0,163.07911708057804,0.2839096042737849
selection,44,h65,2.0,lapneg_t200_d3,1342,140.7001683544628,1127.532966994365,18.29983164553721,159,1342.0,214.4670330056349,0.3694405000695678
selection,44,h65,2.0,step_t150_d3,1342,169.67647908384095,1087.538808269776,26.323520916159055,196,1342.0,254.46119173022393,0.4156261226708274
selection,44,h65,2.0,cross_t200_d3,1342,21.19526214587564,1303.8481520524429,2.8047378541243617,24,1342.0,38.151847947557044,0.07457640609042501
selection,44,h65,2.0,upface_t200_d3,1342,7.666666666666667,1327.6768931479098,0.33333333333333304,8,1342.0,14.323106852090246,0.028034895149929632
selection,44,h65,2.0,union_t200_d3,1342,249.5955988548012,996.8478243910463,34.40440114519879,284,1342.0,345.15217560895366,0.5238227200265493
selection,44,h65,2.0,sgmc_offcat,1342,97.39877714657939,1274.4649285051005,161.6012228534206,259,1342.0,67.53507149489941,0.2022514333306472
selection,44,h65,2.2,lappos_t200_d3,1342,94.64297739604486,1201.1161450652976,16.357022603955144,111,1342.0,140.8838549347024,0.272000233176382
selection,44,h65,2.2,lapneg_t200_d3,1342,136.03350168779613,1152.931112800084,22.966498312203868,159,1342.0,189.06888719991582,0.35334026574817395
selection,44,h65,2.2,step_t150_d3,1342,168.34314575050763,1111.4943554653664,27.65685424949237,196,1342.0,230.50564453463338,0.4078401173816513
selection,44,h65,2.2,cross_t200_d3,1342,21.057190958417937,1312.0241067341096,2.9428090415820627,24,1342.0,29.975893265890225,0.07367387353126076
selection,44,h65,2.2,upface_t200_d3,1342,7.666666666666667,1329.9537669570336,0.33333333333333304,8,1342.0,12.0462330429663,0.027988289596346062
selection,44,h65,2.2,union_t200_d3,1342,241.5955988548012,1037.4973778961298,42.40440114519879,284,1342.0,304.5026221038701,0.5001786705119396
selection,44,h65,2.2,sgmc_offcat,1342,99.25632415270871,1279.1294042685608,159.74367584729129,259,1342.0,62.87059573143924,0.20555191944745863
selection,44,h65,2.4,lappos_t200_d3,1342,89.63567325221682,1239.5554004751039,21.36432674778318,111,1342.0,102.44459952489605,0.25275243762590877
selection,44,h65,2.4,lapneg_t200_d3,1342,127.98758261555042,1195.0243001219678,31.012417384449577,159,1342.0,146.97569987803212,0.3266636199181716
selection,44,h65,2.4,step_t150_d3,1342,161.11689019018212,1158.303775498948,34.88310980981788,196,1342.0,183.696224501052,0.38298779891799734
selection,44,h65,2.4,cross_t200_d3,1342,19.78323948670904,1320.288559759365,4.216760513290961,24,1342.0,21.711440240635014,0.06887970189615523
selection,44,h65,2.4,upface_t200_d3,1342,6.921310674166737,1334.0859934696614,1.0786893258332633,8,1342.0,7.914006530338693,0.025204930277055806
selection,44,h65,2.4,union_t200_d3,1342,226.52306817451864,1110.378497082437,57.47693182548136,284,1342.0,231.6215029175629,0.45801068541719425
selection,44,h65,2.4,sgmc_offcat,1342,102.85630141450375,1285.5891228391106,156.14369858549625,259,1342.0,56.41087716088924,0.21212335898666126
selection,45,h65,1.4,lappos_t200_d3,133,0.6666666666666667,130.88342717995764,0.33333333333333326,1,133.0,2.116572820042372,0.024591154743905202
selection,45,h65,1.4,lapneg_t200_d3,133,7.333333333333334,114.07837195569353,0.6666666666666661,8,133.0,18.92162804430648,0.23900827252774268
selection,45,h65,1.4,step_t150_d3,133,7.666666666666667,114.94030076823583,0.33333333333333304,8,133.0,18.059699231764178,0.24794052926154445
selection,45,h65,1.4,cross_t200_d3,133,0.0,133.0,0.0,0,133.0,0.0,0.0
selection,45,h65,1.4,upface_t200_d3,133,0.0,133.0,0.0,0,133.0,0.0,0.0
selection,45,h65,1.4,union_t200_d3,133,8.0,113.40951438582036,1.0,9,133.0,19.590485614179645,0.25411424561006063
selection,45,h65,1.4,sgmc_offcat,133,0.0,133.0,0.0,0,133.0,0.0,0.0
selection,45,h65,1.6,lappos_t200_d3,133,0.6666666666666667,130.94280904158205,0.33333333333333326,1,133.0,2.057190958417937,0.02458038655428895
selection,45,h65,1.6,lapneg_t200_d3,133,6.861928812542302,121.12899020449194,1.1380711874576983,8,133.0,11.87100979550804,0.2144474466020005
selection,45,h65,1.6,step_t150_d3,133,7.333333333333334,121.57451455145467,0.6666666666666661,8,133.0,11.425485448545333,0.22787370006290378
selection,45,h65,1.6,cross_t200_d3,133,0.0,133.0,0.0,0,133.0,0.0,0.0
selection,45,h65,1.6,upface_t200_d3,133,0.0,133.0,0.0,0,133.0,0.0,0.0
selection,45,h65,1.6,union_t200_d3,133,7.528595479208969,120.46232353782528,1.4714045207910313,9,133.0,12.537676462174707,0.22954306019916626
selection,45,h65,1.6,sgmc_offcat,133,0.0,133.0,0.0,0,133.0,0.0,0.0
selection,45,h65,1.8,lappos_t200_d3,133,0.6666666666666667,130.94280904158205,0.33333333333333326,1,133.0,2.057190958417937,0.02458038655428895
selection,45,h65,1.8,lapneg_t200_d3,133,6.861928812542302,121.12899020449194,1.1380711874576983,8,133.0,11.87100979550804,0.2144474466020005
selection,45,h65,1.8,step_t150_d3,133,7.333333333333334,121.57451455145467,0.6666666666666661,8,133.0,11.425485448545333,0.22787370006290378
selection,45,h65,1.8,cross_t200_d3,133,0.0,133.0,0.0,0,133.0,0.0,0.0
selection,45,h65,1.8,upface_t200_d3,133,0.0,133.0,0.0,0,133.0,0.0,0.0
selection,45,h65,1.8,union_t200_d3,133,7.528595479208969,120.46232353782528,1.4714045207910313,9,133.0,12.537676462174707,0.22954306019916626
selection,45,h65,1.8,sgmc_offcat,133,0.0,133.0,0.0,0,133.0,0.0,0.0
selection,45,h65,2.0,lappos_t200_d3,133,0.6666666666666667,130.94280904158205,0.33333333333333326,1,133.0,2.057190958417937,0.02458038655428895
selection,45,h65,2.0,lapneg_t200_d3,133,6.861928812542302,121.12899020449194,1.1380711874576983,8,133.0,11.87100979550804,0.2144474466020005
selection,45,h65,2.0,step_t150_d3,133,7.333333333333334,121.57451455145467,0.6666666666666661,8,133.0,11.425485448545333,0.22787370006290378
selection,45,h65,2.0,cross_t200_d3,133,0.0,133.0,0.0,0,133.0,0.0,0.0
selection,45,h65,2.0,upface_t200_d3,133,0.0,133.0,0.0,0,133.0,0.0,0.0
selection,45,h65,2.0,union_t200_d3,133,7.528595479208969,120.46232353782528,1.4714045207910313,9,133.0,12.537676462174707,0.22954306019916626
selection,45,h65,2.0,sgmc_offcat,133,0.0,133.0,0.0,0,133.0,0.0,0.0
selection,45,h65,2.2,lappos_t200_d3,133,0.6666666666666667,131.21676051329095,0.33333333333333326,1,133.0,1.7832394867090384,0.02453083059878009
selection,45,h65,2.2,lapneg_t200_d3,133,6.528595479208969,122.14829766870079,1.4714045207910313,8,133.0,10.851702331299212,0.20315912734256444
selection,45,h65,2.2,step_t150_d3,133,7.333333333333334,122.53882196045205,0.6666666666666661,8,133.0,10.461178039547942,0.2265162071890523
selection,45,h65,2.2,cross_t200_d3,133,0.0,133.0,0.0,0,133.0,0.0,0.0
selection,45,h65,2.2,upface_t200_d3,133,0.0,133.0,0.0,0,133.0,0.0,0.0
selection,45,h65,2.2,union_t200_d3,133,7.195262145875635,121.7362750095342,1.8047378541243653,9,133.0,11.263724990465807,0.21812875420834602
selection,45,h65,2.2,sgmc_offcat,133,0.0,133.0,0.0,0,133.0,0.0,0.0
selection,45,h65,2.4,lappos_t200_d3,133,0.5285954792089682,132.13807118745768,0.4714045207910318,1,133.0,0.8619288125423016,0.019338858995449352
selection,45,h65,2.4,lapneg_t200_d3,133,6.057190958417936,124.9501131854101,1.9428090415820636,8,133.0,8.049886814589893,0.18579507802525344
selection,45,h65,2.4,step_t150_d3,133,7.195262145875635,125.40440114519882,0.8047378541243653,8,133.0,7.595598854801191,0.21856855603499842
selection,45,h65,2.4,cross_t200_d3,133,0.0,133.0,0.0,0,133.0,0.0,0.0
selection,45,h65,2.4,upface_t200_d3,133,0.0,133.0,0.0,0,133.0,0.0,0.0
selection,45,h65,2.4,union_t200_d3,133,6.585786437626905,124.6761617137012,2.414213562373095,9,133.0,8.323838286298791,0.1968704331862828
selection,45,h65,2.4,sgmc_offcat,133,0.0,133.0,0.0,0,133.0,0.0,0.0
calibration,50,h65,1.4,lappos_t200_d3,52,6.0,40.84554368574852,5.0,11,52.0,11.15445631425148,0.33023083778081486
calibration,50,h65,1.4,lapneg_t200_d3,52,8.333333333333334,37.259757248121616,10.666666666666666,19,52.0,14.740242751878386,0.3426729797508728
calibration,50,h65,1.4,step_t150_d3,52,14.449906153375705,30.440825170409965,16.550093846624293,31,52.0,21.559174829590035,0.4277886074657618
calibration,50,h65,1.4,cross_t200_d3,52,0.6666666666666667,49.88342717995763,0.33333333333333326,1,52.0,2.116572820042372,0.061105913817585546
calibration,50,h65,1.4,upface_t200_d3,52,1.0,49.43352102658193,0.0,1,52.0,2.566478973418077,0.09185516398172834
calibration,50,h65,1.4,union_t200_d3,52,15.333333333333334,29.457210297203744,14.666666666666666,30,52.0,22.542789702796252,0.4652370516997151
calibration,50,h65,1.4,sgmc_offcat,52,1.5664789734180766,49.98580577641272,21.433521026581925,23,52.0,2.0141942235872827,0.054561269301562555
calibration,50,h65,1.6,lappos_t200_d3,52,6.861928812542302,42.15956955487302,4.138071187457698,11,52.0,9.840430445126975,0.36883564192004087
calibration,50,h65,1.6,lapneg_t200_d3,52,11.861928812542303,37.70966340149732,7.138071187457697,19,52.0,14.29033659850268,0.4723173690560085
calibration,50,h65,1.6,step_t150_d3,52,21.116572820042375,27.515132689830228,9.883427179957625,31,52.0,24.48486731016977,0.6116076058471811
calibration,50,h65,1.6,cross_t200_d3,52,0.6666666666666667,50.276142374915395,0.33333333333333326,1,52.0,1.7238576250846032,0.060669146544915134
calibration,50,h65,1.6,upface_t200_d3,52,1.0,50.236067977499786,0.0,1,52.0,1.7639320225002102,0.09052056352085523
calibration,50,h65,1.6,union_t200_d3,52,19.195262145875635,30.102378596455086,10.804737854124365,30,52.0,21.89762140354491,0.5669087313239662
calibration,50,h65,1.6,sgmc_offcat,52,1.6666666666666667,50.76685435991526,21.333333333333332,23,52.0,1.2331456400847434,0.057696670925853545
calibration,50,h65,1.8,lappos_t200_d3,52,6.861928812542302,42.15956955487302,4.138071187457698,11,52.0,9.840430445126975,0.36883564192004087
calibration,50,h65,1.8,lapneg_t200_d3,52,11.861928812542303,37.70966340149732,7.138071187457697,19,52.0,14.29033659850268,0.4723173690560085
calibration,50,h65,1.8,step_t150_d3,52,21.116572820042375,27.515132689830228,9.883427179957625,31,52.0,24.48486731016977,0.6116076058471811
calibration,50,h65,1.8,cross_t200_d3,52,0.6666666666666667,50.276142374915395,0.33333333333333326,1,52.0,1.7238576250846032,0.060669146544915134
calibration,50,h65,1.8,upface_t200_d3,52,1.0,50.236067977499786,0.0,1,52.0,1.7639320225002102,0.09052056352085523
calibration,50,h65,1.8,union_t200_d3,52,19.195262145875635,30.102378596455086,10.804737854124365,30,52.0,21.89762140354491,0.5669087313239662
calibration,50,h65,1.8,sgmc_offcat,52,1.6666666666666667,50.76685435991526,21.333333333333332,23,52.0,1.2331456400847434,0.057696670925853545
calibration,50,h65,2.0,lappos_t200_d3,52,6.861928812542302,42.15956955487302,4.138071187457698,11,52.0,9.840430445126975,0.36883564192004087
calibration,50,h65,2.0,lapneg_t200_d3,52,11.861928812542303,37.70966340149732,7.138071187457697,19,52.0,14.29033659850268,0.4723173690560085
calibration,50,h65,2.0,step_t150_d3,52,21.116572820042375,27.515132689830228,9.883427179957625,31,52.0,24.48486731016977,0.6116076058471811
calibration,50,h65,2.0,cross_t200_d3,52,0.6666666666666667,50.276142374915395,0.33333333333333326,1,52.0,1.7238576250846032,0.060669146544915134
calibration,50,h65,2.0,upface_t200_d3,52,1.0,50.236067977499786,0.0,1,52.0,1.7639320225002102,0.09052056352085523
calibration,50,h65,2.0,union_t200_d3,52,19.195262145875635,30.102378596455086,10.804737854124365,30,52.0,21.89762140354491,0.5669087313239662
calibration,50,h65,2.0,sgmc_offcat,52,1.6666666666666667,50.76685435991526,21.333333333333332,23,52.0,1.2331456400847434,0.057696670925853545
calibration,50,h65,2.2,lappos_t200_d3,52,7.195262145875635,43.276142374915395,3.8047378541243653,11,52.0,8.723857625084603,0.3808169351547927
calibration,50,h65,2.2,lapneg_t200_d3,52,11.861928812542303,38.57159221403962,7.138071187457697,19,52.0,13.428407785960378,0.46909746387779283
calibration,50,h65,2.2,step_t150_d3,52,21.978501632584678,28.024420704830373,9.021498367415322,31,52.0,23.975579295169627,0.631555531865286
calibration,50,h65,2.2,cross_t200_d3,52,0.6666666666666667,50.80473785412437,0.33333333333333326,1,52.0,1.195262145875635,0.06009102098872724
calibration,50,h65,2.2,upface_t200_d3,52,1.0,50.49071198499986,0.0,1,52.0,1.5092880150001404,0.09010516933628711
calibration,50,h65,2.2,union_t200_d3,52,19.52859547920897,31.492902888206356,10.47140452079103,30,52.0,20.507097111793644,0.5709397843437787
calibration,50,h65,2.2,sgmc_offcat,52,0.5664789734180767,51.43352102658192,22.433521026581925,23,52.0,0.5664789734180767,0.01966940879923809
calibration,50,h65,2.4,lappos_t200_d3,52,7.528595479208969,43.62878317245756,3.4714045207910313,11,52.0,8.371216827542442,0.39558653180053327
calibration,50,h65,2.4,lapneg_t200_d3,52,11.64516829925134,39.59089967824845,7.35483170074866,19,52.0,12.40910032175155,0.4576205664147919
calibration,50,h65,2.4,step_t150_d3,52,24.03569259100261,27.595281484661445,6.964307408997389,31,52.0,24.404718515338555,0.6842669044426937
calibration,50,h65,2.4,cross_t200_d3,52,0.6666666666666667,51.07868932583327,0.33333333333333326,1,52.0,0.9213106741667368,0.05979571345425629
calibration,50,h65,2.4,upface_t200_d3,52,1.0,51.0,0.0,1,52.0,1.0,0.08928571428570631
calibration,50,h65,2.4,union_t200_d3,52,19.64516829925134,33.119495157457415,10.354831700748662,30,52.0,18.880504842542585,0.568552848313609
calibration,50,h65,2.4,sgmc_offcat,52,2.0378834942091086,50.35483170074866,20.962116505790892,23,52.0,1.64516829925134,0.07056739294144812
calibration,51,h65,1.4,lappos_t200_d3,755,129.1256538030081,530.9259927606244,76.8743461969919,206,755.0,224.07400723937565,0.43504433993925384
calibration,51,h65,1.4,lapneg_t200_d3,755,145.14715217042345,508.33696661544263,96.85284782957655,242,755.0,246.66303338455734,0.4475750039386947
calibration,51,h65,1.4,step_t150_d3,755,159.50198387117211,487.39853938027363,127.49801612882789,287,755.0,267.6014606197264,0.444319843370025
calibration,51,h65,1.4,cross_t200_d3,755,52.666666666666664,632.7262487149875,8.333333333333336,61,755.0,122.27375128501251,0.28333907971010774
calibration,51,h65,1.4,upface_t200_d3,755,22.000000000000004,705.9228702365128,0.9999999999999964,23,755.0,49.07712976348711,0.13415896054743423
calibration,51,h65,1.4,union_t200_d3,755,322.60613930676493,333.51876257252036,179.39386069323507,502,755.0,421.48123742747964,0.6054636159873671
calibration,51,h65,1.4,sgmc_offcat,755,67.11240829042092,722.3716308916113,282.88759170957906,350,755.0,32.62836910838875,0.15326078448028613
calibration,51,h65,1.6,lappos_t200_d3,755,148.39303256509754,552.134307031229,57.60696743490246,206,755.0,202.86569296877093,0.4866853768735608
calibration,51,h65,1.6,lapneg_t200_d3,755,160.49760206475912,533.3722451423764,81.50239793524088,242,755.0,221.62775485762356,0.4828825865469662
calibration,51,h65,1.6,step_t150_d3,755,193.72855680163735,498.49644287580577,93.27144319836265,287,755.0,256.50355712419423,0.5263719296161985
calibration,51,h65,1.6,cross_t200_d3,755,48.64297739604484,671.6908700947056,12.357022603955159,61,755.0,83.3091299052945,0.2522102564512087
calibration,51,h65,1.6,upface_t200_d3,755,21.66666666666667,717.8288445882341,1.3333333333333286,23,755.0,37.17115541176587,0.13028733392659572
calibration,51,h65,1.6,union_t200_d3,755,352.20027869256813,375.94999940138587,149.79972130743187,502,755.0,379.05000059861413,0.6436055093763267
calibration,51,h65,1.6,sgmc_offcat,755,78.25632075328957,720.0382975582779,271.7436792467104,350,755.0,34.961702441722096,0.17799325008900604
calibration,51,h65,1.8,lappos_t200_d3,755,148.39303256509754,552.134307031229,57.60696743490246,206,755.0,202.86569296877093,0.4866853768735608
calibration,51,h65,1.8,lapneg_t200_d3,755,160.49760206475912,533.3722451423764,81.50239793524088,242,755.0,221.62775485762356,0.4828825865469662
calibration,51,h65,1.8,step_t150_d3,755,193.72855680163735,498.49644287580577,93.27144319836265,287,755.0,256.50355712419423,0.5263719296161985
calibration,51,h65,1.8,cross_t200_d3,755,48.64297739604484,671.6908700947056,12.357022603955159,61,755.0,83.3091299052945,0.2522102564512087
calibration,51,h65,1.8,upface_t200_d3,755,21.66666666666667,717.8288445882341,1.3333333333333286,23,755.0,37.17115541176587,0.13028733392659572
calibration,51,h65,1.8,union_t200_d3,755,352.20027869256813,375.94999940138587,149.79972130743187,502,755.0,379.05000059861413,0.6436055093763267
calibration,51,h65,1.8,sgmc_offcat,755,78.25632075328957,720.0382975582779,271.7436792467104,350,755.0,34.961702441722096,0.17799325008900604
calibration,51,h65,2.0,lappos_t200_d3,755,148.39303256509754,552.134307031229,57.60696743490246,206,755.0,202.86569296877093,0.4866853768735608
calibration,51,h65,2.0,lapneg_t200_d3,755,160.49760206475912,533.3722451423764,81.50239793524088,242,755.0,221.62775485762356,0.4828825865469662
calibration,51,h65,2.0,step_t150_d3,755,193.72855680163735,498.49644287580577,93.27144319836265,287,755.0,256.50355712419423,0.5263719296161985
calibration,51,h65,2.0,cross_t200_d3,755,48.64297739604484,671.6908700947056,12.357022603955159,61,755.0,83.3091299052945,0.2522102564512087
calibration,51,h65,2.0,upface_t200_d3,755,21.66666666666667,717.8288445882341,1.3333333333333286,23,755.0,37.17115541176587,0.13028733392659572
calibration,51,h65,2.0,union_t200_d3,755,352.20027869256813,375.94999940138587,149.79972130743187,502,755.0,379.05000059861413,0.6436055093763267
calibration,51,h65,2.0,sgmc_offcat,755,78.25632075328957,720.0382975582779,271.7436792467104,350,755.0,34.961702441722096,0.17799325008900604
calibration,51,h65,2.2,lappos_t200_d3,755,152.6691749400129,562.0326598689825,53.33082505998709,206,755.0,192.96734013101747,0.4960973318101091
calibration,51,h65,2.2,lapneg_t200_d3,755,162.81162793388359,547.8731836086195,79.18837206611641,242,755.0,207.1268163913806,0.48493805035466847
calibration,51,h65,2.2,step_t150_d3,755,203.75005516905267,505.34052709255633,83.24994483094733,287,755.0,249.65947290744367,0.5485732820876201
calibration,51,h65,2.2,cross_t200_d3,755,48.17157287525381,681.8988669951705,12.828427124746192,61,755.0,73.10113300482953,0.24726945251342186
calibration,51,h65,2.2,upface_t200_d3,755,21.66666666666667,724.5720096775276,1.3333333333333286,23,755.0,30.427990322472432,0.12923924460966926
calibration,51,h65,2.2,union_t200_d3,755,357.84763789502597,393.51689583829193,144.15236210497403,502,755.0,361.48310416170807,0.6484240003818392
calibration,51,h65,2.2,sgmc_offcat,755,84.87779978191908,716.5312004464843,265.12220021808093,350,755.0,38.46879955351574,0.19278062316705466
calibration,51,h65,2.4,lappos_t200_d3,755,151.07316202114293,588.984543094692,54.926837978857066,206,755.0,166.01545690530799,0.48295264786906905
calibration,51,h65,2.4,lapneg_t200_d3,755,182.12816207635436,557.4282872030979,59.87183792364564,242,755.0,197.5717127969021,0.5333005598532555
calibration,51,h65,2.4,step_t150_d3,755,213.60102606614333,524.6275204907369,73.39897393385667,287,755.0,230.37247950926314,0.5662119430226253
calibration,51,h65,2.4,cross_t200_d3,755,46.345336653714114,700.0350612501422,14.654663346285886,61,755.0,54.96493874985773,0.23397745326848127
calibration,51,h65,2.4,upface_t200_d3,755,21.52859547920897,731.3782036012308,1.4714045207910296,23,755.0,23.62179639876926,0.12740219100283984
calibration,51,h65,2.4,union_t200_d3,755,373.60385170962934,421.4042839617555,128.39614829037066,502,755.0,333.5957160382445,0.6664337626336251
calibration,51,h65,2.4,sgmc_offcat,755,78.27959595984258,724.5312004464843,271.7204040401574,350,755.0,30.46879955351573,0.1776811610138011
calibration,52,h65,1.4,lappos_t200_d3,1393,165.5755599563838,1036.4276421715615,63.42444004361619,229,1393.0,356.57235782843844,0.3908765571979084
calibration,52,h65,1.4,lapneg_t200_d3,1393,208.34971846012712,975.4368198484564,72.65028153987288,281,1393.0,417.5631801515437,0.4514059576169245
calibration,52,h65,1.4,step_t150_d3,1393,178.23095473687826,1048.6322958717042,60.76904526312174,239,1393.0,344.3677041282956,0.40825039014053455
calibration,52,h65,1.4,cross_t200_d3,1393,78.33333333333334,1190.1108077490462,11.666666666666657,90,1393.0,202.88919225095378,0.24051587449989906
calibration,52,h65,1.4,upface_t200_d3,1393,31.000000000000004,1311.053005939282,1.9999999999999964,33,1393.0,81.9469940607178,0.10515225665255629
calibration,52,h65,1.4,union_t200_d3,1393,449.2586117498443,718.1760137959864,144.7413882501557,594,1393.0,674.8239862040136,0.6339310008868018
calibration,52,h65,1.4,sgmc_offcat,1393,356.9377196898939,1102.84291482954,510.0622803101061,867,1393.0,290.1570851704602,0.36216884046087694
calibration,52,h65,1.6,lappos_t200_d3,1393,177.3380325098861,1104.5728275144083,51.66196749011391,229,1393.0,288.42717248559165,0.4034240781446557
calibration,52,h65,1.6,lapneg_t200_d3,1393,227.23857625084605,1042.5991217523056,53.76142374915395,281,1393.0,350.40087824769455,0.47463237887931864
calibration,52,h65,1.6,step_t150_d3,1393,192.0283884471746,1099.8117211353942,46.97161155282541,239,1393.0,293.1882788646059,0.427139785495763
calibration,52,h65,1.6,cross_t200_d3,1393,74.09069264621405,1254.513559436808,15.909307353785948,90,1393.0,138.4864405631919,0.21938441927650396
calibration,52,h65,1.6,upface_t200_d3,1393,30.19526214587564,1340.6802329488128,2.8047378541243617,33,1393.0,52.319767051187256,0.10045829559544815
calibration,52,h65,1.6,union_t200_d3,1393,474.4148483026526,819.5685492007626,119.58515169734738,594,1393.0,573.4314507992374,0.6463446791413046
calibration,52,h65,1.6,sgmc_offcat,1393,370.5296681724907,1155.400216126063,496.4703318275093,867,1393.0,237.59978387393693,0.37098004653356764
calibration,52,h65,1.8,lappos_t200_d3,1393,177.3380325098861,1104.5728275144083,51.66196749011391,229,1393.0,288.42717248559165,0.4034240781446557
calibration,52,h65,1.8,lapneg_t200_d3,1393,227.23857625084605,1042.5991217523056,53.76142374915395,281,1393.0,350.40087824769455,0.47463237887931864
calibration,52,h65,1.8,step_t150_d3,1393,192.0283884471746,1099.8117211353942,46.97161155282541,239,1393.0,293.1882788646059,0.427139785495763
calibration,52,h65,1.8,cross_t200_d3,1393,74.09069264621405,1254.513559436808,15.909307353785948,90,1393.0,138.4864405631919,0.21938441927650396
calibration,52,h65,1.8,upface_t200_d3,1393,30.19526214587564,1340.6802329488128,2.8047378541243617,33,1393.0,52.319767051187256,0.10045829559544815
calibration,52,h65,1.8,union_t200_d3,1393,474.4148483026526,819.5685492007626,119.58515169734738,594,1393.0,573.4314507992374,0.6463446791413046
calibration,52,h65,1.8,sgmc_offcat,1393,370.5296681724907,1155.400216126063,496.4703318275093,867,1393.0,237.59978387393693,0.37098004653356764
calibration,52,h65,2.0,lappos_t200_d3,1393,177.3380325098861,1104.5728275144083,51.66196749011391,229,1393.0,288.42717248559165,0.4034240781446557
calibration,52,h65,2.0,lapneg_t200_d3,1393,227.23857625084605,1042.5991217523056,53.76142374915395,281,1393.0,350.40087824769455,0.47463237887931864
calibration,52,h65,2.0,step_t150_d3,1393,192.0283884471746,1099.8117211353942,46.97161155282541,239,1393.0,293.1882788646059,0.427139785495763
calibration,52,h65,2.0,cross_t200_d3,1393,74.09069264621405,1254.513559436808,15.909307353785948,90,1393.0,138.4864405631919,0.21938441927650396
calibration,52,h65,2.0,upface_t200_d3,1393,30.19526214587564,1340.6802329488128,2.8047378541243617,33,1393.0,52.319767051187256,0.10045829559544815
calibration,52,h65,2.0,union_t200_d3,1393,474.4148483026526,819.5685492007626,119.58515169734738,594,1393.0,573.4314507992374,0.6463446791413046
calibration,52,h65,2.0,sgmc_offcat,1393,370.5296681724907,1155.400216126063,496.4703318275093,867,1393.0,237.59978387393693,0.37098004653356764
calibration,52,h65,2.2,lappos_t200_d3,1393,180.7693626332615,1127.1888759322765,48.230637366738506,229,1393.0,265.8111240677234,0.40641357265291556
calibration,52,h65,2.2,lapneg_t200_d3,1393,231.23857625084605,1066.8505328510892,49.76142374915395,281,1393.0,326.14946714891096,0.47735356924292605
calibration,52,h65,2.2,step_t150_d3,1393,196.1620778282193,1120.100280894759,42.83792217178069,239,1393.0,272.89971910524093,0.4316448694297406
calibration,52,h65,2.2,cross_t200_d3,1393,72.50490620858716,1278.5284816951848,17.49509379141284,90,1393.0,114.47151830481522,0.2118746095814484
calibration,52,h65,2.2,upface_t200_d3,1393,30.000000000000004,1350.660925484604,2.9999999999999964,33,1393.0,42.33907451539608,0.09916300307152096
calibration,52,h65,2.2,union_t200_d3,1393,479.8461784260281,857.7172643329513,114.15382157397192,594,1393.0,535.2827356670487,0.6460724124178788
calibration,52,h65,2.2,sgmc_offcat,1393,398.08372976145915,1169.5790931451447,468.91627023854085,867,1393.0,223.4209068548551,0.3952644803288113
calibration,52,h65,2.4,lappos_t200_d3,1393,171.35911681323262,1184.3720244661658,57.64088318676738,229,1393.0,208.62797553383422,0.3771553633691129
calibration,52,h65,2.4,lapneg_t200_d3,1393,219.630877381735,1132.812946330505,61.36912261826501,281,1393.0,260.1870536694952,0.4434400556126958
calibration,52,h65,2.4,step_t150_d3,1393,192.6432947661846,1168.3458235227786,46.356705233815404,239,1393.0,224.65417647722143,0.4157190321818306
calibration,52,h65,2.4,cross_t200_d3,1393,70.28595479208968,1306.1138472699045,19.714045207910317,90,1393.0,86.8861527300954,0.2023898951975925
calibration,52,h65,2.4,upface_t200_d3,1393,27.702359257669276,1360.9104528520634,5.297640742330724,33,1393.0,32.0895471479367,0.09108945760898299
calibration,52,h65,2.4,union_t200_d3,1393,455.19506875801756,962.2724476242632,138.80493124198244,594,1393.0,430.72755237573676,0.5999722770687163
calibration,52,h65,2.4,sgmc_offcat,1393,425.6027301002854,1189.6111319645238,441.3972698997146,867,1393.0,203.38886803547607,0.41863547516315247
selection,53,h65,1.4,lappos_t200_d3,615,92.23095473687827,397.85210610411116,32.769045263121725,125,615.0,217.14789389588884,0.4657738243624511
selection,53,h65,1.4,lapneg_t200_d3,615,134.33333333333337,335.09036838423657,41.66666666666663,176,615.0,279.9096316157634,0.5723990964930472
selection,53,h65,1.4,step_t150_d3,615,71.11657282004239,445.3646236284086,30.883427179957607,102,615.0,169.63537637159132,0.3846296338597702
selection,53,h65,1.4,cross_t200_d3,615,66.70455016087578,445.86734573262754,14.295449839124217,81,615.0,169.13265426737243,0.39867792886845294
selection,53,h65,1.4,upface_t200_d3,615,30.666666666666668,530.9987373182794,3.333333333333332,34,615.0,84.00126268172069,0.2197806175532259
selection,53,h65,1.4,union_t200_d3,615,324.6021715644207,197.18313824263237,91.3978284355793,416,615.0,417.81686175736763,0.7425298589665096
selection,53,h65,1.4,sgmc_offcat,615,34.69213277642619,588.228446463532,69.30786722357381,104,615.0,26.771553536467998,0.1669623909163764
selection,53,h65,1.6,lappos_t200_d3,615,96.48340784117183,443.15695089692167,28.516592158828175,125,615.0,171.84304910307827,0.4640230009841195
selection,53,h65,1.6,lapneg_t200_d3,615,131.08119759917952,383.7216598300404,44.91880240082048,176,615.0,231.2783401699596,0.5377456936541164
selection,53,h65,1.6,step_t150_d3,615,74.03569259100263,477.3444948349005,27.96430740899737,102,615.0,137.6555051650995,0.38585168612688453
selection,53,h65,1.6,cross_t200_d3,615,66.91911977096025,486.56052731340213,14.08088022903975,81,615.0,128.43947268659792,0.3813143700444493
selection,53,h65,1.6,upface_t200_d3,615,29.528595479208974,556.523268361215,4.471404520791026,34,615.0,58.47673163878497,0.2044769701317099
selection,53,h65,1.6,union_t200_d3,615,322.87424950306286,259.32810970810675,93.12575049693714,416,615.0,355.6718902918933,0.7187114023343169
selection,53,h65,1.6,sgmc_offcat,615,47.828013060677385,583.1118736434896,56.171986939322615,104,615.0,31.888126356510373,0.22841814352513956
selection,53,h65,1.8,lappos_t200_d3,615,96.48340784117183,443.15695089692167,28.516592158828175,125,615.0,171.84304910307827,0.4640230009841195
selection,53,h65,1.8,lapneg_t200_d3,615,131.08119759917952,383.7216598300404,44.91880240082048,176,615.0,231.2783401699596,0.5377456936541164
selection,53,h65,1.8,step_t150_d3,615,74.03569259100263,477.3444948349005,27.96430740899737,102,615.0,137.6555051650995,0.38585168612688453
selection,53,h65,1.8,cross_t200_d3,615,66.91911977096025,486.56052731340213,14.08088022903975,81,615.0,128.43947268659792,0.3813143700444493
selection,53,h65,1.8,upface_t200_d3,615,29.528595479208974,556.523268361215,4.471404520791026,34,615.0,58.47673163878497,0.2044769701317099
selection,53,h65,1.8,union_t200_d3,615,322.87424950306286,259.32810970810675,93.12575049693714,416,615.0,355.6718902918933,0.7187114023343169
selection,53,h65,1.8,sgmc_offcat,615,47.828013060677385,583.1118736434896,56.171986939322615,104,615.0,31.888126356510373,0.22841814352513956
selection,53,h65,2.0,lappos_t200_d3,615,96.48340784117183,443.15695089692167,28.516592158828175,125,615.0,171.84304910307827,0.4640230009841195
selection,53,h65,2.0,lapneg_t200_d3,615,131.08119759917952,383.7216598300404,44.91880240082048,176,615.0,231.2783401699596,0.5377456936541164
selection,53,h65,2.0,step_t150_d3,615,74.03569259100263,477.3444948349005,27.96430740899737,102,615.0,137.6555051650995,0.38585168612688453
selection,53,h65,2.0,cross_t200_d3,615,66.91911977096025,486.56052731340213,14.08088022903975,81,615.0,128.43947268659792,0.3813143700444493
selection,53,h65,2.0,upface_t200_d3,615,29.528595479208974,556.523268361215,4.471404520791026,34,615.0,58.47673163878497,0.2044769701317099
selection,53,h65,2.0,union_t200_d3,615,322.87424950306286,259.32810970810675,93.12575049693714,416,615.0,355.6718902918933,0.7187114023343169
selection,53,h65,2.0,sgmc_offcat,615,47.828013060677385,583.1118736434896,56.171986939322615,104,615.0,31.888126356510373,0.22841814352513956
selection,53,h65,2.2,lappos_t200_d3,615,96.61928812542304,459.7798927939684,28.38071187457696,125,615.0,155.22010720603168,0.45730482316984644
selection,53,h65,2.2,lapneg_t200_d3,615,129.07900669597302,409.10342050896566,46.92099330402698,176,615.0,205.89657949103432,0.5195654191728342
selection,53,h65,2.2,step_t150_d3,615,80.30964406271153,486.64286701143976,21.690355937288473,102,615.0,128.3571329885602,0.41186438903690903
selection,53,h65,2.2,cross_t200_d3,615,64.42402597954738,507.27237821868675,16.57597402045262,81,615.0,107.72762178131325,0.3596309289486039
selection,53,h65,2.2,upface_t200_d3,615,29.861928812542303,568.463155065382,4.138071187457697,34,615.0,46.53684493461796,0.2033290804587741
selection,53,h65,2.2,union_t200_d3,615,318.846178426028,295.18534274351543,97.15382157397198,416,615.0,319.81465725648457,0.6998282847779284
selection,53,h65,2.2,sgmc_offcat,615,57.25422994343127,579.9931099202407,46.74577005656873,104,615.0,35.006890079759245,0.2717985974255665
selection,53,h65,2.4,lappos_t200_d3,615,91.77155353646802,502.46617409672615,33.22844646353198,125,615.0,112.53382590327385,0.41934010873015193
selection,53,h65,2.4,lapneg_t200_d3,615,119.24473489639674,460.4257857285899,56.755265103603264,176,615.0,154.57421427141006,0.4644678403860947
selection,53,h65,2.4,step_t150_d3,615,77.88812635651038,518.4231739624763,24.111873643489616,102,615.0,96.57682603752363,0.3877688438423991
selection,53,h65,2.4,cross_t200_d3,615,58.93112309134103,540.224578814536,22.06887690865897,81,615.0,74.77542118546398,0.3191830098090495
selection,53,h65,2.4,upface_t200_d3,615,27.976310729378174,582.0875496325883,6.023689270621826,34,615.0,32.91245036741168,0.18749273497716917
selection,53,h65,2.4,union_t200_d3,615,296.81915275392237,367.1660250810492,119.18084724607763,416,615.0,247.83397491895084,0.6375022392323901
selection,53,h65,2.4,sgmc_offcat,615,59.87570897206079,583.8357312685742,44.12429102793921,104,615.0,31.164268731425768,0.2825094959740369
selection,59,h65,1.4,lappos_t200_d3,107,23.254644007500072,65.48747567686422,4.745355992499928,28,107.0,41.512524323135786,0.5792168590244986
selection,59,h65,1.4,lapneg_t200_d3,107,19.252453104293576,70.45762436127255,9.747546895706424,29,107.0,36.54237563872745,0.4679511412734697
selection,59,h65,1.4,step_t150_d3,107,19.39052429175127,74.38874745261357,6.6094757082487305,26,107.0,32.61125254738643,0.49020618087858986
selection,59,h65,1.4,cross_t200_d3,107,18.0,73.82007757598899,2.0,20,107.0,33.179922424011,0.523803744415108
selection,59,h65,1.4,upface_t200_d3,107,9.0,88.32863415678058,1.0,10,107.0,18.67136584321941,0.32768111527727223
selection,59,h65,1.4,union_t200_d3,107,56.84043044512698,36.66927163394196,16.159569554873023,73,107.0,70.33072836605803,0.7372114130796654
selection,59,h65,1.4,sgmc_offcat,107,2.7832394867090384,104.21676051329096,9.21676051329096,12,107.0,2.7832394867090384,0.0897819189260951
selection,59,h65,1.6,lappos_t200_d3,107,25.000000000000004,70.17637214515474,2.9999999999999964,28,107.0,36.82362785484525,0.6033506557997733
selection,59,h65,1.6,lapneg_t200_d3,107,19.781048583502542,75.76507752077757,9.218951416497458,29,107.0,31.234922479222437,0.4675351174653785
selection,59,h65,1.6,step_t150_d3,107,21.39052429175127,76.58474103269776,4.6094757082487305,26,107.0,30.415258967302243,0.5295332638229099
selection,59,h65,1.6,cross_t200_d3,107,16.252453104293572,81.48893514586217,3.747546895706428,20,107.0,25.511064854137835,0.4571938270623605
selection,59,h65,1.6,upface_t200_d3,107,8.195262145875635,91.54101286365855,1.8047378541243653,10,107.0,15.458987136341444,0.29324032522393273
selection,59,h65,1.6,union_t200_d3,107,58.171572875253815,42.975265324449026,14.828427124746185,73,107.0,64.02473467555097,0.7398199250645411
selection,59,h65,1.6,sgmc_offcat,107,2.3118349659180066,105.21676051329096,9.688165034081994,12,107.0,1.7832394867090384,0.07432186212428626
selection,59,h65,1.8,lappos_t200_d3,107,25.000000000000004,70.17637214515474,2.9999999999999964,28,107.0,36.82362785484525,0.6033506557997733
selection,59,h65,1.8,lapneg_t200_d3,107,19.781048583502542,75.76507752077757,9.218951416497458,29,107.0,31.234922479222437,0.4675351174653785
selection,59,h65,1.8,step_t150_d3,107,21.39052429175127,76.58474103269776,4.6094757082487305,26,107.0,30.415258967302243,0.5295332638229099
selection,59,h65,1.8,cross_t200_d3,107,16.252453104293572,81.48893514586217,3.747546895706428,20,107.0,25.511064854137835,0.4571938270623605
selection,59,h65,1.8,upface_t200_d3,107,8.195262145875635,91.54101286365855,1.8047378541243653,10,107.0,15.458987136341444,0.29324032522393273
selection,59,h65,1.8,union_t200_d3,107,58.171572875253815,42.975265324449026,14.828427124746185,73,107.0,64.02473467555097,0.7398199250645411
selection,59,h65,1.8,sgmc_offcat,107,2.3118349659180066,105.21676051329096,9.688165034081994,12,107.0,1.7832394867090384,0.07432186212428626
selection,59,h65,2.0,lappos_t200_d3,107,25.000000000000004,70.17637214515474,2.9999999999999964,28,107.0,36.82362785484525,0.6033506557997733
selection,59,h65,2.0,lapneg_t200_d3,107,19.781048583502542,75.76507752077757,9.218951416497458,29,107.0,31.234922479222437,0.4675351174653785
selection,59,h65,2.0,step_t150_d3,107,21.39052429175127,76.58474103269776,4.6094757082487305,26,107.0,30.415258967302243,0.5295332638229099
selection,59,h65,2.0,cross_t200_d3,107,16.252453104293572,81.48893514586217,3.747546895706428,20,107.0,25.511064854137835,0.4571938270623605
selection,59,h65,2.0,upface_t200_d3,107,8.195262145875635,91.54101286365855,1.8047378541243653,10,107.0,15.458987136341444,0.29324032522393273
selection,59,h65,2.0,union_t200_d3,107,58.171572875253815,42.975265324449026,14.828427124746185,73,107.0,64.02473467555097,0.7398199250645411
selection,59,h65,2.0,sgmc_offcat,107,2.3118349659180066,105.21676051329096,9.688165034081994,12,107.0,1.7832394867090384,0.07432186212428626
selection,59,h65,2.2,lappos_t200_d3,107,24.66666666666667,74.66635269594607,3.3333333333333286,28,107.0,32.333647304053926,0.5835970815412933
selection,59,h65,2.2,lapneg_t200_d3,107,20.36902592433594,77.39166979002863,8.63097407566406,29,107.0,29.608330209971378,0.4764446021347478
selection,59,h65,2.2,step_t150_d3,107,21.057190958417937,79.36798051940679,4.942809041582063,26,107.0,27.632019480593204,0.515034200685546
selection,59,h65,2.2,cross_t200_d3,107,16.861928812542303,83.131912541907,3.1380711874576974,20,107.0,23.868087458092994,0.4684029377243196
selection,59,h65,2.2,upface_t200_d3,107,8.195262145875635,94.16760513290961,1.8047378541243653,10,107.0,12.832394867090382,0.2878300466450564
selection,59,h65,2.2,union_t200_d3,107,58.75955021608722,48.56616500269748,14.24044978391278,73,107.0,58.433834997302526,0.7357346143347292
selection,59,h65,2.2,sgmc_offcat,107,3.1165728200423715,104.60947570824874,8.883427179957629,12,107.0,2.39052429175127,0.10006588009828286
selection,59,h65,2.4,lappos_t200_d3,107,22.507097111793644,80.55050791069309,5.4929028882063555,28,107.0,26.4494920893069,0.5232806603012189
selection,59,h65,2.4,lapneg_t200_d3,107,20.15007450783848,82.24848536194938,8.849925492161521,29,107.0,24.751514638050622,0.4613142714826453
selection,59,h65,2.4,step_t150_d3,107,22.723857625084605,81.58108726107416,3.276142374915395,26,107.0,25.418912738925837,0.5454469080775526
selection,59,h65,2.4,cross_t200_d3,107,16.114381916835875,87.73846591274068,3.8856180831641254,20,107.0,19.261534087259307,0.4382412920732333
selection,59,h65,2.4,upface_t200_d3,107,8.057190958417937,97.61897075528327,1.9428090415820627,10,107.0,9.381029244716728,0.2765445925961633
selection,59,h65,2.4,union_t200_d3,107,56.0476959113834,57.174177842529105,16.9523040886166,73,107.0,49.82582215747089,0.6915679969613383
selection,59,h65,2.4,sgmc_offcat,107,2.978501632584673,104.74535599249992,9.021498367415326,12,107.0,2.25464400750007,0.09563408195793337
selection,60,h65,1.4,lappos_t200_d3,1193,167.80870559646857,833.9824317953194,136.19129440353143,304,1193.0,359.0175682046805,0.37832396109630506
selection,60,h65,1.4,lapneg_t200_d3,1193,211.71874438446306,756.120920446265,181.28125561553694,393,1193.0,436.87907955373487,0.416795491692136
selection,60,h65,1.4,step_t150_d3,1193,163.1708414410453,877.7859274572374,182.8291585589547,346,1193.0,315.21407254276255,0.33644072243641987
selection,60,h65,1.4,cross_t200_d3,1193,107.0,939.8255911900033,16.0,123,1193.0,253.17440880999663,0.347667729899314
selection,60,h65,1.4,upface_t200_d3,1193,45.99999999999999,1072.4348667115557,8.000000000000007,54,1193.0,120.56513328844431,0.17235760675737394
selection,60,h65,1.4,union_t200_d3,1193,502.1941166475983,494.90843484720057,325.8058833524017,828,1193.0,698.0915651527994,0.5827131179245083
selection,60,h65,1.4,sgmc_offcat,1193,168.48133412140868,1057.994766176516,802.5186658785913,971,1193.0,135.00523382348405,0.16483917624777325
selection,60,h65,1.6,lappos_t200_d3,1193,193.91651480368495,892.1767725185475,110.08348519631505,304,1193.0,300.8232274814524,0.4211743196324722
selection,60,h65,1.6,lapneg_t200_d3,1193,251.6217963987693,808.1342899411338,141.3782036012307,393,1193.0,384.8657100588661,0.4780492343207802
selection,60,h65,1.6,step_t150_d3,1193,189.52599051193368,911.3781933099739,156.47400948806632,346,1193.0,281.6218066900261,0.38135472535692055
selection,60,h65,1.6,cross_t200_d3,1193,99.5955988548012,1013.6644620727841,23.404401145198804,123,1193.0,179.33553792721582,0.31021639819921276
selection,60,h65,1.6,upface_t200_d3,1193,46.19526214587563,1108.2209318417506,7.804737854124369,54,1193.0,84.7790681582493,0.16854464486243717
selection,60,h65,1.6,union_t200_d3,1193,553.2719812447131,580.102879063196,274.72801875528694,828,1193.0,612.897120936804,0.6223007042497087
selection,60,h65,1.6,sgmc_offcat,1193,198.0849651548273,1067.9572000524465,772.9150348451727,971,1193.0,125.04279994755339,0.19231392559565072
selection,60,h65,1.8,lappos_t200_d3,1193,193.91651480368495,892.1767725185475,110.08348519631505,304,1193.0,300.8232274814524,0.4211743196324722
selection,60,h65,1.8,lapneg_t200_d3,1193,251.6217963987693,808.1342899411338,141.3782036012307,393,1193.0,384.8657100588661,0.4780492343207802
selection,60,h65,1.8,step_t150_d3,1193,189.52599051193368,911.3781933099739,156.47400948806632,346,1193.0,281.6218066900261,0.38135472535692055
selection,60,h65,1.8,cross_t200_d3,1193,99.5955988548012,1013.6644620727841,23.404401145198804,123,1193.0,179.33553792721582,0.31021639819921276
selection,60,h65,1.8,upface_t200_d3,1193,46.19526214587563,1108.2209318417506,7.804737854124369,54,1193.0,84.7790681582493,0.16854464486243717
selection,60,h65,1.8,union_t200_d3,1193,553.2719812447131,580.102879063196,274.72801875528694,828,1193.0,612.897120936804,0.6223007042497087
selection,60,h65,1.8,sgmc_offcat,1193,198.0849651548273,1067.9572000524465,772.9150348451727,971,1193.0,125.04279994755339,0.19231392559565072
selection,60,h65,2.0,lappos_t200_d3,1193,193.91651480368495,892.1767725185475,110.08348519631505,304,1193.0,300.8232274814524,0.4211743196324722
selection,60,h65,2.0,lapneg_t200_d3,1193,251.6217963987693,808.1342899411338,141.3782036012307,393,1193.0,384.8657100588661,0.4780492343207802
selection,60,h65,2.0,step_t150_d3,1193,189.52599051193368,911.3781933099739,156.47400948806632,346,1193.0,281.6218066900261,0.38135472535692055
selection,60,h65,2.0,cross_t200_d3,1193,99.5955988548012,1013.6644620727841,23.404401145198804,123,1193.0,179.33553792721582,0.31021639819921276
selection,60,h65,2.0,upface_t200_d3,1193,46.19526214587563,1108.2209318417506,7.804737854124369,54,1193.0,84.7790681582493,0.16854464486243717
selection,60,h65,2.0,union_t200_d3,1193,553.2719812447131,580.102879063196,274.72801875528694,828,1193.0,612.897120936804,0.6223007042497087
selection,60,h65,2.0,sgmc_offcat,1193,198.0849651548273,1067.9572000524465,772.9150348451727,971,1193.0,125.04279994755339,0.19231392559565072
selection,60,h65,2.2,lappos_t200_d3,1193,203.62836910838877,912.5854621756494,100.37163089161123,304,1193.0,280.41453782435053,0.43655595892825444
selection,60,h65,2.2,lapneg_t200_d3,1193,268.5365343633165,831.1936718027583,124.46346563668351,393,1193.0,361.8063281972416,0.5025517429558599
selection,60,h65,2.2,step_t150_d3,1193,212.8356345746452,915.6867885683371,133.1643654253548,346,1193.0,277.31321143166286,0.4235497216148283
selection,60,h65,2.2,cross_t200_d3,1193,98.53840789638325,1045.9362192418675,24.461592103616752,123,1193.0,147.06378075813257,0.30106915885613156
selection,60,h65,2.2,upface_t200_d3,1193,45.39052429175126,1125.408886444379,8.609475708248738,54,1193.0,67.59111355562084,0.16365208962577085
selection,60,h65,2.2,union_t200_d3,1193,579.0366447014219,612.2897950597337,248.9633552985781,828,1193.0,580.7102049402663,0.6428988131850062
selection,60,h65,2.2,sgmc_offcat,1193,224.8375285972262,1064.7521254893966,746.1624714027738,971,1193.0,128.24787451060334,0.21729354629007605
selection,60,h65,2.4,lappos_t200_d3,1193,211.27239190936277,952.11518615604,92.72760809063723,304,1193.0,240.88481384395996,0.4439638036631689
selection,60,h65,2.4,lapneg_t200_d3,1193,286.649770781875,866.979405965137,106.35022921812498,393,1193.0,326.02059403486294,0.5258414703426122
selection,60,h65,2.4,step_t150_d3,1193,240.19224311453155,919.9927720605866,105.80775688546845,346,1193.0,273.00722793941327,0.47204161977582915
selection,60,h65,2.4,cross_t200_d3,1193,91.72855680163734,1079.6956659651873,31.27144319836266,123,1193.0,113.30433403481271,0.27572207842766083
selection,60,h65,2.4,upface_t200_d3,1193,43.092883549420534,1142.9421777007217,10.907116450579466,54,1193.0,50.057822299278286,0.1536797642956092
selection,60,h65,2.4,union_t200_d3,1193,594.6270302222533,667.7222502848715,233.37296977774668,828,1193.0,525.2777497151285,0.6499580527837728
selection,60,h65,2.4,sgmc_offcat,1193,257.90588794904903,1072.9940347423073,713.094112050951,971,1193.0,120.00596525769258,0.24727788814012966
calibration,61,h65,1.4,lappos_t200_d3,370,30.935504897754022,293.6409832801156,25.064495102245978,56,370.0,76.35901671988441,0.2819616367492153
calibration,61,h65,1.4,lapneg_t200_d3,370,56.173763778460305,243.19692180157,20.826236221539695,77,370.0,126.80307819843001,0.4624339395373906
calibration,61,h65,1.4,step_t150_d3,370,43.39052429175127,283.61218076887224,16.60947570824873,60,370.0,86.38781923112776,0.38263066387938666
calibration,61,h65,1.4,cross_t200_d3,370,15.666666666666666,321.8456437790967,4.333333333333334,20,370.0,48.154356220903274,0.1876192183404092
calibration,61,h65,1.4,upface_t200_d3,370,14.666666666666666,321.82779578388585,3.333333333333334,18,370.0,48.17220421611416,0.17952099740448574
calibration,61,h65,1.4,union_t200_d3,370,115.44260200954767,185.64755598973508,52.55739799045233,168,370.0,184.35244401026492,0.5931752626442255
calibration,61,h65,1.4,sgmc_offcat,370,191.01838264214217,213.79429409608974,233.98161735785783,425,370.0,156.20570590391026,0.4537657549130629
calibration,61,h65,1.6,lappos_t200_d3,370,45.171572875253815,295.37684422558095,10.828427124746185,56,370.0,74.62315577441902,0.40006819173478664
calibration,61,h65,1.6,lapneg_t200_d3,370,67.17157287525383,266.97901918942085,9.82842712474617,77,370.0,103.02098081057918,0.5230204075595407
calibration,61,h65,1.6,step_t150_d3,370,49.369025924335936,294.2613202098869,10.630974075664064,60,370.0,75.73867979011308,0.4229477292548258
calibration,61,h65,1.6,cross_t200_d3,370,14.8619288125423,341.00114549827737,5.138071187457699,20,370.0,28.99885450172265,0.1704885053183456
calibration,61,h65,1.6,upface_t200_d3,370,14.195262145875637,340.8630743108196,3.8047378541243635,18,370.0,29.13692568918035,0.16619816233601267
calibration,61,h65,1.6,union_t200_d3,370,136.8480519590948,206.70652718670988,31.15194804090521,168,370.0,163.29347281329012,0.6737602033866003
calibration,61,h65,1.6,sgmc_offcat,370,215.06534711931704,241.0846306945924,209.93465288068296,425,370.0,128.9153693054076,0.4987253886145904
calibration,61,h65,1.8,lappos_t200_d3,370,45.171572875253815,295.37684422558095,10.828427124746185,56,370.0,74.62315577441902,0.40006819173478664
calibration,61,h65,1.8,lapneg_t200_d3,370,67.17157287525383,266.97901918942085,9.82842712474617,77,370.0,103.02098081057918,0.5230204075595407
calibration,61,h65,1.8,step_t150_d3,370,49.369025924335936,294.2613202098869,10.630974075664064,60,370.0,75.73867979011308,0.4229477292548258
calibration,61,h65,1.8,cross_t200_d3,370,14.8619288125423,341.00114549827737,5.138071187457699,20,370.0,28.99885450172265,0.1704885053183456
calibration,61,h65,1.8,upface_t200_d3,370,14.195262145875637,340.8630743108196,3.8047378541243635,18,370.0,29.13692568918035,0.16619816233601267
calibration,61,h65,1.8,union_t200_d3,370,136.8480519590948,206.70652718670988,31.15194804090521,168,370.0,163.29347281329012,0.6737602033866003
calibration,61,h65,1.8,sgmc_offcat,370,215.06534711931704,241.0846306945924,209.93465288068296,425,370.0,128.9153693054076,0.4987253886145904
calibration,61,h65,2.0,lappos_t200_d3,370,45.171572875253815,295.37684422558095,10.828427124746185,56,370.0,74.62315577441902,0.40006819173478664
calibration,61,h65,2.0,lapneg_t200_d3,370,67.17157287525383,266.97901918942085,9.82842712474617,77,370.0,103.02098081057918,0.5230204075595407
calibration,61,h65,2.0,step_t150_d3,370,49.369025924335936,294.2613202098869,10.630974075664064,60,370.0,75.73867979011308,0.4229477292548258
calibration,61,h65,2.0,cross_t200_d3,370,14.8619288125423,341.00114549827737,5.138071187457699,20,370.0,28.99885450172265,0.1704885053183456
calibration,61,h65,2.0,upface_t200_d3,370,14.195262145875637,340.8630743108196,3.8047378541243635,18,370.0,29.13692568918035,0.16619816233601267
calibration,61,h65,2.0,union_t200_d3,370,136.8480519590948,206.70652718670988,31.15194804090521,168,370.0,163.29347281329012,0.6737602033866003
calibration,61,h65,2.0,sgmc_offcat,370,215.06534711931704,241.0846306945924,209.93465288068296,425,370.0,128.9153693054076,0.4987253886145904
calibration,61,h65,2.2,lappos_t200_d3,370,45.70016835446278,304.15789280908353,10.299831645537218,56,370.0,65.84210719091647,0.39818355310546116
calibration,61,h65,2.2,lapneg_t200_d3,370,64.50490620858714,279.2966988301689,12.495093791412856,77,370.0,90.70330116983106,0.49482009333768967
calibration,61,h65,2.2,step_t150_d3,370,50.17157287525381,298.7735305623021,9.828427124746192,60,370.0,71.2264694376979,0.4259443926302456
calibration,61,h65,2.2,cross_t200_d3,370,14.195262145875635,344.27071516357324,5.804737854124365,20,370.0,25.729284836426746,0.1618741576368321
calibration,61,h65,2.2,upface_t200_d3,370,14.057190958417936,347.11844975252825,3.9428090415820645,18,370.0,22.88155024747173,0.16225740366363306
calibration,61,h65,2.2,union_t200_d3,370,134.51471862576142,224.48214855887022,33.48528137423858,168,370.0,145.51785144112972,0.6523527030352837
calibration,61,h65,2.2,sgmc_offcat,370,224.66459634632267,251.61541707700786,200.33540365367733,425,370.0,118.38458292299212,0.5161665662520155
calibration,61,h65,2.4,lappos_t200_d3,370,43.38102924471673,317.8387502999184,12.618970755283272,56,370.0,52.16124970008166,0.37063878188183874
calibration,61,h65,2.4,lapneg_t200_d3,370,63.00981241717428,296.7844816789154,13.990187582825719,77,370.0,73.21551832108455,0.4717756124471112
calibration,61,h65,2.4,step_t150_d3,370,47.75735931288071,313.94582807292613,12.242640687119291,60,370.0,56.05417192707383,0.39685147356763717
calibration,61,h65,2.4,cross_t200_d3,370,14.39052429175127,350.6768931479097,5.6094757082487305,20,370.0,19.32310685209024,0.16166679167996015
calibration,61,h65,2.4,upface_t200_d3,370,13.39052429175127,352.66269892432246,4.6094757082487305,18,370.0,17.337301075677527,0.1528412939578591
calibration,61,h65,2.4,union_t200_d3,370,129.42434334968712,251.46940700544263,38.57565665031288,168,370.0,118.53059299455735,0.6146125537644851
calibration,61,h65,2.4,sgmc_offcat,370,227.51807551675955,265.26715808587875,197.48192448324045,425,370.0,104.7328419141213,0.5187878685751591
