role,block_id,model,spacing_px,instrument,emitted,emission_domain_pixels,scoring_domain_pixels,TP_w,FP_w,FN_w,n_truth,DTI
calibration,0,h60,2.0,lappos_t200_d3,294,9550,38838,41.70016835446279,227.02420342803885,38.29983164553721,80,0.3541569735613744
calibration,0,h60,2.0,sgmc_offcat,294,9550,38838,67.17877692573366,256.0739901492805,787.8212230742663,855,0.08973315603560912
calibration,0,h60,2.4,lappos_t200_d3,294,9550,38838,51.323838286298795,235.43434915471954,28.676161713701205,80,0.42293486390974705
calibration,0,h60,2.4,sgmc_offcat,294,9550,38838,75.88802626316217,259.85942053919604,779.1119737368379,855,0.10102919237523957
calibration,0,h60,2.8,lappos_t200_d3,294,9550,38838,51.323838286298795,235.43434915471954,28.676161713701205,80,0.42293486390974705
calibration,0,h60,2.8,sgmc_offcat,294,9550,38838,75.88802626316217,259.85942053919604,779.1119737368379,855,0.10102919237523957
calibration,0,h60,3.2,lappos_t200_d3,294,9550,38838,45.47829460055027,246.79095769460588,34.52170539944973,80,0.3713912990899812
calibration,0,h60,3.2,sgmc_offcat,294,9550,38838,89.93279983713052,258.2098704335317,765.0672001628695,855,0.11933306101527014
calibration,0,h60,3.6,lappos_t200_d3,294,9550,38838,45.47829460055027,246.79095769460588,34.52170539944973,80,0.3713912990899812
calibration,0,h60,3.6,sgmc_offcat,294,9550,38838,89.93279983713052,258.2098704335317,765.0672001628695,855,0.11933306101527014
calibration,0,h60,4.0,lappos_t200_d3,294,9550,38838,44.39960527471702,249.25724897477534,35.60039472528298,80,0.36176248148501294
calibration,0,h60,4.0,sgmc_offcat,294,9550,38838,87.9812237833033,261.07399014928046,767.0187762166967,855,0.11671522276733207
calibration,0,h60,4.6,lappos_t200_d3,294,9550,38838,37.02546610975952,256.9745338902405,42.97453389024048,80,0.30151031034005876
calibration,0,h60,4.6,sgmc_offcat,294,9550,38838,70.92622372809188,267.6382782194921,784.0737762719082,855,0.09435280901969326
calibration,0,h65,2.0,lappos_t200_d3,294,9550,38838,46.816741174505154,221.36296737213345,33.183258825494846,80,0.397979907281964
calibration,0,h65,2.0,sgmc_offcat,294,9550,38838,68.1394339625266,255.1169868841112,786.8605660374734,855,0.09101625202998374
calibration,0,h65,2.4,lappos_t200_d3,294,9550,38838,49.052077717796394,236.54946250576396,30.947922282203606,80,0.40498640161721033
calibration,0,h65,2.4,sgmc_offcat,294,9550,38838,80.46692262102984,259.1570612815268,774.5330773789701,855,0.10701458838112798
calibration,0,h65,2.8,lappos_t200_d3,294,9550,38838,49.052077717796394,236.54946250576396,30.947922282203606,80,0.40498640161721033
calibration,0,h65,2.8,sgmc_offcat,294,9550,38838,80.46692262102984,259.1570612815268,774.5330773789701,855,0.10701458838112798
calibration,0,h65,3.2,lappos_t200_d3,294,9550,38838,43.34460521950557,249.1534109093223,36.65539478049443,80,0.35383465805698594
calibration,0,h65,3.2,sgmc_offcat,294,9550,38838,89.87195510708898,258.97380245603193,765.128044892911,855,0.11923007850180464
calibration,0,h65,3.6,lappos_t200_d3,294,9550,38838,43.34460521950557,249.1534109093223,36.65539478049443,80,0.35383465805698594
calibration,0,h65,3.6,sgmc_offcat,294,9550,38838,89.87195510708898,258.97380245603193,765.128044892911,855,0.11923007850180464
calibration,0,h65,4.0,lappos_t200_d3,294,9550,38838,39.851702331299215,252.42736238103123,40.148297668700785,80,0.3254374077776331
calibration,0,h65,4.0,sgmc_offcat,294,9550,38838,87.00929486033813,260.85722963598954,767.9907051396618,855,0.11546228388752312
calibration,0,h65,4.6,lappos_t200_d3,294,9550,38838,34.26591589367231,260.18618116290986,45.73408410632769,80,0.278833094213662
calibration,0,h65,4.6,sgmc_offcat,294,9550,38838,78.31893892304964,266.4000193387858,776.6810610769503,855,0.10401697947621735
calibration,0,random,2.0,lappos_t200_d3,294,38838,38838,4.756627878672166,289.24337212132787,75.24337212132784,80,0.03873475471231374
calibration,0,random,2.0,sgmc_offcat,294,38838,38838,60.99290973354436,269.2142522399447,794.0070902664556,855,0.08131938730212399
calibration,0,random,2.4,lappos_t200_d3,294,38838,38838,5.228032399463198,288.7719676005368,74.7719676005368,80,0.04257355374155664
calibration,0,random,2.4,sgmc_offcat,294,38838,38838,61.733152485422735,269.82372794819344,793.2668475145773,855,0.08227671131336725
calibration,0,random,2.8,lappos_t200_d3,294,38838,38838,5.228032399463198,288.7719676005368,74.7719676005368,80,0.04257355374155664
calibration,0,random,2.8,sgmc_offcat,294,38838,38838,61.733152485422735,269.82372794819344,793.2668475145773,855,0.08227671131336725
calibration,0,random,3.2,lappos_t200_d3,294,38838,38838,6.011271886172237,287.98872811382773,73.98872811382776,80,0.048951725457428236
calibration,0,random,3.2,sgmc_offcat,294,38838,38838,61.45701011050735,270.0998703231088,793.5429898894927,855,0.08190867427738945
calibration,0,random,3.6,lappos_t200_d3,294,38838,38838,6.011271886172237,287.98872811382773,73.98872811382776,80,0.048951725457428236
calibration,0,random,3.6,sgmc_offcat,294,38838,38838,61.45701011050735,270.0998703231088,793.5429898894927,855,0.08190867427738945
calibration,0,random,4.0,lappos_t200_d3,294,38838,38838,6.011271886172237,288.24337212132787,73.98872811382776,80,0.04893143214151092
calibration,0,random,4.0,sgmc_offcat,294,38838,38838,64.33532404984342,268.8452263156088,790.6646759501566,855,0.08570773932468945
calibration,0,random,4.6,lappos_t200_d3,294,38838,38838,6.437488768926116,287.8743461969919,73.56251123107388,80,0.05239593641626012
calibration,0,random,4.6,sgmc_offcat,294,38838,38838,69.91818815005529,267.8430354124023,785.0818118499448,855,0.09303170689990099
calibration,1,h60,2.0,lappos_t200_d3,1283,85855,169249,199.03527852693384,1008.6612257646485,148.96472147306616,348,0.3828048354843839
calibration,1,h60,2.0,sgmc_offcat,1283,85855,169249,46.42684822361423,1259.077643920904,1114.5731517763857,1161,0.039017407487391846
calibration,1,h60,2.4,lappos_t200_d3,1283,85855,169249,216.16093232994191,1043.0112513966578,131.83906767005809,348,0.40767048940988915
calibration,1,h60,2.4,sgmc_offcat,1283,85855,169249,61.71311698642451,1255.5986178861453,1099.2868830135756,1161,0.05176135700588694
calibration,1,h60,2.8,lappos_t200_d3,1283,85855,169249,216.16093232994191,1043.0112513966578,131.83906767005809,348,0.40767048940988915
calibration,1,h60,2.8,sgmc_offcat,1283,85855,169249,61.71311698642451,1255.5986178861453,1099.2868830135756,1161,0.05176135700588694
calibration,1,h60,3.2,lappos_t200_d3,1283,85855,169249,191.07420742607206,1084.697856868394,156.92579257392794,348,0.3581156913355044
calibration,1,h60,3.2,sgmc_offcat,1283,85855,169249,71.91380634364229,1252.6372328145628,1089.0861936563576,1161,0.06024394017227407
calibration,1,h60,3.6,lappos_t200_d3,1283,85855,169249,191.07420742607206,1084.697856868394,156.92579257392794,348,0.3581156913355044
calibration,1,h60,3.6,sgmc_offcat,1283,85855,169249,71.91380634364229,1252.6372328145628,1089.0861936563576,1161,0.06024394017227407
calibration,1,h60,4.0,lappos_t200_d3,1283,85855,169249,187.03047925703285,1090.726976749777,160.96952074296715,348,0.35027616242109194
calibration,1,h60,4.0,sgmc_offcat,1283,85855,169249,82.23942146907876,1249.2088250286024,1078.7605785309213,1161,0.0688144370736377
calibration,1,h60,4.6,lappos_t200_d3,1283,85855,169249,160.29274477850072,1122.9047082705815,187.70725522149928,348,0.29959049302287055
calibration,1,h60,4.6,sgmc_offcat,1283,85855,169249,96.00367086171872,1245.084948064732,1064.9963291382812,1161,0.08020238042769272
calibration,1,h65,2.0,lappos_t200_d3,1283,85855,169249,209.66187079618487,984.6576720863732,138.33812920381513,348,0.40532862880993387
calibration,1,h65,2.0,sgmc_offcat,1283,85855,169249,44.1335892876965,1257.9104528520634,1116.8664107123036,1161,0.03711172417738637
calibration,1,h65,2.4,lappos_t200_d3,1283,85855,169249,203.5871492126958,1051.3074326699907,144.4128507873042,348,0.38457736588037383
calibration,1,h65,2.4,sgmc_offcat,1283,85855,169249,68.24682570625502,1251.1887861301852,1092.753174293745,1161,0.05722106361876049
calibration,1,h65,2.8,lappos_t200_d3,1283,85855,169249,203.5871492126958,1051.3074326699907,144.4128507873042,348,0.38457736588037383
calibration,1,h65,2.8,sgmc_offcat,1283,85855,169249,68.24682570625502,1251.1887861301852,1092.753174293745,1161,0.05722106361876049
calibration,1,h65,3.2,lappos_t200_d3,1283,85855,169249,188.5791136346592,1085.2516044866416,159.4208863653408,348,0.3536967151604375
calibration,1,h65,3.2,sgmc_offcat,1283,85855,169249,81.58809452427674,1249.5600029577276,1079.4119054757232,1161,0.06827286386312235
calibration,1,h65,3.6,lappos_t200_d3,1283,85855,169249,188.5791136346592,1085.2516044866416,159.4208863653408,348,0.3536967151604375
calibration,1,h65,3.6,sgmc_offcat,1283,85855,169249,81.58809452427674,1249.5600029577276,1079.4119054757232,1161,0.06827286386312235
calibration,1,h65,4.0,lappos_t200_d3,1283,85855,169249,181.06471237903753,1096.1961903673614,166.93528762096247,348,0.33916638158664064
calibration,1,h65,4.0,sgmc_offcat,1283,85855,169249,84.42048939136713,1247.5651161983492,1076.579510608633,1161,0.07063310971867405
calibration,1,h65,4.6,lappos_t200_d3,1283,85855,169249,158.31205224270954,1124.8854008063724,189.68794775729046,348,0.29588853724100167
calibration,1,h65,4.6,sgmc_offcat,1283,85855,169249,90.37342822026321,1246.3268573176429,1070.6265717797369,1161,0.07555421932678817
calibration,1,random,2.0,lappos_t200_d3,1283,169249,169249,22.51722349968853,1259.9162975268935,325.48277650031145,348,0.04209718305326439
calibration,1,random,2.0,sgmc_offcat,1283,169249,169249,93.19537592989982,1249.698391515325,1067.8046240701,1161,0.07783282913475582
calibration,1,random,2.4,lappos_t200_d3,1283,169249,169249,23.338346480606674,1259.0951745459752,324.6616535193933,348,0.04363231745548904
calibration,1,random,2.4,sgmc_offcat,1283,169249,169249,99.06857662861437,1247.3078672235738,1061.9314233713856,1161,0.08268977547336488
calibration,1,random,2.8,lappos_t200_d3,1283,169249,169249,23.338346480606674,1259.0951745459752,324.6616535193933,348,0.04363231745548904
calibration,1,random,2.8,sgmc_offcat,1283,169249,169249,99.06857662861437,1247.3078672235738,1061.9314233713856,1161,0.08268977547336488
calibration,1,random,3.2,lappos_t200_d3,1283,169249,169249,22.14308433473104,1260.6022716577688,325.85691566526896,348,0.041392883036737736
calibration,1,random,3.2,sgmc_offcat,1283,169249,169249,92.42633066677806,1249.8386536059893,1068.573669333222,1161,0.07719866303078984
calibration,1,random,3.6,lappos_t200_d3,1283,169249,169249,22.14308433473104,1260.6022716577688,325.85691566526896,348,0.041392883036737736
calibration,1,random,3.6,sgmc_offcat,1283,169249,169249,92.42633066677806,1249.8386536059893,1068.573669333222,1161,0.07719866303078984
calibration,1,random,4.0,lappos_t200_d3,1283,169249,169249,21.945631285648904,1260.856915665269,326.0543687143511,348,0.0410228996354615
calibration,1,random,4.0,sgmc_offcat,1283,169249,169249,95.36913970836014,1249.1504885719073,1065.63086029164,1161,0.07962664032859433
calibration,1,random,4.6,lappos_t200_d3,1283,169249,169249,20.947822188855405,1262.1093687695625,327.0521778111446,348,0.039153970725669215
calibration,1,random,4.6,sgmc_offcat,1283,169249,169249,98.18807178607179,1248.288559759365,1062.8119282139282,1161,0.0819534720067349
calibration,2,h60,2.0,lappos_t200_d3,1399,89609,184484,140.80943703067712,1192.198902226823,201.19056296932288,342,0.26066087057951287
calibration,2,h60,2.0,sgmc_offcat,1399,89609,184484,62.12847604707495,1363.4390483312723,947.871523952925,1010,0.056836253298454466
calibration,2,h60,2.4,lappos_t200_d3,1399,89609,184484,132.48518468030954,1252.0633257150353,209.51481531969046,342,0.2406591276774276
calibration,2,h60,2.4,sgmc_offcat,1399,89609,184484,81.05886770420743,1360.7315758329814,928.9411322957926,1010,0.07393466472233767
calibration,2,h60,2.8,lappos_t200_d3,1399,89609,184484,132.48518468030954,1252.0633257150353,209.51481531969046,342,0.2406591276774276
calibration,2,h60,2.8,sgmc_offcat,1399,89609,184484,81.05886770420743,1360.7315758329814,928.9411322957926,1010,0.07393466472233767
calibration,2,h60,3.2,lappos_t200_d3,1399,89609,184484,124.91067012885486,1269.9924785793803,217.08932987114514,342,0.2260496720401785
calibration,2,h60,3.2,sgmc_offcat,1399,89609,184484,79.36632086371245,1365.2386729447749,930.6336791362876,1010,0.07235372552199126
calibration,2,h60,3.6,lappos_t200_d3,1399,89609,184484,124.91067012885486,1269.9924785793803,217.08932987114514,342,0.2260496720401785
calibration,2,h60,3.6,sgmc_offcat,1399,89609,184484,79.36632086371245,1365.2386729447749,930.6336791362876,1010,0.07235372552199126
calibration,2,h60,4.0,lappos_t200_d3,1399,89609,184484,118.35838537902406,1278.2970094014704,223.64161462097593,342,0.2140563080709398
calibration,2,h60,4.0,sgmc_offcat,1399,89609,184484,74.80015586101497,1368.7315758329814,935.199844138985,1010,0.06820436127749673
calibration,2,h60,4.6,lappos_t200_d3,1399,89609,184484,102.9011750818203,1296.0416339597618,239.0988249181797,342,0.18594741955917615
calibration,2,h60,4.6,sgmc_offcat,1399,89609,184484,73.03549240430621,1371.72646259236,936.9645075956938,1010,0.06658036666274111
calibration,2,h65,2.0,lappos_t200_d3,1399,89609,184484,136.37810690730169,1196.9139962390818,205.62189309269831,342,0.25243124715844745
calibration,2,h65,2.0,sgmc_offcat,1399,89609,184484,61.13578019090299,1364.8222684791954,948.864219809097,1010,0.05592412130365477
calibration,2,h65,2.4,lappos_t200_d3,1399,89609,184484,128.4516829925134,1254.803157802264,213.5483170074866,342,0.23344199360937112
calibration,2,h65,2.4,sgmc_offcat,1399,89609,184484,74.27124641108539,1364.938841299238,935.7287535889146,1010,0.0677755052481681
calibration,2,h65,2.8,lappos_t200_d3,1399,89609,184484,128.4516829925134,1254.803157802264,213.5483170074866,342,0.23344199360937112
calibration,2,h65,2.8,sgmc_offcat,1399,89609,184484,74.27124641108539,1364.938841299238,935.7287535889146,1010,0.0677755052481681
calibration,2,h65,3.2,lappos_t200_d3,1399,89609,184484,119.44583831768331,1275.7422163782933,222.5541616823167,342,0.2161377292339686
calibration,2,h65,3.2,sgmc_offcat,1399,89609,184484,71.13025288621265,1368.0791033899022,938.8697471137873,1010,0.06490923074944839
calibration,2,h65,3.6,lappos_t200_d3,1399,89609,184484,119.44583831768331,1275.7422163782933,222.5541616823167,342,0.2161377292339686
calibration,2,h65,3.6,sgmc_offcat,1399,89609,184484,71.13025288621265,1368.0791033899022,938.8697471137873,1010,0.06490923074944839
calibration,2,h65,4.0,lappos_t200_d3,1399,89609,184484,117.91724283847435,1279.5851550967666,224.08275716152565,342,0.21319316686637596
calibration,2,h65,4.0,sgmc_offcat,1399,89609,184484,75.04571888554929,1367.8601519734045,934.9542811144507,1010,0.06843608175402849
calibration,2,h65,4.6,lappos_t200_d3,1399,89609,184484,108.60175410093277,1290.3410549406494,233.39824589906723,342,0.1962486426283422
calibration,2,h65,4.6,sgmc_offcat,1399,89609,184484,79.43551174309202,1366.4244400436162,930.564488256908,1010,0.0724002366458702
calibration,2,random,2.0,lappos_t200_d3,1399,184484,184484,23.77771218201869,1373.2630936496055,318.2222878179813,342,0.04299703666555324
calibration,2,random,2.0,sgmc_offcat,1399,184484,184484,73.18817187942,1368.5647021342804,936.81182812058,1010,0.06675617595456476
calibration,2,random,2.4,lappos_t200_d3,1399,184484,184484,23.953666863685495,1374.5370451213143,318.0463331363145,342,0.04329251271279043
calibration,2,random,2.4,sgmc_offcat,1399,184484,184484,71.77614922025339,1369.8193461417804,938.2238507797466,1010,0.06547012569696448
calibration,2,random,2.8,lappos_t200_d3,1399,184484,184484,23.953666863685495,1374.5370451213143,318.0463331363145,342,0.04329251271279043
calibration,2,random,2.8,sgmc_offcat,1399,184484,184484,71.77614922025339,1369.8193461417804,938.2238507797466,1010,0.06547012569696448
calibration,2,random,3.2,lappos_t200_d3,1399,184484,184484,25.677524488770096,1373.3224755112299,316.3224755112299,342,0.04639957442856893
calibration,2,random,3.2,sgmc_offcat,1399,184484,184484,77.61365732796531,1367.6834658575294,932.3863426720347,1010,0.07074699472513934
calibration,2,random,3.6,lappos_t200_d3,1399,184484,184484,25.677524488770096,1373.3224755112299,316.3224755112299,342,0.04639957442856893
calibration,2,random,3.6,sgmc_offcat,1399,184484,184484,77.61365732796531,1367.6834658575294,932.3863426720347,1010,0.07074699472513934
calibration,2,random,4.0,lappos_t200_d3,1399,184484,184484,25.482262342894465,1373.5177376571055,316.51773765710556,342,0.04604673354335818
calibration,2,random,4.0,sgmc_offcat,1399,184484,184484,73.63004245475909,1369.5075111758624,936.3699575452409,1010,0.06714225362265934
calibration,2,random,4.6,lappos_t200_d3,1399,184484,184484,26.24619436539468,1372.7538056346052,315.7538056346053,342,0.04742716726670515
calibration,2,random,4.6,sgmc_offcat,1399,184484,184484,72.92330139067683,1370.038297558278,937.0766986093232,1010,0.06649991986507406
calibration,3,h60,2.0,lappos_t200_d3,1407,56901,185540,90.93509083368522,1248.6979637605805,351.0649091663148,442,0.14630924764307093
calibration,3,h60,2.0,sgmc_offcat,1407,56901,185540,104.3616216871597,1342.6743848745637,1710.6383783128404,1815,0.05992947635022498
calibration,3,h60,2.4,lappos_t200_d3,1407,56901,185540,82.59664425973034,1308.2078763176023,359.40335574026966,442,0.13074035401949166
calibration,3,h60,2.4,sgmc_offcat,1407,56901,185540,98.98049234909477,1362.1049835637302,1716.0195076509053,1815,0.05674780543229027
calibration,3,h60,2.8,lappos_t200_d3,1407,56901,185540,82.59664425973034,1308.2078763176023,359.40335574026966,442,0.13074035401949166
calibration,3,h60,2.8,sgmc_offcat,1407,56901,185540,98.98049234909477,1362.1049835637302,1716.0195076509053,1815,0.05674780543229027
calibration,3,h60,3.2,lappos_t200_d3,1407,56901,185540,74.41776724064849,1329.113433205836,367.58223275935154,442,0.11732151212980642
calibration,3,h60,3.2,sgmc_offcat,1407,56901,185540,86.23221401917978,1371.6240839959046,1728.7677859808202,1815,0.049457235283181605
calibration,3,h60,3.6,lappos_t200_d3,1407,56901,185540,74.41776724064849,1329.113433205836,367.58223275935154,442,0.11732151212980642
calibration,3,h60,3.6,sgmc_offcat,1407,56901,185540,86.23221401917978,1371.6240839959046,1728.7677859808202,1815,0.049457235283181605
calibration,3,h60,4.0,lappos_t200_d3,1407,56901,185540,69.89063123043746,1335.1166729133906,372.10936876956254,442,0.11013310801264595
calibration,3,h60,4.0,sgmc_offcat,1407,56901,185540,85.89157654201841,1374.4808995678254,1729.1084234579816,1815,0.049247653570604455
calibration,3,h60,4.6,lappos_t200_d3,1407,56901,185540,58.264038961186415,1349.3239383796472,383.73596103881357,442,0.09173740324142321
calibration,3,h60,4.6,sgmc_offcat,1407,56901,185540,65.19798429659427,1381.7741585037434,1749.8020157034057,1815,0.03744010158026373
calibration,3,h65,2.0,lappos_t200_d3,1407,56901,185540,90.13254388276735,1258.130339288885,351.8674561172327,442,0.14461639993451486
calibration,3,h65,2.0,sgmc_offcat,1407,56901,185540,94.00459908320454,1350.562193860934,1720.9954009167955,1815,0.053997287469494726
calibration,3,h65,2.4,lappos_t200_d3,1407,56901,185540,86.62690623997166,1308.0989250115279,355.3730937600283,442,0.136949756099619
calibration,3,h65,2.4,sgmc_offcat,1407,56901,185540,97.23409095166569,1362.433203656442,1717.7659090483344,1815,0.05575561983413707
calibration,3,h65,2.8,lappos_t200_d3,1407,56901,185540,86.62690623997166,1308.0989250115279,355.3730937600283,442,0.136949756099619
calibration,3,h65,2.8,sgmc_offcat,1407,56901,185540,97.23409095166569,1362.433203656442,1717.7659090483344,1815,0.05575561983413707
calibration,3,h65,3.2,lappos_t200_d3,1407,56901,185540,82.60102606614333,1321.3993879979255,359.39897393385667,442,0.13020336583170886
calibration,3,h65,3.2,sgmc_offcat,1407,56901,185540,82.84461206484356,1374.212061336738,1732.1553879351563,1815,0.047518683868161535
calibration,3,h65,3.6,lappos_t200_d3,1407,56901,185540,82.60102606614333,1321.3993879979255,359.39897393385667,442,0.13020336583170886
calibration,3,h65,3.6,sgmc_offcat,1407,56901,185540,82.84461206484356,1374.212061336738,1732.1553879351563,1815,0.047518683868161535
calibration,3,h65,4.0,lappos_t200_d3,1407,56901,185540,78.48883505251396,1326.7330387013985,363.511164947486,442,0.12367372685424889
calibration,3,h65,4.0,sgmc_offcat,1407,56901,185540,78.23002311597328,1377.3858251151985,1736.7699768840266,1815,0.04487922854691328
calibration,3,h65,4.6,lappos_t200_d3,1407,56901,185540,68.46952758830514,1338.5876633701128,373.53047241169486,442,0.10782408547361777
calibration,3,h65,4.6,sgmc_offcat,1407,56901,185540,65.00418161971659,1382.0309934144498,1749.9958183802835,1815,0.03732853968828803
calibration,3,random,2.0,lappos_t200_d3,1407,185540,185540,25.04800988210399,1380.507197205142,416.951990117896,442,0.03946364289829627
calibration,3,random,2.0,sgmc_offcat,1407,185540,185540,131.6305771016904,1357.1643654253548,1683.3694228983095,1815,0.07522783307095633
calibration,3,random,2.4,lappos_t200_d3,1407,185540,185540,25.20538853377052,1380.3498185534754,416.79461146622947,442,0.03971159612645356
calibration,3,random,2.4,sgmc_offcat,1407,185540,185540,133.68046391628027,1357.5763880845216,1681.3195360837196,1815,0.07637786558951061
calibration,3,random,2.8,lappos_t200_d3,1407,185540,185540,25.20538853377052,1380.3498185534754,416.79461146622947,442,0.03971159612645356
calibration,3,random,2.8,sgmc_offcat,1407,185540,185540,133.68046391628027,1357.5763880845216,1681.3195360837196,1815,0.07637786558951061
calibration,3,random,3.2,lappos_t200_d3,1407,185540,185540,24.615220289730615,1381.309012721851,417.3847797102694,442,0.0387772651182262
calibration,3,random,3.2,sgmc_offcat,1407,185540,185540,130.65458374245196,1359.4383168970637,1684.345416257548,1815,0.07465896946814288
calibration,3,random,3.6,lappos_t200_d3,1407,185540,185540,24.615220289730615,1381.309012721851,417.3847797102694,442,0.0387772651182262
calibration,3,random,3.6,sgmc_offcat,1407,185540,185540,130.65458374245196,1359.4383168970637,1684.345416257548,1815,0.07465896946814288
calibration,3,random,4.0,lappos_t200_d3,1407,185540,185540,23.79336587460393,1382.640155151978,418.2066341253961,442,0.03747655403240156
calibration,3,random,4.0,sgmc_offcat,1407,185540,185540,134.41632486174566,1358.3024366128125,1680.5836751382544,1815,0.07678547004925167
calibration,3,random,4.6,lappos_t200_d3,1407,185540,185540,24.085893376313102,1382.9141066236868,417.9141066236869,442,0.037930540750099315
calibration,3,random,4.6,sgmc_offcat,1407,185540,185540,133.8039268160819,1358.6142715787305,1681.196073183918,1815,0.07643826185123409
calibration,4,h60,2.0,lappos_t200_d3,1404,46138,185171,89.03057935038107,1241.241484897585,200.96942064961894,290,0.17875673230359895
calibration,4,h60,2.0,sgmc_offcat,1404,46138,185171,167.55313336748267,1299.1626852801462,1695.4468666325174,1863,0.09393344107744492
calibration,4,h60,2.4,lappos_t200_d3,1404,46138,185171,85.2779192140531,1304.9911158043114,204.7220807859469,290,0.16719396668171294
calibration,4,h60,2.4,sgmc_offcat,1404,46138,185171,178.84086499871006,1315.2103811915295,1684.15913500129,1863,0.09995519815229709
calibration,4,h60,2.8,lappos_t200_d3,1404,46138,185171,85.2779192140531,1304.9911158043114,204.7220807859469,290,0.16719396668171294
calibration,4,h60,2.8,sgmc_offcat,1404,46138,185171,178.84086499871006,1315.2103811915295,1684.15913500129,1863,0.09995519815229709
calibration,4,h60,3.2,lappos_t200_d3,1404,46138,185171,80.28011011725958,1321.3082812876426,209.7198898827404,290,0.15669986323062196
calibration,4,h60,3.2,sgmc_offcat,1404,46138,185171,152.33846366405,1342.6146856427995,1710.66153633595,1863,0.08513426924329658
calibration,4,h60,3.6,lappos_t200_d3,1404,46138,185171,80.28011011725958,1321.3082812876426,209.7198898827404,290,0.15669986323062196
calibration,4,h60,3.6,sgmc_offcat,1404,46138,185171,152.33846366405,1342.6146856427995,1710.66153633595,1863,0.08513426924329658
calibration,4,h60,4.0,lappos_t200_d3,1404,46138,185171,78.49687063055055,1323.6321195739415,211.50312936944945,290,0.1531868046664686
calibration,4,h60,4.0,sgmc_offcat,1404,46138,185171,132.21531813438816,1352.905022241302,1730.784681865612,1863,0.07396975373436122
calibration,4,h60,4.6,lappos_t200_d3,1404,46138,185171,71.13984802659539,1332.8029610149865,218.8601519734046,290,0.13873134723544744
calibration,4,h60,4.6,sgmc_offcat,1404,46138,185171,99.60479362179115,1365.307549853434,1763.395206378209,1863,0.05585161644808302
calibration,4,h65,2.0,lappos_t200_d3,1404,46138,185171,81.61636578800798,1259.597044633123,208.38363421199202,290,0.16315354269243665
calibration,4,h65,2.0,sgmc_offcat,1404,46138,185171,168.86350886440272,1297.106225755937,1694.1364911355972,1863,0.0946759822523616
calibration,4,h65,2.4,lappos_t200_d3,1404,46138,185171,78.78501632584673,1306.2428408738156,211.21498367415327,290,0.1547822278309658
calibration,4,h65,2.4,sgmc_offcat,1404,46138,185171,178.22773551883773,1312.5491451356243,1684.7722644811622,1863,0.09964898928899271
calibration,4,h65,2.8,lappos_t200_d3,1404,46138,185171,78.78501632584673,1306.2428408738156,211.21498367415327,290,0.1547822278309658
calibration,4,h65,2.8,sgmc_offcat,1404,46138,185171,178.22773551883773,1312.5491451356243,1684.7722644811622,1863,0.09964898928899271
calibration,4,h65,3.2,lappos_t200_d3,1404,46138,185171,74.33291926926454,1326.9436371697198,215.66708073073545,290,0.14510912357822764
calibration,4,h65,3.2,sgmc_offcat,1404,46138,185171,156.56106545275193,1339.451465715722,1706.438934547248,1863,0.08748370931947463
calibration,4,h65,3.6,lappos_t200_d3,1404,46138,185171,74.33291926926454,1326.9436371697198,215.66708073073545,290,0.14510912357822764
calibration,4,h65,3.6,sgmc_offcat,1404,46138,185171,156.56106545275193,1339.451465715722,1706.438934547248,1863,0.08748370931947463
calibration,4,h65,4.0,lappos_t200_d3,1404,46138,185171,69.17992242401101,1333.3180937048169,220.820077575989,290,0.1349853189906487
calibration,4,h65,4.0,sgmc_offcat,1404,46138,185171,146.98801376971434,1346.5079252399314,1716.0119862302856,1863,0.08215755435577744
calibration,4,h65,4.6,lappos_t200_d3,1404,46138,185171,60.17334971439151,1343.8266502856086,229.82665028560848,290,0.11734272565208928
calibration,4,h65,4.6,sgmc_offcat,1404,46138,185171,120.24265777721442,1359.6506956039416,1742.7573422227856,1863,0.06731084497985898
calibration,4,random,2.0,lappos_t200_d3,1404,185171,185171,23.89428500206106,1378.5563525855232,266.10571499793895,290,0.04662389325976686
calibration,4,random,2.0,sgmc_offcat,1404,185171,185171,140.95733432598507,1349.9461454430657,1722.0426656740149,1863,0.07880960285709424
calibration,4,random,2.4,lappos_t200_d3,1404,185171,185171,22.912861032061343,1380.6350419113564,267.08713896793864,290,0.04468974620242746
calibration,4,random,2.4,sgmc_offcat,1404,185171,185171,140.44804631098495,1351.5341227838994,1722.5519536890151,1863,0.07851538814348842
calibration,4,random,2.8,lappos_t200_d3,1404,185171,185171,22.912861032061343,1380.6350419113564,267.08713896793864,290,0.04468974620242746
calibration,4,random,2.8,sgmc_offcat,1404,185171,185171,140.44804631098495,1351.5341227838994,1722.5519536890151,1863,0.07851538814348842
calibration,4,random,3.2,lappos_t200_d3,1404,185171,185171,23.658217024561274,1380.2015208847747,266.3417829754387,290,0.04613789255853167
calibration,4,random,3.2,sgmc_offcat,1404,185171,185171,140.68849609489774,1352.2408638479815,1722.3115039051022,1863,0.07864147967726157
calibration,4,random,3.6,lappos_t200_d3,1404,185171,185171,23.658217024561274,1380.2015208847747,266.3417829754387,290,0.04613789255853167
calibration,4,random,3.6,sgmc_offcat,1404,185171,185171,140.68849609489774,1352.2408638479815,1722.3115039051022,1863,0.07864147967726157
calibration,4,random,4.0,lappos_t200_d3,1404,185171,185171,23.267692732810005,1380.789498225608,266.73230726719,290,0.04537280372461726
calibration,4,random,4.0,sgmc_offcat,1404,185171,185171,135.29578089993998,1354.0671000695213,1727.70421910006,1863,0.07565724750300626
calibration,4,random,4.6,lappos_t200_d3,1404,185171,185171,24.658217024561274,1379.3989739338565,265.3417829754387,290,0.048084374076196486
calibration,4,random,4.6,sgmc_offcat,1404,185171,185171,134.39815949639507,1353.8459577498174,1728.601840503605,1863,0.07516470340957117
selection,5,h60,2.0,lappos_t200_d3,1400,47959,184665,202.91870570689144,1088.9851675437146,338.08129429310856,541,0.2935826822000503
selection,5,h60,2.0,sgmc_offcat,1400,47959,184665,289.572561414554,1240.8625362644693,2566.427438585446,2856,0.1117658003730456
selection,5,h60,2.4,lappos_t200_d3,1400,47959,184665,196.0851653415237,1180.6164385930037,344.9148346584763,541,0.27690156821409073
selection,5,h60,2.4,sgmc_offcat,1400,47959,184665,314.1746294862073,1259.5962063067282,2541.8253705137927,2856,0.12085711983051779
selection,5,h60,2.8,lappos_t200_d3,1400,47959,184665,196.0851653415237,1180.6164385930037,344.9148346584763,541,0.27690156821409073
selection,5,h60,2.8,sgmc_offcat,1400,47959,184665,314.1746294862073,1259.5962063067282,2541.8253705137927,2856,0.12085711983051779
selection,5,h60,3.2,lappos_t200_d3,1400,47959,184665,175.78606173077588,1218.096002674113,365.2139382692241,541,0.24703750510653671
selection,5,h60,3.2,sgmc_offcat,1400,47959,184665,290.8765678809695,1284.3360383939566,2565.1234321190304,2856,0.11188237960680737
selection,5,h60,3.6,lappos_t200_d3,1400,47959,184665,175.78606173077588,1218.096002674113,365.2139382692241,541,0.24703750510653671
selection,5,h60,3.6,sgmc_offcat,1400,47959,184665,290.8765678809695,1284.3360383939566,2565.1234321190304,2856,0.11188237960680737
selection,5,h60,4.0,lappos_t200_d3,1400,47959,184665,163.03340159444792,1233.295963996541,377.9665984055521,541,0.228958313758965
selection,5,h60,4.0,sgmc_offcat,1400,47959,184665,271.62589161581366,1296.4325723155819,2584.3741083841865,2856,0.1045353561061561
selection,5,h60,4.6,lappos_t200_d3,1400,47959,184665,139.47600360399557,1260.4096144791683,401.52399639600446,541,0.1956796858129983
selection,5,h60,4.6,sgmc_offcat,1400,47959,184665,216.95526060622194,1322.6146856427993,2639.044739393778,2856,0.08367882516381892
selection,5,h65,2.0,lappos_t200_d3,1400,47959,184665,181.48810701772456,1108.0063451415713,359.5118929822754,541,0.2627600963775241
selection,5,h65,2.0,sgmc_offcat,1400,47959,184665,294.7120920710096,1238.2395977668416,2561.2879079289905,2856,0.11372740252715167
selection,5,h65,2.4,lappos_t200_d3,1400,47959,184665,173.39950858078797,1197.7628661280569,367.60049141921206,541,0.24524970878469032
selection,5,h65,2.4,sgmc_offcat,1400,47959,184665,309.8671763267023,1261.189296888183,2546.132823673298,2856,0.11922502105527334
selection,5,h65,2.8,lappos_t200_d3,1400,47959,184665,173.39950858078797,1197.7628661280569,367.60049141921206,541,0.24524970878469032
selection,5,h65,2.8,sgmc_offcat,1400,47959,184665,309.8671763267023,1261.189296888183,2546.132823673298,2856,0.11922502105527334
selection,5,h65,3.2,lappos_t200_d3,1400,47959,184665,160.54561194686312,1232.8486628104408,380.4543880531369,541,0.22565057391314292
selection,5,h65,3.2,sgmc_offcat,1400,47959,184665,306.6634611393021,1276.7298956877726,2549.336538860698,2856,0.11788044411617117
selection,5,h65,3.6,lappos_t200_d3,1400,47959,184665,160.54561194686312,1232.8486628104408,380.4543880531369,541,0.22565057391314292
selection,5,h65,3.6,sgmc_offcat,1400,47959,184665,306.6634611393021,1276.7298956877726,2549.336538860698,2856,0.11788044411617117
selection,5,h65,4.0,lappos_t200_d3,1400,47959,184665,149.59330785824648,1247.3670318084066,391.4066921417535,541,0.210046298735596
selection,5,h65,4.0,sgmc_offcat,1400,47959,184665,278.2736614829211,1295.6431707839029,2577.726338517079,2856,0.10704548470110128
selection,5,h65,4.6,lappos_t200_d3,1400,47959,184665,127.71207158149537,1272.990287676174,413.28792841850463,541,0.17913427084567385
selection,5,h65,4.6,sgmc_offcat,1400,47959,184665,219.52538995184446,1321.257663038844,2636.4746100481557,2856,0.08466219182171535
selection,5,random,2.0,lappos_t200_d3,1400,184665,184665,35.23815878735808,1363.7002684478111,505.7618412126419,541,0.049450979166517264
selection,5,random,2.0,sgmc_offcat,1400,184665,184665,199.38449991973903,1324.743993217431,2656.615500080261,2856,0.07699355934929814
selection,5,random,2.4,lappos_t200_d3,1400,184665,184665,34.80682866398266,1365.1359803775995,506.1931713360174,541,0.04883191247581058
selection,5,random,2.4,sgmc_offcat,1400,184665,184665,198.31927338328452,1328.7224948500157,2657.6807266167157,2856,0.07656498872149724
selection,5,random,2.8,lappos_t200_d3,1400,184665,184665,34.80682866398266,1365.1359803775995,506.1931713360174,541,0.04883191247581058
selection,5,random,2.8,sgmc_offcat,1400,184665,184665,198.31927338328452,1328.7224948500157,2657.6807266167157,2856,0.07656498872149724
selection,5,random,3.2,lappos_t200_d3,1400,184665,184665,34.12085453310716,1366.1337894743929,506.87914546689285,541,0.047865343446313144
selection,5,random,3.2,sgmc_offcat,1400,184665,184665,206.99428959870838,1326.8390676700583,2649.0057104012917,2856,0.07987226100673447
selection,5,random,3.6,lappos_t200_d3,1400,184665,184665,34.12085453310716,1366.1337894743929,506.87914546689285,541,0.047865343446313144
selection,5,random,3.6,sgmc_offcat,1400,184665,184665,206.99428959870838,1326.8390676700583,2649.0057104012917,2856,0.07987226100673447
selection,5,random,4.0,lappos_t200_d3,1400,184665,184665,35.237427353149535,1364.8197636052682,505.76257264685046,541,0.04943443029273292
selection,5,random,4.0,sgmc_offcat,1400,184665,184665,210.77971998862392,1326.3698540524738,2645.220280011376,2856,0.08131212389168727
selection,5,random,4.6,lappos_t200_d3,1400,184665,184665,33.042165207273904,1367.269669758644,507.9578347927261,541,0.0463513950759443
selection,5,random,4.6,sgmc_offcat,1400,184665,184665,203.87260353804447,1328.9006404348888,2652.1273964619554,2856,0.07867414197160519
selection,6,h60,2.0,lappos_t200_d3,481,2280,183013,7.64516829925134,468.49655665982993,70.35483170074866,78,0.048501227997085256
selection,6,h60,2.0,sgmc_offcat,481,2280,183013,72.22031419156636,431.26017131219044,4760.779685808434,4833,0.018204831046151535
selection,6,h60,2.4,lappos_t200_d3,243,2280,183013,7.311834965918006,234.8455436857485,70.68816503408199,78,0.065972549023064
selection,6,h60,2.4,sgmc_offcat,243,2280,183013,58.881867617611476,216.89365366120072,4774.1181323823885,4833,0.015014928020190636
selection,6,h60,2.8,lappos_t200_d3,243,2280,183013,7.311834965918006,234.8455436857485,70.68816503408199,78,0.065972549023064
selection,6,h60,2.8,sgmc_offcat,243,2280,183013,58.881867617611476,216.89365366120072,4774.1181323823885,4833,0.015014928020190636
selection,6,h60,3.2,lappos_t200_d3,159,2280,183013,6.0950744526270455,152.90492554737295,71.90492554737295,78,0.06470355045251572
selection,6,h60,3.2,sgmc_offcat,159,2280,183013,48.590799584900246,141.3599449413702,4784.4092004151,4833,0.012445170111528053
selection,6,h60,3.6,lappos_t200_d3,159,2280,183013,6.0950744526270455,152.90492554737295,71.90492554737295,78,0.06470355045251572
selection,6,h60,3.6,sgmc_offcat,159,2280,183013,48.590799584900246,141.3599449413702,4784.4092004151,4833,0.012445170111528053
selection,6,h60,4.0,lappos_t200_d3,139,2280,183013,5.349718460127115,133.65028153987288,72.65028153987288,78,0.05930951729630884
selection,6,h60,4.0,sgmc_offcat,139,2280,183013,43.23742735314954,124.02661160803687,4789.7625726468505,4833,0.011086938272838779
selection,6,h60,4.6,lappos_t200_d3,99,2280,183013,4.037883494209108,94.96211650579089,73.96211650579089,78,0.049122670245852304
selection,6,h60,4.6,sgmc_offcat,99,2280,183013,33.104469406313385,88.33844657395487,4799.895530593687,4833,0.008508640231267057
selection,6,h65,2.0,lappos_t200_d3,479,2280,183013,7.978501632584674,466.24629445874285,70.02149836741532,78,0.05073931572909742
selection,6,h65,2.0,sgmc_offcat,479,2280,183013,69.49426566327526,433.29586390319304,4763.505734336724,4833,0.017518276021404565
selection,6,h65,2.4,lappos_t200_d3,240,2280,183013,7.566478973418077,231.8455436857485,70.43352102658193,78,0.06861002900271297
selection,6,h65,2.4,sgmc_offcat,240,2280,183013,53.10697767965963,216.759964280156,4779.893022320341,4833,0.013546408063299995
selection,6,h65,2.8,lappos_t200_d3,240,2280,183013,7.566478973418077,231.8455436857485,70.43352102658193,78,0.06861002900271297
selection,6,h65,2.8,sgmc_offcat,240,2280,183013,53.10697767965963,216.759964280156,4779.893022320341,4833,0.013546408063299995
selection,6,h65,3.2,lappos_t200_d3,155,2280,183013,6.371216827542442,148.62878317245756,71.62878317245756,78,0.06821431292871921
selection,6,h65,3.2,sgmc_offcat,155,2280,183013,41.58495491007015,139.83134946216126,4791.41504508993,4833,0.010655477816242894
selection,6,h65,3.6,lappos_t200_d3,155,2280,183013,6.371216827542442,148.62878317245756,71.62878317245756,78,0.06821431292871921
selection,6,h65,3.6,sgmc_offcat,155,2280,183013,41.58495491007015,139.83134946216126,4791.41504508993,4833,0.010655477816242894
selection,6,h65,4.0,lappos_t200_d3,132,2280,183013,5.311834965918006,126.68816503408199,72.68816503408199,78,0.059817961327904796
selection,6,h65,4.0,sgmc_offcat,132,2280,183013,35.97767010502792,119.04810997545219,4797.022329894972,4833,0.009231185536225867
selection,6,h65,4.6,lappos_t200_d3,98,2280,183013,5.1165728200423715,92.88342717995762,72.88342717995764,78,0.06239722951271108
selection,6,h65,4.6,sgmc_offcat,98,2280,183013,28.392615101609564,88.10749183707664,4804.607384898391,4833,0.007299435675114057
selection,6,random,2.0,lappos_t200_d3,1388,183013,183013,5.501983871172097,1382.2433721213279,72.4980161288279,78,0.016184729823719424
selection,6,random,2.0,sgmc_offcat,1388,183013,183013,326.99649759201003,1264.5786790810762,4506.00350240799,4833,0.07814068457014128
selection,6,random,2.4,lappos_t200_d3,1388,183013,183013,5.501983871172097,1382.4980161288279,72.4980161288279,78,0.016182305503447292
selection,6,random,2.4,sgmc_offcat,1388,183013,183013,339.64563363360554,1262.5192972194516,4493.354366366394,4833,0.08112232676953622
selection,6,random,2.8,lappos_t200_d3,1388,183013,183013,5.501983871172097,1382.4980161288279,72.4980161288279,78,0.016182305503447292
selection,6,random,2.8,sgmc_offcat,1388,183013,183013,339.64563363360554,1262.5192972194516,4493.354366366394,4833,0.08112232676953622
selection,6,random,3.2,lappos_t200_d3,1388,183013,183013,6.0899612120055,1382.1646827954946,71.9100387879945,78,0.01790896802861083
selection,6,random,3.2,sgmc_offcat,1388,183013,183013,351.20115469157196,1262.0285852344518,4481.798845308428,4833,0.08383798102297928
selection,6,random,3.6,lappos_t200_d3,1388,183013,183013,6.0899612120055,1382.1646827954946,71.9100387879945,78,0.01790896802861083
selection,6,random,3.6,sgmc_offcat,1388,183013,183013,351.20115469157196,1262.0285852344518,4481.798845308428,4833,0.08383798102297928
selection,6,random,4.0,lappos_t200_d3,1388,183013,183013,6.34460521950557,1381.9100387879944,71.65539478049443,78,0.018657808822540006
selection,6,random,4.0,sgmc_offcat,1388,183013,183013,349.1530447161198,1261.971394276034,4483.846955283881,4833,0.08335743927158798
selection,6,random,4.6,lappos_t200_d3,1388,183013,183013,5.19014890525409,1382.809851094746,72.80985109474591,78,0.015265143838982573
selection,6,random,4.6,sgmc_offcat,1388,183013,183013,344.25323240936837,1265.8854008063727,4488.746767590632,4833,0.08219151788618136
selection,7,h60,2.0,lappos_t200_d3,0,0,185516,0.0,0.0,0.0,0,0.0
selection,7,h60,2.0,sgmc_offcat,0,0,185516,0.0,0.0,1234.0,1234,0.0
selection,7,h60,2.4,lappos_t200_d3,0,0,185516,0.0,0.0,0.0,0,0.0
selection,7,h60,2.4,sgmc_offcat,0,0,185516,0.0,0.0,1234.0,1234,0.0
selection,7,h60,2.8,lappos_t200_d3,0,0,185516,0.0,0.0,0.0,0,0.0
selection,7,h60,2.8,sgmc_offcat,0,0,185516,0.0,0.0,1234.0,1234,0.0
selection,7,h60,3.2,lappos_t200_d3,0,0,185516,0.0,0.0,0.0,0,0.0
selection,7,h60,3.2,sgmc_offcat,0,0,185516,0.0,0.0,1234.0,1234,0.0
selection,7,h60,3.6,lappos_t200_d3,0,0,185516,0.0,0.0,0.0,0,0.0
selection,7,h60,3.6,sgmc_offcat,0,0,185516,0.0,0.0,1234.0,1234,0.0
selection,7,h60,4.0,lappos_t200_d3,0,0,185516,0.0,0.0,0.0,0,0.0
selection,7,h60,4.0,sgmc_offcat,0,0,185516,0.0,0.0,1234.0,1234,0.0
selection,7,h60,4.6,lappos_t200_d3,0,0,185516,0.0,0.0,0.0,0,0.0
selection,7,h60,4.6,sgmc_offcat,0,0,185516,0.0,0.0,1234.0,1234,0.0
selection,7,h65,2.0,lappos_t200_d3,0,0,185516,0.0,0.0,0.0,0,0.0
selection,7,h65,2.0,sgmc_offcat,0,0,185516,0.0,0.0,1234.0,1234,0.0
selection,7,h65,2.4,lappos_t200_d3,0,0,185516,0.0,0.0,0.0,0,0.0
selection,7,h65,2.4,sgmc_offcat,0,0,185516,0.0,0.0,1234.0,1234,0.0
selection,7,h65,2.8,lappos_t200_d3,0,0,185516,0.0,0.0,0.0,0,0.0
selection,7,h65,2.8,sgmc_offcat,0,0,185516,0.0,0.0,1234.0,1234,0.0
selection,7,h65,3.2,lappos_t200_d3,0,0,185516,0.0,0.0,0.0,0,0.0
selection,7,h65,3.2,sgmc_offcat,0,0,185516,0.0,0.0,1234.0,1234,0.0
selection,7,h65,3.6,lappos_t200_d3,0,0,185516,0.0,0.0,0.0,0,0.0
selection,7,h65,3.6,sgmc_offcat,0,0,185516,0.0,0.0,1234.0,1234,0.0
selection,7,h65,4.0,lappos_t200_d3,0,0,185516,0.0,0.0,0.0,0,0.0
selection,7,h65,4.0,sgmc_offcat,0,0,185516,0.0,0.0,1234.0,1234,0.0
selection,7,h65,4.6,lappos_t200_d3,0,0,185516,0.0,0.0,0.0,0,0.0
selection,7,h65,4.6,sgmc_offcat,0,0,185516,0.0,0.0,1234.0,1234,0.0
selection,7,random,2.0,lappos_t200_d3,1407,185516,185516,0.0,1407.0,0.0,0,0.0
selection,7,random,2.0,sgmc_offcat,1407,185516,185516,71.22522724549148,1377.824459382402,1162.7747727545086,1234,0.05577499842691692
selection,7,random,2.4,lappos_t200_d3,1407,185516,185516,0.0,1407.0,0.0,0,0.0
selection,7,random,2.4,sgmc_offcat,1407,185516,185516,76.22522724549148,1376.62700633332,1157.7747727545086,1234,0.05965486793141303
selection,7,random,2.8,lappos_t200_d3,1407,185516,185516,0.0,1407.0,0.0,0,0.0
selection,7,random,2.8,sgmc_offcat,1407,185516,185516,76.22522724549148,1376.62700633332,1157.7747727545086,1234,0.05965486793141303
selection,7,random,3.2,lappos_t200_d3,1407,185516,185516,0.0,1407.0,0.0,0,0.0
selection,7,random,3.2,sgmc_offcat,1407,185516,185516,72.73451526049162,1377.6841972917377,1161.2654847395083,1234,0.05694468099745405
selection,7,random,3.6,lappos_t200_d3,1407,185516,185516,0.0,1407.0,0.0,0,0.0
selection,7,random,3.6,sgmc_offcat,1407,185516,185516,72.73451526049162,1377.6841972917377,1161.2654847395083,1234,0.05694468099745405
selection,7,random,4.0,lappos_t200_d3,1407,185516,185516,0.0,1407.0,0.0,0,0.0
selection,7,random,4.0,sgmc_offcat,1407,185516,185516,70.95127577378258,1378.6055079659045,1163.0487242262175,1234,0.0555560604789032
selection,7,random,4.6,lappos_t200_d3,1407,185516,185516,0.0,1407.0,0.0,0,0.0
selection,7,random,4.6,sgmc_offcat,1407,185516,185516,82.45106874174819,1375.3293655909893,1151.5489312582517,1234,0.06447755720466246
calibration,8,h60,2.0,lappos_t200_d3,768,4031,101295,19.897621403544917,728.6467312610166,43.10237859645508,63,0.09943397986583617
calibration,8,h60,2.0,sgmc_offcat,768,4031,101295,77.74306499594523,720.8576437000584,2216.256935004055,2294,0.03897051484385116
calibration,8,h60,2.4,lappos_t200_d3,454,4031,101295,17.876123036129584,432.62376662576503,45.123876963870416,63,0.12723221241168478
calibration,8,h60,2.4,sgmc_offcat,454,4031,101295,63.773644346326286,425.49112604906867,2230.2263556536736,2294,0.032991152266032206
calibration,8,h60,2.8,lappos_t200_d3,454,4031,101295,17.876123036129584,432.62376662576503,45.123876963870416,63,0.12723221241168478
calibration,8,h60,2.8,sgmc_offcat,454,4031,101295,63.773644346326286,425.49112604906867,2230.2263556536736,2294,0.032991152266032206
calibration,8,h60,3.2,lappos_t200_d3,307,4031,101295,17.132957946836154,288.93153715540984,45.86704205316384,63,0.15350338623223989
calibration,8,h60,3.2,sgmc_offcat,307,4031,101295,57.45231433337374,285.8044204839846,2236.5476856666264,2294,0.030176890871761966
calibration,8,h60,3.6,lappos_t200_d3,307,4031,101295,17.132957946836154,288.93153715540984,45.86704205316384,63,0.15350338623223989
calibration,8,h60,3.6,sgmc_offcat,307,4031,101295,57.45231433337374,285.8044204839846,2236.5476856666264,2294,0.030176890871761966
calibration,8,h60,4.0,lappos_t200_d3,258,4031,101295,16.68305179346045,240.98361487320622,46.31694820653955,63,0.16366630274813884
calibration,8,h60,4.0,sgmc_offcat,258,4031,101295,49.00898088961753,241.13775381731793,2244.9910191103827,2294,0.025886446863288975
calibration,8,h60,4.6,lappos_t200_d3,185,4031,101295,14.821122980918146,170.17887701908188,48.17887701908185,63,0.16957806614322626
calibration,8,h60,4.6,sgmc_offcat,185,4031,101295,34.546343381071644,171.89511313019867,2259.4536566189286,2294,0.01841010335166919
calibration,8,h65,2.0,lappos_t200_d3,768,4031,101295,18.035692591002615,730.4915435125565,44.964307408997385,63,0.09013094266799024
calibration,8,h65,2.0,sgmc_offcat,768,4031,101295,79.44834659102955,718.6616501199742,2214.5516534089707,2294,0.03982728615246266
calibration,8,h65,2.4,lappos_t200_d3,458,4031,101295,16.052077717796394,438.3366697348172,46.947922282203606,63,0.11362070655629389
calibration,8,h65,2.4,sgmc_offcat,458,4031,101295,66.56669625020962,427.27217463257114,2227.4333037497904,2294,0.03441975463037501
calibration,8,h65,2.8,lappos_t200_d3,458,4031,101295,16.052077717796394,438.3366697348172,46.947922282203606,63,0.11362070655629389
calibration,8,h65,2.8,sgmc_offcat,458,4031,101295,66.56669625020962,427.27217463257114,2227.4333037497904,2294,0.03441975463037501
calibration,8,h65,3.2,lappos_t200_d3,307,4031,101295,15.052077717796392,291.0124173844496,47.947922282203606,63,0.13485966093433777
calibration,8,h65,3.2,sgmc_offcat,307,4031,101295,52.45377380237169,287.4882037116536,2241.546226197628,2294,0.027560999177127635
calibration,8,h65,3.6,lappos_t200_d3,307,4031,101295,15.052077717796392,291.0124173844496,47.947922282203606,63,0.13485966093433777
calibration,8,h65,3.6,sgmc_offcat,307,4031,101295,52.45377380237169,287.4882037116536,2241.546226197628,2294,0.027560999177127635
calibration,8,h65,4.0,lappos_t200_d3,264,4031,101295,13.582864100211857,250.10530093387013,49.41713589978814,63,0.13169648850981513
calibration,8,h65,4.0,sgmc_offcat,264,4031,101295,47.38238862036648,247.1927538725294,2246.6176113796337,2294,0.025015581370433117
calibration,8,h65,4.6,lappos_t200_d3,191,4031,101295,12.326029189505288,178.67397081049472,50.67397081049471,63,0.13911996827883916
calibration,8,h65,4.6,sgmc_offcat,191,4031,101295,40.95617173761259,176.42151770620114,2253.0438282623873,2294,0.021800556249132155
calibration,8,random,2.0,lappos_t200_d3,768,101295,101295,6.582864100211859,761.4171358997881,56.41713589978814,63,0.03226894166770503
calibration,8,random,2.0,sgmc_offcat,768,101295,101295,152.47059008332943,713.1629059563569,2141.5294099166704,2294,0.07591921680046486
calibration,8,random,2.4,lappos_t200_d3,768,101295,101295,6.328220092711788,761.6717799072883,56.67177990728821,63,0.0310206867289792
calibration,8,random,2.4,sgmc_offcat,768,101295,101295,152.4305156859138,713.4940483864837,2141.5694843140864,2294,0.07589706271608214
calibration,8,random,2.8,lappos_t200_d3,768,101295,101295,6.328220092711788,761.6717799072883,56.67177990728821,63,0.0310206867289792
calibration,8,random,2.8,sgmc_offcat,768,101295,101295,152.4305156859138,713.4940483864837,2141.5694843140864,2294,0.07589706271608214
calibration,8,random,3.2,lappos_t200_d3,768,101295,101295,6.740242751878386,761.2597572481216,56.259757248121616,63,0.03304040564646251
calibration,8,random,3.2,sgmc_offcat,768,101295,101295,160.1536418767899,711.5512393449017,2133.84635812321,2294,0.07969662911582097
calibration,8,random,3.6,lappos_t200_d3,768,101295,101295,6.740242751878386,761.2597572481216,56.259757248121616,63,0.03304040564646251
calibration,8,random,3.6,sgmc_offcat,768,101295,101295,160.1536418767899,711.5512393449017,2133.84635812321,2294,0.07969662911582097
calibration,8,random,4.0,lappos_t200_d3,768,101295,101295,6.740242751878386,761.2597572481216,56.259757248121616,63,0.03304040564646251
calibration,8,random,4.0,sgmc_offcat,768,101295,101295,163.28440892041954,710.515546753899,2130.7155910795805,2294,0.08123764136629695
calibration,8,random,4.6,lappos_t200_d3,768,101295,101295,7.797433710296321,760.2025662897037,55.20256628970368,63,0.038222714266158246
calibration,8,random,4.6,sgmc_offcat,768,101295,101295,170.36487508539048,708.3417829754387,2123.6351249146096,2294,0.08471896837925619
selection,9,h60,2.0,lappos_t200_d3,1402,49089,184952,120.90962472392569,1218.000307078883,88.09037527607431,209,0.2779646709868624
selection,9,h60,2.0,sgmc_offcat,1402,49089,184952,33.41306806409575,1382.4882037116536,1774.5869319359042,1808,0.019318599400033814
selection,9,h60,2.4,lappos_t200_d3,1402,49089,184952,109.74713283163763,1279.0414132835508,99.25286716836237,209,0.24664621054273267
selection,9,h60,2.4,sgmc_offcat,1402,49089,184952,36.434152367442266,1383.783653550778,1771.5658476325577,1808,0.021054805360147574
selection,9,h60,2.8,lappos_t200_d3,1402,49089,184952,109.74713283163763,1279.0414132835508,99.25286716836237,209,0.24664621054273267
selection,9,h60,2.8,sgmc_offcat,1402,49089,184952,36.434152367442266,1383.783653550778,1771.5658476325577,1808,0.021054805360147574
selection,9,h60,3.2,lappos_t200_d3,1402,49089,184952,100.66990297480233,1297.9312231846893,108.33009702519767,209,0.22525251105511374
selection,9,h60,3.2,sgmc_offcat,1402,49089,184952,46.6235698384878,1380.2743655357776,1761.3764301615122,1808,0.02692234634618808
selection,9,h60,3.6,lappos_t200_d3,1402,49089,184952,100.66990297480233,1297.9312231846893,108.33009702519767,209,0.22525251105511374
selection,9,h60,3.6,sgmc_offcat,1402,49089,184952,46.6235698384878,1380.2743655357776,1761.3764301615122,1808,0.02692234634618808
selection,9,h60,4.0,lappos_t200_d3,1402,49089,184952,98.56752437834723,1301.6186567845627,110.43247562165277,209,0.22039203445727354
selection,9,h60,4.0,sgmc_offcat,1402,49089,184952,45.79002947312007,1381.2743655357776,1762.20997052688,1808,0.02644051792680599
selection,9,h60,4.6,lappos_t200_d3,1402,49089,184952,85.5394533013124,1316.741070880016,123.4605466986876,209,0.1910829593904434
selection,9,h60,4.6,sgmc_offcat,1402,49089,184952,48.46034651199119,1381.7836535507777,1759.5396534880088,1808,0.02797216663005568
selection,9,h65,2.0,lappos_t200_d3,1402,49089,184952,107.79012956646828,1231.5445528512578,101.20987043353172,209,0.24775527746991818
selection,9,h65,2.0,sgmc_offcat,1402,49089,184952,27.001776839137698,1384.0047958704818,1780.9982231608624,1808,0.015620592563469789
selection,9,h65,2.4,lappos_t200_d3,1402,49089,184952,103.5897541799711,1283.7900089836057,105.4102458200289,209,0.2329556018639305
selection,9,h65,2.4,sgmc_offcat,1402,49089,184952,32.1773174567357,1385.7501518629815,1775.8226825432644,1808,0.018599761426245982
selection,9,h65,2.8,lappos_t200_d3,1402,49089,184952,103.5897541799711,1283.7900089836057,105.4102458200289,209,0.2329556018639305
selection,9,h65,2.8,sgmc_offcat,1402,49089,184952,32.1773174567357,1385.7501518629815,1775.8226825432644,1808,0.018599761426245982
selection,9,h65,3.2,lappos_t200_d3,1402,49089,184952,95.89647590526758,1301.601954287629,113.10352409473242,209,0.2146777329433476
selection,9,h65,3.2,sgmc_offcat,1402,49089,184952,36.42830769261217,1385.2193654805662,1771.5716923073878,1808,0.021047949413021558
selection,9,h65,3.6,lappos_t200_d3,1402,49089,184952,95.89647590526758,1301.601954287629,113.10352409473242,209,0.2146777329433476
selection,9,h65,3.6,sgmc_offcat,1402,49089,184952,36.42830769261217,1385.2193654805662,1771.5716923073878,1808,0.021047949413021558
selection,9,h65,4.0,lappos_t200_d3,1402,49089,184952,91.59664425973034,1308.7083006264284,117.40335574026966,209,0.20479461995822074
selection,9,h65,4.0,sgmc_offcat,1402,49089,184952,45.95617173761261,1381.2765564389842,1762.0438282623875,1808,0.02653593752485373
selection,9,h65,4.6,lappos_t200_d3,1402,49089,184952,86.16823647376997,1315.7745725678121,122.83176352623003,209,0.19251661866790964
selection,9,h65,4.6,sgmc_offcat,1402,49089,184952,43.282200927117884,1383.2765564389842,1764.7177990728821,1808,0.024993883012167793
selection,9,random,2.0,lappos_t200_d3,1402,184952,184952,15.517637563757331,1386.1133365119067,193.48236243624268,209,0.03467425536993969
selection,9,random,2.0,sgmc_offcat,1402,184952,184952,136.86956401718606,1351.2845920170207,1671.1304359828139,1808,0.07847886721272837
selection,9,random,2.4,lappos_t200_d3,1402,184952,184952,15.829472529675337,1385.8586925044065,193.17052747032466,209,0.03537014847963457
selection,9,random,2.4,sgmc_offcat,1402,184952,184952,145.2334767009005,1349.4605466986875,1662.7665232990994,1808,0.08321219714560531
selection,9,random,2.8,lappos_t200_d3,1402,184952,184952,15.829472529675337,1385.8586925044065,193.17052747032466,209,0.03537014847963457
selection,9,random,2.8,sgmc_offcat,1402,184952,184952,145.2334767009005,1349.4605466986875,1662.7665232990994,1808,0.08321219714560531
selection,9,random,3.2,lappos_t200_d3,1402,184952,184952,16.574828522175267,1385.1133365119067,192.42517147782473,209,0.037035608404182574
selection,9,random,3.2,sgmc_offcat,1402,184952,184952,150.4593181971572,1348.5436178309337,1657.5406818028428,1808,0.08616382293052123
selection,9,random,3.6,lappos_t200_d3,1402,184952,184952,16.574828522175267,1385.1133365119067,192.42517147782473,209,0.037035608404182574
selection,9,random,3.6,sgmc_offcat,1402,184952,184952,150.4593181971572,1348.5436178309337,1657.5406818028428,1808,0.08616382293052123
selection,9,random,4.0,lappos_t200_d3,1402,184952,184952,15.320184514675198,1386.3679805194065,193.6798154853248,209,0.034232170402621366
selection,9,random,4.0,sgmc_offcat,1402,184952,184952,150.63527287882397,1348.622307156767,1657.364727121176,1808,0.08626207135571062
selection,9,random,4.6,lappos_t200_d3,1402,184952,184952,15.379566376299632,1386.6204336237004,193.62043362370036,209,0.03436006786483377
selection,9,random,4.6,sgmc_offcat,1402,184952,184952,153.41339912491145,1348.6179253503542,1654.5866008750886,1808,0.08782507952255847
selection,10,h60,2.0,lappos_t200_d3,1396,99128,184090,160.88082221268235,1154.4641833802161,156.11917778731765,317,0.3113808296305328
selection,10,h60,2.0,sgmc_offcat,1396,99128,184090,56.984560184787156,1367.9625305698596,683.0154398152129,740,0.06497747749902734
selection,10,h60,2.4,lappos_t200_d3,1396,99128,184090,148.1015504683175,1229.1959696911506,168.8984495316825,317,0.27993363570572793
selection,10,h60,2.4,sgmc_offcat,1396,99128,184090,69.52223664696187,1366.6291972365264,670.4777633530381,740,0.07907170361684629
selection,10,h60,2.8,lappos_t200_d3,1396,99128,184090,148.1015504683175,1229.1959696911506,168.8984495316825,317,0.27993363570572793
selection,10,h60,2.8,sgmc_offcat,1396,99128,184090,69.52223664696187,1366.6291972365264,670.4777633530381,740,0.07907170361684629
selection,10,h60,3.2,lappos_t200_d3,1396,99128,184090,129.43561183644022,1260.5466402616971,187.56438816355978,317,0.24348471803050434
selection,10,h60,3.2,sgmc_offcat,1396,99128,184090,80.03914277651066,1364.0390289924865,659.9608572234894,740,0.09086934842525858
selection,10,h60,3.6,lappos_t200_d3,1396,99128,184090,129.43561183644022,1260.5466402616971,187.56438816355978,317,0.24348471803050434
selection,10,h60,3.6,sgmc_offcat,1396,99128,184090,80.03914277651066,1364.0390289924865,659.9608572234894,740,0.09086934842525858
selection,10,h60,4.0,lappos_t200_d3,1396,99128,184090,122.38604239199006,1269.524410460073,194.61395760800994,317,0.23005669657180108
selection,10,h60,4.0,sgmc_offcat,1396,99128,184090,74.95753111326235,1365.3173622706083,665.0424688867377,740,0.08517369133683704
selection,10,h60,4.6,lappos_t200_d3,1396,99128,184090,99.73283851470214,1296.4289219433774,217.26716148529786,317,0.18717489304694798
selection,10,h60,4.6,sgmc_offcat,1396,99128,184090,71.34367359860062,1368.824459382402,668.6563264013994,740,0.08106925854020378
selection,10,h65,2.0,lappos_t200_d3,1396,99128,184090,160.67355674642593,1154.7890738702824,156.32644325357407,317,0.3109655135752256
selection,10,h65,2.0,sgmc_offcat,1396,99128,184090,52.62972848403851,1371.5104335132773,687.3702715159615,740,0.060022862567493195
selection,10,h65,2.4,lappos_t200_d3,1396,99128,184090,147.06042726655357,1230.4683649999329,169.93957273344643,317,0.27794146050582796
selection,10,h65,2.4,sgmc_offcat,1396,99128,184090,66.20017519980078,1366.7056956591532,673.7998248001992,740,0.07534895709802274
selection,10,h65,2.8,lappos_t200_d3,1396,99128,184090,147.06042726655357,1230.4683649999329,169.93957273344643,317,0.27794146050582796
selection,10,h65,2.8,sgmc_offcat,1396,99128,184090,66.20017519980078,1366.7056956591532,673.7998248001992,740,0.07534895709802274
selection,10,h65,3.2,lappos_t200_d3,1396,99128,184090,137.11761822497152,1253.7571420360891,179.88238177502848,317,0.25784895978234873
selection,10,h65,3.2,sgmc_offcat,1396,99128,184090,73.77500372197603,1365.88165034082,666.2249962780239,740,0.08384177394143874
selection,10,h65,3.6,lappos_t200_d3,1396,99128,184090,137.11761822497152,1253.7571420360891,179.88238177502848,317,0.25784895978234873
selection,10,h65,3.6,sgmc_offcat,1396,99128,184090,73.77500372197603,1365.88165034082,666.2249962780239,740,0.08384177394143874
selection,10,h65,4.0,lappos_t200_d3,1396,99128,184090,130.99593216430762,1262.6281518315973,186.00406783569238,317,0.24608270745664942
selection,10,h65,4.0,sgmc_offcat,1396,99128,184090,74.93091950522548,1366.7056956591532,665.0690804947745,740,0.08511711217490758
selection,10,h65,4.6,lappos_t200_d3,1396,99128,184090,118.5357995296888,1277.6616535193934,198.4642004703112,317,0.22246061265847325
selection,10,h65,4.6,sgmc_offcat,1396,99128,184090,58.12910398851615,1374.0769124866956,681.8708960114839,740,0.06617301621380371
selection,10,random,2.0,lappos_t200_d3,1396,184090,184090,21.234191045013894,1374.7658089549864,295.7658089549861,317,0.03985396217157254
selection,10,random,2.0,sgmc_offcat,1396,184090,184090,73.44751506347279,1369.0503008786586,666.5524849365272,740,0.08341573140310007
selection,10,random,2.4,lappos_t200_d3,1396,184090,184090,21.5460260109319,1374.765808954986,295.4539739890681,317,0.04043450494076171
selection,10,random,2.4,sgmc_offcat,1396,184090,184090,73.11418173013946,1369.6382782194921,666.8858182698606,740,0.08303235577656778
selection,10,random,2.8,lappos_t200_d3,1396,184090,184090,21.5460260109319,1374.765808954986,295.4539739890681,317,0.04043450494076171
selection,10,random,2.8,sgmc_offcat,1396,184090,184090,73.11418173013946,1369.6382782194921,666.8858182698606,740,0.08303235577656778
selection,10,random,3.2,lappos_t200_d3,1396,184090,184090,21.272074539223,1375.039760426695,295.727925460777,317,0.0399203919377085
selection,10,random,3.2,sgmc_offcat,1396,184090,184090,72.60197137772428,1369.4623235378253,667.3980286222757,740,0.08246355177226804
selection,10,random,3.6,lappos_t200_d3,1396,184090,184090,21.272074539223,1375.039760426695,295.727925460777,317,0.0399203919377085
selection,10,random,3.6,sgmc_offcat,1396,184090,184090,72.60197137772428,1369.4623235378253,667.3980286222757,740,0.08246355177226804
selection,10,random,4.0,lappos_t200_d3,1396,184090,184090,21.448760655098354,1374.6084303033197,295.55123934490166,317,0.04025581869618559
selection,10,random,4.0,sgmc_offcat,1396,184090,184090,68.97318820526672,1370.4623235378253,671.0268117947332,740,0.07838867966260848
selection,10,random,4.6,lappos_t200_d3,1396,184090,184090,20.50814251672279,1375.5490484416953,296.4918574832772,317,0.03849043216175243
selection,10,random,4.6,sgmc_offcat,1396,184090,184090,72.08757012210259,1369.7956568711588,667.9124298778975,740,0.08188264704529935
selection,11,h60,2.0,lappos_t200_d3,1410,69182,185980,214.52087727131212,1081.7043293916659,452.4791227286879,667,0.27057100200910644
selection,11,h60,2.0,sgmc_offcat,1410,69182,185980,251.0902990716595,1269.0948571758354,1712.9097009283405,1964,0.13389789924549117
selection,11,h60,2.4,lappos_t200_d3,1410,69182,185980,203.5412301404501,1175.3148369071669,463.4587698595499,667,0.25148068867314977
selection,11,h60,2.4,sgmc_offcat,1410,69182,185980,285.6363250825914,1281.526187299211,1678.3636749174086,1964,0.15156075505822603
selection,11,h60,2.8,lappos_t200_d3,1410,69182,185980,203.5412301404501,1175.3148369071669,463.4587698595499,667,0.25148068867314977
selection,11,h60,2.8,sgmc_offcat,1410,69182,185980,285.6363250825914,1281.526187299211,1678.3636749174086,1964,0.15156075505822603
selection,11,h60,3.2,lappos_t200_d3,1410,69182,185980,184.3995051813688,1217.5597890803551,482.6004948186312,667,0.22653728434256734
selection,11,h60,3.2,sgmc_offcat,1410,69182,185980,238.34629565597106,1317.902103303306,1725.653704344029,1964,0.12661496252177384
selection,11,h60,3.6,lappos_t200_d3,1410,69182,185980,184.3995051813688,1217.5597890803551,482.6004948186312,667,0.22653728434256734
selection,11,h60,3.6,sgmc_offcat,1410,69182,185980,238.34629565597106,1317.902103303306,1725.653704344029,1964,0.12661496252177384
selection,11,h60,4.0,lappos_t200_d3,1410,69182,185980,173.98894199120014,1233.8067148799585,493.01105800879986,667,0.21344168922929388
selection,11,h60,4.0,sgmc_offcat,1410,69182,185980,222.01076802001208,1328.9429091349302,1741.9892319799878,1964,0.11800354059315264
selection,11,h60,4.6,lappos_t200_d3,1410,69182,185980,148.5361135004094,1261.6613395486727,518.4638864995906,667,0.18211000719123538
selection,11,h60,4.6,sgmc_offcat,1410,69182,185980,178.74120515355446,1349.572737712317,1785.2587948464457,1964,0.09523402895607341
selection,11,h65,2.0,lappos_t200_d3,1410,69182,185980,211.791906405606,1080.7105847311454,455.208093594394,667,0.26738009492428927
selection,11,h65,2.0,sgmc_offcat,1410,69182,185980,260.84337327205634,1257.8402131683356,1703.1566267279436,1964,0.1391211611927585
selection,11,h65,2.4,lappos_t200_d3,1410,69182,185980,209.71572535311893,1170.6260303339673,457.28427464688104,667,0.25901435452986554
selection,11,h65,2.4,sgmc_offcat,1410,69182,185980,281.94889148271795,1283.5892195330398,1682.051108517282,1964,0.14962996920484792
selection,11,h65,2.8,lappos_t200_d3,1410,69182,185980,209.71572535311893,1170.6260303339673,457.28427464688104,667,0.25901435452986554
selection,11,h65,2.8,sgmc_offcat,1410,69182,185980,281.94889148271795,1283.5892195330398,1682.051108517282,1964,0.14962996920484792
selection,11,h65,3.2,lappos_t200_d3,1410,69182,185980,192.10259587324663,1211.7579701642267,474.8974041267534,667,0.23589043971143492
selection,11,h65,3.2,sgmc_offcat,1410,69182,185980,257.41225362663414,1311.2347052024306,1706.587746373366,1964,0.1365633401182676
selection,11,h65,3.6,lappos_t200_d3,1410,69182,185980,192.10259587324663,1211.7579701642267,474.8974041267534,667,0.23589043971143492
selection,11,h65,3.6,sgmc_offcat,1410,69182,185980,257.41225362663414,1311.2347052024306,1706.587746373366,1964,0.1365633401182676
selection,11,h65,4.0,lappos_t200_d3,1410,69182,185980,188.0388322052092,1219.251918457362,478.9611677947908,667,0.23070603266115072
selection,11,h65,4.0,sgmc_offcat,1410,69182,185980,235.73358024016756,1324.8776825984758,1728.2664197598324,1964,0.12516900913731963
selection,11,h65,4.6,lappos_t200_d3,1410,69182,185980,162.36089025295115,1247.976824886795,504.63910974704885,667,0.19905277786367376
selection,11,h65,4.6,sgmc_offcat,1410,69182,185980,170.5689008440921,1350.048524039521,1793.431099155908,1964,0.09095438851511486
selection,11,random,2.0,lappos_t200_d3,1410,185980,185980,41.18055376487134,1367.3910384491683,625.8194462351287,667,0.050508807257945876
selection,11,random,2.0,sgmc_offcat,1410,185980,185980,138.4233082360148,1359.175640710946,1825.5766917639853,1964,0.0739946778729478
selection,11,random,2.4,lappos_t200_d3,1410,185980,185980,41.22062816228696,1368.5247278302131,625.779371837713,667,0.05054340642152977
selection,11,random,2.4,sgmc_offcat,1410,185980,185980,141.49688432122653,1359.3115209951975,1822.5031156787734,1964,0.07561172474196953
selection,11,random,2.8,lappos_t200_d3,1410,185980,185980,41.22062816228696,1368.5247278302131,625.779371837713,667,0.05054340642152977
selection,11,random,2.8,sgmc_offcat,1410,185980,185980,141.49688432122653,1359.3115209951975,1822.5031156787734,1964,0.07561172474196953
selection,11,random,3.2,lappos_t200_d3,1410,185980,185980,43.134634692625646,1367.1772002732923,623.8653653073743,667,0.05288295309201885
selection,11,random,3.2,sgmc_offcat,1410,185980,185980,144.08267075885345,1358.9566892944486,1819.9173292411465,1964,0.07697513880208363
selection,11,random,3.6,lappos_t200_d3,1410,185980,185980,43.134634692625646,1367.1772002732923,623.8653653073743,667,0.05288295309201885
selection,11,random,3.6,sgmc_offcat,1410,185980,185980,144.08267075885345,1358.9566892944486,1819.9173292411465,1964,0.07697513880208363
selection,11,random,4.0,lappos_t200_d3,1410,185980,185980,44.094560295210044,1366.41472771979,622.90543970479,667,0.054057202253756174
selection,11,random,4.0,sgmc_offcat,1410,185980,185980,144.6134571412689,1358.6233559611155,1819.386542858731,1964,0.07725707770254218
selection,11,random,4.6,lappos_t200_d3,1410,185980,185980,44.130252886212645,1366.3218441703698,622.8697471137873,667,0.05410171780374885
selection,11,random,4.6,sgmc_offcat,1410,185980,185980,142.28555441869688,1360.1326439761156,1821.7144455813032,1964,0.07602008769126288
selection,12,h60,2.0,lappos_t200_d3,1091,60444,143957,225.35911681323262,773.7833292888004,625.6408831867674,851,0.2559071385627506
selection,12,h60,2.0,sgmc_offcat,1091,60444,143957,314.2638626634234,932.2052713503272,2484.7361373365766,2799,0.12628677607257469
selection,12,h60,2.4,lappos_t200_d3,1091,60444,143957,251.0195247410004,814.0969308955987,599.9804752589996,851,0.28083797684932316
selection,12,h60,2.4,sgmc_offcat,1091,60444,143957,367.6622223465149,932.1539216673202,2431.3377776534853,2799,0.14711412928504256
selection,12,h60,2.8,lappos_t200_d3,1091,60444,143957,251.0195247410004,814.0969308955987,599.9804752589996,851,0.28083797684932316
selection,12,h60,2.8,sgmc_offcat,1091,60444,143957,367.6622223465149,932.1539216673202,2431.3377776534853,2799,0.14711412928504256
selection,12,h60,3.2,lappos_t200_d3,1091,60444,143957,238.99510403617,844.1430672446359,612.00489596383,851,0.2663112822843509
selection,12,h60,3.2,sgmc_offcat,1091,60444,143957,395.3700054161071,938.2609994403281,2403.6299945838928,2799,0.1577740019889106
selection,12,h60,3.6,lappos_t200_d3,1091,60444,143957,238.99510403617,844.1430672446359,612.00489596383,851,0.2663112822843509
selection,12,h60,3.6,sgmc_offcat,1091,60444,143957,395.3700054161071,938.2609994403281,2403.6299945838928,2799,0.1577740019889106
selection,12,h60,4.0,lappos_t200_d3,1091,60444,143957,227.31716208391197,861.3240384729952,623.682837916088,851,0.25298833351718975
selection,12,h60,4.0,sgmc_offcat,1091,60444,143957,373.96778837527654,950.9782843557931,2425.0322116247235,2799,0.1493368736687269
selection,12,h60,4.6,lappos_t200_d3,1091,60444,143957,192.65300369059153,898.9965464150728,658.3469963094085,851,0.2142660382480917
selection,12,h60,4.6,sgmc_offcat,1091,60444,143957,301.4639309710377,980.9145206877556,2497.536069028962,2799,0.12079451354152629
selection,12,h65,2.0,lappos_t200_d3,1091,60444,143957,212.44761855624017,783.5633290679547,638.5523814437598,851,0.24141714769022557
selection,12,h65,2.0,sgmc_offcat,1091,60444,143957,326.5506421842316,927.3130805575436,2472.4493578157685,2799,0.13114627174100377
selection,12,h65,2.4,lappos_t200_d3,1091,60444,143957,222.59143432517976,836.4040666849639,628.4085656748202,851,0.24937447760679873
selection,12,h65,2.4,sgmc_offcat,1091,60444,143957,384.49001473098156,927.3196532671631,2414.509985269018,2799,0.15369997822828976
selection,12,h65,2.8,lappos_t200_d3,1091,60444,143957,222.59143432517976,836.4040666849639,628.4085656748202,851,0.24937447760679873
selection,12,h65,2.8,sgmc_offcat,1091,60444,143957,384.49001473098156,927.3196532671631,2414.509985269018,2799,0.15369997822828976
selection,12,h65,3.2,lappos_t200_d3,1091,60444,143957,207.25371578601425,875.0203357790429,643.7462842139857,851,0.2309864638270511
selection,12,h65,3.2,sgmc_offcat,1091,60444,143957,399.3850209689938,937.9425917647906,2399.6149790310064,2799,0.15932920342847373
selection,12,h65,3.6,lappos_t200_d3,1091,60444,143957,207.25371578601425,875.0203357790429,643.7462842139857,851,0.2309864638270511
selection,12,h65,3.6,sgmc_offcat,1091,60444,143957,399.3850209689938,937.9425917647906,2399.6149790310064,2799,0.15932920342847373
selection,12,h65,4.0,lappos_t200_d3,1091,60444,143957,198.54916222571936,888.9106530387597,652.4508377742807,851,0.22102965449110623
selection,12,h65,4.0,sgmc_offcat,1091,60444,143957,382.96162633030673,946.1622746154965,2416.038373669693,2799,0.15287738043908222
selection,12,h65,4.6,lappos_t200_d3,1091,60444,143957,171.03841474172125,921.5681386291124,679.9615852582788,851,0.19018610224359514
selection,12,h65,4.6,sgmc_offcat,1091,60444,143957,334.74153621437017,970.2850060810896,2464.25846378563,2799,0.13388561934566703
selection,12,random,2.0,lappos_t200_d3,1091,143957,143957,62.79796495780846,1028.5710609665275,788.2020350421915,851,0.0698473969496819
selection,12,random,2.0,sgmc_offcat,1091,143957,143957,181.4340693641892,1021.0059413687591,2617.5659306358107,2799,0.0731681038933637
selection,12,random,2.4,lappos_t200_d3,1091,143957,143957,62.816540987808736,1029.3736079174453,788.1834590121913,851,0.06985529849433017
selection,12,random,2.4,sgmc_offcat,1091,143957,143957,180.21511794769174,1021.5939187095925,2618.784882052308,2799,0.07268022818178586
selection,12,random,2.8,lappos_t200_d3,1091,143957,143957,62.816540987808736,1029.3736079174453,788.1834590121913,851,0.06985529849433017
selection,12,random,2.8,sgmc_offcat,1091,143957,143957,180.21511794769174,1021.5939187095925,2618.784882052308,2799,0.07268022818178586
selection,12,random,3.2,lappos_t200_d3,1091,143957,143957,63.1713726885574,1029.413682314861,787.8286273114426,851,0.07024372041874931
selection,12,random,3.2,sgmc_offcat,1091,143957,143957,188.3466130261108,1018.6682262290128,2610.653386973889,2799,0.07592775444805566
selection,12,random,3.6,lappos_t200_d3,1091,143957,143957,63.1713726885574,1029.413682314861,787.8286273114426,851,0.07024372041874931
selection,12,random,3.6,sgmc_offcat,1091,143957,143957,188.3466130261108,1018.6682262290128,2610.653386973889,2799,0.07592775444805566
selection,12,random,4.0,lappos_t200_d3,1091,143957,143957,63.11199082693297,1029.7018280101572,787.8880091730671,851,0.07017412035445814
selection,12,random,4.0,sgmc_offcat,1091,143957,143957,187.21146417606815,1019.9013718690975,2611.788535823932,2799,0.07546954810892537
selection,12,random,4.6,lappos_t200_d3,1091,143957,143957,60.89084850722901,1031.922970329861,790.1091514927709,851,0.06770443580759117
selection,12,random,4.6,sgmc_offcat,1091,143957,143957,180.6584479920288,1023.332701992473,2618.341552007971,2799,0.07284620037501179
selection,13,h60,2.0,lappos_t200_d3,929,55048,122498,200.81413620722986,653.3460543972467,348.18586379277014,549,0.32918621262221714
selection,13,h60,2.0,sgmc_offcat,929,55048,122498,231.00544770085645,796.3990706277857,1536.9945522991436,1768,0.14260643926235553
selection,13,h60,2.4,lappos_t200_d3,929,55048,122498,224.9969809686559,683.7292643469125,324.00301903134414,549,0.36234592551941164
selection,13,h60,2.4,sgmc_offcat,929,55048,122498,254.9973086300525,818.3688086475445,1513.0026913699476,1768,0.15652906508963613
selection,13,h60,2.8,lappos_t200_d3,929,55048,122498,224.9969809686559,683.7292643469125,324.00301903134414,549,0.36234592551941164
selection,13,h60,2.8,sgmc_offcat,929,55048,122498,254.9973086300525,818.3688086475445,1513.0026913699476,1768,0.15652906508963613
selection,13,h60,3.2,lappos_t200_d3,929,55048,122498,251.8486832999551,672.7328180251878,297.1513167000449,549,0.4035284500549146
selection,13,h60,3.2,sgmc_offcat,929,55048,122498,250.84316628652164,833.3035821110898,1517.1568337134784,1768,0.15377553520343606
selection,13,h60,3.6,lappos_t200_d3,929,55048,122498,251.8486832999551,672.7328180251878,297.1513167000449,549,0.4035284500549146
selection,13,h60,3.6,sgmc_offcat,929,55048,122498,250.84316628652164,833.3035821110898,1517.1568337134784,1768,0.15377553520343606
selection,13,h60,4.0,lappos_t200_d3,929,55048,122498,245.41223993595816,681.6067501581109,303.58776006404184,549,0.3929086577993649
selection,13,h60,4.0,sgmc_offcat,929,55048,122498,235.90870679369672,840.5909963721775,1532.0912932063034,1768,0.1447559154368262
selection,13,h60,4.6,lappos_t200_d3,929,55048,122498,214.93791307775206,714.1192778806659,334.06208692224794,549,0.3438943672768958
selection,13,h60,4.6,sgmc_offcat,929,55048,122498,200.53050319246597,856.0667826993815,1567.4694968075341,1768,0.12334877478830848
selection,13,h65,2.0,lappos_t200_d3,929,55048,122498,194.87059573143927,657.9985302397452,354.12940426856073,549,0.31957848579244114
selection,13,h65,2.0,sgmc_offcat,929,55048,122498,229.58142512072817,800.0540513442113,1538.4185748792718,1768,0.1416883207024413
selection,13,h65,2.4,lappos_t200_d3,929,55048,122498,224.09643722769596,684.4279732323773,324.90356277230404,549,0.3609191096591921
selection,13,h65,2.4,sgmc_offcat,929,55048,122498,250.83304329804588,821.7749866318809,1517.1669567019542,1768,0.15398717923335337
selection,13,h65,2.8,lappos_t200_d3,929,55048,122498,224.09643722769596,684.4279732323773,324.90356277230404,549,0.3609191096591921
selection,13,h65,2.8,sgmc_offcat,929,55048,122498,250.83304329804588,821.7749866318809,1517.1669567019542,1768,0.15398717923335337
selection,13,h65,3.2,lappos_t200_d3,929,55048,122498,223.6956864547016,700.0289992985206,325.30431354529844,549,0.35851831329259176
selection,13,h65,3.2,sgmc_offcat,929,55048,122498,260.3011080179339,830.7869899522617,1507.698891982066,1768,0.1594378897384798
selection,13,h65,3.6,lappos_t200_d3,929,55048,122498,223.6956864547016,700.0289992985206,325.30431354529844,549,0.35851831329259176
selection,13,h65,3.6,sgmc_offcat,929,55048,122498,260.3011080179339,830.7869899522617,1507.698891982066,1768,0.1594378897384798
selection,13,h65,4.0,lappos_t200_d3,929,55048,122498,220.02390654741336,706.70036514174,328.9760934525866,549,0.3522948031982296
selection,13,h65,4.0,sgmc_offcat,929,55048,122498,249.08288463622586,838.584423662558,1518.9171153637742,1768,0.15263053947242194
selection,13,h65,4.6,lappos_t200_d3,929,55048,122498,207.003867648996,722.1578928090836,341.996132351004,549,0.3311890447850825
selection,13,h65,4.6,sgmc_offcat,929,55048,122498,229.59938010112495,847.8835238738867,1538.400619898875,1768,0.14086745306817863
selection,13,random,2.0,lappos_t200_d3,929,122498,122498,33.619602096143616,893.8754916952693,515.3803979038564,549,0.053817280140713866
selection,13,random,2.0,sgmc_offcat,929,122498,122498,132.71291679972813,875.4390483312723,1635.2870832002718,1768,0.08212278517312292
selection,13,random,2.4,lappos_t200_d3,929,122498,122498,35.41922670964644,893.111559672769,513.5807732903536,549,0.056679273035191935
selection,13,random,2.4,sgmc_offcat,929,122498,122498,136.679415111932,875.672193971357,1631.320584888068,1768,0.08453331925739338
selection,13,random,2.8,lappos_t200_d3,929,122498,122498,35.41922670964644,893.111559672769,513.5807732903536,549,0.056679273035191935
selection,13,random,2.8,sgmc_offcat,929,122498,122498,136.679415111932,875.672193971357,1631.320584888068,1768,0.08453331925739338
selection,13,random,3.2,lappos_t200_d3,929,122498,122498,39.96420731564919,889.487889740933,509.0357926843508,549,0.06393348238049419
selection,13,random,3.2,sgmc_offcat,929,122498,122498,147.54312076361197,872.2029803537725,1620.456879236388,1768,0.09116890156948804
selection,13,random,3.6,lappos_t200_d3,929,122498,122498,39.96420731564919,889.487889740933,509.0357926843508,549,0.06393348238049419
selection,13,random,3.6,sgmc_offcat,929,122498,122498,147.54312076361197,872.2029803537725,1620.456879236388,1768,0.09116890156948804
selection,13,random,4.0,lappos_t200_d3,929,122498,122498,38.552184656482595,890.8999124000995,510.4478153435174,549,0.061674572924648785
selection,13,random,4.0,sgmc_offcat,929,122498,122498,144.35224042414936,873.9268379788571,1623.6477595758506,1768,0.0892133874649006
selection,13,random,4.6,lappos_t200_d3,929,122498,122498,38.35473160740046,891.1545564075997,510.6452683925995,549,0.06135757099566859
selection,13,random,4.6,sgmc_offcat,929,122498,122498,135.58173569202964,877.3767441322327,1632.4182643079703,1768,0.08384813356207652
selection,14,h60,2.0,lappos_t200_d3,927,4480,122266,26.168650537838765,876.6063394934613,92.83134946216123,119,0.09489819124600092
selection,14,h60,2.0,sgmc_offcat,927,4480,122266,280.46098465168984,711.7130964969102,4701.53901534831,4982,0.06703122630906218
selection,14,h60,2.4,lappos_t200_d3,457,4480,122266,24.17303234425176,429.83176352623,94.82696765574823,119,0.12996186929136072
selection,14,h60,2.4,sgmc_offcat,457,4480,122266,227.07359657472597,353.0605273599018,4754.926403425274,4982,0.055361837211146604
selection,14,h60,2.8,lappos_t200_d3,457,4480,122266,24.17303234425176,429.83176352623,94.82696765574823,119,0.12996186929136072
selection,14,h60,2.8,sgmc_offcat,457,4480,122266,227.07359657472597,353.0605273599018,4754.926403425274,4982,0.055361837211146604
selection,14,h60,3.2,lappos_t200_d3,300,4480,122266,20.64224596183629,278.2863688561585,98.3577540381637,119,0.13318804833839012
selection,14,h60,3.2,sgmc_offcat,300,4480,122266,186.0794344507178,232.05687358827817,4795.920565549282,4982,0.04572844485888841
selection,14,h60,3.6,lappos_t200_d3,300,4480,122266,20.64224596183629,278.2863688561585,98.3577540381637,119,0.13318804833839012
selection,14,h60,3.6,sgmc_offcat,300,4480,122266,186.0794344507178,232.05687358827817,4795.920565549282,4982,0.04572844485888841
selection,14,h60,4.0,lappos_t200_d3,242,4480,122266,19.32748865850324,222.44374750782504,99.67251134149676,119,0.13463543594845565
selection,14,h60,4.0,sgmc_offcat,242,4480,122266,170.51222404309118,182.42151770620114,4811.487775956909,4982,0.04203756745481678
selection,14,h60,4.6,lappos_t200_d3,173,4480,122266,17.149343073629936,155.85065692637005,101.85065692637006,119,0.13212128716201696
selection,14,h60,4.6,sgmc_offcat,173,4480,122266,116.5439488917496,133.55739799045233,4865.45605110825,4982,0.028878819391438243
selection,14,h65,2.0,lappos_t200_d3,927,4480,122266,25.775935342880995,877.7735305623021,93.224064657119,119,0.09342156979477417
selection,14,h65,2.0,sgmc_offcat,927,4480,122266,279.75716252560346,712.7160188343253,4702.242837474397,4982,0.06686205424236438
selection,14,h65,2.4,lappos_t200_d3,465,4480,122266,23.992695856171956,438.12648193114575,95.00730414382804,119,0.12787658766747462
selection,14,h65,2.4,sgmc_offcat,465,4480,122266,234.6688780593874,357.7960709352274,4747.331121940612,4982,0.057179230256886746
selection,14,h65,2.8,lappos_t200_d3,465,4480,122266,23.992695856171956,438.12648193114575,95.00730414382804,119,0.12787658766747462
selection,14,h65,2.8,sgmc_offcat,465,4480,122266,234.6688780593874,357.7960709352274,4747.331121940612,4982,0.057179230256886746
selection,14,h65,3.2,lappos_t200_d3,293,4480,122266,20.170841441045262,271.7533915705365,98.82915855895473,119,0.13133353899994007
selection,14,h65,3.2,sgmc_offcat,293,4480,122266,176.02151205809133,228.21936548056627,4805.9784879419085,4982,0.04328630403266198
selection,14,h65,3.6,lappos_t200_d3,293,4480,122266,20.170841441045262,271.7533915705365,98.82915855895473,119,0.13133353899994007
selection,14,h65,3.6,sgmc_offcat,293,4480,122266,176.02151205809133,228.21936548056627,4805.9784879419085,4982,0.04328630403266198
selection,14,h65,4.0,lappos_t200_d3,243,4480,122266,18.975579295169627,223.4579417314123,100.02442070483038,119,0.13206217930961076
selection,14,h65,4.0,sgmc_offcat,243,4480,122266,162.98289712967366,185.37382179481773,4819.017102870326,4982,0.040190380202168446
selection,14,h65,4.6,lappos_t200_d3,177,4480,122266,17.816009740296604,159.2411812181213,101.18399025970339,119,0.13640466705641763
selection,14,h65,4.6,sgmc_offcat,177,4480,122266,117.26739245276538,136.9337280586163,4864.732607547235,4982,0.029052181115563576
selection,14,random,2.0,lappos_t200_d3,927,122266,122266,7.9296602229239275,919.324983784576,111.07033977707607,119,0.02825453048307003
selection,14,random,2.0,sgmc_offcat,927,122266,122266,345.23319351095097,807.7542196986741,4636.7668064890495,4982,0.0818825956166131
selection,14,random,2.4,lappos_t200_d3,927,122266,122266,7.986851181341864,919.0131488186581,111.01314881865814,119,0.028463475343342245
selection,14,random,2.4,sgmc_offcat,927,122266,122266,364.53187965821087,801.499575691174,4617.4681203417895,4982,0.0864064037331675
selection,14,random,2.8,lappos_t200_d3,927,122266,122266,7.986851181341864,919.0131488186581,111.01314881865814,119,0.028463475343342245
selection,14,random,2.8,sgmc_offcat,927,122266,122266,364.53187965821087,801.499575691174,4617.4681203417895,4982,0.0864064037331675
selection,14,random,3.2,lappos_t200_d3,927,122266,122266,7.986851181341864,919.0131488186581,111.01314881865814,119,0.028463475343342245
selection,14,random,3.2,sgmc_offcat,927,122266,122266,377.0138246309656,799.0303620735895,4604.986175369035,4982,0.08932264861075355
selection,14,random,3.6,lappos_t200_d3,927,122266,122266,7.986851181341864,919.0131488186581,111.01314881865814,119,0.028463475343342245
selection,14,random,3.6,sgmc_offcat,927,122266,122266,377.0138246309656,799.0303620735895,4604.986175369035,4982,0.08932264861075355
selection,14,random,4.0,lappos_t200_d3,927,122266,122266,7.712899709632966,919.5417442978671,111.28710029036704,119,0.02748218130818355
selection,14,random,4.0,sgmc_offcat,927,122266,122266,372.30416122946826,801.1469348936319,4609.695838770532,4982,0.08821766795409401
selection,14,random,4.6,lappos_t200_d3,927,122266,122266,8.124922368799563,919.1297216387005,110.87507763120044,119,0.028950277854046094
selection,14,random,4.6,sgmc_offcat,927,122266,122266,342.22004469229284,811.96805787455,4639.7799553077075,4982,0.08116331260952606
selection,15,h60,2.0,lappos_t200_d3,0,0,123189,0.0,0.0,0.0,0,0.0
selection,15,h60,2.0,sgmc_offcat,0,0,123189,0.0,0.0,1404.0,1404,0.0
selection,15,h60,2.4,lappos_t200_d3,0,0,123189,0.0,0.0,0.0,0,0.0
selection,15,h60,2.4,sgmc_offcat,0,0,123189,0.0,0.0,1404.0,1404,0.0
selection,15,h60,2.8,lappos_t200_d3,0,0,123189,0.0,0.0,0.0,0,0.0
selection,15,h60,2.8,sgmc_offcat,0,0,123189,0.0,0.0,1404.0,1404,0.0
selection,15,h60,3.2,lappos_t200_d3,0,0,123189,0.0,0.0,0.0,0,0.0
selection,15,h60,3.2,sgmc_offcat,0,0,123189,0.0,0.0,1404.0,1404,0.0
selection,15,h60,3.6,lappos_t200_d3,0,0,123189,0.0,0.0,0.0,0,0.0
selection,15,h60,3.6,sgmc_offcat,0,0,123189,0.0,0.0,1404.0,1404,0.0
selection,15,h60,4.0,lappos_t200_d3,0,0,123189,0.0,0.0,0.0,0,0.0
selection,15,h60,4.0,sgmc_offcat,0,0,123189,0.0,0.0,1404.0,1404,0.0
selection,15,h60,4.6,lappos_t200_d3,0,0,123189,0.0,0.0,0.0,0,0.0
selection,15,h60,4.6,sgmc_offcat,0,0,123189,0.0,0.0,1404.0,1404,0.0
selection,15,h65,2.0,lappos_t200_d3,0,0,123189,0.0,0.0,0.0,0,0.0
selection,15,h65,2.0,sgmc_offcat,0,0,123189,0.0,0.0,1404.0,1404,0.0
selection,15,h65,2.4,lappos_t200_d3,0,0,123189,0.0,0.0,0.0,0,0.0
selection,15,h65,2.4,sgmc_offcat,0,0,123189,0.0,0.0,1404.0,1404,0.0
selection,15,h65,2.8,lappos_t200_d3,0,0,123189,0.0,0.0,0.0,0,0.0
selection,15,h65,2.8,sgmc_offcat,0,0,123189,0.0,0.0,1404.0,1404,0.0
selection,15,h65,3.2,lappos_t200_d3,0,0,123189,0.0,0.0,0.0,0,0.0
selection,15,h65,3.2,sgmc_offcat,0,0,123189,0.0,0.0,1404.0,1404,0.0
selection,15,h65,3.6,lappos_t200_d3,0,0,123189,0.0,0.0,0.0,0,0.0
selection,15,h65,3.6,sgmc_offcat,0,0,123189,0.0,0.0,1404.0,1404,0.0
selection,15,h65,4.0,lappos_t200_d3,0,0,123189,0.0,0.0,0.0,0,0.0
selection,15,h65,4.0,sgmc_offcat,0,0,123189,0.0,0.0,1404.0,1404,0.0
selection,15,h65,4.6,lappos_t200_d3,0,0,123189,0.0,0.0,0.0,0,0.0
selection,15,h65,4.6,sgmc_offcat,0,0,123189,0.0,0.0,1404.0,1404,0.0
selection,15,random,2.0,lappos_t200_d3,934,123189,123189,0.0,934.0,0.0,0,0.0
selection,15,random,2.0,sgmc_offcat,934,123189,123189,80.86601373832983,903.8882230504394,1323.13398626167,1404,0.061255131487572737
selection,15,random,2.4,lappos_t200_d3,934,123189,123189,0.0,934.0,0.0,0,0.0
selection,15,random,2.4,sgmc_offcat,934,123189,123189,83.39168688012376,903.7286534955664,1320.6083131198761,1404,0.06314566642850179
selection,15,random,2.8,lappos_t200_d3,934,123189,123189,0.0,934.0,0.0,0,0.0
selection,15,random,2.8,sgmc_offcat,934,123189,123189,83.39168688012376,903.7286534955664,1320.6083131198761,1404,0.06314566642850179
selection,15,random,3.2,lappos_t200_d3,934,123189,123189,0.0,934.0,0.0,0,0.0
selection,15,random,3.2,sgmc_offcat,934,123189,123189,75.13777430683223,906.1428670579395,1328.8622256931678,1404,0.056946019421790506
selection,15,random,3.6,lappos_t200_d3,934,123189,123189,0.0,934.0,0.0,0,0.0
selection,15,random,3.6,sgmc_offcat,934,123189,123189,75.13777430683223,906.1428670579395,1328.8622256931678,1404,0.056946019421790506
selection,15,random,4.0,lappos_t200_d3,934,123189,123189,0.0,934.0,0.0,0,0.0
selection,15,random,4.0,sgmc_offcat,934,123189,123189,74.1184668426234,906.4762003912729,1329.8815331573767,1404,0.05617933993335908
selection,15,random,4.6,lappos_t200_d3,934,123189,123189,0.0,934.0,0.0,0,0.0
selection,15,random,4.6,sgmc_offcat,934,123189,123189,70.45180017595673,908.2809382453972,1333.5481998240432,1404,0.05341520496008866
calibration,16,h60,2.0,lappos_t200_d3,623,3813,82146,14.861928812542303,595.730847798192,3.1380711874576974,18,0.10886380080328319
calibration,16,h60,2.0,sgmc_offcat,623,3813,82146,125.04353138176194,536.3437532024345,1745.956468618238,1871,0.07675726580761658
calibration,16,h60,2.4,lappos_t200_d3,398,3813,82146,13.42840778596038,383.4117052890268,4.571592214039621,18,0.1432088190778641
calibration,16,h60,2.4,sgmc_offcat,398,3813,82146,125.10614955152201,336.2033944178413,1745.893850448478,1871,0.07872956293218294
calibration,16,h60,2.8,lappos_t200_d3,398,3813,82146,13.42840778596038,383.4117052890268,4.571592214039621,18,0.1432088190778641
calibration,16,h60,2.8,sgmc_offcat,398,3813,82146,125.10614955152201,336.2033944178413,1745.893850448478,1871,0.07872956293218294
calibration,16,h60,3.2,lappos_t200_d3,259,3813,82146,12.759550216087215,245.9286148179948,5.240449783912785,18,0.19292420420869877
calibration,16,h60,3.2,sgmc_offcat,259,3813,82146,89.19579339338779,223.5406954935188,1781.8042066066123,1871,0.05720072335426696
calibration,16,h60,3.6,lappos_t200_d3,259,3813,82146,12.759550216087215,245.9286148179948,5.240449783912785,18,0.19292420420869877
calibration,16,h60,3.6,sgmc_offcat,259,3813,82146,89.19579339338779,223.5406954935188,1781.8042066066123,1871,0.05720072335426696
calibration,16,h60,4.0,lappos_t200_d3,222,3813,82146,12.485598744378317,209.25975724812162,5.514401255621683,18,0.21252418956875174
calibration,16,h60,4.0,sgmc_offcat,222,3813,82146,86.25006201439068,189.0262942378971,1784.7499379856092,1871,0.055578676447637955
calibration,16,h60,4.6,lappos_t200_d3,166,3813,82146,11.152265411044983,154.847734588955,6.847734588955017,18,0.2342912901479989
calibration,16,h60,4.6,sgmc_offcat,166,3813,82146,67.88030465584617,141.6262748991113,1803.1196953441538,1871,0.044115322417630776
calibration,16,h65,2.0,lappos_t200_d3,623,3813,82146,12.91911977096024,596.420472301272,5.08088022903976,18,0.09480675951670312
calibration,16,h65,2.0,sgmc_offcat,623,3813,82146,127.96265115272217,532.7277047845663,1743.0373488472778,1871,0.07855587232941294
calibration,16,h65,2.4,lappos_t200_d3,410,3813,82146,12.03569259100261,395.1548703783203,5.96430740899739,18,0.12558357281102164
calibration,16,h65,2.4,sgmc_offcat,410,3813,82146,131.69485832656397,343.2292745916696,1739.305141673436,1871,0.0827340832298375
calibration,16,h65,2.8,lappos_t200_d3,410,3813,82146,12.03569259100261,395.1548703783203,5.96430740899739,18,0.12558357281102164
calibration,16,h65,2.8,sgmc_offcat,410,3813,82146,131.69485832656397,343.2292745916696,1739.305141673436,1871,0.0827340832298375
calibration,16,h65,3.2,lappos_t200_d3,251,3813,82146,11.919119770960238,238.71185430470382,6.080880229039762,18,0.18471753688727913
calibration,16,h65,3.2,sgmc_offcat,251,3813,82146,89.32687780715719,214.72176341580717,1781.6731221928428,1871,0.05734869023181271
calibration,16,h65,3.6,lappos_t200_d3,251,3813,82146,11.919119770960238,238.71185430470382,6.080880229039762,18,0.18471753688727913
calibration,16,h65,3.6,sgmc_offcat,251,3813,82146,89.32687780715719,214.72176341580717,1781.6731221928428,1871,0.05734869023181271
calibration,16,h65,4.0,lappos_t200_d3,218,3813,82146,11.840430445126975,206.15956955487303,6.159569554873025,18,0.20414535250218566
calibration,16,h65,4.0,sgmc_offcat,218,3813,82146,81.21541482831721,187.18148198635714,1789.7845851716827,1871,0.05238084163472536
calibration,16,h65,4.6,lappos_t200_d3,158,3813,82146,11.173763778460309,146.8262362215397,6.826236221539691,18,0.24290790822739272
calibration,16,h65,4.6,sgmc_offcat,158,3813,82146,54.820922794221744,136.93884129923785,1816.1790772057782,1871,0.03571042116942563
calibration,16,random,2.0,lappos_t200_d3,623,82146,82146,1.2331456400847434,621.2575663449152,16.766854359915257,18,0.008878057105761328
calibration,16,random,2.0,sgmc_offcat,623,82146,82146,144.52746707102676,564.9556404901004,1726.4725329289731,1871,0.0881965979387042
calibration,16,random,2.4,lappos_t200_d3,623,82146,82146,1.2331456400847434,621.5122103524152,16.766854359915257,18,0.008874803044369302
calibration,16,random,2.4,sgmc_offcat,623,82146,82146,140.80287801173358,569.736689073603,1730.1971219882664,1871,0.08591262319196707
calibration,16,random,2.8,lappos_t200_d3,623,82146,82146,1.2331456400847434,621.5122103524152,16.766854359915257,18,0.008874803044369302
calibration,16,random,2.8,sgmc_offcat,623,82146,82146,140.80287801173358,569.736689073603,1730.1971219882664,1871,0.08591262319196707
calibration,16,random,3.2,lappos_t200_d3,623,82146,82146,1.175954681666807,621.5694013108332,16.824045318333194,18,0.008463206493743682
calibration,16,random,3.2,sgmc_offcat,623,82146,82146,138.05314021282067,570.896258628476,1732.9468597871794,1871,0.08425118567944836
calibration,16,random,3.6,lappos_t200_d3,623,82146,82146,1.175954681666807,621.5694013108332,16.824045318333194,18,0.008463206493743682
calibration,16,random,3.6,sgmc_offcat,623,82146,82146,138.05314021282067,570.896258628476,1732.9468597871794,1871,0.08425118567944836
calibration,16,random,4.0,lappos_t200_d3,623,82146,82146,1.175954681666807,621.5694013108332,16.824045318333194,18,0.008463206493743682
calibration,16,random,4.0,sgmc_offcat,623,82146,82146,136.30340241390775,571.8962586284761,1734.6965975860921,1871,0.08319096705009035
calibration,16,random,4.6,lappos_t200_d3,623,82146,82146,1.175954681666807,621.8240453183332,16.824045318333194,18,0.008460105623502146
calibration,16,random,4.6,sgmc_offcat,623,82146,82146,135.32051897491007,571.78187671164,1735.67948102509,1871,0.08260214098054129
selection,17,h60,2.0,lappos_t200_d3,1389,51478,183171,92.62147902862952,1243.4818345881495,63.37852097137048,156,0.23626682936861193
selection,17,h60,2.0,sgmc_offcat,1389,51478,183171,86.2551752550122,1346.1294042685608,2105.744824744988,2192,0.042280354521221815
selection,17,h60,2.4,lappos_t200_d3,1389,51478,183171,90.65498071642563,1289.7240510129427,65.34501928357437,156,0.2261423096164819
selection,17,h60,2.4,sgmc_offcat,1389,51478,183171,109.21176445611275,1341.0580190865558,2082.7882355438874,2192,0.053439460285148704
selection,17,h60,2.8,lappos_t200_d3,1389,51478,183171,90.65498071642563,1289.7240510129427,65.34501928357437,156,0.2261423096164819
selection,17,h60,2.8,sgmc_offcat,1389,51478,183171,109.21176445611275,1341.0580190865558,2082.7882355438874,2192,0.053439460285148704
selection,17,h60,3.2,lappos_t200_d3,1389,51478,183171,84.34022341309257,1302.0605273599017,71.65977658690743,156,0.2097597291999213
selection,17,h60,3.2,sgmc_offcat,1389,51478,183171,102.89805255770885,1347.215397738222,2089.101947442291,2192,0.050350807445149644
selection,17,h60,3.6,lappos_t200_d3,1389,51478,183171,84.34022341309257,1302.0605273599017,71.65977658690743,156,0.2097597291999213
selection,17,h60,3.6,sgmc_offcat,1389,51478,183171,102.89805255770885,1347.215397738222,2089.101947442291,2192,0.050350807445149644
selection,17,h60,4.0,lappos_t200_d3,1389,51478,183171,80.55625249217499,1306.8630743108197,75.44374750782501,156,0.2002472866267351
selection,17,h60,4.0,sgmc_offcat,1389,51478,183171,112.81132765383899,1345.6438055241824,2079.188672346161,2192,0.05515661399023864
selection,17,h60,4.6,lappos_t200_d3,1389,51478,183171,69.53694502796615,1319.4058640136159,86.46305497203385,156,0.17272459186526626
selection,17,h60,4.6,sgmc_offcat,1389,51478,183171,107.79202018963016,1350.6623815541827,2084.20797981037,2192,0.05270253792519205
selection,17,h65,2.0,lappos_t200_d3,1389,51478,183171,85.89762140354492,1251.0883879589833,70.10237859645508,156,0.21901640550578952
selection,17,h65,2.0,sgmc_offcat,1389,51478,183171,91.16521064358756,1344.269666359225,2100.8347893564123,2192,0.04467378473158181
selection,17,h65,2.4,lappos_t200_d3,1389,51478,183171,84.0476959113834,1295.4792194226168,71.9523040886166,156,0.209749355669055
selection,17,h65,2.4,sgmc_offcat,1389,51478,183171,107.72908464973034,1341.0201355923464,2084.2709153502697,2192,0.052721801390744984
selection,17,h65,2.8,lappos_t200_d3,1389,51478,183171,84.0476959113834,1295.4792194226168,71.9523040886166,156,0.209749355669055
selection,17,h65,2.8,sgmc_offcat,1389,51478,183171,107.72908464973034,1341.0201355923464,2084.2709153502697,2192,0.052721801390744984
selection,17,h65,3.2,lappos_t200_d3,1389,51478,183171,80.81162793388361,1306.3173622706083,75.18837206611639,156,0.20091110099722265
selection,17,h65,3.2,sgmc_offcat,1389,51478,183171,101.25110401990068,1347.0707538411448,2090.7488959800994,2192,0.04955359934260098
selection,17,h65,3.6,lappos_t200_d3,1389,51478,183171,80.81162793388361,1306.3173622706083,75.18837206611639,156,0.20091110099722265
selection,17,h65,3.6,sgmc_offcat,1389,51478,183171,101.25110401990068,1347.0707538411448,2090.7488959800994,2192,0.04955359934260098
selection,17,h65,4.0,lappos_t200_d3,1389,51478,183171,80.12346289980162,1308.1956762099444,75.87653710019838,156,0.1990823953879607
selection,17,h65,4.0,sgmc_offcat,1389,51478,183171,108.35964126190646,1346.4419706686874,2083.6403587380937,2192,0.052998994490631855
selection,17,h65,4.6,lappos_t200_d3,1389,51478,183171,74.90889328971716,1314.033915751865,81.09110671028284,156,0.18606811120824432
selection,17,h65,4.6,sgmc_offcat,1389,51478,183171,104.12900389516795,1351.610621206526,2087.870996104832,2192,0.05092510554528727
selection,17,random,2.0,lappos_t200_d3,1389,183171,183171,8.865896554886495,1379.8007701117801,147.1341034451135,156,0.022025248148939563
selection,17,random,2.0,sgmc_offcat,1389,183171,183171,141.69100436824397,1331.3585821663014,2050.3089956317563,2192,0.06917797007571688
selection,17,random,2.4,lappos_t200_d3,1389,183171,183171,9.142038929801892,1379.8007701117801,146.85796107019812,156,0.022708143740443987
selection,17,random,2.4,sgmc_offcat,1389,183171,183171,143.19298823941605,1332.3964656605103,2048.807011760584,2192,0.06989395117982776
selection,17,random,2.8,lappos_t200_d3,1389,183171,183171,9.142038929801892,1379.8007701117801,146.85796107019812,156,0.022708143740443987
selection,17,random,2.8,sgmc_offcat,1389,183171,183171,143.19298823941605,1332.3964656605103,2048.807011760584,2192,0.06989395117982776
selection,17,random,3.2,lappos_t200_d3,1389,183171,183171,9.751514638050622,1379.1912944035316,146.24848536194938,156,0.02422203600184141
selection,17,random,3.2,sgmc_offcat,1389,183171,183171,153.92592684746643,1329.2605853762593,2038.0740731525336,2192,0.07507712724957345
selection,17,random,3.6,lappos_t200_d3,1389,183171,183171,9.751514638050622,1379.1912944035316,146.24848536194938,156,0.02422203600184141
selection,17,random,3.6,sgmc_offcat,1389,183171,183171,153.92592684746643,1329.2605853762593,2038.0740731525336,2192,0.07507712724957345
selection,17,random,4.0,lappos_t200_d3,1389,183171,183171,10.06115870076213,1378.88165034082,145.93884129923788,156,0.024991168789222834
selection,17,random,4.0,sgmc_offcat,1389,183171,183171,153.53321165250864,1329.5174202869657,2038.4667883474913,2192,0.07488657366208934
selection,17,random,4.6,lappos_t200_d3,1389,183171,183171,10.901589145889105,1378.0984108541109,145.0984108541109,156,0.027077966085169096
selection,17,random,4.6,sgmc_offcat,1389,183171,183171,152.94742521488172,1330.6103038363863,2039.0525747851184,2192,0.07459716330790062
selection,18,h60,2.0,lappos_t200_d3,1290,100626,170159,33.311834965918,1233.0580224859746,33.688165034082,67,0.10855216818856964
selection,18,h60,2.0,sgmc_offcat,1290,100626,170159,57.984246214066566,1259.388016018405,380.01575378593344,438,0.0944561970008361
selection,18,h60,2.4,lappos_t200_d3,1290,100626,170159,31.547171509209257,1254.5793104219365,35.45282849079074,67,0.10149486504473201
selection,18,h60,2.4,sgmc_offcat,1290,100626,170159,52.981323876651516,1268.0331843176564,385.0186761233485,438,0.08620415513069456
selection,18,h60,2.8,lappos_t200_d3,1290,100626,170159,31.547171509209257,1254.5793104219365,35.45282849079074,67,0.10149486504473201
selection,18,h60,2.8,sgmc_offcat,1290,100626,170159,52.981323876651516,1268.0331843176564,385.0186761233485,438,0.08620415513069456
selection,18,h60,3.2,lappos_t200_d3,1290,100626,170159,29.604362467627187,1259.5745145514545,37.39563753237282,67,0.09505768060602943
selection,18,h60,3.2,sgmc_offcat,1290,100626,170159,50.17877692573366,1270.8120419979523,387.82122307426636,438,0.08164485330826447
selection,18,h60,3.6,lappos_t200_d3,1290,100626,170159,29.604362467627187,1259.5745145514545,37.39563753237282,67,0.09505768060602943
selection,18,h60,3.6,sgmc_offcat,1290,100626,170159,50.17877692573366,1270.8120419979523,387.82122307426636,438,0.08164485330826447
selection,18,h60,4.0,lappos_t200_d3,1290,100626,170159,29.389792857542727,1259.846275119957,37.61020714245727,67,0.09436524577713314
selection,18,h60,4.0,sgmc_offcat,1290,100626,170159,40.135048756694445,1275.319139109746,397.86495124330554,438,0.06542077941286256
selection,18,h60,4.6,lappos_t200_d3,1290,100626,170159,26.918388336751693,1263.0816116632482,40.08161166324831,67,0.0863876390781502
selection,18,h60,4.6,sgmc_offcat,1290,100626,170159,32.35180926998541,1278.2047571929102,405.64819073001456,438,0.05281830485069231
selection,18,h65,2.0,lappos_t200_d3,1290,100626,170159,33.29033659850268,1232.5880808336008,33.70966340149732,67,0.10851686880839807
selection,18,h65,2.0,sgmc_offcat,1290,100626,170159,52.20757943697703,1261.8550387327832,385.792420563023,438,0.085137823225772
selection,18,h65,2.4,lappos_t200_d3,1290,100626,170159,32.542789702796256,1254.4361259938573,34.457210297203744,67,0.10464061401185139
selection,18,h65,2.4,sgmc_offcat,1290,100626,170159,47.53360862648231,1268.261948151328,390.4663913735177,438,0.0774719301640949
selection,18,h65,2.8,lappos_t200_d3,1290,100626,170159,32.542789702796256,1254.4361259938573,34.457210297203744,67,0.10464061401185139
selection,18,h65,2.8,sgmc_offcat,1290,100626,170159,47.53360862648231,1268.261948151328,390.4663913735177,438,0.0774719301640949
selection,18,h65,3.2,lappos_t200_d3,1290,100626,170159,31.014194223587285,1258.0503008786586,35.98580577641272,67,0.09959187407182708
selection,18,h65,3.2,sgmc_offcat,1290,100626,170159,46.573683023897914,1272.5144012556216,391.4263169761021,438,0.0758260293188954
selection,18,h65,3.6,lappos_t200_d3,1290,100626,170159,31.014194223587285,1258.0503008786586,35.98580577641272,67,0.09959187407182708
selection,18,h65,3.6,sgmc_offcat,1290,100626,170159,46.573683023897914,1272.5144012556216,391.4263169761021,438,0.0758260293188954
selection,18,h65,4.0,lappos_t200_d3,1290,100626,170159,29.46629128016949,1259.9100387879944,37.533708719830514,67,0.0946023472659293
selection,18,h65,4.0,sgmc_offcat,1290,100626,170159,42.630142548107315,1273.847734588955,395.3698574518927,438,0.06946464054008732
selection,18,h65,4.6,lappos_t200_d3,1290,100626,170159,26.501983871172097,1263.4980161288279,40.4980161288279,67,0.08505129612057769
selection,18,h65,4.6,sgmc_offcat,1290,100626,170159,33.0443561104804,1278.5715922140396,404.9556438895196,438,0.053930317422051836
selection,18,random,2.0,lappos_t200_d3,1290,170159,170159,3.8805048425425825,1286.1194951574573,63.119495157457415,67,0.012453481522922239
selection,18,random,2.0,sgmc_offcat,1290,170159,170159,40.20173476214693,1275.9264239147883,397.79826523785306,438,0.06551508392576892
selection,18,random,2.4,lappos_t200_d3,1290,170159,170159,3.8805048425425825,1286.1194951574573,63.119495157457415,67,0.012453481522922239
selection,18,random,2.4,sgmc_offcat,1290,170159,170159,42.69244674714679,1275.1810679222883,395.3075532528532,438,0.06953453707968787
selection,18,random,2.8,lappos_t200_d3,1290,170159,170159,3.8805048425425825,1286.1194951574573,63.119495157457415,67,0.012453481522922239
selection,18,random,2.8,sgmc_offcat,1290,170159,170159,42.69244674714679,1275.1810679222883,395.3075532528532,438,0.06953453707968787
selection,18,random,3.2,lappos_t200_d3,1290,170159,170159,4.135148850042652,1285.8648511499573,62.864851149957346,67,0.013270695924398713
selection,18,random,3.2,sgmc_offcat,1290,170159,170159,44.74963770556472,1274.5715922140394,393.25036229443526,438,0.07285079344620692
selection,18,random,3.6,lappos_t200_d3,1290,170159,170159,4.135148850042652,1285.8648511499573,62.864851149957346,67,0.013270695924398713
selection,18,random,3.6,sgmc_offcat,1290,170159,170159,44.74963770556472,1274.5715922140394,393.25036229443526,438,0.07285079344620692
selection,18,random,4.0,lappos_t200_d3,1290,170159,170159,4.135148850042652,1285.8648511499573,62.864851149957346,67,0.013270695924398713
selection,18,random,4.0,sgmc_offcat,1290,170159,170159,44.74963770556472,1274.5715922140396,393.25036229443526,438,0.0728507934462069
selection,18,random,4.6,lappos_t200_d3,1290,170159,170159,4.135148850042652,1285.8648511499573,62.864851149957346,67,0.013270695924398713
selection,18,random,4.6,sgmc_offcat,1290,170159,170159,44.74963770556472,1274.5715922140396,393.25036229443526,438,0.0728507934462069
selection,19,h60,2.0,lappos_t200_d3,1390,108749,183305,336.09456369462924,925.3328918879125,682.9054363053708,1019,0.3148469618477902
selection,19,h60,2.0,sgmc_offcat,1390,108749,183305,321.79747128990573,1250.508753368069,1639.2025287100942,1961,0.170872454448875
selection,19,h60,2.4,lappos_t200_d3,1390,108749,183305,368.7403633347409,977.9230499336951,650.2596366652591,1019,0.33999930959433033
selection,19,h60,2.4,sgmc_offcat,1390,108749,183305,402.3543517235219,1229.3820507607124,1558.6456482764781,1961,0.21230769548319076
selection,19,h60,2.8,lappos_t200_d3,1390,108749,183305,368.7403633347409,977.9230499336951,650.2596366652591,1019,0.33999930959433033
selection,19,h60,2.8,sgmc_offcat,1390,108749,183305,402.3543517235219,1229.3820507607124,1558.6456482764781,1961,0.21230769548319076
selection,19,h60,3.2,lappos_t200_d3,1390,108749,183305,380.26165127070266,994.5621801702581,638.7383487292973,1019,0.3488111733471468
selection,19,h60,3.2,sgmc_offcat,1390,108749,183305,437.54763684356345,1225.6137369317992,1523.4523631564366,1961,0.23011476277792994
selection,19,h60,3.6,lappos_t200_d3,1390,108749,183305,380.26165127070266,994.5621801702581,638.7383487292973,1019,0.3488111733471468
selection,19,h60,3.6,sgmc_offcat,1390,108749,183305,437.54763684356345,1225.6137369317992,1523.4523631564366,1961,0.23011476277792994
selection,19,h60,4.0,lappos_t200_d3,1390,108749,183305,362.4357290198835,1021.7581703509233,656.5642709801165,1019,0.3318890644722779
selection,19,h60,4.0,sgmc_offcat,1390,108749,183305,436.8116724053307,1231.8869569692995,1524.1883275946693,1961,0.22959398243547988
selection,19,h60,4.6,lappos_t200_d3,1390,108749,183305,316.34973555022225,1075.5158436345246,702.6502644497778,1019,0.289280827197465
selection,19,h60,4.6,sgmc_offcat,1390,108749,183305,361.35332000926877,1262.4938277102729,1599.6466799907312,1961,0.19083183028377543
selection,19,h65,2.0,lappos_t200_d3,1390,108749,183305,325.7910782774684,930.1708140596934,693.2089217225316,1019,0.30550769571860525
selection,19,h65,2.0,sgmc_offcat,1390,108749,183305,337.3203187882137,1239.1841836475614,1623.6796812117864,1961,0.17903516669462638
selection,19,h65,2.4,lappos_t200_d3,1390,108749,183305,356.17753473352724,984.8743086173824,662.8224652664728,1019,0.3287558851506216
selection,19,h65,2.4,sgmc_offcat,1390,108749,183305,448.7809792709254,1208.7696527150486,1512.2190207290746,1961,0.2361619680055964
selection,19,h65,2.8,lappos_t200_d3,1390,108749,183305,356.17753473352724,984.8743086173824,662.8224652664728,1019,0.3287558851506216
selection,19,h65,2.8,sgmc_offcat,1390,108749,183305,448.7809792709254,1208.7696527150486,1512.2190207290746,1961,0.2361619680055964
selection,19,h65,3.2,lappos_t200_d3,1390,108749,183305,361.97966422095715,1011.3563775724189,657.0203357790429,1019,0.3321318977621991
selection,19,h65,3.2,sgmc_offcat,1390,108749,183305,470.82774696082305,1216.607892256969,1490.172253039177,1961,0.2469867944255782
selection,19,h65,3.6,lappos_t200_d3,1390,108749,183305,361.97966422095715,1011.3563775724189,657.0203357790429,1019,0.3321318977621991
selection,19,h65,3.6,sgmc_offcat,1390,108749,183305,470.82774696082305,1216.607892256969,1490.172253039177,1961,0.2469867944255782
selection,19,h65,4.0,lappos_t200_d3,1390,108749,183305,354.0065897997146,1028.5450636092557,664.9934102002853,1019,0.32426787569064264
selection,19,h65,4.0,sgmc_offcat,1390,108749,183305,455.3348338743593,1222.987462032688,1505.6651661256408,1961,0.2390881235295272
selection,19,h65,4.6,lappos_t200_d3,1390,108749,183305,298.2983858672153,1093.343860094621,720.7016141327847,1019,0.27278520836611553
selection,19,h65,4.6,sgmc_offcat,1390,108749,183305,357.11880819469604,1263.4271417048203,1603.8811918053038,1961,0.18866135263387218
selection,19,random,2.0,lappos_t200_d3,1390,183305,183305,68.93781298440385,1318.3940608799317,950.0621870155961,1019,0.06309136491798233
selection,19,random,2.0,sgmc_offcat,1390,183305,183305,144.14382945961557,1336.67657577777,1816.8561705403845,1961,0.07729040517426779
selection,19,random,2.4,lappos_t200_d3,1390,183305,183305,70.68024663948874,1318.0206531491826,948.3197533605113,1019,0.06466982176666063
selection,19,random,2.4,sgmc_offcat,1390,183305,183305,147.25528903903637,1337.1457893953545,1813.7447109609636,1961,0.07892847220059201
selection,19,random,2.8,lappos_t200_d3,1390,183305,183305,70.68024663948874,1318.0206531491826,948.3197533605113,1019,0.06466982176666063
selection,19,random,2.8,sgmc_offcat,1390,183305,183305,147.25528903903637,1337.1457893953545,1813.7447109609636,1961,0.07892847220059201
selection,19,random,3.2,lappos_t200_d3,1390,183305,183305,72.4092175051949,1317.6792842378127,946.5907824948051,1019,0.06623494797249004
selection,19,random,3.2,sgmc_offcat,1390,183305,183305,153.81665477183293,1334.6365013803543,1807.1833452281671,1961,0.08240955094986631
selection,19,random,3.6,lappos_t200_d3,1390,183305,183305,72.4092175051949,1317.6792842378127,946.5907824948051,1019,0.06623494797249004
selection,19,random,3.6,sgmc_offcat,1390,183305,183305,153.81665477183293,1334.6365013803543,1807.1833452281671,1961,0.08240955094986631
selection,19,random,4.0,lappos_t200_d3,1390,183305,183305,73.447100999404,1317.1506887586036,945.552899000596,1019,0.0671780729295755
selection,19,random,4.0,sgmc_offcat,1390,183305,183305,155.63558684954458,1334.6579997477697,1805.3644131504554,1961,0.08336763002238035
selection,19,random,4.6,lappos_t200_d3,1390,183305,183305,71.17607186511015,1319.9310059078975,947.8239281348899,1019,0.06509482149570701
selection,19,random,4.6,sgmc_offcat,1390,183305,183305,143.5292405107453,1340.1435984921482,1817.4707594892548,1961,0.07693732562670377
calibration,20,h60,2.0,lappos_t200_d3,250,17677,32970,81.31653414247074,150.61907084863148,211.68346585752926,293,0.28960207951626743
calibration,20,h60,2.0,sgmc_offcat,250,17677,32970,32.8090229666083,235.42589951261414,421.1909770333917,454,0.07870759340214273
calibration,20,h60,2.4,lappos_t200_d3,250,17677,32970,79.83928494684963,164.0445562971768,213.16071505315037,293,0.281941507562869
calibration,20,h60,2.4,sgmc_offcat,250,17677,32970,40.014825564447634,234.03318431765635,413.9851744355524,454,0.09572704879325881
calibration,20,h60,2.8,lappos_t200_d3,250,17677,32970,79.83928494684963,164.0445562971768,213.16071505315037,293,0.281941507562869
calibration,20,h60,2.8,sgmc_offcat,250,17677,32970,40.014825564447634,234.03318431765635,413.9851744355524,454,0.09572704879325881
calibration,20,h60,3.2,lappos_t200_d3,250,17677,32970,79.42579941926593,169.66457585680837,213.57420058073407,293,0.27945372370788046
calibration,20,h60,3.2,sgmc_offcat,250,17677,32970,38.52119124203273,235.38801601840504,415.4788087579673,454,0.09215996347642351
calibration,20,h60,3.6,lappos_t200_d3,250,17677,32970,79.42579941926593,169.66457585680837,213.57420058073407,293,0.27945372370788046
calibration,20,h60,3.6,sgmc_offcat,250,17677,32970,38.52119124203273,235.38801601840504,415.4788087579673,454,0.09215996347642351
calibration,20,h60,4.0,lappos_t200_d3,250,17677,32970,85.69025584394029,163.7432651826416,207.3097441560597,293,0.3014219609160938
calibration,20,h60,4.0,sgmc_offcat,250,17677,32970,43.20205213228667,233.8022295807781,410.79794786771333,454,0.1032058379186088
calibration,20,h60,4.6,lappos_t200_d3,250,17677,32970,78.05416852765468,172.51231044576338,214.94583147234533,293,0.27434278004350793
calibration,20,h60,4.6,sgmc_offcat,250,17677,32970,41.84941133474452,234.52608720586272,412.1505886652555,454,0.10000454355332872
calibration,20,h65,2.0,lappos_t200_d3,250,17677,32970,80.06189013497067,151.49081207834806,212.93810986502933,293,0.2852115563908557
calibration,20,h65,2.0,sgmc_offcat,250,17677,32970,37.20100672735752,233.75923284594745,416.79899327264246,454,0.08912725317412722
calibration,20,h65,2.4,lappos_t200_d3,250,17677,32970,86.39011022768247,157.42558554189353,206.60988977231753,293,0.3050895342021344
calibration,20,h65,2.4,sgmc_offcat,250,17677,32970,44.00063134086035,232.1519480409052,409.99936865913963,454,0.10515636329416878
calibration,20,h65,2.8,lappos_t200_d3,250,17677,32970,86.39011022768247,157.42558554189353,206.60988977231753,293,0.3050895342021344
calibration,20,h65,2.8,sgmc_offcat,250,17677,32970,44.00063134086035,232.1519480409052,409.99936865913963,454,0.10515636329416878
calibration,20,h65,3.2,lappos_t200_d3,250,17677,32970,94.42288048127003,153.4084689808912,198.57711951872997,293,0.3325144233399182
calibration,20,h65,3.2,sgmc_offcat,250,17677,32970,42.938327141820864,233.1519480409052,411.0616728581791,454,0.10262063652599901
calibration,20,h65,3.6,lappos_t200_d3,250,17677,32970,94.42288048127003,153.4084689808912,198.57711951872997,293,0.3325144233399182
calibration,20,h65,3.6,sgmc_offcat,250,17677,32970,42.938327141820864,233.1519480409052,411.0616728581791,454,0.10262063652599901
calibration,20,h65,4.0,lappos_t200_d3,250,17677,32970,96.96712965306423,152.3520094566818,196.03287034693577,293,0.34111666755504316
calibration,20,h65,4.0,sgmc_offcat,250,17677,32970,46.36454402457474,232.1519480409052,407.63545597542526,454,0.11068078050522495
calibration,20,h65,4.6,lappos_t200_d3,250,17677,32970,95.80463776077616,154.7618412126419,197.19536223922384,293,0.33673167186503766
calibration,20,h65,4.6,sgmc_offcat,250,17677,32970,52.77072200891125,230.3687085541962,401.22927799108874,454,0.12569608583541075
calibration,20,random,2.0,lappos_t200_d3,250,32970,32970,12.765708861637908,236.6485047007352,280.2342911383621,293,0.0449049571188831
calibration,20,random,2.0,sgmc_offcat,250,32970,32970,25.927055255648625,240.16176045807953,428.0729447443514,454,0.062262126043746396
calibration,20,random,2.4,lappos_t200_d3,250,32970,32970,13.687019535804644,236.25578950577744,279.31298046419533,293,0.048127883374683406
calibration,20,random,2.4,sgmc_offcat,250,32970,32970,29.941249479235907,238.82842712474618,424.0587505207641,454,0.07180949007280531
calibration,20,random,2.8,lappos_t200_d3,250,32970,32970,13.687019535804644,236.25578950577744,279.31298046419533,293,0.048127883374683406
calibration,20,random,2.8,sgmc_offcat,250,32970,32970,29.941249479235907,238.82842712474618,424.0587505207641,454,0.07180949007280531
calibration,20,random,3.2,lappos_t200_d3,250,32970,32970,13.48956648672251,236.76507752077757,279.51043351327746,293,0.04742317609423578
calibration,20,random,3.2,sgmc_offcat,250,32970,32970,28.29608117998457,239.49509379141284,425.7039188200154,454,0.0678956738080362
calibration,20,random,3.6,lappos_t200_d3,250,32970,32970,13.48956648672251,236.76507752077757,279.51043351327746,293,0.04742317609423578
calibration,20,random,3.6,sgmc_offcat,250,32970,32970,28.29608117998457,239.49509379141284,425.7039188200154,454,0.0678956738080362
calibration,20,random,4.0,lappos_t200_d3,250,32970,32970,13.744210494222578,236.5104335132775,279.25578950577744,293,0.04831838852533235
calibration,20,random,4.0,sgmc_offcat,250,32970,32970,28.29608117998457,239.49509379141284,425.7039188200154,454,0.0678956738080362
calibration,20,random,4.6,lappos_t200_d3,250,32970,32970,13.272805973431547,236.7843849849864,279.72719402656844,293,0.04666762369974052
calibration,20,random,4.6,sgmc_offcat,250,32970,32970,32.507728452653986,238.10456949966158,421.49227154734604,454,0.07789594761939045
selection,24,h60,2.0,lappos_t200_d3,0,0,8022,0.0,0.0,0.0,0,0.0
selection,24,h60,2.0,sgmc_offcat,0,0,8022,0.0,0.0,272.0,272,0.0
selection,24,h60,2.4,lappos_t200_d3,0,0,8022,0.0,0.0,0.0,0,0.0
selection,24,h60,2.4,sgmc_offcat,0,0,8022,0.0,0.0,272.0,272,0.0
selection,24,h60,2.8,lappos_t200_d3,0,0,8022,0.0,0.0,0.0,0,0.0
selection,24,h60,2.8,sgmc_offcat,0,0,8022,0.0,0.0,272.0,272,0.0
selection,24,h60,3.2,lappos_t200_d3,0,0,8022,0.0,0.0,0.0,0,0.0
selection,24,h60,3.2,sgmc_offcat,0,0,8022,0.0,0.0,272.0,272,0.0
selection,24,h60,3.6,lappos_t200_d3,0,0,8022,0.0,0.0,0.0,0,0.0
selection,24,h60,3.6,sgmc_offcat,0,0,8022,0.0,0.0,272.0,272,0.0
selection,24,h60,4.0,lappos_t200_d3,0,0,8022,0.0,0.0,0.0,0,0.0
selection,24,h60,4.0,sgmc_offcat,0,0,8022,0.0,0.0,272.0,272,0.0
selection,24,h60,4.6,lappos_t200_d3,0,0,8022,0.0,0.0,0.0,0,0.0
selection,24,h60,4.6,sgmc_offcat,0,0,8022,0.0,0.0,272.0,272,0.0
selection,24,h65,2.0,lappos_t200_d3,0,0,8022,0.0,0.0,0.0,0,0.0
selection,24,h65,2.0,sgmc_offcat,0,0,8022,0.0,0.0,272.0,272,0.0
selection,24,h65,2.4,lappos_t200_d3,0,0,8022,0.0,0.0,0.0,0,0.0
selection,24,h65,2.4,sgmc_offcat,0,0,8022,0.0,0.0,272.0,272,0.0
selection,24,h65,2.8,lappos_t200_d3,0,0,8022,0.0,0.0,0.0,0,0.0
selection,24,h65,2.8,sgmc_offcat,0,0,8022,0.0,0.0,272.0,272,0.0
selection,24,h65,3.2,lappos_t200_d3,0,0,8022,0.0,0.0,0.0,0,0.0
selection,24,h65,3.2,sgmc_offcat,0,0,8022,0.0,0.0,272.0,272,0.0
selection,24,h65,3.6,lappos_t200_d3,0,0,8022,0.0,0.0,0.0,0,0.0
selection,24,h65,3.6,sgmc_offcat,0,0,8022,0.0,0.0,272.0,272,0.0
selection,24,h65,4.0,lappos_t200_d3,0,0,8022,0.0,0.0,0.0,0,0.0
selection,24,h65,4.0,sgmc_offcat,0,0,8022,0.0,0.0,272.0,272,0.0
selection,24,h65,4.6,lappos_t200_d3,0,0,8022,0.0,0.0,0.0,0,0.0
selection,24,h65,4.6,sgmc_offcat,0,0,8022,0.0,0.0,272.0,272,0.0
selection,24,random,2.0,lappos_t200_d3,61,8022,8022,0.0,61.0,0.0,0,0.0
selection,24,random,2.0,sgmc_offcat,61,8022,8022,9.489566486722508,56.51440125562168,262.5104335132775,272,0.0411158312795386
selection,24,random,2.4,lappos_t200_d3,61,8022,8022,0.0,61.0,0.0,0,0.0
selection,24,random,2.4,sgmc_offcat,61,8022,8022,9.489566486722508,56.51440125562168,262.5104335132775,272,0.0411158312795386
selection,24,random,2.8,lappos_t200_d3,61,8022,8022,0.0,61.0,0.0,0,0.0
selection,24,random,2.8,sgmc_offcat,61,8022,8022,9.489566486722508,56.51440125562168,262.5104335132775,272,0.0411158312795386
selection,24,random,3.2,lappos_t200_d3,61,8022,8022,0.0,61.0,0.0,0,0.0
selection,24,random,3.2,sgmc_offcat,61,8022,8022,7.396682937301961,57.571592214039626,264.603317062698,272,0.03207669758446312
selection,24,random,3.6,lappos_t200_d3,61,8022,8022,0.0,61.0,0.0,0,0.0
selection,24,random,3.6,sgmc_offcat,61,8022,8022,7.396682937301961,57.571592214039626,264.603317062698,272,0.03207669758446312
selection,24,random,4.0,lappos_t200_d3,61,8022,8022,0.0,61.0,0.0,0,0.0
selection,24,random,4.0,sgmc_offcat,61,8022,8022,7.396682937301961,57.571592214039626,264.603317062698,272,0.03207669758446312
selection,24,random,4.6,lappos_t200_d3,61,8022,8022,0.0,61.0,0.0,0,0.0
selection,24,random,4.6,sgmc_offcat,61,8022,8022,7.396682937301961,57.571592214039626,264.603317062698,272,0.03207669758446312
calibration,25,h60,2.0,lappos_t200_d3,927,50042,122285,105.56428807021157,776.930595243248,76.43571192978843,182,0.32773866332633567
calibration,25,h60,2.0,sgmc_offcat,927,50042,122285,175.35078435457052,834.0332844110045,1066.6492156454294,1242,0.14667853222854987
calibration,25,h60,2.4,lappos_t200_d3,927,50042,122285,98.87100979550804,817.9115983503407,83.12899020449196,182,0.30055950648385166
calibration,25,h60,2.4,sgmc_offcat,927,50042,122285,196.030496347128,840.9189024941687,1045.969503652872,1242,0.16322410342454635
calibration,25,h60,2.8,lappos_t200_d3,927,50042,122285,98.87100979550804,817.9115983503407,83.12899020449196,182,0.30055950648385166
calibration,25,h60,2.8,sgmc_offcat,927,50042,122285,196.030496347128,840.9189024941687,1045.969503652872,1242,0.16322410342454635
calibration,25,h60,3.2,lappos_t200_d3,927,50042,122285,91.36099034629935,832.0299480095207,90.63900965370065,182,0.2766182986242528
calibration,25,h60,3.2,sgmc_offcat,927,50042,122285,198.4220660438084,845.8372908309204,1043.5779339561916,1242,0.1650145596404804
calibration,25,h60,3.6,lappos_t200_d3,927,50042,122285,91.36099034629935,832.0299480095207,90.63900965370065,182,0.2766182986242528
calibration,25,h60,3.6,sgmc_offcat,927,50042,122285,198.4220660438084,845.8372908309204,1043.5779339561916,1242,0.1650145596404804
calibration,25,h60,4.0,lappos_t200_d3,927,50042,122285,89.57482852217527,835.0590678909039,92.42517147782473,182,0.2710062667738772
calibration,25,h60,4.0,sgmc_offcat,927,50042,122285,186.61951909289056,851.2420093462589,1055.3804809071094,1242,0.15536448701756078
calibration,25,h60,4.6,lappos_t200_d3,927,50042,122285,85.98392884392682,841.0160711560732,96.01607115607318,182,0.25977017777621314
calibration,25,h60,4.6,sgmc_offcat,927,50042,122285,172.74151912427507,859.385511144478,1069.258480875725,1242,0.14394821830675278
calibration,25,h65,2.0,lappos_t200_d3,927,50042,122285,103.4954111615526,779.9903877695222,78.5045888384474,182,0.3211179745741554
calibration,25,h65,2.0,sgmc_offcat,927,50042,122285,174.66271601441764,833.6904560306367,1067.3372839855824,1242,0.1461281746462195
calibration,25,h65,2.4,lappos_t200_d3,927,50042,122285,98.60467983776692,817.3462614757807,83.39532016223308,182,0.2999015279585522
calibration,25,h65,2.4,sgmc_offcat,927,50042,122285,192.09540551344276,841.9451000381367,1049.9045944865572,1242,0.16002508258296844
calibration,25,h65,2.8,lappos_t200_d3,927,50042,122285,98.60467983776692,817.3462614757807,83.39532016223308,182,0.2999015279585522
calibration,25,h65,2.8,sgmc_offcat,927,50042,122285,192.09540551344276,841.9451000381367,1049.9045944865572,1242,0.16002508258296844
calibration,25,h65,3.2,lappos_t200_d3,927,50042,122285,95.68336916360019,828.593187275384,86.31663083639981,182,0.28955010222325733
calibration,25,h65,3.2,sgmc_offcat,927,50042,122285,188.26948326262368,850.7942940960896,1053.7305167373763,1242,0.1567067457917061
calibration,25,h65,3.6,lappos_t200_d3,927,50042,122285,95.68336916360019,828.593187275384,86.31663083639981,182,0.28955010222325733
calibration,25,h65,3.6,sgmc_offcat,927,50042,122285,188.26948326262368,850.7942940960896,1053.7305167373763,1242,0.1567067457917061
calibration,25,h65,4.0,lappos_t200_d3,927,50042,122285,93.97589666530936,832.3432424444367,88.02410333469064,182,0.28403194535934945
calibration,25,h65,4.0,sgmc_offcat,927,50042,122285,192.7758489402088,850.6296113005952,1049.2241510597912,1242,0.16034174554953945
calibration,25,h65,4.6,lappos_t200_d3,927,50042,122285,88.00177683913769,838.9982231608623,93.99822316086231,182,0.2658663952844031
calibration,25,h65,4.6,sgmc_offcat,927,50042,122285,167.6960175155173,862.0372521533488,1074.3039824844827,1242,0.13979949588919918
calibration,25,random,2.0,lappos_t200_d3,927,122285,122285,9.511796288346382,917.4882037116536,172.48820371165363,182,0.02873654467778354
calibration,25,random,2.0,sgmc_offcat,927,122285,122285,90.2970264915655,891.0911067102828,1151.7029735084345,1242,0.0758876580833946
calibration,25,random,2.4,lappos_t200_d3,927,122285,122285,9.571178149970816,917.4288218500292,172.42882185002918,182,0.028915946072419294
calibration,25,random,2.4,sgmc_offcat,927,122285,122285,96.13453459927743,889.9745338902405,1145.8654654007225,1242,0.08072957137117533
calibration,25,random,2.8,lappos_t200_d3,927,122285,122285,9.571178149970816,917.4288218500292,172.42882185002918,182,0.028915946072419294
calibration,25,random,2.8,sgmc_offcat,927,122285,122285,96.13453459927743,889.9745338902405,1145.8654654007225,1242,0.08072957137117533
calibration,25,random,3.2,lappos_t200_d3,927,122285,122285,10.51398719155288,916.4288218500292,171.48601280844713,182,0.0317654094573871
calibration,25,random,3.2,sgmc_offcat,927,122285,122285,99.62670605327526,889.169796036116,1142.3732939467247,1242,0.0836243994723761
calibration,25,random,3.6,lappos_t200_d3,927,122285,122285,10.51398719155288,916.4288218500292,171.48601280844713,182,0.0317654094573871
calibration,25,random,3.6,sgmc_offcat,927,122285,122285,99.62670605327526,889.169796036116,1142.3732939467247,1242,0.0836243994723761
calibration,25,random,4.0,lappos_t200_d3,927,122285,122285,9.51398719155288,917.4288218500292,172.48601280844713,182,0.028744157017312984
calibration,25,random,4.0,sgmc_offcat,927,122285,122285,99.31487108735725,889.4244400436162,1142.6851289126428,1242,0.0833634526373967
calibration,25,random,4.6,lappos_t200_d3,927,122285,122285,8.959511538515589,918.0404884614844,173.04048846148441,182,0.027068010690379337
calibration,25,random,4.6,sgmc_offcat,927,122285,122285,98.18880322028033,889.2506762651559,1143.8111967797197,1242,0.08243623628324066
calibration,26,h60,2.0,lappos_t200_d3,1403,104327,185046,262.65675755556333,1050.4211934442237,172.34324244443667,435,0.4301507556817392
calibration,26,h60,2.0,sgmc_offcat,1403,104327,185046,65.93572217454556,1368.3745532290263,656.0642778254544,722,0.07627370315101813
calibration,26,h60,2.4,lappos_t200_d3,1403,104327,185046,279.2887770361565,1094.7668372698201,155.7112229638435,435,0.448432545252408
calibration,26,h60,2.4,sgmc_offcat,1403,104327,185046,82.63912683714398,1368.3537862958194,639.360873162856,722,0.09522846486683291
calibration,26,h60,2.8,lappos_t200_d3,1403,104327,185046,279.2887770361565,1094.7668372698201,155.7112229638435,435,0.448432545252408
calibration,26,h60,2.8,sgmc_offcat,1403,104327,185046,82.63912683714398,1368.3537862958194,639.360873162856,722,0.09522846486683291
calibration,26,h60,3.2,lappos_t200_d3,1403,104327,185046,250.4581556087847,1144.5787791744242,184.5418443912153,435,0.39945008754115957
calibration,26,h60,3.2,sgmc_offcat,1403,104327,185046,92.91120137636699,1366.7723816646057,629.088798623633,722,0.10685138373315158
calibration,26,h60,3.6,lappos_t200_d3,1403,104327,185046,250.4581556087847,1144.5787791744242,184.5418443912153,435,0.39945008754115957
calibration,26,h60,3.6,sgmc_offcat,1403,104327,185046,92.91120137636699,1366.7723816646057,629.088798623633,722,0.10685138373315158
calibration,26,h60,4.0,lappos_t200_d3,1403,104327,185046,246.13609416162362,1151.988928300524,188.86390583837638,435,0.3921706311887262
calibration,26,h60,4.0,sgmc_offcat,1403,104327,185046,95.19391646090187,1365.9297603162722,626.8060835390982,722,0.10944034193509437
calibration,26,h60,4.6,lappos_t200_d3,1403,104327,185046,217.38416545950417,1185.7560966311598,217.61583454049583,435,0.34580729355506146
calibration,26,h60,4.6,sgmc_offcat,1403,104327,185046,94.52067708461573,1367.8481486530238,627.4793229153843,722,0.1086352455054071
calibration,26,h65,2.0,lappos_t200_d3,1403,104327,185046,270.7755212788122,1044.5836819370925,164.22447872118778,435,0.44311569159169273
calibration,26,h65,2.0,sgmc_offcat,1403,104327,185046,69.23336291687627,1368.8073428213997,652.7666370831237,722,0.08001931515004194
calibration,26,h65,2.4,lappos_t200_d3,1403,104327,185046,267.9962495344474,1107.2626590960224,167.00375046555263,435,0.43013479359932794
calibration,26,h65,2.4,sgmc_offcat,1403,104327,185046,91.33167367763899,1364.4339350906507,630.668326322361,722,0.10512960631816494
calibration,26,h65,2.8,lappos_t200_d3,1403,104327,185046,267.9962495344474,1107.2626590960224,167.00375046555263,435,0.43013479359932794
calibration,26,h65,2.8,sgmc_offcat,1403,104327,185046,91.33167367763899,1364.4339350906507,630.668326322361,722,0.10512960631816494
calibration,26,h65,3.2,lappos_t200_d3,1403,104327,185046,259.22866374032355,1135.9539637443108,175.77133625967645,435,0.41341876142683115
calibration,26,h65,3.2,sgmc_offcat,1403,104327,185046,104.29191325094398,1362.5341227838994,617.7080867490561,722,0.11974291554698213
calibration,26,h65,3.6,lappos_t200_d3,1403,104327,185046,259.22866374032355,1135.9539637443108,175.77133625967645,435,0.41341876142683115
calibration,26,h65,3.6,sgmc_offcat,1403,104327,185046,104.29191325094398,1362.5341227838994,617.7080867490561,722,0.11974291554698213
calibration,26,h65,4.0,lappos_t200_d3,1403,104327,185046,246.791488942118,1152.0857795922889,188.208511057882,435,0.3931206412816335
calibration,26,h65,4.0,sgmc_offcat,1403,104327,185046,98.8012012659441,1365.950527249479,623.1987987340559,722,0.11349280573330763
calibration,26,h65,4.6,lappos_t200_d3,1403,104327,185046,220.631919387245,1182.1965077375012,214.368080612755,435,0.35100853340106186
calibration,26,h65,4.6,sgmc_offcat,1403,104327,185046,101.78189380173528,1365.62700633332,620.2181061982648,722,0.11684539400947982
calibration,26,random,2.0,lappos_t200_d3,1403,185046,185046,28.810482435606254,1373.211015931809,406.1895175643937,435,0.04584704854912043
calibration,26,random,2.0,sgmc_offcat,1403,185046,185046,29.442501916199458,1391.6448509291117,692.5574980838005,722,0.034163268814634724
calibration,26,random,2.4,lappos_t200_d3,1403,185046,185046,30.141624865733093,1372.603731126767,404.8583751342669,435,0.04795429067814836
calibration,26,random,2.4,sgmc_offcat,1403,185046,185046,29.89240806957516,1391.6448509291115,692.1075919304249,722,0.03468169118059856
calibration,26,random,2.8,lappos_t200_d3,1403,185046,185046,30.141624865733093,1372.603731126767,404.8583751342669,435,0.04795429067814836
calibration,26,random,2.8,sgmc_offcat,1403,185046,185046,29.89240806957516,1391.6448509291115,692.1075919304249,722,0.03468169118059856
calibration,26,random,3.2,lappos_t200_d3,1403,185046,185046,32.06512644310632,1370.9348735568935,402.93487355689365,435,0.051010382505736994
calibration,26,random,3.2,sgmc_offcat,1403,185046,185046,26.913906436990487,1392.7807312133627,695.0860935630095,722,0.031239338788961533
calibration,26,random,3.6,lappos_t200_d3,1403,185046,185046,32.06512644310632,1370.9348735568935,402.93487355689365,435,0.051010382505736994
calibration,26,random,3.6,sgmc_offcat,1403,185046,185046,26.913906436990487,1392.7807312133627,695.0860935630095,722,0.031239338788961533
calibration,26,random,4.0,lappos_t200_d3,1403,185046,185046,32.65091288073323,1370.3490871192669,402.34908711926676,435,0.05194227311602477
calibration,26,random,4.0,sgmc_offcat,1403,185046,185046,29.6756475562842,1391.7807312133627,692.3243524437158,722,0.03443084805601
calibration,26,random,4.6,lappos_t200_d3,1403,185046,185046,32.94124947923591,1370.370585486682,402.0587505207641,435,0.05239895245645111
calibration,26,random,4.6,sgmc_offcat,1403,185046,185046,29.806414599913857,1391.7213493517384,692.1935854000861,722,0.03458199625633995
calibration,27,h60,2.0,lappos_t200_d3,1389,75080,183202,265.10990001707466,1023.3717240931217,612.8900999829253,878,0.27612843957736677
calibration,27,h60,2.0,sgmc_offcat,1389,75080,183202,192.82875818556192,1291.6897245964283,1875.171241814438,2068,0.09882047501158339
calibration,27,h60,2.4,lappos_t200_d3,1389,75080,183202,284.72918814249766,1075.7606786242695,593.2708118575024,878,0.29218037997833207
calibration,27,h60,2.4,sgmc_offcat,1389,75080,183202,235.64101746030587,1286.755679167672,1832.3589825396941,2068,0.12029378876466808
calibration,27,h60,2.8,lappos_t200_d3,1389,75080,183202,284.72918814249766,1075.7606786242695,593.2708118575024,878,0.29218037997833207
calibration,27,h60,2.8,sgmc_offcat,1389,75080,183202,235.64101746030587,1286.755679167672,1832.3589825396941,2068,0.12029378876466808
calibration,27,h60,3.2,lappos_t200_d3,1389,75080,183202,262.3411687246735,1117.09026149205,615.6588312753265,878,0.2681640052276576
calibration,27,h60,3.2,sgmc_offcat,1389,75080,183202,277.5593023042902,1283.8864462113015,1790.4406976957098,2068,0.1411302352210511
calibration,27,h60,3.6,lappos_t200_d3,1389,75080,183202,262.3411687246735,1117.09026149205,615.6588312753265,878,0.2681640052276576
calibration,27,h60,3.6,sgmc_offcat,1389,75080,183202,277.5593023042902,1283.8864462113015,1790.4406976957098,2068,0.1411302352210511
calibration,27,h60,4.0,lappos_t200_d3,1389,75080,183202,249.69015575059208,1134.6636305452275,628.3098442494079,878,0.2549756070011098
calibration,27,h60,4.0,sgmc_offcat,1389,75080,183202,273.77418248567614,1287.395734226302,1794.2258175143238,2068,0.13920952490629837
calibration,27,h60,4.6,lappos_t200_d3,1389,75080,183202,214.66281270834668,1175.0395465493225,663.3371872916533,878,0.21896761265289852
calibration,27,h60,4.6,sgmc_offcat,1389,75080,183202,261.00034475149175,1295.022326495553,1806.9996552485081,2068,0.13278375187059585
calibration,27,h65,2.0,lappos_t200_d3,1389,75080,183202,265.1627091690796,1027.8416691449147,612.8372908309204,878,0.2759234834059829
calibration,27,h65,2.0,sgmc_offcat,1389,75080,183202,209.51473231643743,1284.3490871192666,1858.4852676835626,2068,0.10726891967276254
calibration,27,h65,2.4,lappos_t200_d3,1389,75080,183202,271.2111331152524,1086.1439954661219,606.7888668847477,878,0.2784877319004108
calibration,27,h65,2.4,sgmc_offcat,1389,75080,183202,239.7091629347563,1287.4434335371045,1828.2908370652437,2068,0.12231116955003964
calibration,27,h65,2.8,lappos_t200_d3,1389,75080,183202,271.2111331152524,1086.1439954661219,606.7888668847477,878,0.2784877319004108
calibration,27,h65,2.8,sgmc_offcat,1389,75080,183202,239.7091629347563,1287.4434335371045,1828.2908370652437,2068,0.12231116955003964
calibration,27,h65,3.2,lappos_t200_d3,1389,75080,183202,257.3717480750546,1120.1617433679844,620.6282519249454,878,0.2631864047208895
calibration,27,h65,3.2,sgmc_offcat,1389,75080,183202,274.09415652239807,1286.2281324928115,1793.905843477602,2068,0.13938424131429217
calibration,27,h65,3.6,lappos_t200_d3,1389,75080,183202,257.3717480750546,1120.1617433679844,620.6282519249454,878,0.2631864047208895
calibration,27,h65,3.6,sgmc_offcat,1389,75080,183202,274.09415652239807,1286.2281324928115,1793.905843477602,2068,0.13938424131429217
calibration,27,h65,4.0,lappos_t200_d3,1389,75080,183202,248.50981586309314,1134.1747954927132,629.4901841369069,878,0.253856821833365
calibration,27,h65,4.0,sgmc_offcat,1389,75080,183202,275.4547294052095,1286.3155854314705,1792.5452705947905,2068,0.14005550291815216
calibration,27,h65,4.6,lappos_t200_d3,1389,75080,183202,221.26863804439097,1168.2621483380244,656.731361955609,878,0.2257138103254662
calibration,27,h65,4.6,sgmc_offcat,1389,75080,183202,272.91946452245196,1292.52723270414,1795.080535477548,2068,0.13871458363245529
calibration,27,random,2.0,lappos_t200_d3,1389,183202,183202,60.76487733408115,1325.316734329167,817.2351226659189,878,0.06202926181281723
calibration,27,random,2.0,sgmc_offcat,1389,183202,183202,148.47319505060472,1328.3352102658191,1919.5268049493952,2068,0.07614940661344628
calibration,27,random,2.4,lappos_t200_d3,1389,183202,183202,63.25266698166597,1324.7072586209183,814.7473330183341,878,0.06454406560670724
calibration,27,random,2.4,sgmc_offcat,1389,183202,183202,146.9059846429781,1330.8044238834036,1921.0940153570218,2068,0.07533864006591663
calibration,27,random,2.8,lappos_t200_d3,1389,183202,183202,63.25266698166597,1324.7072586209183,814.7473330183341,878,0.06454406560670724
calibration,27,random,2.8,sgmc_offcat,1389,183202,183202,146.9059846429781,1330.8044238834036,1921.0940153570218,2068,0.07533864006591663
calibration,27,random,3.2,lappos_t200_d3,1389,183202,183202,60.23335951745714,1328.823831440961,817.7666404825428,878,0.06144935385428367
calibration,27,random,3.2,sgmc_offcat,1389,183202,183202,141.88740861297782,1333.1184497525282,1926.1125913870221,2068,0.07278512533733673
calibration,27,random,3.6,lappos_t200_d3,1389,183202,183202,60.23335951745714,1328.823831440961,817.7666404825428,878,0.06144935385428367
calibration,27,random,3.6,sgmc_offcat,1389,183202,183202,141.88740861297782,1333.1184497525282,1926.1125913870221,2068,0.07278512533733673
calibration,27,random,4.0,lappos_t200_d3,1389,183202,183202,60.33062487329069,1329.1786631417094,817.6693751267093,878,0.061542905795169016
calibration,27,random,4.0,sgmc_offcat,1389,183202,183202,140.83021765455987,1333.3924012242373,1927.1697823454401,2068,0.07224861526442378
calibration,27,random,4.6,lappos_t200_d3,1389,183202,183202,64.28762813846004,1325.5334948424581,813.71237186154,878,0.06557524899987076
calibration,27,random,4.6,sgmc_offcat,1389,183202,183202,138.81529199676405,1333.6878510633612,1929.184708003236,2068,0.07122748587526802
calibration,28,h60,2.0,lappos_t200_d3,258,14833,34051,63.18284476142605,174.8820678043079,130.81715523857395,194,0.3115325457892228
calibration,28,h60,2.0,sgmc_offcat,258,14833,34051,1.5857864376269046,257.0,185.4142135623731,187,0.007877055582312059
calibration,28,h60,2.4,lappos_t200_d3,258,14833,34051,70.98027847172239,179.96586697134353,123.01972152827761,194,0.3455890982535325
calibration,28,h60,2.4,sgmc_offcat,258,14833,34051,1.5857864376269046,257.0,185.4142135623731,187,0.007877055582312059
calibration,28,h60,2.8,lappos_t200_d3,258,14833,34051,70.98027847172239,179.96586697134353,123.01972152827761,194,0.3455890982535325
calibration,28,h60,2.8,sgmc_offcat,258,14833,34051,1.5857864376269046,257.0,185.4142135623731,187,0.007877055582312059
calibration,28,h60,3.2,lappos_t200_d3,258,14833,34051,72.48226234289447,182.74253374843306,121.51773765710553,194,0.35143773994586397
calibration,28,h60,3.2,sgmc_offcat,258,14833,34051,1.5857864376269046,257.0,185.4142135623731,187,0.007877055582312059
calibration,28,h60,3.6,lappos_t200_d3,258,14833,34051,72.48226234289447,182.74253374843306,121.51773765710553,194,0.35143773994586397
calibration,28,h60,3.6,sgmc_offcat,258,14833,34051,1.5857864376269046,257.0,185.4142135623731,187,0.007877055582312059
calibration,28,h60,4.0,lappos_t200_d3,258,14833,34051,76.05093221951904,181.4040871744782,117.94906778048096,194,0.3679450522390119
calibration,28,h60,4.0,sgmc_offcat,258,14833,34051,1.5857864376269046,257.0,185.4142135623731,187,0.007877055582312059
calibration,28,h60,4.6,lappos_t200_d3,258,14833,34051,73.47934000547943,185.16582829377194,120.52065999452057,194,0.35509439495215706
calibration,28,h60,4.6,sgmc_offcat,258,14833,34051,2.507097111793642,256.3333333333333,184.49290288820634,187,0.012450320010913918
calibration,28,h65,2.0,lappos_t200_d3,258,14833,34051,69.60467983776692,172.36369540692283,124.39532016223308,194,0.3418803645105167
calibration,28,h65,2.0,sgmc_offcat,258,14833,34051,1.5879773408334037,257.3333333333333,185.4120226591666,187,0.007885310023730618
calibration,28,h65,2.4,lappos_t200_d3,258,14833,34051,79.34273168643881,174.653300571217,114.65726831356119,194,0.3851603753876921
calibration,28,h65,2.4,sgmc_offcat,258,14833,34051,1.5879773408334037,257.3333333333333,185.4120226591666,187,0.007885310023730618
calibration,28,h65,2.8,lappos_t200_d3,258,14833,34051,79.34273168643881,174.653300571217,114.65726831356119,194,0.3851603753876921
calibration,28,h65,2.8,sgmc_offcat,258,14833,34051,1.5879773408334037,257.3333333333333,185.4120226591666,187,0.007885310023730618
calibration,28,h65,3.2,lappos_t200_d3,258,14833,34051,86.2210456257749,170.27697050305298,107.7789543742251,194,0.4175361321712042
calibration,28,h65,3.2,sgmc_offcat,258,14833,34051,1.8426213483334737,257.07868932583324,185.15737865166653,187,0.009149778283567013
calibration,28,h65,3.6,lappos_t200_d3,258,14833,34051,86.2210456257749,170.27697050305298,107.7789543742251,194,0.4175361321712042
calibration,28,h65,3.6,sgmc_offcat,258,14833,34051,1.8426213483334737,257.07868932583324,185.15737865166653,187,0.009149778283567013
calibration,28,h65,4.0,lappos_t200_d3,258,14833,34051,85.04216860669305,172.588805468971,108.95783139330695,194,0.41137587175511325
calibration,28,h65,4.0,sgmc_offcat,258,14833,34051,3.430598689166877,256.4120226591666,183.56940131083311,187,0.01701951582766595
calibration,28,h65,4.6,lappos_t200_d3,258,14833,34051,72.78460226177793,185.21539773822207,121.21539773822207,194,0.35195649062755113
calibration,28,h65,4.6,sgmc_offcat,258,14833,34051,5.937695800960519,255.27614237491537,181.0623041990395,187,0.029417431550942164
calibration,28,random,2.0,lappos_t200_d3,258,34051,34051,9.099042194971238,248.6820063885313,184.90095780502875,194,0.04400855581285223
calibration,28,random,2.0,sgmc_offcat,258,34051,34051,15.770090668050903,252.63316497887055,171.2299093319491,187,0.0775779228393629
calibration,28,random,2.4,lappos_t200_d3,258,34051,34051,8.765708861637904,249.6820063885313,185.2342911383621,194,0.04236902809301472
calibration,28,random,2.4,sgmc_offcat,258,34051,34051,15.770090668050903,252.63316497887055,171.2299093319491,187,0.0775779228393629
calibration,28,random,2.8,lappos_t200_d3,258,34051,34051,8.765708861637904,249.6820063885313,185.2342911383621,194,0.04236902809301472
calibration,28,random,2.8,sgmc_offcat,258,34051,34051,15.770090668050903,252.63316497887055,171.2299093319491,187,0.0775779228393629
calibration,28,random,3.2,lappos_t200_d3,258,34051,34051,8.822899820055842,249.62481543011336,185.17710017994415,194,0.04264546042291796
calibration,28,random,3.2,sgmc_offcat,258,34051,34051,15.770090668050903,252.69035593728847,171.2299093319491,187,0.07757355793192941
calibration,28,random,3.6,lappos_t200_d3,258,34051,34051,8.822899820055842,249.62481543011336,185.17710017994415,194,0.04264546042291796
calibration,28,random,3.6,sgmc_offcat,258,34051,34051,15.770090668050903,252.69035593728847,171.2299093319491,187,0.07757355793192941
calibration,28,random,4.0,lappos_t200_d3,258,34051,34051,9.410877160889244,249.03683808927997,184.58912283911076,194,0.045487447176647725
calibration,28,random,4.0,sgmc_offcat,258,34051,34051,15.770090668050903,252.69035593728847,171.2299093319491,187,0.07757355793192941
calibration,28,random,4.6,lappos_t200_d3,258,34051,34051,9.665521168389315,248.44886074844655,184.33447883161068,194,0.046733327267305017
calibration,28,random,4.6,sgmc_offcat,258,34051,34051,9.813087402881555,254.35702260395516,177.18691259711844,187,0.0484754850289702
calibration,33,h60,2.0,lappos_t200_d3,1,25,27,0.6666666666666667,0.33333333333333326,0.33333333333333326,1,0.666666666666
calibration,33,h60,2.0,sgmc_offcat,1,25,27,0.0,1.0,0.0,0,0.0
calibration,33,h60,2.4,lappos_t200_d3,1,25,27,0.6666666666666667,0.33333333333333326,0.33333333333333326,1,0.666666666666
calibration,33,h60,2.4,sgmc_offcat,1,25,27,0.0,1.0,0.0,0,0.0
calibration,33,h60,2.8,lappos_t200_d3,1,25,27,0.6666666666666667,0.33333333333333326,0.33333333333333326,1,0.666666666666
calibration,33,h60,2.8,sgmc_offcat,1,25,27,0.0,1.0,0.0,0,0.0
calibration,33,h60,3.2,lappos_t200_d3,1,25,27,0.6666666666666667,0.33333333333333326,0.33333333333333326,1,0.666666666666
calibration,33,h60,3.2,sgmc_offcat,1,25,27,0.0,1.0,0.0,0,0.0
calibration,33,h60,3.6,lappos_t200_d3,1,25,27,0.6666666666666667,0.33333333333333326,0.33333333333333326,1,0.666666666666
calibration,33,h60,3.6,sgmc_offcat,1,25,27,0.0,1.0,0.0,0,0.0
calibration,33,h60,4.0,lappos_t200_d3,1,25,27,0.6666666666666667,0.33333333333333326,0.33333333333333326,1,0.666666666666
calibration,33,h60,4.0,sgmc_offcat,1,25,27,0.0,1.0,0.0,0,0.0
calibration,33,h60,4.6,lappos_t200_d3,1,25,27,0.6666666666666667,0.33333333333333326,0.33333333333333326,1,0.666666666666
calibration,33,h60,4.6,sgmc_offcat,1,25,27,0.0,1.0,0.0,0,0.0
calibration,33,h65,2.0,lappos_t200_d3,1,25,27,1.0,0.0,0.0,1,0.9999999999989999
calibration,33,h65,2.0,sgmc_offcat,1,25,27,0.0,1.0,0.0,0,0.0
calibration,33,h65,2.4,lappos_t200_d3,1,25,27,1.0,0.0,0.0,1,0.9999999999989999
calibration,33,h65,2.4,sgmc_offcat,1,25,27,0.0,1.0,0.0,0,0.0
calibration,33,h65,2.8,lappos_t200_d3,1,25,27,1.0,0.0,0.0,1,0.9999999999989999
calibration,33,h65,2.8,sgmc_offcat,1,25,27,0.0,1.0,0.0,0,0.0
calibration,33,h65,3.2,lappos_t200_d3,1,25,27,1.0,0.0,0.0,1,0.9999999999989999
calibration,33,h65,3.2,sgmc_offcat,1,25,27,0.0,1.0,0.0,0,0.0
calibration,33,h65,3.6,lappos_t200_d3,1,25,27,1.0,0.0,0.0,1,0.9999999999989999
calibration,33,h65,3.6,sgmc_offcat,1,25,27,0.0,1.0,0.0,0,0.0
calibration,33,h65,4.0,lappos_t200_d3,1,25,27,1.0,0.0,0.0,1,0.9999999999989999
calibration,33,h65,4.0,sgmc_offcat,1,25,27,0.0,1.0,0.0,0,0.0
calibration,33,h65,4.6,lappos_t200_d3,1,25,27,1.0,0.0,0.0,1,0.9999999999989999
calibration,33,h65,4.6,sgmc_offcat,1,25,27,0.0,1.0,0.0,0,0.0
calibration,33,random,2.0,lappos_t200_d3,1,27,27,0.0,1.0,1.0,1,0.0
calibration,33,random,2.0,sgmc_offcat,1,27,27,0.0,1.0,0.0,0,0.0
calibration,33,random,2.4,lappos_t200_d3,1,27,27,0.0,1.0,1.0,1,0.0
calibration,33,random,2.4,sgmc_offcat,1,27,27,0.0,1.0,0.0,0,0.0
calibration,33,random,2.8,lappos_t200_d3,1,27,27,0.0,1.0,1.0,1,0.0
calibration,33,random,2.8,sgmc_offcat,1,27,27,0.0,1.0,0.0,0,0.0
calibration,33,random,3.2,lappos_t200_d3,1,27,27,0.0,1.0,1.0,1,0.0
calibration,33,random,3.2,sgmc_offcat,1,27,27,0.0,1.0,0.0,0,0.0
calibration,33,random,3.6,lappos_t200_d3,1,27,27,0.0,1.0,1.0,1,0.0
calibration,33,random,3.6,sgmc_offcat,1,27,27,0.0,1.0,0.0,0,0.0
calibration,33,random,4.0,lappos_t200_d3,1,27,27,0.0,1.0,1.0,1,0.0
calibration,33,random,4.0,sgmc_offcat,1,27,27,0.0,1.0,0.0,0,0.0
calibration,33,random,4.6,lappos_t200_d3,1,27,27,0.0,1.0,1.0,1,0.0
calibration,33,random,4.6,sgmc_offcat,1,27,27,0.0,1.0,0.0,0,0.0
calibration,34,h60,2.0,lappos_t200_d3,847,73046,111694,189.64653107432022,583.0940187564411,354.35346892567975,544,0.3215720879295474
calibration,34,h60,2.0,sgmc_offcat,847,73046,111694,21.433106962513122,835.0288025112434,144.56689303748686,166,0.07048222263565686
calibration,34,h60,2.4,lappos_t200_d3,847,73046,111694,213.49238873078937,609.1778111246384,330.50761126921066,544,0.35597844127887407
calibration,34,h60,2.4,sgmc_offcat,847,73046,111694,20.687019535804644,837.0881843728678,145.31298046419536,166,0.06797002435928139
calibration,34,h60,2.8,lappos_t200_d3,847,73046,111694,213.49238873078937,609.1778111246384,330.50761126921066,544,0.35597844127887407
calibration,34,h60,2.8,sgmc_offcat,847,73046,111694,20.687019535804644,837.0881843728678,145.31298046419536,166,0.06797002435928139
calibration,34,h60,3.2,lappos_t200_d3,847,73046,111694,223.57650526796476,614.1095689562588,320.42349473203524,544,0.3709352927967406
calibration,34,h60,3.2,sgmc_offcat,847,73046,111694,20.174809183389456,837.7763494069497,145.82519081661053,166,0.06627942384851458
calibration,34,h60,3.6,lappos_t200_d3,847,73046,111694,223.57650526796476,614.1095689562588,320.42349473203524,544,0.3709352927967406
calibration,34,h60,3.6,sgmc_offcat,847,73046,111694,20.174809183389456,837.7763494069497,145.82519081661053,166,0.06627942384851458
calibration,34,h60,4.0,lappos_t200_d3,847,73046,111694,222.19944376559224,619.6450545152271,321.80055623440774,544,0.36814263275025033
calibration,34,h60,4.0,sgmc_offcat,847,73046,111694,19.669902974802316,838.6167798520768,146.3300970251977,166,0.06460643450639446
calibration,34,h60,4.6,lappos_t200_d3,847,73046,111694,195.03987421071918,652.5739833039426,348.9601257892808,544,0.3225277489153938
calibration,34,h60,4.6,sgmc_offcat,847,73046,111694,18.998123067514104,838.8335403653678,147.00187693248589,166,0.06241860885145107
calibration,34,h65,2.0,lappos_t200_d3,847,73046,111694,212.34638205864326,561.0798211334346,331.65361794135674,544,0.359979140737318
calibration,34,h65,2.0,sgmc_offcat,847,73046,111694,24.84585765646912,833.9315371554098,141.15414234353088,166,0.08158072788944457
calibration,34,h65,2.4,lappos_t200_d3,847,73046,111694,238.967447023204,584.1978466236367,305.032552976796,544,0.3983899245723644
calibration,34,h65,2.4,sgmc_offcat,847,73046,111694,22.079003296553864,836.7934659679521,143.92099670344612,166,0.0724913075197202
calibration,34,h65,2.8,lappos_t200_d3,847,73046,111694,238.967447023204,584.1978466236367,305.032552976796,544,0.3983899245723644
calibration,34,h65,2.8,sgmc_offcat,847,73046,111694,22.079003296553864,836.7934659679521,143.92099670344612,166,0.0724913075197202
calibration,34,h65,3.2,lappos_t200_d3,847,73046,111694,244.11021398779525,594.9106530387597,299.88978601220475,544,0.40482342370741015
calibration,34,h65,3.2,sgmc_offcat,847,73046,111694,21.49102595572046,837.8335403653678,144.50897404427954,166,0.07053987846996515
calibration,34,h65,3.6,lappos_t200_d3,847,73046,111694,244.11021398779525,594.9106530387597,299.88978601220475,544,0.40482342370741015
calibration,34,h65,3.6,sgmc_offcat,847,73046,111694,21.49102595572046,837.8335403653678,144.50897404427954,166,0.07053987846996515
calibration,34,h65,4.0,lappos_t200_d3,847,73046,111694,241.33897782146704,601.9903877695222,302.66102217853296,544,0.39965659356647903
calibration,34,h65,4.0,sgmc_offcat,847,73046,111694,20.39302916567837,838.6717799072882,145.60697083432163,166,0.06694734539264546
calibration,34,h65,4.6,lappos_t200_d3,847,73046,111694,222.3294827744325,625.2369961989855,321.6705172255675,544,0.3676609797081739
calibration,34,h65,4.6,sgmc_offcat,847,73046,111694,18.138385158178302,839.6717799072883,147.8616148418217,166,0.059594769356130395
calibration,34,random,2.0,lappos_t200_d3,847,111694,111694,40.28147289232848,805.0376662174176,503.71852710767155,544,0.06666206222788772
calibration,34,random,2.0,sgmc_offcat,847,111694,111694,15.28011011725959,840.7096634014973,150.7198898827404,166,0.05026385829519851
calibration,34,random,2.4,lappos_t200_d3,847,111694,111694,41.23628525429133,805.5090707382086,502.7637147457087,544,0.06820998859950539
calibration,34,random,2.4,sgmc_offcat,847,111694,111694,11.398873840508461,842.376330068164,154.60112615949154,166,0.03755125861574662
calibration,34,random,2.8,lappos_t200_d3,847,111694,111694,41.23628525429133,805.5090707382086,502.7637147457087,544,0.06820998859950539
calibration,34,random,2.8,sgmc_offcat,847,111694,111694,11.398873840508461,842.376330068164,154.60112615949154,166,0.03755125861574662
calibration,34,random,3.2,lappos_t200_d3,847,111694,111694,42.100404970040124,805.1542390374599,501.89959502995987,544,0.06962761977971116
calibration,34,random,3.2,sgmc_offcat,847,111694,111694,13.339491978884027,841.9643074089975,152.66050802111596,166,0.04390001520518273
calibration,34,random,3.6,lappos_t200_d3,847,111694,111694,42.100404970040124,805.1542390374599,501.89959502995987,544,0.06962761977971116
calibration,34,random,3.6,sgmc_offcat,847,111694,111694,13.339491978884027,841.9643074089975,152.66050802111596,166,0.04390001520518273
calibration,34,random,4.0,lappos_t200_d3,847,111694,111694,42.317165483331095,805.192122531669,501.6828345166689,544,0.06998021413572897
calibration,34,random,4.0,sgmc_offcat,847,111694,111694,8.496870630550552,843.688165034082,157.50312936944945,166,0.028020559597548882
calibration,34,random,4.6,lappos_t200_d3,847,111694,111694,38.259974524913154,809.3065044485049,505.74002547508684,544,0.06326961022848648
calibration,34,random,4.6,sgmc_offcat,847,111694,111694,9.201420791426326,843.4929028882063,156.79857920857367,166,0.030333801108659932
selection,35,h60,2.0,lappos_t200_d3,1394,57423,183870,206.06074463669336,1088.9455004115293,632.9392553633066,839,0.2215227563455536
selection,35,h60,2.0,sgmc_offcat,1394,57423,183870,60.14381576893959,1353.9698347136878,463.8561842310604,524,0.08567217725367661
selection,35,h60,2.4,lappos_t200_d3,1394,57423,183870,207.93937594616915,1156.544328775628,631.0606240538309,839,0.22025219125126064
selection,35,h60,2.4,sgmc_offcat,1394,57423,183870,60.81445017795045,1363.4004334028546,463.18554982204955,524,0.08637888905817187
selection,35,h60,2.8,lappos_t200_d3,1394,57423,183870,207.93937594616915,1156.544328775628,631.0606240538309,839,0.22025219125126064
selection,35,h60,2.8,sgmc_offcat,1394,57423,183870,60.81445017795045,1363.4004334028546,463.18554982204955,524,0.08637888905817187
selection,35,h60,3.2,lappos_t200_d3,1394,57423,183870,191.62096487121252,1194.5401642460065,647.3790351287875,839,0.20203970263119642
selection,35,h60,3.2,sgmc_offcat,1394,57423,183870,54.408586164334544,1369.2601713121903,469.59141383566543,524,0.0772921969556923
selection,35,h60,3.6,lappos_t200_d3,1394,57423,183870,191.62096487121252,1194.5401642460065,647.3790351287875,839,0.20203970263119642
selection,35,h60,3.6,sgmc_offcat,1394,57423,183870,54.408586164334544,1369.2601713121903,469.59141383566543,524,0.0772921969556923
selection,35,h60,4.0,lappos_t200_d3,1394,57423,183870,181.26467030204677,1207.8960447511035,657.7353296979533,839,0.19099950579863156
selection,35,h60,4.0,sgmc_offcat,1394,57423,183870,59.541544111170694,1367.8481486530238,464.4584558888293,524,0.0844946902033687
selection,35,h60,4.6,lappos_t200_d3,1394,57423,183870,155.64935331838709,1238.7411709733642,683.350646681613,839,0.16382795532541305
selection,35,h60,4.6,sgmc_offcat,1394,57423,183870,59.03590646837502,1370.0197215282776,464.964093531625,524,0.08373755296157695
selection,35,h65,2.0,lappos_t200_d3,1394,57423,183870,213.26362829653675,1081.9294360542947,625.7363717034632,839,0.22925690822329026
selection,35,h65,2.0,sgmc_offcat,1394,57423,183870,55.005013147273345,1356.1556018125289,468.99498685272664,524,0.07841815529156156
selection,35,h65,2.4,lappos_t200_d3,1394,57423,183870,206.41078046696018,1160.2364615520542,632.5892195330398,839,0.21853292220351792
selection,35,h65,2.4,sgmc_offcat,1394,57423,183870,60.56637888006988,1362.3085986577823,463.43362111993014,524,0.0860592934768713
selection,35,h65,2.8,lappos_t200_d3,1394,57423,183870,206.41078046696018,1160.2364615520542,632.5892195330398,839,0.21853292220351792
selection,35,h65,2.8,sgmc_offcat,1394,57423,183870,60.56637888006988,1362.3085986577823,463.43362111993014,524,0.0860592934768713
selection,35,h65,3.2,lappos_t200_d3,1394,57423,183870,189.74046002866993,1196.489545997208,649.25953997133,839,0.20005404607913307
selection,35,h65,3.2,sgmc_offcat,1394,57423,183870,63.003136214787446,1365.074721583489,460.99686378521255,524,0.08938953501746633
selection,35,h65,3.6,lappos_t200_d3,1394,57423,183870,189.74046002866993,1196.489545997208,649.25953997133,839,0.20005404607913307
selection,35,h65,3.6,sgmc_offcat,1394,57423,183870,63.003136214787446,1365.074721583489,460.99686378521255,524,0.08938953501746633
selection,35,h65,4.0,lappos_t200_d3,1394,57423,183870,180.75903605867018,1209.3058731076446,658.2409639413298,839,0.19043042975409052
selection,35,h65,4.0,sgmc_offcat,1394,57423,183870,56.48581262175071,1368.7486923939837,467.5141873782493,524,0.08020739962261932
selection,35,h65,4.6,lappos_t200_d3,1394,57423,183870,160.5273498875834,1233.6701031614987,678.4726501124167,839,0.1689691338878377
selection,35,h65,4.6,sgmc_offcat,1394,57423,183870,52.000213877372396,1372.03683808928,471.9997861226276,524,0.07386316267369926
selection,35,random,2.0,lappos_t200_d3,1394,183870,183870,58.789298038911525,1332.6107212998745,780.2107019610885,839,0.061917362977029676
selection,35,random,2.0,sgmc_offcat,1394,183870,183870,30.696417888910126,1379.9716115528254,493.3035821110899,524,0.04376863967616144
selection,35,random,2.4,lappos_t200_d3,1394,183870,183870,60.64903594824733,1331.5298410708347,778.3509640517527,839,0.06386557617046103
selection,35,random,2.4,sgmc_offcat,1394,183870,183870,30.207896807116764,1380.638278219492,493.79210319288325,524,0.0430698914344133
selection,35,random,2.8,lappos_t200_d3,1394,183870,183870,60.64903594824733,1331.5298410708347,778.3509640517527,839,0.06386557617046103
selection,35,random,2.8,sgmc_offcat,1394,183870,183870,30.207896807116764,1380.638278219492,493.79210319288325,524,0.0430698914344133
selection,35,random,3.2,lappos_t200_d3,1394,183870,183870,59.35358610912311,1334.0584365500436,779.6464138908769,839,0.06248519377340874
selection,35,random,3.2,sgmc_offcat,1394,183870,183870,34.91244696799254,1379.0288025112434,489.08755303200746,524,0.04973366288277956
selection,35,random,3.6,lappos_t200_d3,1394,183870,183870,59.35358610912311,1334.0584365500436,779.6464138908769,839,0.06248519377340874
selection,35,random,3.6,sgmc_offcat,1394,183870,183870,34.91244696799254,1379.0288025112434,489.08755303200746,524,0.04973366288277956
selection,35,random,4.0,lappos_t200_d3,1394,183870,183870,57.94156344995651,1335.527650167628,781.0584365500434,839,0.060997935604917224
selection,35,random,4.0,sgmc_offcat,1394,183870,183870,33.89094860057722,1379.166873698701,490.1090513994228,524,0.0482906670634034
selection,35,random,4.6,lappos_t200_d3,1394,183870,183870,59.3535861091231,1334.7036048492946,779.6464138908769,839,0.06247670683007847
selection,35,random,4.6,sgmc_offcat,1394,183870,183870,32.654880623077425,1379.638278219492,491.3451193769226,524,0.04653955519762014
calibration,36,h60,2.0,lappos_t200_d3,702,25179,92556,52.57848229379887,605.6734429624016,156.42151770620114,209,0.1759358024075616
calibration,36,h60,2.0,sgmc_offcat,702,25179,92556,155.40128541992567,603.219779544635,805.5987145800743,961,0.16881824858758174
calibration,36,h60,2.4,lappos_t200_d3,702,25179,92556,46.616365788007975,645.7422163782933,162.38363421199202,209,0.15250467505450718
calibration,36,h60,2.4,sgmc_offcat,702,25179,92556,142.51890024547805,639.3967830306501,818.4810997545219,961,0.15404398826455082
calibration,36,h60,2.8,lappos_t200_d3,702,25179,92556,46.616365788007975,645.7422163782933,162.38363421199202,209,0.15250467505450718
calibration,36,h60,2.8,sgmc_offcat,702,25179,92556,142.51890024547805,639.3967830306501,818.4810997545219,961,0.15404398826455082
calibration,36,h60,3.2,lappos_t200_d3,702,25179,92556,40.74713283163763,659.1315951717672,168.25286716836237,209,0.13265087955416738
calibration,36,h60,3.2,sgmc_offcat,702,25179,92556,123.10906848951792,658.1414075889415,837.8909315104821,961,0.1330836774421527
calibration,36,h60,3.6,lappos_t200_d3,702,25179,92556,40.74713283163763,659.1315951717672,168.25286716836237,209,0.13265087955416738
calibration,36,h60,3.6,sgmc_offcat,702,25179,92556,123.10906848951792,658.1414075889415,837.8909315104821,961,0.1330836774421527
calibration,36,h60,4.0,lappos_t200_d3,702,25179,92556,34.88301311588882,665.8481486530238,174.11698688411118,209,0.1134974482971221
calibration,36,h60,4.0,sgmc_offcat,702,25179,92556,106.93489064698882,665.1771001799441,854.0651093530112,961,0.11582787729098434
calibration,36,h60,4.6,lappos_t200_d3,702,25179,92556,30.923087513304434,671.0769124866955,178.07691248669556,209,0.10053019347628195
calibration,36,h60,4.6,sgmc_offcat,702,25179,92556,73.54947959585908,677.9024172740267,887.4505204041409,961,0.08002420789776517
calibration,36,h65,2.0,lappos_t200_d3,702,25179,92556,47.85681557192076,612.5080287326987,161.14318442807922,209,0.15991025101288145
calibration,36,h65,2.0,sgmc_offcat,702,25179,92556,146.0843372133861,612.588805468971,814.9156627866139,961,0.15869510248152288
calibration,36,h65,2.4,lappos_t200_d3,702,25179,92556,43.14496126721694,647.2901193217111,165.85503873278304,209,0.14132589658045147
calibration,36,h65,2.4,sgmc_offcat,702,25179,92556,138.58955739269385,639.5093847089292,822.4104426073061,961,0.14992058708470482
calibration,36,h65,2.8,lappos_t200_d3,702,25179,92556,43.14496126721694,647.2901193217111,165.85503873278304,209,0.14132589658045147
calibration,36,h65,2.8,sgmc_offcat,702,25179,92556,138.58955739269385,639.5093847089292,822.4104426073061,961,0.14992058708470482
calibration,36,h65,3.2,lappos_t200_d3,702,25179,92556,40.37591600409519,660.517006222897,168.6240839959048,209,0.13135565731407445
calibration,36,h65,3.2,sgmc_offcat,702,25179,92556,111.52724979423522,661.4124367232354,849.4727502057648,961,0.12078049245468854
calibration,36,h65,3.6,lappos_t200_d3,702,25179,92556,40.37591600409519,660.517006222897,168.6240839959048,209,0.13135565731407445
calibration,36,h65,3.6,sgmc_offcat,702,25179,92556,111.52724979423522,661.4124367232354,849.4727502057648,961,0.12078049245468854
calibration,36,h65,4.0,lappos_t200_d3,702,25179,92556,38.159155490804224,663.2743655357776,170.8408445091958,209,0.12410018049211095
calibration,36,h65,4.0,sgmc_offcat,702,25179,92556,111.3534860157749,663.2149836741532,849.6465139842251,961,0.1205497837117164
calibration,36,h65,4.6,lappos_t200_d3,702,25179,92556,33.86370565167999,668.079103389902,175.13629434832,209,0.11009416427124206
calibration,36,h65,4.6,sgmc_offcat,702,25179,92556,88.29045378194601,672.9381098650293,872.709546218054,961,0.09585892704533527
calibration,36,random,2.0,lappos_t200_d3,702,92556,92556,11.139116592386847,690.9180743660311,197.86088340761316,209,0.03621164628295009
calibration,36,random,2.0,sgmc_offcat,702,92556,92556,58.68358304097259,678.8193461417804,902.3164169590274,961,0.06404403090869625
calibration,36,random,2.4,lappos_t200_d3,702,92556,92556,11.33437873826248,690.7228122201554,197.66562126173753,209,0.036846415090714506
calibration,36,random,2.4,sgmc_offcat,702,92556,92556,59.524013486099555,679.3479416209894,901.4759865139005,961,0.06494182476532728
calibration,36,random,2.8,lappos_t200_d3,702,92556,92556,11.33437873826248,690.7228122201554,197.66562126173753,209,0.036846415090714506
calibration,36,random,2.8,sgmc_offcat,702,92556,92556,59.524013486099555,679.3479416209894,901.4759865139005,961,0.06494182476532728
calibration,36,random,3.2,lappos_t200_d3,702,92556,92556,10.610521113177878,691.44666984524,198.38947888682213,209,0.034493259338965326
calibration,36,random,3.2,sgmc_offcat,702,92556,92556,65.33783232318966,677.0954885166959,895.6621676768103,961,0.07122945844029481
calibration,36,random,3.6,lappos_t200_d3,702,92556,92556,10.610521113177878,691.44666984524,198.38947888682213,209,0.034493259338965326
calibration,36,random,3.6,sgmc_offcat,702,92556,92556,65.33783232318966,677.0954885166959,895.6621676768103,961,0.07122945844029481
calibration,36,random,4.0,lappos_t200_d3,702,92556,92556,9.86297421747145,692.2514076993644,199.13702578252855,209,0.03206190103098814
calibration,36,random,4.0,sgmc_offcat,702,92556,92556,65.23764462994109,677.2335597041535,895.7623553700589,961,0.0711196492068817
calibration,36,random,4.6,lappos_t200_d3,702,92556,92556,9.703404662598423,692.5253591710733,199.29659533740158,209,0.03154083739279113
calibration,36,random,4.6,sgmc_offcat,702,92556,92556,73.89408481536465,674.6240839959048,887.1059151846354,961,0.08045050895736724
calibration,42,h60,2.0,lappos_t200_d3,220,7131,29026,15.42840778596038,193.80442388340379,23.57159221403962,39,0.21121331994500298
calibration,42,h60,2.0,sgmc_offcat,220,7131,29026,6.68086089025395,215.5500938466243,38.31913910974605,45,0.08304757268898154
calibration,42,h60,2.4,lappos_t200_d3,220,7131,29026,14.82112298091815,202.4222491404097,24.178877019081852,39,0.1985450256850126
calibration,42,h60,2.4,sgmc_offcat,220,7131,29026,9.994886759378456,214.62878317245756,35.00511324062154,45,0.12350842896885023
calibration,42,h60,2.8,lappos_t200_d3,220,7131,29026,14.82112298091815,202.4222491404097,24.178877019081852,39,0.1985450256850126
calibration,42,h60,2.8,sgmc_offcat,220,7131,29026,9.994886759378456,214.62878317245756,35.00511324062154,45,0.12350842896885023
calibration,42,h60,3.2,lappos_t200_d3,220,7131,29026,12.328220092711788,206.51732359303674,26.67177990728821,39,0.16444399967372933
calibration,42,h60,3.2,sgmc_offcat,220,7131,29026,9.504174774378596,215.37413916495748,35.4958252256214,45,0.11737075618975375
calibration,42,h60,3.6,lappos_t200_d3,220,7131,29026,12.328220092711788,206.51732359303674,26.67177990728821,39,0.16444399967372933
calibration,42,h60,3.6,sgmc_offcat,220,7131,29026,9.504174774378596,215.37413916495748,35.4958252256214,45,0.11737075618975375
calibration,42,h60,4.0,lappos_t200_d3,220,7131,29026,12.799624613502822,206.3577540381637,26.20037538649718,39,0.17059006888662448
calibration,42,h60,4.0,sgmc_offcat,220,7131,29026,8.406177984336505,216.060113295833,36.59382201566349,45,0.10391691675627836
calibration,42,h60,4.6,lappos_t200_d3,220,7131,29026,10.44479291275416,209.55520708724583,28.55520708724584,39,0.13889352277598432
calibration,42,h60,4.6,sgmc_offcat,220,7131,29026,6.168650537838763,217.60947570824874,38.831349462161235,45,0.07638663583870227
calibration,42,h65,2.0,lappos_t200_d3,220,7131,29026,14.959194168375845,193.92318760665262,24.040805831624155,39,0.20498652326818653
calibration,42,h65,2.0,sgmc_offcat,220,7131,29026,7.014194223587284,214.9621165057909,37.98580577641272,45,0.08724636298666552
calibration,42,h65,2.4,lappos_t200_d3,220,7131,29026,13.878313939336083,202.8601519734046,25.12168606066392,39,0.18616691337921715
calibration,42,h65,2.4,sgmc_offcat,220,7131,29026,10.052077717796392,214.9621165057909,34.947922282203606,45,0.12409537568264878
calibration,42,h65,2.8,lappos_t200_d3,220,7131,29026,13.878313939336083,202.8601519734046,25.12168606066392,39,0.18616691337921715
calibration,42,h65,2.8,sgmc_offcat,220,7131,29026,10.052077717796392,214.9621165057909,34.947922282203606,45,0.12409537568264878
calibration,42,h65,3.2,lappos_t200_d3,220,7131,29026,13.211647272669417,206.16468279549457,25.788352727330583,39,0.17597869410506198
calibration,42,h65,3.2,sgmc_offcat,220,7131,29026,11.71655348125656,214.688165034082,33.28344651874344,45,0.1441488367071482
calibration,42,h65,3.6,lappos_t200_d3,220,7131,29026,13.211647272669417,206.16468279549457,25.788352727330583,39,0.17597869410506198
calibration,42,h65,3.6,sgmc_offcat,220,7131,29026,11.71655348125656,214.688165034082,33.28344651874344,45,0.1441488367071482
calibration,42,h65,4.0,lappos_t200_d3,220,7131,29026,13.720935287669558,206.22187375391252,25.27906471233044,39,0.18248700277908145
calibration,42,h65,4.0,sgmc_offcat,220,7131,29026,10.306721725296462,215.35483170074866,34.69327827470354,45,0.12703596924887436
calibration,42,h65,4.6,lappos_t200_d3,220,7131,29026,12.54498060600275,207.45501939399725,26.45501939399725,39,0.16682155061173648
calibration,42,h65,4.6,sgmc_offcat,220,7131,29026,8.935504897754019,216.33333333333331,36.064495102245985,45,0.11024169705170889
calibration,42,random,2.0,lappos_t200_d3,220,29026,29026,3.78104858350254,215.74754689570642,35.21895141649746,39,0.05034301820181662
calibration,42,random,2.0,sgmc_offcat,220,29026,29026,4.213838175875916,217.80473785412437,40.786161824124086,45,0.05240850083954091
calibration,42,random,2.4,lappos_t200_d3,220,29026,29026,3.78104858350254,216.27614237491537,35.21895141649746,39,0.05027225478478584
calibration,42,random,2.4,sgmc_offcat,220,29026,29026,4.213838175875916,217.80473785412437,40.786161824124086,45,0.05240850083954091
calibration,42,random,2.8,lappos_t200_d3,220,29026,29026,3.78104858350254,216.27614237491537,35.21895141649746,39,0.05027225478478584
calibration,42,random,2.8,sgmc_offcat,220,29026,29026,4.213838175875916,217.80473785412437,40.786161824124086,45,0.05240850083954091
calibration,42,random,3.2,lappos_t200_d3,220,29026,29026,3.78104858350254,216.27614237491537,35.21895141649746,39,0.05027225478478584
calibration,42,random,3.2,sgmc_offcat,220,29026,29026,4.213838175875916,217.80473785412437,40.786161824124086,45,0.05240850083954091
calibration,42,random,3.6,lappos_t200_d3,220,29026,29026,3.78104858350254,216.27614237491537,35.21895141649746,39,0.05027225478478584
calibration,42,random,3.6,sgmc_offcat,220,29026,29026,4.213838175875916,217.80473785412437,40.786161824124086,45,0.05240850083954091
calibration,42,random,4.0,lappos_t200_d3,220,29026,29026,3.78104858350254,216.27614237491537,35.21895141649746,39,0.05027225478478584
calibration,42,random,4.0,sgmc_offcat,220,29026,29026,4.213838175875916,217.80473785412437,40.786161824124086,45,0.05240850083954091
calibration,42,random,4.6,lappos_t200_d3,220,29026,29026,3.78104858350254,216.27614237491537,35.21895141649746,39,0.05027225478478584
calibration,42,random,4.6,sgmc_offcat,220,29026,29026,4.213838175875916,217.80473785412437,40.786161824124086,45,0.05240850083954091
calibration,43,h60,2.0,lappos_t200_d3,712,15816,93916,76.49687063055055,588.1204301777815,468.5031293694494,545,0.13445898435760217
calibration,43,h60,2.0,sgmc_offcat,712,15816,93916,41.75151463805062,684.8579610701981,722.2484853619494,764,0.055188772335839784
calibration,43,h60,2.4,lappos_t200_d3,712,15816,93916,72.31068946764066,627.4577244546207,472.68931053235934,545,0.1255494871012092
calibration,43,h60,2.4,sgmc_offcat,712,15816,93916,35.64183189776749,694.231368800947,728.3581681022325,764,0.04707214162797296
calibration,43,h60,2.8,lappos_t200_d3,712,15816,93916,72.31068946764066,627.4577244546207,472.68931053235934,545,0.1255494871012092
calibration,43,h60,2.8,sgmc_offcat,712,15816,93916,35.64183189776749,694.231368800947,728.3581681022325,764,0.04707214162797296
calibration,43,h60,3.2,lappos_t200_d3,712,15816,93916,62.264770395394955,646.7053816884325,482.735229604605,545,0.10776291743700256
calibration,43,h60,3.2,sgmc_offcat,712,15816,93916,32.95804867009849,698.0739901492805,731.0419513299015,764,0.04351435151889187
calibration,43,h60,3.6,lappos_t200_d3,712,15816,93916,62.264770395394955,646.7053816884325,482.735229604605,545,0.10776291743700256
calibration,43,h60,3.6,sgmc_offcat,712,15816,93916,32.95804867009849,698.0739901492805,731.0419513299015,764,0.04351435151889187
calibration,43,h60,4.0,lappos_t200_d3,712,15816,93916,60.56022023451918,650.7374205078115,484.4397797654808,545,0.10472844334865926
calibration,43,h60,4.0,sgmc_offcat,712,15816,93916,22.51033341992929,702.5617797968654,741.4896665800707,764,0.029767130519997288
calibration,43,h60,4.6,lappos_t200_d3,675,15816,93916,51.11250498434997,623.8303040572321,493.88749501565,545,0.08951581240520294
calibration,43,h60,4.6,sgmc_offcat,675,15816,93916,17.74128815680753,667.1646827954946,746.2587118431925,764,0.023712555587558918
calibration,43,h65,2.0,lappos_t200_d3,712,15816,93916,77.37810690730169,585.4982197149435,467.6218930926983,545,0.1360912294753921
calibration,43,h65,2.0,sgmc_offcat,712,15816,93916,41.80651469326206,684.0911067102829,722.1934853067379,764,0.055271875230914744
calibration,43,h65,2.4,lappos_t200_d3,712,15816,93916,76.09466038855825,626.3061870783652,468.9053396114417,545,0.13199874759860467
calibration,43,h65,2.4,sgmc_offcat,712,15816,93916,37.58245003614306,692.698391515325,726.4175499638569,764,0.04962977075512339
calibration,43,h65,2.8,lappos_t200_d3,712,15816,93916,76.09466038855825,626.3061870783652,468.9053396114417,545,0.13199874759860467
calibration,43,h65,2.8,sgmc_offcat,712,15816,93916,37.58245003614306,692.698391515325,726.4175499638569,764,0.04962977075512339
calibration,43,h65,3.2,lappos_t200_d3,712,15816,93916,68.43018462509808,641.2467085228116,476.5698153749019,545,0.11840456070947189
calibration,43,h65,3.2,sgmc_offcat,712,15816,93916,31.469527588305134,697.6932782747035,732.5304724116949,764,0.04156958260759686
calibration,43,h65,3.6,lappos_t200_d3,712,15816,93916,68.43018462509808,641.2467085228116,476.5698153749019,545,0.11840456070947189
calibration,43,h65,3.6,sgmc_offcat,712,15816,93916,31.469527588305134,697.6932782747035,732.5304724116949,764,0.04156958260759686
calibration,43,h65,4.0,lappos_t200_d3,712,15816,93916,65.58464093934955,645.6773072119786,479.4153590606504,545,0.11341871147525086
calibration,43,h65,4.0,sgmc_offcat,712,15816,93916,26.309958033432107,700.5573979904524,737.690041966568,764,0.034775152757518406
calibration,43,h65,4.6,lappos_t200_d3,654,15816,93916,55.372993666680145,598.569815374902,489.62700633331986,545,0.09769603234408031
calibration,43,h65,4.6,sgmc_offcat,654,15816,93916,21.745669963220532,644.8455436857485,742.2543300367795,764,0.029207706024085435
calibration,43,random,2.0,lappos_t200_d3,712,93916,93916,34.717184822116906,675.5210740585894,510.2828151778831,545,0.06005938215550725
calibration,43,random,2.0,sgmc_offcat,712,93916,93916,62.50909122772288,687.664889827529,701.4909087722772,764,0.08211538875896617
calibration,43,random,2.4,lappos_t200_d3,712,93916,93916,35.362353121368244,675.2092390926714,509.63764687863176,545,0.06116844366806067
calibration,43,random,2.4,sgmc_offcat,712,93916,93916,63.82092619364089,687.39093835582,700.1790738063592,764,0.08381583224708886
calibration,43,random,2.8,lappos_t200_d3,712,93916,93916,35.362353121368244,675.2092390926714,509.63764687863176,545,0.06116844366806067
calibration,43,random,2.8,sgmc_offcat,712,93916,93916,63.82092619364089,687.39093835582,700.1790738063592,764,0.08381583224708886
calibration,43,random,3.2,lappos_t200_d3,712,93916,93916,35.87164113636838,675.8737148561315,509.1283588636316,545,0.06202420462443608
calibration,43,random,3.2,sgmc_offcat,712,93916,93916,61.88030805526532,687.7814626475713,702.1196919447347,764,0.08130032538839765
calibration,43,random,3.6,lappos_t200_d3,712,93916,93916,35.87164113636838,675.8737148561315,509.1283588636316,545,0.06202420462443608
calibration,43,random,3.6,sgmc_offcat,712,93916,93916,61.88030805526532,687.7814626475713,702.1196919447347,764,0.08130032538839765
calibration,43,random,4.0,lappos_t200_d3,712,93916,93916,35.22428193391055,676.5210740585893,509.77571806608944,545,0.06090488199612041
calibration,43,random,4.0,sgmc_offcat,712,93916,93916,62.3065249380192,687.4124367232354,701.6934750619808,764,0.08185907257694792
calibration,43,random,4.6,lappos_t200_d3,712,93916,93916,37.474544134997615,674.7800998725024,507.5254558650024,545,0.06478430972985304
calibration,43,random,4.6,sgmc_offcat,712,93916,93916,61.797236923019064,687.9410322024444,702.2027630769809,764,0.08118955187270357
selection,44,h60,2.0,lappos_t200_d3,1342,43337,177036,108.56825581255578,1165.6153066924028,554.4317441874442,663,0.13826181848625488
selection,44,h60,2.0,sgmc_offcat,1342,43337,177036,127.14184214252462,1267.998637224931,1180.8581578574754,1308,0.09592511471452911
selection,44,h60,2.4,lappos_t200_d3,1342,43337,177036,100.66259883097428,1227.9048049645105,562.3374011690257,663,0.12644252517240634
selection,44,h60,2.4,sgmc_offcat,1342,43337,177036,130.84378393670596,1280.1272133653542,1177.156216063294,1308,0.09848288061911306
selection,44,h60,2.8,lappos_t200_d3,1342,43337,177036,100.66259883097428,1227.9048049645105,562.3374011690257,663,0.12644252517240634
selection,44,h60,2.8,sgmc_offcat,1342,43337,177036,130.84378393670596,1280.1272133653542,1177.156216063294,1308,0.09848288061911306
selection,44,h60,3.2,lappos_t200_d3,1342,43337,177036,89.46984495844488,1247.4934170456233,573.5301550415551,663,0.11214673974396899
selection,44,h60,3.2,sgmc_offcat,1342,43337,177036,121.56691012758203,1291.2059026911875,1186.433089872418,1308,0.09147559559377338
selection,44,h60,3.6,lappos_t200_d3,1342,43337,177036,89.46984495844488,1247.4934170456233,573.5301550415551,663,0.11214673974396899
selection,44,h60,3.6,sgmc_offcat,1342,43337,177036,121.56691012758203,1291.2059026911875,1186.433089872418,1308,0.09147559559377338
selection,44,h60,4.0,lappos_t200_d3,1342,43337,177036,82.41265400002695,1256.8209057041267,580.5873459999731,663,0.10324208389114617
selection,44,h60,4.0,sgmc_offcat,1342,43337,177036,109.13923037641105,1298.5956955487304,1198.860769623589,1308,0.0821864363517525
selection,44,h60,4.6,lappos_t200_d3,1342,43337,177036,68.81705514522575,1273.1257538963564,594.1829448547743,663,0.08615177837478792
selection,44,h60,4.6,sgmc_offcat,1342,43337,177036,96.71009115624213,1307.6812749543228,1211.289908843758,1308,0.07286346285279556
selection,44,h65,2.0,lappos_t200_d3,1342,43337,177036,107.37737547309314,1167.567928151159,555.6226245269069,663,0.13671870521597587
selection,44,h65,2.0,sgmc_offcat,1342,43337,177036,123.04676768989759,1268.1698927300451,1184.9532323101025,1308,0.09289048962056433
selection,44,h65,2.4,lappos_t200_d3,1342,43337,177036,99.33145640084743,1226.3212128295092,563.6685435991526,663,0.12486190306312883
selection,44,h65,2.4,sgmc_offcat,1342,43337,177036,127.41318864695823,1281.1767828098043,1180.5868113530419,1308,0.0959351422046972
selection,44,h65,2.8,lappos_t200_d3,1342,43337,177036,99.33145640084743,1226.3212128295092,563.6685435991526,663,0.12486190306312883
selection,44,h65,2.8,sgmc_offcat,1342,43337,177036,127.41318864695823,1281.1767828098043,1180.5868113530419,1308,0.0959351422046972
selection,44,h65,3.2,lappos_t200_d3,1342,43337,177036,89.42872175668099,1247.4773492889692,573.5712782433191,663,0.1120968006815438
selection,44,h65,3.2,sgmc_offcat,1342,43337,177036,122.41026291012405,1292.8383362358495,1185.589737089876,1308,0.09207588755282223
selection,44,h65,3.6,lappos_t200_d3,1342,43337,177036,89.42872175668099,1247.4773492889692,573.5712782433191,663,0.1120968006815438
selection,44,h65,3.6,sgmc_offcat,1342,43337,177036,122.41026291012405,1292.8383362358495,1185.589737089876,1308,0.09207588755282223
selection,44,h65,4.0,lappos_t200_d3,1342,43337,177036,81.4101457266807,1257.959294261724,581.5898542733194,663,0.10198272416361075
selection,44,h65,4.0,sgmc_offcat,1342,43337,177036,123.8452434057039,1295.7902262603973,1184.154756594296,1308,0.09309382930745648
selection,44,h65,4.6,lappos_t200_d3,1342,43337,177036,69.89282213364396,1271.99279594952,593.1071778663561,663,0.08749977943432992
selection,44,h65,4.6,sgmc_offcat,1342,43337,177036,101.64924982561973,1307.5647021342802,1206.3507501743802,1308,0.07652911844198437
selection,44,random,2.0,lappos_t200_d3,1342,177036,177036,44.45669613978674,1295.5462261976281,618.5433038602132,663,0.055682193881957644
selection,44,random,2.0,sgmc_offcat,1342,177036,177036,81.67554746293601,1307.6936923387723,1226.324452537064,1308,0.06167572333224986
selection,44,random,2.4,lappos_t200_d3,1342,177036,177036,43.83010387053568,1297.1342035384616,619.1698961294643,663,0.054884166869721696
selection,44,random,2.4,sgmc_offcat,1342,177036,177036,87.53455393806325,1305.7508832971903,1220.4654460619367,1308,0.06606096806494088
selection,44,random,2.8,lappos_t200_d3,1342,177036,177036,43.83010387053568,1297.1342035384616,619.1698961294643,663,0.054884166869721696
selection,44,random,2.8,sgmc_offcat,1342,177036,177036,87.53455393806325,1305.7508832971903,1220.4654460619367,1308,0.06606096806494088
selection,44,random,3.2,lappos_t200_d3,1342,177036,177036,46.418081211369085,1295.2700838227129,616.5819187886309,663,0.05811430348740423
selection,44,random,3.2,sgmc_offcat,1342,177036,177036,90.27698759314815,1306.1792910831505,1217.723012406852,1308,0.06809804862375617
selection,44,random,3.6,lappos_t200_d3,1342,177036,177036,46.418081211369085,1295.2700838227129,616.5819187886309,663,0.05811430348740423
selection,44,random,3.6,sgmc_offcat,1342,177036,177036,90.27698759314815,1306.1792910831505,1217.723012406852,1308,0.06809804862375617
selection,44,random,4.0,lappos_t200_d3,1342,177036,177036,47.00605855220249,1294.9939414477974,615.9939414477975,663,0.05884584195318281
selection,44,random,4.0,sgmc_offcat,1342,177036,177036,94.21249249090218,1305.238672944775,1213.7875075090978,1308,0.07103459721000031
selection,44,random,4.6,lappos_t200_d3,1342,177036,177036,47.05886770420743,1294.9411322957926,615.9411322957926,663,0.058911952559097855
selection,44,random,4.6,sgmc_offcat,1342,177036,177036,99.70279041183322,1303.4361259938573,1208.2972095881669,1308,0.0751324061696081
selection,45,h60,2.0,lappos_t200_d3,133,3478,17520,0.6666666666666667,130.94280904158205,7.333333333333333,8,0.020373718080224704
selection,45,h60,2.0,sgmc_offcat,133,3478,17520,0.0,133.0,59.0,59,0.0
selection,45,h60,2.4,lappos_t200_d3,133,3478,17520,0.5285954792089682,132.13807118745768,7.471404520791031,8,0.01605047001646616
selection,45,h60,2.4,sgmc_offcat,133,3478,17520,0.0,133.0,59.0,59,0.0
selection,45,h60,2.8,lappos_t200_d3,133,3478,17520,0.5285954792089682,132.13807118745768,7.471404520791031,8,0.01605047001646616
selection,45,h60,2.8,sgmc_offcat,133,3478,17520,0.0,133.0,59.0,59,0.0
selection,45,h60,3.2,lappos_t200_d3,133,3478,17520,0.33333333333333337,132.4120226591666,7.666666666666667,8,0.010116623055174261
selection,45,h60,3.2,sgmc_offcat,133,3478,17520,0.0,133.0,59.0,59,0.0
selection,45,h60,3.6,lappos_t200_d3,133,3478,17520,0.33333333333333337,132.4120226591666,7.666666666666667,8,0.010116623055174261
selection,45,h60,3.6,sgmc_offcat,133,3478,17520,0.0,133.0,59.0,59,0.0
selection,45,h60,4.0,lappos_t200_d3,133,3478,17520,0.33333333333333337,132.66666666666666,7.666666666666667,8,0.010101010101009795
selection,45,h60,4.0,sgmc_offcat,133,3478,17520,0.0,133.0,59.0,59,0.0
selection,45,h60,4.6,lappos_t200_d3,133,3478,17520,0.33333333333333337,132.66666666666666,7.666666666666667,8,0.010101010101009795
selection,45,h60,4.6,sgmc_offcat,133,3478,17520,0.0,133.0,59.0,59,0.0
selection,45,h65,2.0,lappos_t200_d3,133,3478,17520,1.0,130.8240453183332,7.0,8,0.03052055020546064
selection,45,h65,2.0,sgmc_offcat,133,3478,17520,0.0,133.0,59.0,59,0.0
selection,45,h65,2.4,lappos_t200_d3,133,3478,17520,1.0,131.94280904158205,7.0,8,0.030313537334867073
selection,45,h65,2.4,sgmc_offcat,133,3478,17520,0.0,133.0,59.0,59,0.0
selection,45,h65,2.8,lappos_t200_d3,133,3478,17520,1.0,131.94280904158205,7.0,8,0.030313537334867073
selection,45,h65,2.8,sgmc_offcat,133,3478,17520,0.0,133.0,59.0,59,0.0
selection,45,h65,3.2,lappos_t200_d3,133,3478,17520,1.0,132.0,7.0,8,0.030303030303029384
selection,45,h65,3.2,sgmc_offcat,133,3478,17520,0.0,133.0,59.0,59,0.0
selection,45,h65,3.6,lappos_t200_d3,133,3478,17520,1.0,132.0,7.0,8,0.030303030303029384
selection,45,h65,3.6,sgmc_offcat,133,3478,17520,0.0,133.0,59.0,59,0.0
selection,45,h65,4.0,lappos_t200_d3,133,3478,17520,1.0,132.0,7.0,8,0.030303030303029384
selection,45,h65,4.0,sgmc_offcat,133,3478,17520,0.0,133.0,59.0,59,0.0
selection,45,h65,4.6,lappos_t200_d3,133,3478,17520,1.0,132.0,7.0,8,0.030303030303029384
selection,45,h65,4.6,sgmc_offcat,133,3478,17520,0.0,133.0,59.0,59,0.0
selection,45,random,2.0,lappos_t200_d3,133,17520,17520,0.5879773408334035,132.4120226591666,7.412022659166596,8,0.017817495176769258
selection,45,random,2.0,sgmc_offcat,133,17520,17520,1.2116472726694167,132.60947570824874,57.78835272733058,59,0.016381531467199593
selection,45,random,2.4,lappos_t200_d3,133,17520,17520,0.5879773408334035,132.4120226591666,7.412022659166596,8,0.017817495176769258
selection,45,random,2.4,sgmc_offcat,133,17520,17520,1.2116472726694167,132.60947570824874,57.78835272733058,59,0.016381531467199593
selection,45,random,2.8,lappos_t200_d3,133,17520,17520,0.5879773408334035,132.4120226591666,7.412022659166596,8,0.017817495176769258
selection,45,random,2.8,sgmc_offcat,133,17520,17520,1.2116472726694167,132.60947570824874,57.78835272733058,59,0.016381531467199593
selection,45,random,3.2,lappos_t200_d3,133,17520,17520,0.5879773408334035,132.4120226591666,7.412022659166596,8,0.017817495176769258
selection,45,random,3.2,sgmc_offcat,133,17520,17520,1.2116472726694167,132.60947570824874,57.78835272733058,59,0.016381531467199593
selection,45,random,3.6,lappos_t200_d3,133,17520,17520,0.5879773408334035,132.4120226591666,7.412022659166596,8,0.017817495176769258
selection,45,random,3.6,sgmc_offcat,133,17520,17520,1.2116472726694167,132.60947570824874,57.78835272733058,59,0.016381531467199593
selection,45,random,4.0,lappos_t200_d3,133,17520,17520,0.5879773408334035,132.4120226591666,7.412022659166596,8,0.017817495176769258
selection,45,random,4.0,sgmc_offcat,133,17520,17520,1.2116472726694167,132.60947570824874,57.78835272733058,59,0.016381531467199593
selection,45,random,4.6,lappos_t200_d3,133,17520,17520,0.5879773408334035,132.4120226591666,7.412022659166596,8,0.017817495176769258
selection,45,random,4.6,sgmc_offcat,133,17520,17520,2.5828641002118586,132.08088022903976,56.41713589978814,59,0.03484106740579311
calibration,50,h60,2.0,lappos_t200_d3,52,6614,6823,7.528595479208969,41.23825888070628,4.471404520791031,12,0.3890069347096204
calibration,50,h60,2.0,sgmc_offcat,52,6614,6823,1.6666666666666667,50.76685435991525,21.333333333333332,23,0.057696670925853545
calibration,50,h60,2.4,lappos_t200_d3,52,6614,6823,8.195262145875635,42.96211650579089,3.8047378541243653,12,0.41324519956626976
calibration,50,h60,2.4,sgmc_offcat,52,6614,6823,2.0378834942091086,50.35483170074866,20.962116505790892,23,0.07056739294144812
calibration,50,h60,2.8,lappos_t200_d3,52,6614,6823,8.195262145875635,42.96211650579089,3.8047378541243653,12,0.41324519956626976
calibration,50,h60,2.8,sgmc_offcat,52,6614,6823,2.0378834942091086,50.35483170074866,20.962116505790892,23,0.07056739294144812
calibration,50,h60,3.2,lappos_t200_d3,52,6614,6823,8.195262145875635,43.80473785412436,3.8047378541243653,12,0.4097631072937613
calibration,50,h60,3.2,sgmc_offcat,52,6614,6823,0.36902592433594317,51.68816503408199,22.630974075664056,23,0.012808313208135845
calibration,50,h60,3.6,lappos_t200_d3,52,6614,6823,8.195262145875635,43.80473785412436,3.8047378541243653,12,0.4097631072937613
calibration,50,h60,3.6,sgmc_offcat,52,6614,6823,0.36902592433594317,51.68816503408199,22.630974075664056,23,0.012808313208135845
calibration,50,h60,4.0,lappos_t200_d3,52,6614,6823,9.195262145875635,42.80473785412436,2.8047378541243653,12,0.4597631072937588
calibration,50,h60,4.0,sgmc_offcat,52,6614,6823,0.36902592433594317,51.68816503408199,22.630974075664056,23,0.012808313208135845
calibration,50,h60,4.6,lappos_t200_d3,52,6614,6823,7.195262145875635,44.80473785412436,4.804737854124365,12,0.35976310729376376
calibration,50,h60,4.6,sgmc_offcat,52,6614,6823,1.9570032651693468,51.021498367415326,21.042996734830652,23,0.0674928780174892
calibration,50,h65,2.0,lappos_t200_d3,52,6614,6823,11.195262145875635,38.29544983912422,0.8047378541243653,12,0.5741707039537054
calibration,50,h65,2.0,sgmc_offcat,52,6614,6823,1.5092880150001404,49.70747249829082,21.49071198499986,23,0.05269243661114724
calibration,50,h65,2.4,lappos_t200_d3,52,6614,6823,10.723857625084603,40.885618083164125,1.2761423749153966,12,0.5382950542021584
calibration,50,h65,2.4,sgmc_offcat,52,6614,6823,1.0185760300002804,50.98142396999972,21.98142396999972,23,0.03536722326389739
calibration,50,h65,2.8,lappos_t200_d3,52,6614,6823,10.723857625084603,40.885618083164125,1.2761423749153966,12,0.5382950542021584
calibration,50,h65,2.8,sgmc_offcat,52,6614,6823,1.0185760300002804,50.98142396999972,21.98142396999972,23,0.03536722326389739
calibration,50,h65,3.2,lappos_t200_d3,52,6614,6823,11.195262145875635,40.80473785412437,0.8047378541243653,12,0.5597631072937538
calibration,50,h65,3.2,sgmc_offcat,52,6614,6823,1.0185760300002804,50.98142396999972,21.98142396999972,23,0.03536722326389739
calibration,50,h65,3.6,lappos_t200_d3,52,6614,6823,11.195262145875635,40.80473785412437,0.8047378541243653,12,0.5597631072937538
calibration,50,h65,3.6,sgmc_offcat,52,6614,6823,1.0185760300002804,50.98142396999972,21.98142396999972,23,0.03536722326389739
calibration,50,h65,4.0,lappos_t200_d3,52,6614,6823,10.195262145875635,41.80473785412437,1.8047378541243653,12,0.5097631072937563
calibration,50,h65,4.0,sgmc_offcat,52,6614,6823,0.7639320225002103,51.236067977499786,22.23606797749979,23,0.02652541744792305
calibration,50,h65,4.6,lappos_t200_d3,52,6614,6823,10.057190958417937,41.942809041582066,1.9428090415820627,12,0.5028595479208717
calibration,50,h65,4.6,sgmc_offcat,52,6614,6823,0.5092880150001402,51.74535599249993,22.49071198499986,23,0.017652395820741955
calibration,50,random,2.0,lappos_t200_d3,52,6823,6823,0.7832394867090383,51.216760513290964,11.216760513290962,12,0.03916197433544996
calibration,50,random,2.0,sgmc_offcat,52,6823,6823,2.0378834942091086,50.49071198499986,20.962116505790892,23,0.07050104816462414
calibration,50,random,2.4,lappos_t200_d3,52,6823,6823,0.7832394867090383,51.216760513290964,11.216760513290962,12,0.03916197433544996
calibration,50,random,2.4,sgmc_offcat,52,6823,6823,2.0378834942091086,50.74535599249993,20.962116505790892,23,0.07037705128831967
calibration,50,random,2.8,lappos_t200_d3,52,6823,6823,0.7832394867090383,51.216760513290964,11.216760513290962,12,0.03916197433544996
calibration,50,random,2.8,sgmc_offcat,52,6823,6823,2.0378834942091086,50.74535599249993,20.962116505790892,23,0.07037705128831967
calibration,50,random,3.2,lappos_t200_d3,52,6823,6823,0.7832394867090383,51.216760513290964,11.216760513290962,12,0.03916197433544996
calibration,50,random,3.2,sgmc_offcat,52,6823,6823,2.0378834942091086,50.74535599249993,20.962116505790892,23,0.07037705128831967
calibration,50,random,3.6,lappos_t200_d3,52,6823,6823,0.7832394867090383,51.216760513290964,11.216760513290962,12,0.03916197433544996
calibration,50,random,3.6,sgmc_offcat,52,6823,6823,2.0378834942091086,50.74535599249993,20.962116505790892,23,0.07037705128831967
calibration,50,random,4.0,lappos_t200_d3,52,6823,6823,0.7832394867090383,51.216760513290964,11.216760513290962,12,0.03916197433544996
calibration,50,random,4.0,sgmc_offcat,52,6823,6823,2.0378834942091086,50.74535599249993,20.962116505790892,23,0.07037705128831967
calibration,50,random,4.6,lappos_t200_d3,52,6823,6823,0.7832394867090383,51.216760513290964,11.216760513290962,12,0.03916197433544996
calibration,50,random,4.6,sgmc_offcat,52,6823,6823,2.0378834942091086,50.74535599249993,20.962116505790892,23,0.07037705128831967
calibration,51,h60,2.0,lappos_t200_d3,755,37795,99612,156.83052133402364,543.5037470196338,350.1694786659764,507,0.2874107530611684
calibration,51,h60,2.0,sgmc_offcat,755,37795,99612,81.11094542200382,718.8051519181931,600.8890545779961,682,0.11495588781597685
calibration,51,h60,2.4,lappos_t200_d3,755,37795,99612,159.90117508182033,580.2967921246789,347.0988249181797,507,0.2888181715615931
calibration,51,h60,2.4,sgmc_offcat,755,37795,99612,80.27229181601454,723.8073428213997,601.7277081839854,682,0.11363318514795433
calibration,51,h60,2.8,lappos_t200_d3,755,37795,99612,159.90117508182033,580.2967921246789,347.0988249181797,507,0.2888181715615931
calibration,51,h60,2.8,sgmc_offcat,755,37795,99612,80.27229181601454,723.8073428213997,601.7277081839854,682,0.11363318514795433
calibration,51,h60,3.2,lappos_t200_d3,755,37795,99612,158.52192267624127,593.4741095814145,348.4780773237587,507,0.285111778644346
calibration,51,h60,3.2,sgmc_offcat,755,37795,99612,82.18848924955974,725.8645337798176,599.8115107504402,682,0.11621501249314949
calibration,51,h60,3.6,lappos_t200_d3,755,37795,99612,158.52192267624127,593.4741095814145,348.4780773237587,507,0.285111778644346
calibration,51,h60,3.6,sgmc_offcat,755,37795,99612,82.18848924955974,725.8645337798176,599.8115107504402,682,0.11621501249314949
calibration,51,h60,4.0,lappos_t200_d3,755,37795,99612,153.95252136540813,599.8001387709198,353.04747863459187,507,0.2767185659092044
calibration,51,h60,4.0,sgmc_offcat,755,37795,99612,74.46243732184948,728.5905823081087,607.5375626781505,682,0.10543942119800395
calibration,51,h60,4.6,lappos_t200_d3,755,37795,99612,131.12847604707497,624.3192392030942,375.87152395292503,507,0.2355504565949593
calibration,51,h60,4.6,sgmc_offcat,755,37795,99612,66.25695209414991,734.0448702678973,615.7430479058501,682,0.09389354345229119
calibration,51,h65,2.0,lappos_t200_d3,755,37795,99612,159.81851801364286,541.2177922275441,347.18148198635714,507,0.29281127080261915
calibration,51,h65,2.0,sgmc_offcat,755,37795,99612,70.56450534700312,720.1526794751137,611.4354946529969,682,0.100270214456821
calibration,51,h65,2.4,lappos_t200_d3,755,37795,99612,162.45126892844462,580.3146367204705,344.5487310715554,507,0.293152280741664
calibration,51,h65,2.4,sgmc_offcat,755,37795,99612,75.73096158221624,724.6055079659045,606.2690384177838,682,0.10731822522571818
calibration,51,h65,2.8,lappos_t200_d3,755,37795,99612,162.45126892844462,580.3146367204705,344.5487310715554,507,0.293152280741664
calibration,51,h65,2.8,sgmc_offcat,755,37795,99612,75.73096158221624,724.6055079659045,606.2690384177838,682,0.10731822522571818
calibration,51,h65,3.2,lappos_t200_d3,755,37795,99612,161.16093232994191,590.4660740033779,345.83906767005806,507,0.2898966875101226
calibration,51,h65,3.2,sgmc_offcat,755,37795,99612,70.81800045680669,729.5290095432778,611.1819995431933,682,0.10035577602783022
calibration,51,h65,3.6,lappos_t200_d3,755,37795,99612,161.16093232994191,590.4660740033779,345.83906767005806,507,0.2898966875101226
calibration,51,h65,3.6,sgmc_offcat,755,37795,99612,70.81800045680669,729.5290095432778,611.1819995431933,682,0.10035577602783022
calibration,51,h65,4.0,lappos_t200_d3,755,37795,99612,161.3153886441934,591.4758864205522,345.6846113558066,507,0.29005303290955764
calibration,51,h65,4.0,sgmc_offcat,755,37795,99612,70.42017202122739,731.4882037116536,611.5798279787726,682,0.09974787519322881
calibration,51,h65,4.6,lappos_t200_d3,755,37795,99612,143.80317829177824,611.1396307498038,363.19682170822176,507,0.2583653135532856
calibration,51,h65,4.6,sgmc_offcat,755,37795,99612,59.017961779235065,734.9217247382355,622.9820382207649,682,0.08378616193395483
calibration,51,random,2.0,lappos_t200_d3,755,99612,99612,34.011903227032576,720.2026663830519,472.9880967729674,507,0.061123796127268384
calibration,51,random,2.0,sgmc_offcat,755,99612,99612,69.69161861900918,727.2120613367382,612.3083813809908,682,0.09885606096885462
calibration,51,random,2.4,lappos_t200_d3,755,99612,99612,34.363812590366194,720.3600450347184,472.6361874096338,507,0.06174492035241672
calibration,51,random,2.4,sgmc_offcat,755,99612,99612,59.91057003550664,732.0146082876561,622.0894299644933,682,0.08510205047035548
calibration,51,random,2.8,lappos_t200_d3,755,99612,99612,34.363812590366194,720.3600450347184,472.6361874096338,507,0.06174492035241672
calibration,51,random,2.8,sgmc_offcat,755,99612,99612,59.91057003550664,732.0146082876561,622.0894299644933,682,0.08510205047035548
calibration,51,random,3.2,lappos_t200_d3,755,99612,99612,35.42100354878413,719.578996451216,471.57899645121586,507,0.06363816663453838
calibration,51,random,3.2,sgmc_offcat,755,99612,99612,61.69380952221568,731.6812749543227,620.3061904777843,682,0.08759903168819425
calibration,51,random,3.6,lappos_t200_d3,755,99612,99612,35.42100354878413,719.578996451216,471.57899645121586,507,0.06363816663453838
calibration,51,random,3.6,sgmc_offcat,755,99612,99612,61.69380952221568,731.6812749543227,620.3061904777843,682,0.08759903168819425
calibration,51,random,4.0,lappos_t200_d3,755,99612,99612,35.01117179282403,720.243472214676,471.98882820717597,507,0.06289609876014209
calibration,51,random,4.0,sgmc_offcat,755,99612,99612,58.22459590463115,733.3479416209894,623.7754040953688,682,0.08271543672397919
calibration,51,random,4.6,lappos_t200_d3,755,99612,99612,35.42100354878413,720.0052133339698,471.57899645121586,507,0.06362842193182537
calibration,51,random,4.6,sgmc_offcat,755,99612,99612,55.2675926394618,734.6812749543227,626.7324073605382,682,0.07855087541005647
calibration,52,h60,2.0,lappos_t200_d3,1393,27991,183713,194.82759899660857,1083.1528693705532,664.1724010033914,859,0.20664871259436204
calibration,52,h60,2.0,sgmc_offcat,1393,27991,183713,435.75092767563797,1144.940497555513,2900.249072324362,3336,0.14598322848369677
calibration,52,h60,2.4,lappos_t200_d3,1393,27991,183713,191.81914935450322,1162.2267492282283,667.1808506454968,859,0.20022683854789164
calibration,52,h60,2.4,sgmc_offcat,1393,27991,183713,504.4716627766112,1177.2894845814317,2831.528337223389,3336,0.16786892119116092
calibration,52,h60,2.8,lappos_t200_d3,1393,27991,183713,191.81914935450322,1162.2267492282283,667.1808506454968,859,0.20022683854789164
calibration,52,h60,2.8,sgmc_offcat,1393,27991,183713,504.4716627766112,1177.2894845814317,2831.528337223389,3336,0.16786892119116092
calibration,52,h60,3.2,lappos_t200_d3,1393,27991,183713,167.9579485767503,1214.6210478744656,691.0420514232496,859,0.1742816177761615
calibration,52,h60,3.2,sgmc_offcat,1393,27991,183713,451.1863291271244,1226.7633973755687,2884.8136708728757,3336,0.15017568868943562
calibration,52,h60,3.6,lappos_t200_d3,1393,27991,183713,167.9579485767503,1214.6210478744656,691.0420514232496,859,0.1742816177761615
calibration,52,h60,3.6,sgmc_offcat,1393,27991,183713,451.1863291271244,1226.7633973755687,2884.8136708728757,3336,0.15017568868943562
calibration,52,h60,4.0,lappos_t200_d3,1393,27991,183713,158.34116872467354,1230.4647146277284,700.6588312753265,859,0.164090714272067
calibration,52,h60,4.0,sgmc_offcat,1393,27991,183713,411.31709277133484,1247.9440512337885,2924.682907228665,3336,0.1370758959746846
calibration,52,h60,4.6,lappos_t200_d3,1108,27991,183713,129.97214280033756,978.5943361730805,729.0278571996624,859,0.14299729512340317
calibration,52,h60,4.6,sgmc_offcat,1108,27991,183713,305.63445844136237,1008.0416339597617,3030.3655415586377,3336,0.10425747455280793
calibration,52,h65,2.0,lappos_t200_d3,1393,27991,183713,197.02067023927773,1084.2078694257648,661.9793297607223,859,0.20883095718452024
calibration,52,h65,2.0,sgmc_offcat,1393,27991,183713,449.4190538113026,1135.9499926025476,2886.5809461886975,3336,0.1505150862083004
calibration,52,h65,2.4,lappos_t200_d3,1393,27991,183713,200.24797120453235,1156.9836944770402,658.7520287954676,859,0.20888618073507814
calibration,52,h65,2.4,sgmc_offcat,1393,27991,183713,502.3616626661883,1180.663623746389,2833.6383373338117,3336,0.16715273086031976
calibration,52,h65,2.8,lappos_t200_d3,1393,27991,183713,200.24797120453235,1156.9836944770402,658.7520287954676,859,0.20888618073507814
calibration,52,h65,2.8,sgmc_offcat,1393,27991,183713,502.3616626661883,1180.663623746389,2833.6383373338117,3336,0.16715273086031976
calibration,52,h65,3.2,lappos_t200_d3,1393,27991,183713,181.6075020818338,1202.9470736645517,677.3924979181662,859,0.1883678519018889
calibration,52,h65,3.2,sgmc_offcat,1393,27991,183713,469.04898937387526,1219.7448213455687,2866.9510106261246,3336,0.15600858871602763
calibration,52,h65,3.6,lappos_t200_d3,1393,27991,183713,181.6075020818338,1202.9470736645517,677.3924979181662,859,0.1883678519018889
calibration,52,h65,3.6,sgmc_offcat,1393,27991,183713,469.04898937387526,1219.7448213455687,2866.9510106261246,3336,0.15600858871602763
calibration,52,h65,4.0,lappos_t200_d3,1393,27991,183713,168.10186443903808,1220.3965657538588,690.8981355609619,859,0.17421693350236692
calibration,52,h65,4.0,sgmc_offcat,1393,27991,183713,418.56849707128015,1243.7925172569521,2917.43150292872,3336,0.13946369032159975
calibration,52,h65,4.6,lappos_t200_d3,1114,27991,183713,147.54665735179225,966.8223685725437,711.4533426482078,859,0.16212603473607318
calibration,52,h65,4.6,sgmc_offcat,1114,27991,183713,315.3798144338623,1009.1396307498039,3020.6201855661375,3336,0.10750226551917466
calibration,52,random,2.0,lappos_t200_d3,1393,183713,183713,57.53278049834471,1333.7841677081947,801.4672195016553,859,0.05959084633931008
calibration,52,random,2.0,sgmc_offcat,1393,183713,183713,224.6274511781598,1317.5465401683489,3111.37254882184,3336,0.07544834935717466
calibration,52,random,2.4,lappos_t200_d3,1393,183713,183713,59.25882902663581,1332.7841677081947,799.7411709733642,859,0.06136940895794843
calibration,52,random,2.4,sgmc_offcat,1393,183713,183713,242.98551918704413,1312.603731126767,3093.0144808129558,3336,0.08154101267654958
calibration,52,random,2.8,lappos_t200_d3,1393,183713,183713,59.25882902663581,1332.7841677081947,799.7411709733642,859,0.06136940895794843
calibration,52,random,2.8,sgmc_offcat,1393,183713,183713,242.98551918704413,1312.603731126767,3093.0144808129558,3336,0.08154101267654958
calibration,52,random,3.2,lappos_t200_d3,1393,183713,183713,59.998340344305646,1333.5681386291126,799.0016596556943,859,0.06211565841936494
calibration,52,random,3.2,sgmc_offcat,1393,183713,183713,258.0393737439782,1308.1538249733912,3077.960626256022,3336,0.08653119725040707
calibration,52,random,3.6,lappos_t200_d3,1393,183713,183713,59.998340344305646,1333.5681386291126,799.0016596556943,859,0.06211565841936494
calibration,52,random,3.6,sgmc_offcat,1393,183713,183713,258.0393737439782,1308.1538249733912,3077.960626256022,3336,0.08653119725040707
calibration,52,random,4.0,lappos_t200_d3,1393,183713,183713,59.079220573345395,1334.4872584000727,799.9207794266546,859,0.06116410326947536
calibration,52,random,4.0,sgmc_offcat,1393,183713,183713,250.82772647130878,1311.0179446891398,3085.172273528691,3336,0.08413736865550858
calibration,52,random,4.6,lappos_t200_d3,1393,183713,183713,57.37686131567612,1336.50145262366,801.6231386843239,859,0.0593978332229228
calibration,52,random,4.6,sgmc_offcat,1393,183713,183713,247.370516174105,1312.0416339597616,3088.629483825895,3336,0.0829912350548136
selection,53,h60,2.0,lappos_t200_d3,615,9154,81080,103.5496797825555,434.50489251791123,188.4503202174445,292,0.30347704423935107
selection,53,h60,2.0,sgmc_offcat,615,9154,81080,56.111045515352025,582.6025856284895,1242.888954484648,1299,0.048083804161226616
selection,53,h60,2.4,lappos_t200_d3,615,9154,81080,100.73982868780959,493.4978989453846,191.2601713121904,292,0.28582928145316067
selection,53,h60,2.4,sgmc_offcat,615,9154,81080,72.95325279961669,581.4882037116536,1226.0467472003834,1299,0.06234850253772135
selection,53,h60,2.8,lappos_t200_d3,615,9154,81080,100.73982868780959,493.4978989453846,191.2601713121904,292,0.28582928145316067
selection,53,h60,2.8,sgmc_offcat,615,9154,81080,72.95325279961669,581.4882037116536,1226.0467472003834,1299,0.06234850253772135
selection,53,h60,3.2,lappos_t200_d3,615,9154,81080,82.95001309206191,527.9746339835887,209.0499869079381,292,0.23314650575116275
selection,53,h60,3.2,sgmc_offcat,615,9154,81080,59.95398083440609,592.7384659127406,1239.0460191655939,1299,0.05125417465552536
selection,53,h60,3.6,lappos_t200_d3,615,9154,81080,82.95001309206191,527.9746339835887,209.0499869079381,292,0.23314650575116275
selection,53,h60,3.6,sgmc_offcat,615,9154,81080,59.95398083440609,592.7384659127406,1239.0460191655939,1299,0.05125417465552536
selection,53,h60,4.0,lappos_t200_d3,556,9154,81080,77.45272839744254,475.5574980838005,214.54727160255746,292,0.22502111610284045
selection,53,h60,4.0,sgmc_offcat,556,9154,81080,57.427576258403626,535.0266116080368,1241.5724237415964,1299,0.04960527836497463
selection,53,h60,4.6,lappos_t200_d3,390,9154,81080,58.416304372231394,333.3046309154381,233.5836956277686,292,0.1872652442196562
selection,53,h60,4.6,sgmc_offcat,390,9154,81080,38.12158596731571,375.9836148732062,1260.8784140326843,1299,0.033975820953949486
selection,53,h65,2.0,lappos_t200_d3,615,9154,81080,105.53037231834666,429.48380821456465,186.46962768165332,292,0.3098340974627808
selection,53,h65,2.0,sgmc_offcat,615,9154,81080,64.59664425973034,580.3858251151985,1234.4033557402697,1299,0.05529604360090048
selection,53,h65,2.4,lappos_t200_d3,615,9154,81080,97.88917176143951,496.8622256931678,194.1108282385605,292,0.27766017347310024
selection,53,h65,2.4,sgmc_offcat,615,9154,81080,74.43739207499705,579.7956568711586,1224.562607925003,1299,0.06361916820425292
selection,53,h65,2.8,lappos_t200_d3,615,9154,81080,97.88917176143951,496.8622256931678,194.1108282385605,292,0.27766017347310024
selection,53,h65,2.8,sgmc_offcat,615,9154,81080,74.43739207499705,579.7956568711586,1224.562607925003,1299,0.06361916820425292
selection,53,h65,3.2,lappos_t200_d3,615,9154,81080,90.10374137152398,520.8380222651289,201.896258628476,292,0.2532509585567505
selection,53,h65,3.2,sgmc_offcat,615,9154,81080,58.70152773011253,591.7719676005368,1240.2984722698875,1299,0.05020250906550343
selection,53,h65,3.6,lappos_t200_d3,615,9154,81080,90.10374137152398,520.8380222651289,201.896258628476,292,0.2532509585567505
selection,53,h65,3.6,sgmc_offcat,615,9154,81080,58.70152773011253,591.7719676005368,1240.2984722698875,1299,0.05020250906550343
selection,53,h65,4.0,lappos_t200_d3,553,9154,81080,84.15800999252687,467.73491223446524,207.84199000747313,292,0.24466060911383705
selection,53,h65,4.0,sgmc_offcat,553,9154,81080,48.46545975261274,534.2648704887431,1250.5345402473872,1299,0.041934349747194795
selection,53,h65,4.6,lappos_t200_d3,388,9154,81080,64.7631038943626,324.05363728014254,227.2368961056374,292,0.20799848235670731
selection,53,h65,4.6,sgmc_offcat,388,9154,81080,39.627951644900804,374.45501939399725,1259.3720483550992,1299,0.03531850763123589
selection,53,random,2.0,lappos_t200_d3,615,81080,81080,17.65894845876982,596.9268379788571,274.3410515412302,292,0.04953183345543202
selection,53,random,2.0,sgmc_offcat,615,81080,81080,82.00814936206079,585.4845533394491,1216.9918506379393,1299,0.06993114302357432
selection,53,random,2.4,lappos_t200_d3,615,81080,81080,18.832712237230126,596.0055273046903,273.1672877627699,292,0.052816660029877185
selection,53,random,2.4,sgmc_offcat,615,81080,81080,83.12253127889666,585.0940290476979,1215.8774687211032,1299,0.07087266510692032
selection,53,random,2.8,lappos_t200_d3,615,81080,81080,18.832712237230126,596.0055273046903,273.1672877627699,292,0.052816660029877185
selection,53,random,2.8,sgmc_offcat,615,81080,81080,83.12253127889666,585.0940290476979,1215.8774687211032,1299,0.07087266510692032
selection,53,random,3.2,lappos_t200_d3,615,81080,81080,19.28480929381233,595.8295726230235,272.7151907061877,292,0.054076198053770494
selection,53,random,3.2,sgmc_offcat,615,81080,81080,86.62451515006876,584.820077575989,1212.3754848499311,1299,0.07381792344273533
selection,53,random,3.6,lappos_t200_d3,615,81080,81080,19.28480929381233,595.8295726230235,272.7151907061877,292,0.054076198053770494
selection,53,random,3.6,sgmc_offcat,615,81080,81080,86.62451515006876,584.820077575989,1212.3754848499311,1299,0.07381792344273533
selection,53,random,4.0,lappos_t200_d3,615,81080,81080,19.087356244730202,596.0842166305235,272.9126437552698,292,0.05352080678908807
selection,53,random,4.0,sgmc_offcat,615,81080,81080,86.01723034502652,585.2106018677403,1212.9827696549735,1299,0.07330312781853053
selection,53,random,4.6,lappos_t200_d3,615,81080,81080,18.225427432187896,597.2007894505659,273.77457256781213,292,0.05109666791835106
selection,53,random,4.6,sgmc_offcat,615,81080,81080,92.74108797011112,583.5439352010735,1206.258912029889,1299,0.07896507714132418
selection,59,h60,2.0,lappos_t200_d3,107,5540,14136,25.057190958417937,70.17637214515476,11.942809041582063,37,0.5150849792005816
selection,59,h60,2.0,sgmc_offcat,107,5540,14136,2.3118349659180066,105.21676051329096,41.68816503408199,44,0.040768991254843144
selection,59,h60,2.4,lappos_t200_d3,107,5540,14136,22.564288070211582,80.5505079106931,14.435711929788418,37,0.4492823288661766
selection,59,h60,2.4,sgmc_offcat,107,5540,14136,3.092883549420546,104.63097407566406,40.90711645057945,44,0.05450517230573287
selection,59,h60,2.8,lappos_t200_d3,107,5540,14136,22.564288070211582,80.5505079106931,14.435711929788418,37,0.4492823288661766
selection,59,h60,2.8,sgmc_offcat,107,5540,14136,3.092883549420546,104.63097407566406,40.90711645057945,44,0.05450517230573287
selection,59,h60,3.2,lappos_t200_d3,107,5540,14136,21.230954736878246,84.94792228220362,15.769045263121754,37,0.41763806233363693
selection,59,h60,3.2,sgmc_offcat,107,5540,14136,3.3690259243359435,104.94280904158207,40.63097407566406,44,0.05924878091585156
selection,59,h60,3.6,lappos_t200_d3,107,5540,14136,21.230954736878246,84.94792228220362,15.769045263121754,37,0.41763806233363693
selection,59,h60,3.6,sgmc_offcat,107,5540,14136,3.3690259243359435,104.94280904158207,40.63097407566406,44,0.05924878091585156
selection,59,h60,4.0,lappos_t200_d3,107,5540,14136,20.271029134293855,86.72897086570615,16.728970865706145,37,0.39747115949595013
selection,59,h60,4.0,sgmc_offcat,107,5540,14136,3.0356925910026096,105.2761423749154,40.96430740899739,44,0.05338667297065668
selection,59,h60,4.6,lappos_t200_d3,107,5540,14136,18.33041099591829,88.66958900408171,18.66958900408171,37,0.3594198234493712
selection,59,h60,4.6,sgmc_offcat,107,5540,14136,3.9355048977540203,104.68816503408199,40.06449510224598,44,0.06913523563757817
selection,59,h65,2.0,lappos_t200_d3,107,5540,14136,22.507097111793644,73.60697083432163,14.492902888206356,37,0.46099549487580754
selection,59,h65,2.0,sgmc_offcat,107,5540,14136,1.7023592576692765,105.9643074089974,42.29764074233072,44,0.03000633239134982
selection,59,h65,2.4,lappos_t200_d3,107,5540,14136,22.56428807021158,79.85796107019812,14.435711929788422,37,0.4505248265212951
selection,59,h65,2.4,sgmc_offcat,107,5540,14136,1.9570032651693468,105.76685435991526,42.04299673483065,44,0.03448781645559244
selection,59,h65,2.8,lappos_t200_d3,107,5540,14136,22.56428807021158,79.85796107019812,14.435711929788422,37,0.4505248265212951
selection,59,h65,2.8,sgmc_offcat,107,5540,14136,1.9570032651693468,105.76685435991526,42.04299673483065,44,0.03448781645559244
selection,59,h65,3.2,lappos_t200_d3,107,5540,14136,20.483407841171815,84.85284782957656,16.516592158828185,37,0.4042731228291486
selection,59,h65,3.2,sgmc_offcat,107,5540,14136,2.2331456400847434,105.74535599249992,41.76685435991526,44,0.039318920750099226
selection,59,h65,3.6,lappos_t200_d3,107,5540,14136,20.483407841171815,84.85284782957656,16.516592158828185,37,0.4042731228291486
selection,59,h65,3.6,sgmc_offcat,107,5540,14136,2.2331456400847434,105.74535599249992,41.76685435991526,44,0.039318920750099226
selection,59,h65,4.0,lappos_t200_d3,107,5540,14136,17.642245961836295,89.0459190722457,19.357754038163705,37,0.346349936587652
selection,59,h65,4.0,sgmc_offcat,107,5540,14136,1.8998123067514103,105.82404531833319,42.10018769324859,44,0.03347995340705198
selection,59,h65,4.6,lappos_t200_d3,107,5540,14136,17.780317149293992,89.16249189228807,19.219682850706008,37,0.3487118780901487
selection,59,h65,4.6,sgmc_offcat,107,5540,14136,3.152265411044982,105.1380711874577,40.84773458895502,44,0.055440952526937363
selection,59,random,2.0,lappos_t200_d3,107,14136,14136,3.6021715644206864,103.14318442807924,33.397828435579314,37,0.07070141770369837
selection,59,random,2.0,sgmc_offcat,107,14136,14136,3.6065533708336845,105.33333333333333,40.39344662916631,44,0.06328621472672324
selection,59,random,2.4,lappos_t200_d3,107,14136,14136,3.073576085211718,103.6717799072882,33.92642391478828,37,0.060326439970551385
selection,59,random,2.4,sgmc_offcat,107,14136,14136,3.6065533708336845,105.33333333333333,40.39344662916631,44,0.06328621472672324
selection,59,random,2.8,lappos_t200_d3,107,14136,14136,3.073576085211718,103.6717799072882,33.92642391478828,37,0.060326439970551385
selection,59,random,2.8,sgmc_offcat,107,14136,14136,3.6065533708336845,105.33333333333333,40.39344662916631,44,0.06328621472672324
selection,59,random,3.2,lappos_t200_d3,107,14136,14136,3.073576085211718,103.92642391478827,33.92642391478828,37,0.06026619774924819
selection,59,random,3.2,sgmc_offcat,107,14136,14136,5.056459524209388,104.66666666666666,38.94354047579061,44,0.08848530379076411
selection,59,random,3.6,lappos_t200_d3,107,14136,14136,3.073576085211718,103.92642391478827,33.92642391478828,37,0.06026619774924819
selection,59,random,3.6,sgmc_offcat,107,14136,14136,5.056459524209388,104.66666666666666,38.94354047579061,44,0.08848530379076411
selection,59,random,4.0,lappos_t200_d3,107,14136,14136,3.073576085211718,103.92642391478827,33.92642391478828,37,0.06026619774924819
selection,59,random,4.0,sgmc_offcat,107,14136,14136,4.723126190876055,104.99999999999999,39.27687380912394,44,0.08265215094491002
selection,59,random,4.6,lappos_t200_d3,107,14136,14136,3.073576085211718,103.92642391478827,33.92642391478828,37,0.06026619774924819
selection,59,random,4.6,sgmc_offcat,107,14136,14136,7.427676351751831,103.99999999999999,36.57232364824817,44,0.12920948403489452
selection,60,h60,2.0,lappos_t200_d3,1193,43551,157355,210.70810383915116,872.7214391538297,698.2918961608489,909,0.2232347171619427
selection,60,h60,2.0,sgmc_offcat,1193,43551,157355,234.2396387458703,1060.2308341540156,4084.7603612541297,4319,0.06306777178523802
selection,60,h60,2.4,lappos_t200_d3,1193,43551,157355,233.3827059905062,929.531276650899,675.6172940094938,909,0.2431620016890239
selection,60,h60,2.4,sgmc_offcat,1193,43551,157355,307.0819598141592,1062.696076629837,4011.9180401858407,4319,0.08234624460667553
selection,60,h60,2.8,lappos_t200_d3,1193,43551,157355,233.3827059905062,929.531276650899,675.6172940094938,909,0.2431620016890239
selection,60,h60,2.8,sgmc_offcat,1193,43551,157355,307.0819598141592,1062.696076629837,4011.9180401858407,4319,0.08234624460667553
selection,60,h60,3.2,lappos_t200_d3,1193,43551,157355,216.5262043893061,967.6065362807385,692.473795610694,909,0.22460605966549235
selection,60,h60,3.2,sgmc_offcat,1193,43551,157355,353.9637273384225,1052.7743552910206,3965.0362726615776,4319,0.09473015298210638
selection,60,h60,3.6,lappos_t200_d3,1193,43551,157355,216.5262043893061,967.6065362807385,692.473795610694,909,0.22460605966549235
selection,60,h60,3.6,sgmc_offcat,1193,43551,157355,353.9637273384225,1052.7743552910206,3965.0362726615776,4319,0.09473015298210638
selection,60,h60,4.0,lappos_t200_d3,1193,43551,157355,207.31633395577435,981.9602224832098,701.6836660442257,909,0.21482326611842112
selection,60,h60,4.0,sgmc_offcat,1193,43551,157355,344.18851663091175,1062.5138666086903,3974.8114833690884,4319,0.09211422137187333
selection,60,h60,4.6,lappos_t200_d3,1193,43551,157355,173.89627571857116,1019.555821338011,735.1037242814289,909,0.18003727154117127
selection,60,h60,4.6,sgmc_offcat,1193,43551,157355,318.2394522498499,1078.3426111035762,4000.76054775015,4319,0.0852157058863387
selection,60,h65,2.0,lappos_t200_d3,1193,43551,157355,222.419958143855,859.5833713657912,686.580041856145,909,0.23571407501207872
selection,60,h65,2.0,sgmc_offcat,1193,43551,157355,233.36456111466987,1064.517931044964,4085.63543888533,4319,0.06282061954822238
selection,60,h65,2.4,lappos_t200_d3,1193,43551,157355,235.03371896458765,927.201914459329,673.9662810354123,909,0.2449168162223751
selection,60,h65,2.4,sgmc_offcat,1193,43551,157355,288.7311959491029,1061.9736818731694,4030.268804050897,4319,0.07750463590929552
selection,60,h65,2.8,lappos_t200_d3,1193,43551,157355,235.03371896458765,927.201914459329,673.9662810354123,909,0.2449168162223751
selection,60,h65,2.8,sgmc_offcat,1193,43551,157355,288.7311959491029,1061.9736818731694,4030.268804050897,4319,0.07750463590929552
selection,60,h65,3.2,lappos_t200_d3,1193,43551,157355,230.82457656584535,955.407937733379,678.1754234341547,909,0.23933372756434676
selection,60,h65,3.2,sgmc_offcat,1193,43551,157355,334.13132907191294,1061.750348650259,3984.868670928087,4319,0.08947446616228621
selection,60,h65,3.6,lappos_t200_d3,1193,43551,157355,230.82457656584535,955.407937733379,678.1754234341547,909,0.23933372756434676
selection,60,h65,3.6,sgmc_offcat,1193,43551,157355,334.13132907191294,1061.750348650259,3984.868670928087,4319,0.08947446616228621
selection,60,h65,4.0,lappos_t200_d3,1193,43551,157355,226.72365743838822,962.7102776522624,682.2763425616117,909,0.2349256672955867
selection,60,h65,4.0,sgmc_offcat,1193,43551,157355,357.78630298950026,1055.567089824764,3961.2136970105,4319,0.09571928345232715
selection,60,h65,4.6,lappos_t200_d3,1193,43551,157355,198.62858298576114,994.9065852030673,710.3714170142389,909,0.2056394415492481
selection,60,h65,4.6,sgmc_offcat,1193,43551,157355,310.7742097740287,1076.24105723584,4008.225790225971,4319,0.08325937832869273
selection,60,random,2.0,lappos_t200_d3,1193,157355,157355,55.39032410505486,1137.469413804281,853.6096758949451,909,0.057353419970152364
selection,60,random,2.0,sgmc_offcat,1193,157355,157355,290.47425414620983,1086.533491443039,4028.5257458537903,4319,0.07786257801101708
selection,60,random,2.4,lappos_t200_d3,1193,157355,157355,57.7615409325973,1135.0981969767386,851.2384590674027,909,0.059808675409575275
selection,60,random,2.4,sgmc_offcat,1193,157355,157355,297.6800567440492,1085.6715626304967,4021.319943255951,4319,0.07976698837567305
selection,60,random,2.8,lappos_t200_d3,1193,157355,157355,57.7615409325973,1135.0981969767386,851.2384590674027,909,0.059808675409575275
selection,60,random,2.8,sgmc_offcat,1193,157355,157355,297.6800567440492,1085.6715626304967,4021.319943255951,4319,0.07976698837567305
selection,60,random,3.2,lappos_t200_d3,1193,157355,157355,59.24933058018212,1134.058122579323,849.7506694198179,909,0.06134350644979025
selection,60,random,3.2,sgmc_offcat,1193,157355,157355,314.31499856205744,1082.2930416591262,4004.6850014379424,4319,0.08416472885978658
selection,60,random,3.6,lappos_t200_d3,1193,157355,157355,59.24933058018212,1134.058122579323,849.7506694198179,909,0.06134350644979025
selection,60,random,3.6,sgmc_offcat,1193,157355,157355,314.31499856205744,1082.2930416591262,4004.6850014379424,4319,0.08416472885978658
selection,60,random,4.0,lappos_t200_d3,1193,157355,157355,59.913806343642285,1133.9029348308627,849.0861936563578,909,0.06202492719120488
selection,60,random,4.0,sgmc_offcat,1193,157355,157355,310.90078499968433,1082.764446179917,4008.099215000316,4319,0.0832636207317898
selection,60,random,4.6,lappos_t200_d3,1193,157355,157355,59.13056685693325,1135.1123912003259,849.8694331430668,909,0.061208688020856515
selection,60,random,4.6,sgmc_offcat,1193,157355,157355,305.7649047154331,1084.3910384491683,4013.235095284567,4319,0.08190355465968387
calibration,61,h60,2.0,lappos_t200_d3,370,5186,48783,50.990504952965466,288.5652162916974,208.00949504703453,259,0.1853451087638487
calibration,61,h60,2.0,sgmc_offcat,370,5186,48783,245.10313052017793,235.8707925187165,1613.896869479822,1859,0.15479596933299994
calibration,61,h60,2.4,lappos_t200_d3,370,5186,48783,51.0017768391377,310.16081174707944,207.9982231608623,259,0.182519118590006
calibration,61,h60,2.4,sgmc_offcat,370,5186,48783,263.4097521521262,260.2744622297067,1595.5902478478738,1859,0.16546495128298444
calibration,61,h60,2.8,lappos_t200_d3,370,5186,48783,51.0017768391377,310.16081174707944,207.9982231608623,259,0.182519118590006
calibration,61,h60,2.8,sgmc_offcat,370,5186,48783,263.4097521521262,260.2744622297067,1595.5902478478738,1859,0.16546495128298444
calibration,61,h60,3.2,lappos_t200_d3,362,5186,48783,41.76644029584645,318.9862198404815,217.23355970415355,259,0.14951265706474384
calibration,61,h60,3.2,sgmc_offcat,362,5186,48783,212.14309802540703,286.0030190313441,1646.856901974593,1859,0.13368993644403881
calibration,61,h60,3.6,lappos_t200_d3,362,5186,48783,41.76644029584645,318.9862198404815,217.23355970415355,259,0.14951265706474384
calibration,61,h60,3.6,sgmc_offcat,362,5186,48783,212.14309802540703,286.0030190313441,1646.856901974593,1859,0.13368993644403881
calibration,61,h60,4.0,lappos_t200_d3,302,5186,48783,40.02108430334653,260.92902888206356,218.97891569665347,259,0.14967306524247326
calibration,61,h60,4.0,sgmc_offcat,302,5186,48783,184.1890136982336,239.85764370005836,1674.8109863017664,1859,0.11716788826238392
calibration,61,h60,4.6,lappos_t200_d3,208,5186,48783,29.7278253674288,178.2721746325712,229.2721746325712,259,0.11948482864722137
calibration,61,h60,4.6,sgmc_offcat,208,5186,48783,138.26040227965794,163.82665028560848,1720.739597720342,1859,0.08933758520707188
calibration,61,h65,2.0,lappos_t200_d3,370,5186,48783,48.735129511256844,290.89197691541125,210.26487048874316,259,0.17713786419144914
calibration,61,h65,2.0,sgmc_offcat,370,5186,48783,258.3606968650931,231.4489574423756,1600.6393031349069,1859,0.1629869427438752
calibration,61,h65,2.4,lappos_t200_d3,370,5186,48783,48.8658965548865,313.50395749758707,210.1341034451135,259,0.1747245065862691
calibration,61,h65,2.4,sgmc_offcat,370,5186,48783,255.0949948487931,267.5848377266268,1603.905005151207,1859,0.16026212903091772
calibration,61,h65,2.8,lappos_t200_d3,370,5186,48783,48.8658965548865,313.50395749758707,210.1341034451135,259,0.1747245065862691
calibration,61,h65,2.8,sgmc_offcat,370,5186,48783,255.0949948487931,267.5848377266268,1603.905005151207,1859,0.16026212903091772
calibration,61,h65,3.2,lappos_t200_d3,364,5186,48783,42.94458588071976,318.4463524751003,216.05541411928024,259,0.15365988393787816
calibration,61,h65,3.2,sgmc_offcat,364,5186,48783,213.31613036965877,289.0565596175576,1645.6838696303412,1859,0.13435759361532454
calibration,61,h65,3.6,lappos_t200_d3,364,5186,48783,42.94458588071976,318.4463524751003,216.05541411928024,259,0.15365988393787816
calibration,61,h65,3.6,sgmc_offcat,364,5186,48783,213.31613036965877,289.0565596175576,1645.6838696303412,1859,0.13435759361532454
calibration,61,h65,4.0,lappos_t200_d3,309,5186,48783,41.256420846637766,267.14578939535454,217.74357915336225,259,0.15343779016553183
calibration,61,h65,4.0,sgmc_offcat,309,5186,48783,189.0429069327393,245.35346892567975,1669.9570930672608,1859,0.12009744992806692
calibration,61,h65,4.6,lappos_t200_d3,210,5186,48783,38.94239497751326,171.0576050224867,220.05760502248674,259,0.1562696427669065
calibration,61,h65,4.6,sgmc_offcat,210,5186,48783,139.13109470502627,165.5341227838993,1719.8689052949737,1859,0.08987024422053506
calibration,61,random,2.0,lappos_t200_d3,370,48783,48783,21.58683184255605,348.78219408177983,237.41316815744395,259,0.0767466839948641
calibration,61,random,2.0,sgmc_offcat,370,48783,48783,161.20394275544857,317.7198898827404,1697.7960572445513,1859,0.10183543528915821
calibration,61,random,2.4,lappos_t200_d3,370,48783,48783,22.74421049422258,347.7035047559466,236.25578950577741,259,0.08085693569553316
calibration,61,random,2.4,sgmc_offcat,370,48783,48783,157.20832456186156,320.95084461961864,1701.7916754381386,1859,0.09932092670946412
calibration,61,random,2.8,lappos_t200_d3,370,48783,48783,22.74421049422258,347.7035047559466,236.25578950577741,259,0.08085693569553316
calibration,61,random,2.8,sgmc_offcat,370,48783,48783,157.20832456186156,320.95084461961864,1701.7916754381386,1859,0.09932092670946412
calibration,61,random,3.2,lappos_t200_d3,370,48783,48783,22.410877160889243,348.62481543011336,236.58912283911076,259,0.07963862352212396
calibration,61,random,3.2,sgmc_offcat,370,48783,48783,160.23817247803407,320.4222491404097,1698.7618275219659,1859,0.10120313613582763
calibration,61,random,3.6,lappos_t200_d3,370,48783,48783,22.410877160889243,348.62481543011336,236.58912283911076,259,0.07963862352212396
calibration,61,random,3.6,sgmc_offcat,370,48783,48783,160.23817247803407,320.4222491404097,1698.7618275219659,1859,0.10120313613582763
calibration,61,random,4.0,lappos_t200_d3,370,48783,48783,21.410877160889243,349.62481543011336,237.58912283911076,259,0.07608505339854545
calibration,61,random,4.0,sgmc_offcat,370,48783,48783,163.8596515066636,318.5009384662429,1695.1403484933364,1859,0.10346816720759124
calibration,61,random,4.6,lappos_t200_d3,370,48783,48783,22.584640939349555,348.4510516516531,236.41535906065045,259,0.08025610529382064
calibration,61,random,4.6,sgmc_offcat,370,48783,48783,154.25236670162136,321.87507763120044,1704.7476332983786,1859,0.0974784391346646
